Description,Value,Curncy,Date,ID
Efectivo y equivalentes al efectivo,22.749,USD,2017-03-31,ORO_BLANCO
Otros activos financieros corrientes,38.889,USD,2017-03-31,ORO_BLANCO
Otros activos no financieros corrientes,-,USD,2017-03-31,ORO_BLANCO
Deudores comerciales y otras cuentas por cobrar corrientes,-,USD,2017-03-31,ORO_BLANCO
"Cuentas por cobrar a entidades relacionadas, corrientes",335.718,USD,2017-03-31,ORO_BLANCO
Inventarios corrientes,-,USD,2017-03-31,ORO_BLANCO
Activos biológicos corrientes,-,USD,2017-03-31,ORO_BLANCO
"Activos por impuestos corrientes, corrientes",23.930,USD,2017-03-31,ORO_BLANCO
Total de activos corrientes distintos de los activo o grupos de activos para su disposición clasificados como mantenidos para la venta o como mantenidos para distribuir a los propietarios,421.286,USD,2017-03-31,ORO_BLANCO
Activos no corrientes o grupos de activos para su disposición clasificados como mantenidos para la venta o como mantenidos para distribuir a los propietarios,-,USD,2017-03-31,ORO_BLANCO
Activos corrientes totales,421.286,USD,2017-03-31,ORO_BLANCO
Otros activos financieros no corrientes,-,USD,2017-03-31,ORO_BLANCO
Otros activos no financieros no corrientes,-,USD,2017-03-31,ORO_BLANCO
Cuentas por cobrar no corrientes,-,USD,2017-03-31,ORO_BLANCO
"Cuentas por cobrar a entidades relacionadas, no corrientes",-,USD,2017-03-31,ORO_BLANCO
"Inventarios, no corrientes",-,USD,2017-03-31,ORO_BLANCO
Inversiones contabilizadas utilizando el método de la participación,985.849,USD,2017-03-31,ORO_BLANCO
Activos intangibles distintos de la plusvalía,-,USD,2017-03-31,ORO_BLANCO
Plusvalía,486.669,USD,2017-03-31,ORO_BLANCO
"Propiedades, planta y equipo",1,USD,2017-03-31,ORO_BLANCO
Activos biológicos no corrientes,-,USD,2017-03-31,ORO_BLANCO
Propiedad de inversión,-,USD,2017-03-31,ORO_BLANCO
"Activos por impuestos corrientes, no corrientes",-,USD,2017-03-31,ORO_BLANCO
Activos por impuestos diferidos,2.607,USD,2017-03-31,ORO_BLANCO
Total de activos no corrientes,1.475.126,USD,2017-03-31,ORO_BLANCO
Total de activos,1.896.412,USD,2017-03-31,ORO_BLANCO
Otros pasivos financieros corrientes,60.306,USD,2017-03-31,ORO_BLANCO
Cuentas por pagar comerciales y otras cuentas por pagar,1.353,USD,2017-03-31,ORO_BLANCO
"Cuentas por pagar a entidades relacionadas, corrientes",-,USD,2017-03-31,ORO_BLANCO
Otras provisiones a corto plazo,-,USD,2017-03-31,ORO_BLANCO
"Pasivos por impuestos corrientes, corrientes",586,USD,2017-03-31,ORO_BLANCO
Provisiones corrientes por beneficios a los empleados,-,USD,2017-03-31,ORO_BLANCO
Otros pasivos no financieros corrientes,9.408,USD,2017-03-31,ORO_BLANCO
Total de pasivos corrientes distintos de los pasivos incluidos en grupos de activos para su disposición clasificados como mantenidos para la venta,71.653,USD,2017-03-31,ORO_BLANCO
Pasivos incluidos en grupos de activos para su disposición clasificados como mantenidos para la venta,-,USD,2017-03-31,ORO_BLANCO
Pasivos corrientes totales,71.653,USD,2017-03-31,ORO_BLANCO
Otros pasivos financieros no corrientes,478.325,USD,2017-03-31,ORO_BLANCO
Cuentas por pagar no corrientes,-,USD,2017-03-31,ORO_BLANCO
"Cuentas por pagar a entidades relacionadas, no corrientes",-,USD,2017-03-31,ORO_BLANCO
Otras provisiones a largo plazo,-,USD,2017-03-31,ORO_BLANCO
Pasivo por impuestos diferidos,1.828,USD,2017-03-31,ORO_BLANCO
"Pasivos por impuestos corrientes, no corrientes",-,USD,2017-03-31,ORO_BLANCO
Provisiones no corrientes por beneficios a los empleados,-,USD,2017-03-31,ORO_BLANCO
Otros pasivos no financieros no corrientes,-,USD,2017-03-31,ORO_BLANCO
Total de pasivos no corrientes,480.153,USD,2017-03-31,ORO_BLANCO
Total de pasivos,551.806,USD,2017-03-31,ORO_BLANCO
Capital emitido,775.504,USD,2017-03-31,ORO_BLANCO
Ganancias (pérdidas) acumuladas,464.299,USD,2017-03-31,ORO_BLANCO
Prima de emisión,83.212,USD,2017-03-31,ORO_BLANCO
Acciones propias en cartera,-,USD,2017-03-31,ORO_BLANCO
Otras participaciones en el patrimonio,851,USD,2017-03-31,ORO_BLANCO
Otras reservas,-96.645,USD,2017-03-31,ORO_BLANCO
Patrimonio atribuible a los propietarios de la controladora,1.227.221,USD,2017-03-31,ORO_BLANCO
Participaciones no controladoras,117.385,USD,2017-03-31,ORO_BLANCO
Patrimonio total,1.344.606,USD,2017-03-31,ORO_BLANCO
Total de patrimonio y pasivos,1.896.412,USD,2017-03-31,ORO_BLANCO
Efectivo y equivalentes al efectivo,50.598,USD,2017-06-30,ORO_BLANCO
Otros activos financieros corrientes,26.123,USD,2017-06-30,ORO_BLANCO
Otros activos no financieros corrientes,-,USD,2017-06-30,ORO_BLANCO
Deudores comerciales y otras cuentas por cobrar corrientes,-,USD,2017-06-30,ORO_BLANCO
"Cuentas por cobrar a entidades relacionadas, corrientes",330.349,USD,2017-06-30,ORO_BLANCO
Inventarios corrientes,-,USD,2017-06-30,ORO_BLANCO
Activos biológicos corrientes,-,USD,2017-06-30,ORO_BLANCO
"Activos por impuestos corrientes, corrientes",25.907,USD,2017-06-30,ORO_BLANCO
Total de activos corrientes distintos de los activo o grupos de activos para su disposición clasificados como mantenidos para la venta o como mantenidos para distribuir a los propietarios,432.977,USD,2017-06-30,ORO_BLANCO
Activos no corrientes o grupos de activos para su disposición clasificados como mantenidos para la venta o como mantenidos para distribuir a los propietarios,-,USD,2017-06-30,ORO_BLANCO
Activos corrientes totales,432.977,USD,2017-06-30,ORO_BLANCO
Otros activos financieros no corrientes,-,USD,2017-06-30,ORO_BLANCO
Otros activos no financieros no corrientes,-,USD,2017-06-30,ORO_BLANCO
Cuentas por cobrar no corrientes,-,USD,2017-06-30,ORO_BLANCO
"Cuentas por cobrar a entidades relacionadas, no corrientes",-,USD,2017-06-30,ORO_BLANCO
"Inventarios, no corrientes",-,USD,2017-06-30,ORO_BLANCO
Inversiones contabilizadas utilizando el método de la participación,984.480,USD,2017-06-30,ORO_BLANCO
Activos intangibles distintos de la plusvalía,-,USD,2017-06-30,ORO_BLANCO
Plusvalía,486.669,USD,2017-06-30,ORO_BLANCO
"Propiedades, planta y equipo",-,USD,2017-06-30,ORO_BLANCO
Activos biológicos no corrientes,-,USD,2017-06-30,ORO_BLANCO
Propiedad de inversión,-,USD,2017-06-30,ORO_BLANCO
"Activos por impuestos corrientes, no corrientes",-,USD,2017-06-30,ORO_BLANCO
Activos por impuestos diferidos,2.716,USD,2017-06-30,ORO_BLANCO
Total de activos no corrientes,1.473.865,USD,2017-06-30,ORO_BLANCO
Total de activos,1.906.842,USD,2017-06-30,ORO_BLANCO
Otros pasivos financieros corrientes,66.498,USD,2017-06-30,ORO_BLANCO
Cuentas por pagar comerciales y otras cuentas por pagar,244,USD,2017-06-30,ORO_BLANCO
"Cuentas por pagar a entidades relacionadas, corrientes",-,USD,2017-06-30,ORO_BLANCO
Otras provisiones a corto plazo,-,USD,2017-06-30,ORO_BLANCO
"Pasivos por impuestos corrientes, corrientes",518,USD,2017-06-30,ORO_BLANCO
Provisiones corrientes por beneficios a los empleados,-,USD,2017-06-30,ORO_BLANCO
Otros pasivos no financieros corrientes,6.132,USD,2017-06-30,ORO_BLANCO
Total de pasivos corrientes distintos de los pasivos incluidos en grupos de activos para su disposición clasificados como mantenidos para la venta,73.392,USD,2017-06-30,ORO_BLANCO
Pasivos incluidos en grupos de activos para su disposición clasificados como mantenidos para la venta,-,USD,2017-06-30,ORO_BLANCO
Pasivos corrientes totales,73.392,USD,2017-06-30,ORO_BLANCO
Otros pasivos financieros no corrientes,478.480,USD,2017-06-30,ORO_BLANCO
Cuentas por pagar no corrientes,-,USD,2017-06-30,ORO_BLANCO
"Cuentas por pagar a entidades relacionadas, no corrientes",-,USD,2017-06-30,ORO_BLANCO
Otras provisiones a largo plazo,-,USD,2017-06-30,ORO_BLANCO
Pasivo por impuestos diferidos,1.698,USD,2017-06-30,ORO_BLANCO
"Pasivos por impuestos corrientes, no corrientes",-,USD,2017-06-30,ORO_BLANCO
Provisiones no corrientes por beneficios a los empleados,53,USD,2017-06-30,ORO_BLANCO
Otros pasivos no financieros no corrientes,-,USD,2017-06-30,ORO_BLANCO
Total de pasivos no corrientes,480.231,USD,2017-06-30,ORO_BLANCO
Total de pasivos,553.623,USD,2017-06-30,ORO_BLANCO
Capital emitido,775.504,USD,2017-06-30,ORO_BLANCO
Ganancias (pérdidas) acumuladas,475.594,USD,2017-06-30,ORO_BLANCO
Prima de emisión,83.212,USD,2017-06-30,ORO_BLANCO
Acciones propias en cartera,-,USD,2017-06-30,ORO_BLANCO
Otras participaciones en el patrimonio,851,USD,2017-06-30,ORO_BLANCO
Otras reservas,-100.579,USD,2017-06-30,ORO_BLANCO
Patrimonio atribuible a los propietarios de la controladora,1.234.582,USD,2017-06-30,ORO_BLANCO
Participaciones no controladoras,118.637,USD,2017-06-30,ORO_BLANCO
Patrimonio total,1.353.219,USD,2017-06-30,ORO_BLANCO
Total de patrimonio y pasivos,1.906.842,USD,2017-06-30,ORO_BLANCO
Efectivo y equivalentes al efectivo,43.491,USD,2017-09-30,ORO_BLANCO
Otros activos financieros corrientes,36.350,USD,2017-09-30,ORO_BLANCO
Otros activos no financieros corrientes,-,USD,2017-09-30,ORO_BLANCO
Deudores comerciales y otras cuentas por cobrar corrientes,-,USD,2017-09-30,ORO_BLANCO
"Cuentas por cobrar a entidades relacionadas, corrientes",373.026,USD,2017-09-30,ORO_BLANCO
Inventarios corrientes,-,USD,2017-09-30,ORO_BLANCO
Activos biológicos corrientes,-,USD,2017-09-30,ORO_BLANCO
"Activos por impuestos corrientes, corrientes",27.549,USD,2017-09-30,ORO_BLANCO
Total de activos corrientes distintos de los activo o grupos de activos para su disposición clasificados como mantenidos para la venta o como mantenidos para distribuir a los propietarios,480.416,USD,2017-09-30,ORO_BLANCO
Activos no corrientes o grupos de activos para su disposición clasificados como mantenidos para la venta o como mantenidos para distribuir a los propietarios,-,USD,2017-09-30,ORO_BLANCO
Activos corrientes totales,480.416,USD,2017-09-30,ORO_BLANCO
Otros activos financieros no corrientes,-,USD,2017-09-30,ORO_BLANCO
Otros activos no financieros no corrientes,-,USD,2017-09-30,ORO_BLANCO
Cuentas por cobrar no corrientes,-,USD,2017-09-30,ORO_BLANCO
"Cuentas por cobrar a entidades relacionadas, no corrientes",-,USD,2017-09-30,ORO_BLANCO
"Inventarios, no corrientes",-,USD,2017-09-30,ORO_BLANCO
Inversiones contabilizadas utilizando el método de la participación,985.228,USD,2017-09-30,ORO_BLANCO
Activos intangibles distintos de la plusvalía,-,USD,2017-09-30,ORO_BLANCO
Plusvalía,486.669,USD,2017-09-30,ORO_BLANCO
"Propiedades, planta y equipo",-,USD,2017-09-30,ORO_BLANCO
Activos biológicos no corrientes,-,USD,2017-09-30,ORO_BLANCO
Propiedad de inversión,-,USD,2017-09-30,ORO_BLANCO
"Activos por impuestos corrientes, no corrientes",-,USD,2017-09-30,ORO_BLANCO
Activos por impuestos diferidos,2.415,USD,2017-09-30,ORO_BLANCO
Total de activos no corrientes,1.474.312,USD,2017-09-30,ORO_BLANCO
Total de activos,1.954.728,USD,2017-09-30,ORO_BLANCO
Otros pasivos financieros corrientes,53.229,USD,2017-09-30,ORO_BLANCO
Cuentas por pagar comerciales y otras cuentas por pagar,154,USD,2017-09-30,ORO_BLANCO
"Cuentas por pagar a entidades relacionadas, corrientes",-,USD,2017-09-30,ORO_BLANCO
Otras provisiones a corto plazo,-,USD,2017-09-30,ORO_BLANCO
"Pasivos por impuestos corrientes, corrientes",644,USD,2017-09-30,ORO_BLANCO
Provisiones corrientes por beneficios a los empleados,-,USD,2017-09-30,ORO_BLANCO
Otros pasivos no financieros corrientes,5.529,USD,2017-09-30,ORO_BLANCO
Total de pasivos corrientes distintos de los pasivos incluidos en grupos de activos para su disposición clasificados como mantenidos para la venta,59.556,USD,2017-09-30,ORO_BLANCO
Pasivos incluidos en grupos de activos para su disposición clasificados como mantenidos para la venta,-,USD,2017-09-30,ORO_BLANCO
Pasivos corrientes totales,59.556,USD,2017-09-30,ORO_BLANCO
Otros pasivos financieros no corrientes,526.623,USD,2017-09-30,ORO_BLANCO
Cuentas por pagar no corrientes,-,USD,2017-09-30,ORO_BLANCO
"Cuentas por pagar a entidades relacionadas, no corrientes",-,USD,2017-09-30,ORO_BLANCO
Otras provisiones a largo plazo,-,USD,2017-09-30,ORO_BLANCO
Pasivo por impuestos diferidos,1.629,USD,2017-09-30,ORO_BLANCO
"Pasivos por impuestos corrientes, no corrientes",-,USD,2017-09-30,ORO_BLANCO
Provisiones no corrientes por beneficios a los empleados,76,USD,2017-09-30,ORO_BLANCO
Otros pasivos no financieros no corrientes,-,USD,2017-09-30,ORO_BLANCO
Total de pasivos no corrientes,528.328,USD,2017-09-30,ORO_BLANCO
Total de pasivos,587.884,USD,2017-09-30,ORO_BLANCO
Capital emitido,775.504,USD,2017-09-30,ORO_BLANCO
Ganancias (pérdidas) acumuladas,485.940,USD,2017-09-30,ORO_BLANCO
Prima de emisión,83.212,USD,2017-09-30,ORO_BLANCO
Acciones propias en cartera,-,USD,2017-09-30,ORO_BLANCO
Otras participaciones en el patrimonio,851,USD,2017-09-30,ORO_BLANCO
Otras reservas,-99.096,USD,2017-09-30,ORO_BLANCO
Patrimonio atribuible a los propietarios de la controladora,1.246.411,USD,2017-09-30,ORO_BLANCO
Participaciones no controladoras,120.433,USD,2017-09-30,ORO_BLANCO
Patrimonio total,1.366.844,USD,2017-09-30,ORO_BLANCO
Total de patrimonio y pasivos,1.954.728,USD,2017-09-30,ORO_BLANCO
Efectivo y equivalentes al efectivo,58.882,USD,2017-12-31,ORO_BLANCO
Otros activos financieros corrientes,33.314,USD,2017-12-31,ORO_BLANCO
Otros activos no financieros corrientes,-,USD,2017-12-31,ORO_BLANCO
Deudores comerciales y otras cuentas por cobrar corrientes,-,USD,2017-12-31,ORO_BLANCO
"Cuentas por cobrar a entidades relacionadas, corrientes",375.964,USD,2017-12-31,ORO_BLANCO
Inventarios corrientes,-,USD,2017-12-31,ORO_BLANCO
Activos biológicos corrientes,-,USD,2017-12-31,ORO_BLANCO
"Activos por impuestos corrientes, corrientes",28.332,USD,2017-12-31,ORO_BLANCO
Total de activos corrientes distintos de los activo o grupos de activos para su disposición clasificados como mantenidos para la venta o como mantenidos para distribuir a los propietarios,496.492,USD,2017-12-31,ORO_BLANCO
Activos no corrientes o grupos de activos para su disposición clasificados como mantenidos para la venta o como mantenidos para distribuir a los propietarios,-,USD,2017-12-31,ORO_BLANCO
Activos corrientes totales,496.492,USD,2017-12-31,ORO_BLANCO
Otros activos financieros no corrientes,-,USD,2017-12-31,ORO_BLANCO
Otros activos no financieros no corrientes,-,USD,2017-12-31,ORO_BLANCO
Cuentas por cobrar no corrientes,-,USD,2017-12-31,ORO_BLANCO
"Cuentas por cobrar a entidades relacionadas, no corrientes",-,USD,2017-12-31,ORO_BLANCO
"Inventarios, no corrientes",-,USD,2017-12-31,ORO_BLANCO
Inversiones contabilizadas utilizando el método de la participación,984.194,USD,2017-12-31,ORO_BLANCO
Activos intangibles distintos de la plusvalía,-,USD,2017-12-31,ORO_BLANCO
Plusvalía,486.669,USD,2017-12-31,ORO_BLANCO
"Propiedades, planta y equipo",-,USD,2017-12-31,ORO_BLANCO
Activos biológicos no corrientes,-,USD,2017-12-31,ORO_BLANCO
Propiedad de inversión,-,USD,2017-12-31,ORO_BLANCO
"Activos por impuestos corrientes, no corrientes",-,USD,2017-12-31,ORO_BLANCO
Activos por impuestos diferidos,942,USD,2017-12-31,ORO_BLANCO
Total de activos no corrientes,1.471.805,USD,2017-12-31,ORO_BLANCO
Total de activos,1.968.297,USD,2017-12-31,ORO_BLANCO
Otros pasivos financieros corrientes,58.727,USD,2017-12-31,ORO_BLANCO
Cuentas por pagar comerciales y otras cuentas por pagar,203,USD,2017-12-31,ORO_BLANCO
"Cuentas por pagar a entidades relacionadas, corrientes",-,USD,2017-12-31,ORO_BLANCO
Otras provisiones a corto plazo,-,USD,2017-12-31,ORO_BLANCO
"Pasivos por impuestos corrientes, corrientes",766,USD,2017-12-31,ORO_BLANCO
Provisiones corrientes por beneficios a los empleados,-,USD,2017-12-31,ORO_BLANCO
Otros pasivos no financieros corrientes,5.355,USD,2017-12-31,ORO_BLANCO
Total de pasivos corrientes distintos de los pasivos incluidos en grupos de activos para su disposición clasificados como mantenidos para la venta,65.051,USD,2017-12-31,ORO_BLANCO
Pasivos incluidos en grupos de activos para su disposición clasificados como mantenidos para la venta,-,USD,2017-12-31,ORO_BLANCO
Pasivos corrientes totales,65.051,USD,2017-12-31,ORO_BLANCO
Otros pasivos financieros no corrientes,519.826,USD,2017-12-31,ORO_BLANCO
Cuentas por pagar no corrientes,-,USD,2017-12-31,ORO_BLANCO
"Cuentas por pagar a entidades relacionadas, no corrientes",-,USD,2017-12-31,ORO_BLANCO
Otras provisiones a largo plazo,-,USD,2017-12-31,ORO_BLANCO
Pasivo por impuestos diferidos,1.555,USD,2017-12-31,ORO_BLANCO
"Pasivos por impuestos corrientes, no corrientes",-,USD,2017-12-31,ORO_BLANCO
Provisiones no corrientes por beneficios a los empleados,104,USD,2017-12-31,ORO_BLANCO
Otros pasivos no financieros no corrientes,-,USD,2017-12-31,ORO_BLANCO
Total de pasivos no corrientes,521.485,USD,2017-12-31,ORO_BLANCO
Total de pasivos,586.536,USD,2017-12-31,ORO_BLANCO
Capital emitido,775.504,USD,2017-12-31,ORO_BLANCO
Ganancias (pérdidas) acumuladas,496.393,USD,2017-12-31,ORO_BLANCO
Prima de emisión,83.212,USD,2017-12-31,ORO_BLANCO
Acciones propias en cartera,-,USD,2017-12-31,ORO_BLANCO
Otras participaciones en el patrimonio,851,USD,2017-12-31,ORO_BLANCO
Otras reservas,-96.412,USD,2017-12-31,ORO_BLANCO
Patrimonio atribuible a los propietarios de la controladora,1.259.548,USD,2017-12-31,ORO_BLANCO
Participaciones no controladoras,122.213,USD,2017-12-31,ORO_BLANCO
Patrimonio total,1.381.761,USD,2017-12-31,ORO_BLANCO
Total de patrimonio y pasivos,1.968.297,USD,2017-12-31,ORO_BLANCO
Efectivo y equivalentes al efectivo,7.960,USD,2018-03-31,ORO_BLANCO
Otros activos financieros corrientes,54.986,USD,2018-03-31,ORO_BLANCO
Otros activos no financieros corrientes,-,USD,2018-03-31,ORO_BLANCO
Deudores comerciales y otras cuentas por cobrar corrientes,-,USD,2018-03-31,ORO_BLANCO
"Cuentas por cobrar a entidades relacionadas, corrientes",391.285,USD,2018-03-31,ORO_BLANCO
Inventarios corrientes,-,USD,2018-03-31,ORO_BLANCO
Activos biológicos corrientes,-,USD,2018-03-31,ORO_BLANCO
"Activos por impuestos corrientes, corrientes",28.332,USD,2018-03-31,ORO_BLANCO
Total de activos corrientes distintos de los activo o grupos de activos para su disposición clasificados como mantenidos para la venta o como mantenidos para distribuir a los propietarios,482.563,USD,2018-03-31,ORO_BLANCO
Activos no corrientes o grupos de activos para su disposición clasificados como mantenidos para la venta o como mantenidos para distribuir a los propietarios,-,USD,2018-03-31,ORO_BLANCO
Activos corrientes totales,482.563,USD,2018-03-31,ORO_BLANCO
Otros activos financieros no corrientes,-,USD,2018-03-31,ORO_BLANCO
Otros activos no financieros no corrientes,-,USD,2018-03-31,ORO_BLANCO
Cuentas por cobrar no corrientes,-,USD,2018-03-31,ORO_BLANCO
"Cuentas por cobrar a entidades relacionadas, no corrientes",-,USD,2018-03-31,ORO_BLANCO
"Inventarios, no corrientes",-,USD,2018-03-31,ORO_BLANCO
Inversiones contabilizadas utilizando el método de la participación,1.038.122,USD,2018-03-31,ORO_BLANCO
Activos intangibles distintos de la plusvalía,-,USD,2018-03-31,ORO_BLANCO
Plusvalía,486.669,USD,2018-03-31,ORO_BLANCO
"Propiedades, planta y equipo",-,USD,2018-03-31,ORO_BLANCO
Activos biológicos no corrientes,-,USD,2018-03-31,ORO_BLANCO
Propiedad de inversión,-,USD,2018-03-31,ORO_BLANCO
"Activos por impuestos corrientes, no corrientes",-,USD,2018-03-31,ORO_BLANCO
Activos por impuestos diferidos,1.993,USD,2018-03-31,ORO_BLANCO
Total de activos no corrientes,1.526.784,USD,2018-03-31,ORO_BLANCO
Total de activos,2.009.347,USD,2018-03-31,ORO_BLANCO
Otros pasivos financieros corrientes,98.378,USD,2018-03-31,ORO_BLANCO
Cuentas por pagar comerciales y otras cuentas por pagar,4.501,USD,2018-03-31,ORO_BLANCO
"Cuentas por pagar a entidades relacionadas, corrientes",-,USD,2018-03-31,ORO_BLANCO
Otras provisiones a corto plazo,-,USD,2018-03-31,ORO_BLANCO
"Pasivos por impuestos corrientes, corrientes",911,USD,2018-03-31,ORO_BLANCO
Provisiones corrientes por beneficios a los empleados,-,USD,2018-03-31,ORO_BLANCO
Otros pasivos no financieros corrientes,11.692,USD,2018-03-31,ORO_BLANCO
Total de pasivos corrientes distintos de los pasivos incluidos en grupos de activos para su disposición clasificados como mantenidos para la venta,115.482,USD,2018-03-31,ORO_BLANCO
Pasivos incluidos en grupos de activos para su disposición clasificados como mantenidos para la venta,-,USD,2018-03-31,ORO_BLANCO
Pasivos corrientes totales,115.482,USD,2018-03-31,ORO_BLANCO
Otros pasivos financieros no corrientes,492.709,USD,2018-03-31,ORO_BLANCO
Cuentas por pagar no corrientes,-,USD,2018-03-31,ORO_BLANCO
"Cuentas por pagar a entidades relacionadas, no corrientes",-,USD,2018-03-31,ORO_BLANCO
Otras provisiones a largo plazo,-,USD,2018-03-31,ORO_BLANCO
Pasivo por impuestos diferidos,1.486,USD,2018-03-31,ORO_BLANCO
"Pasivos por impuestos corrientes, no corrientes",-,USD,2018-03-31,ORO_BLANCO
Provisiones no corrientes por beneficios a los empleados,107,USD,2018-03-31,ORO_BLANCO
Otros pasivos no financieros no corrientes,-,USD,2018-03-31,ORO_BLANCO
Total de pasivos no corrientes,494.302,USD,2018-03-31,ORO_BLANCO
Total de pasivos,609.784,USD,2018-03-31,ORO_BLANCO
Capital emitido,775.504,USD,2018-03-31,ORO_BLANCO
Ganancias (pérdidas) acumuladas,507.659,USD,2018-03-31,ORO_BLANCO
Prima de emisión,83.212,USD,2018-03-31,ORO_BLANCO
Acciones propias en cartera,-,USD,2018-03-31,ORO_BLANCO
Otras participaciones en el patrimonio,851,USD,2018-03-31,ORO_BLANCO
Otras reservas,-92.177,USD,2018-03-31,ORO_BLANCO
Patrimonio atribuible a los propietarios de la controladora,1.275.049,USD,2018-03-31,ORO_BLANCO
Participaciones no controladoras,124.514,USD,2018-03-31,ORO_BLANCO
Patrimonio total,1.399.563,USD,2018-03-31,ORO_BLANCO
Total de patrimonio y pasivos,2.009.347,USD,2018-03-31,ORO_BLANCO
Efectivo y equivalentes al efectivo,57.585,USD,2018-06-30,ORO_BLANCO
Otros activos financieros corrientes,36.406,USD,2018-06-30,ORO_BLANCO
Otros activos no financieros corrientes,-,USD,2018-06-30,ORO_BLANCO
Deudores comerciales y otras cuentas por cobrar corrientes,-,USD,2018-06-30,ORO_BLANCO
"Cuentas por cobrar a entidades relacionadas, corrientes",378.268,USD,2018-06-30,ORO_BLANCO
Inventarios corrientes,-,USD,2018-06-30,ORO_BLANCO
Activos biológicos corrientes,-,USD,2018-06-30,ORO_BLANCO
"Activos por impuestos corrientes, corrientes",28.831,USD,2018-06-30,ORO_BLANCO
Total de activos corrientes distintos de los activo o grupos de activos para su disposición clasificados como mantenidos para la venta o como mantenidos para distribuir a los propietarios,501.090,USD,2018-06-30,ORO_BLANCO
Activos no corrientes o grupos de activos para su disposición clasificados como mantenidos para la venta o como mantenidos para distribuir a los propietarios,-,USD,2018-06-30,ORO_BLANCO
Activos corrientes totales,501.090,USD,2018-06-30,ORO_BLANCO
Otros activos financieros no corrientes,-,USD,2018-06-30,ORO_BLANCO
Otros activos no financieros no corrientes,-,USD,2018-06-30,ORO_BLANCO
Cuentas por cobrar no corrientes,-,USD,2018-06-30,ORO_BLANCO
"Cuentas por cobrar a entidades relacionadas, no corrientes",-,USD,2018-06-30,ORO_BLANCO
"Inventarios, no corrientes",-,USD,2018-06-30,ORO_BLANCO
Inversiones contabilizadas utilizando el método de la participación,1.243.212,USD,2018-06-30,ORO_BLANCO
Activos intangibles distintos de la plusvalía,-,USD,2018-06-30,ORO_BLANCO
Plusvalía,486.669,USD,2018-06-30,ORO_BLANCO
"Propiedades, planta y equipo",-,USD,2018-06-30,ORO_BLANCO
Activos biológicos no corrientes,-,USD,2018-06-30,ORO_BLANCO
Propiedad de inversión,-,USD,2018-06-30,ORO_BLANCO
"Activos por impuestos corrientes, no corrientes",-,USD,2018-06-30,ORO_BLANCO
Activos por impuestos diferidos,-,USD,2018-06-30,ORO_BLANCO
Total de activos no corrientes,1.729.881,USD,2018-06-30,ORO_BLANCO
Total de activos,2.230.971,USD,2018-06-30,ORO_BLANCO
Otros pasivos financieros corrientes,347.669,USD,2018-06-30,ORO_BLANCO
Cuentas por pagar comerciales y otras cuentas por pagar,29,USD,2018-06-30,ORO_BLANCO
"Cuentas por pagar a entidades relacionadas, corrientes",-,USD,2018-06-30,ORO_BLANCO
Otras provisiones a corto plazo,-,USD,2018-06-30,ORO_BLANCO
"Pasivos por impuestos corrientes, corrientes",503,USD,2018-06-30,ORO_BLANCO
Provisiones corrientes por beneficios a los empleados,-,USD,2018-06-30,ORO_BLANCO
Otros pasivos no financieros corrientes,7.688,USD,2018-06-30,ORO_BLANCO
Total de pasivos corrientes distintos de los pasivos incluidos en grupos de activos para su disposición clasificados como mantenidos para la venta,355.889,USD,2018-06-30,ORO_BLANCO
Pasivos incluidos en grupos de activos para su disposición clasificados como mantenidos para la venta,-,USD,2018-06-30,ORO_BLANCO
Pasivos corrientes totales,355.889,USD,2018-06-30,ORO_BLANCO
Otros pasivos financieros no corrientes,456.172,USD,2018-06-30,ORO_BLANCO
Cuentas por pagar no corrientes,-,USD,2018-06-30,ORO_BLANCO
"Cuentas por pagar a entidades relacionadas, no corrientes",-,USD,2018-06-30,ORO_BLANCO
Otras provisiones a largo plazo,-,USD,2018-06-30,ORO_BLANCO
Pasivo por impuestos diferidos,1.613,USD,2018-06-30,ORO_BLANCO
"Pasivos por impuestos corrientes, no corrientes",-,USD,2018-06-30,ORO_BLANCO
Provisiones no corrientes por beneficios a los empleados,99,USD,2018-06-30,ORO_BLANCO
Otros pasivos no financieros no corrientes,-,USD,2018-06-30,ORO_BLANCO
Total de pasivos no corrientes,457.884,USD,2018-06-30,ORO_BLANCO
Total de pasivos,813.773,USD,2018-06-30,ORO_BLANCO
Capital emitido,775.504,USD,2018-06-30,ORO_BLANCO
Ganancias (pérdidas) acumuladas,524.606,USD,2018-06-30,ORO_BLANCO
Prima de emisión,83.212,USD,2018-06-30,ORO_BLANCO
Acciones propias en cartera,-,USD,2018-06-30,ORO_BLANCO
Otras participaciones en el patrimonio,851,USD,2018-06-30,ORO_BLANCO
Otras reservas,-93.632,USD,2018-06-30,ORO_BLANCO
Patrimonio atribuible a los propietarios de la controladora,1.290.541,USD,2018-06-30,ORO_BLANCO
Participaciones no controladoras,126.657,USD,2018-06-30,ORO_BLANCO
Patrimonio total,1.417.198,USD,2018-06-30,ORO_BLANCO
Total de patrimonio y pasivos,2.230.971,USD,2018-06-30,ORO_BLANCO
Efectivo y equivalentes al efectivo,77.436,USD,2018-09-30,ORO_BLANCO
Otros activos financieros corrientes,23.775,USD,2018-09-30,ORO_BLANCO
Otros activos no financieros corrientes,-,USD,2018-09-30,ORO_BLANCO
Deudores comerciales y otras cuentas por cobrar corrientes,-,USD,2018-09-30,ORO_BLANCO
"Cuentas por cobrar a entidades relacionadas, corrientes",382.648,USD,2018-09-30,ORO_BLANCO
Inventarios corrientes,-,USD,2018-09-30,ORO_BLANCO
Activos biológicos corrientes,-,USD,2018-09-30,ORO_BLANCO
"Activos por impuestos corrientes, corrientes",28.716,USD,2018-09-30,ORO_BLANCO
Total de activos corrientes distintos de los activo o grupos de activos para su disposición clasificados como mantenidos para la venta o como mantenidos para distribuir a los propietarios,512.575,USD,2018-09-30,ORO_BLANCO
Activos no corrientes o grupos de activos para su disposición clasificados como mantenidos para la venta o como mantenidos para distribuir a los propietarios,-,USD,2018-09-30,ORO_BLANCO
Activos corrientes totales,512.575,USD,2018-09-30,ORO_BLANCO
Otros activos financieros no corrientes,-,USD,2018-09-30,ORO_BLANCO
Otros activos no financieros no corrientes,-,USD,2018-09-30,ORO_BLANCO
Cuentas por cobrar no corrientes,-,USD,2018-09-30,ORO_BLANCO
"Cuentas por cobrar a entidades relacionadas, no corrientes",-,USD,2018-09-30,ORO_BLANCO
"Inventarios, no corrientes",-,USD,2018-09-30,ORO_BLANCO
Inversiones contabilizadas utilizando el método de la participación,1.242.577,USD,2018-09-30,ORO_BLANCO
Activos intangibles distintos de la plusvalía,-,USD,2018-09-30,ORO_BLANCO
Plusvalía,486.669,USD,2018-09-30,ORO_BLANCO
"Propiedades, planta y equipo",3,USD,2018-09-30,ORO_BLANCO
Activos biológicos no corrientes,-,USD,2018-09-30,ORO_BLANCO
Propiedad de inversión,-,USD,2018-09-30,ORO_BLANCO
"Activos por impuestos corrientes, no corrientes",-,USD,2018-09-30,ORO_BLANCO
Activos por impuestos diferidos,-,USD,2018-09-30,ORO_BLANCO
Total de activos no corrientes,1.729.249,USD,2018-09-30,ORO_BLANCO
Total de activos,2.241.824,USD,2018-09-30,ORO_BLANCO
Otros pasivos financieros corrientes,60.800,USD,2018-09-30,ORO_BLANCO
Cuentas por pagar comerciales y otras cuentas por pagar,172,USD,2018-09-30,ORO_BLANCO
"Cuentas por pagar a entidades relacionadas, corrientes",-,USD,2018-09-30,ORO_BLANCO
Otras provisiones a corto plazo,-,USD,2018-09-30,ORO_BLANCO
"Pasivos por impuestos corrientes, corrientes",2.082,USD,2018-09-30,ORO_BLANCO
Provisiones corrientes por beneficios a los empleados,-,USD,2018-09-30,ORO_BLANCO
Otros pasivos no financieros corrientes,1.725,USD,2018-09-30,ORO_BLANCO
Total de pasivos corrientes distintos de los pasivos incluidos en grupos de activos para su disposición clasificados como mantenidos para la venta,64.779,USD,2018-09-30,ORO_BLANCO
Pasivos incluidos en grupos de activos para su disposición clasificados como mantenidos para la venta,-,USD,2018-09-30,ORO_BLANCO
Pasivos corrientes totales,64.779,USD,2018-09-30,ORO_BLANCO
Otros pasivos financieros no corrientes,743.689,USD,2018-09-30,ORO_BLANCO
Cuentas por pagar no corrientes,-,USD,2018-09-30,ORO_BLANCO
"Cuentas por pagar a entidades relacionadas, no corrientes",-,USD,2018-09-30,ORO_BLANCO
Otras provisiones a largo plazo,-,USD,2018-09-30,ORO_BLANCO
Pasivo por impuestos diferidos,4.653,USD,2018-09-30,ORO_BLANCO
"Pasivos por impuestos corrientes, no corrientes",-,USD,2018-09-30,ORO_BLANCO
Provisiones no corrientes por beneficios a los empleados,117,USD,2018-09-30,ORO_BLANCO
Otros pasivos no financieros no corrientes,-,USD,2018-09-30,ORO_BLANCO
Total de pasivos no corrientes,748.459,USD,2018-09-30,ORO_BLANCO
Total de pasivos,813.238,USD,2018-09-30,ORO_BLANCO
Capital emitido,775.504,USD,2018-09-30,ORO_BLANCO
Ganancias (pérdidas) acumuladas,527.595,USD,2018-09-30,ORO_BLANCO
Prima de emisión,83.212,USD,2018-09-30,ORO_BLANCO
Acciones propias en cartera,-,USD,2018-09-30,ORO_BLANCO
Otras participaciones en el patrimonio,851,USD,2018-09-30,ORO_BLANCO
Otras reservas,-86.609,USD,2018-09-30,ORO_BLANCO
Patrimonio atribuible a los propietarios de la controladora,1.300.553,USD,2018-09-30,ORO_BLANCO
Participaciones no controladoras,128.033,USD,2018-09-30,ORO_BLANCO
Patrimonio total,1.428.586,USD,2018-09-30,ORO_BLANCO
Total de patrimonio y pasivos,2.241.824,USD,2018-09-30,ORO_BLANCO
Efectivo y equivalentes al efectivo,66.112,USD,2018-12-31,ORO_BLANCO
Otros activos financieros corrientes,30.087,USD,2018-12-31,ORO_BLANCO
Otros activos no financieros corrientes,-,USD,2018-12-31,ORO_BLANCO
Deudores comerciales y otras cuentas por cobrar corrientes,-,USD,2018-12-31,ORO_BLANCO
"Cuentas por cobrar a entidades relacionadas, corrientes",383.869,USD,2018-12-31,ORO_BLANCO
Inventarios corrientes,-,USD,2018-12-31,ORO_BLANCO
Activos biológicos corrientes,-,USD,2018-12-31,ORO_BLANCO
"Activos por impuestos corrientes, corrientes",31.804,USD,2018-12-31,ORO_BLANCO
Total de activos corrientes distintos de los activo o grupos de activos para su disposición clasificados como mantenidos para la venta o como mantenidos para distribuir a los propietarios,511.872,USD,2018-12-31,ORO_BLANCO
Activos no corrientes o grupos de activos para su disposición clasificados como mantenidos para la venta o como mantenidos para distribuir a los propietarios,-,USD,2018-12-31,ORO_BLANCO
Activos corrientes totales,511.872,USD,2018-12-31,ORO_BLANCO
Otros activos financieros no corrientes,-,USD,2018-12-31,ORO_BLANCO
Otros activos no financieros no corrientes,-,USD,2018-12-31,ORO_BLANCO
Cuentas por cobrar no corrientes,-,USD,2018-12-31,ORO_BLANCO
"Cuentas por cobrar a entidades relacionadas, no corrientes",-,USD,2018-12-31,ORO_BLANCO
"Inventarios, no corrientes",-,USD,2018-12-31,ORO_BLANCO
Inversiones contabilizadas utilizando el método de la participación,1.242.451,USD,2018-12-31,ORO_BLANCO
Activos intangibles distintos de la plusvalía,-,USD,2018-12-31,ORO_BLANCO
Plusvalía,486.669,USD,2018-12-31,ORO_BLANCO
"Propiedades, planta y equipo",3,USD,2018-12-31,ORO_BLANCO
Activos biológicos no corrientes,-,USD,2018-12-31,ORO_BLANCO
Propiedad de inversión,-,USD,2018-12-31,ORO_BLANCO
"Activos por impuestos corrientes, no corrientes",-,USD,2018-12-31,ORO_BLANCO
Activos por impuestos diferidos,-,USD,2018-12-31,ORO_BLANCO
Total de activos no corrientes,1.729.123,USD,2018-12-31,ORO_BLANCO
Total de activos,2.240.995,USD,2018-12-31,ORO_BLANCO
Otros pasivos financieros corrientes,48.770,USD,2018-12-31,ORO_BLANCO
Cuentas por pagar comerciales y otras cuentas por pagar,190,USD,2018-12-31,ORO_BLANCO
"Cuentas por pagar a entidades relacionadas, corrientes",-,USD,2018-12-31,ORO_BLANCO
Otras provisiones a corto plazo,-,USD,2018-12-31,ORO_BLANCO
"Pasivos por impuestos corrientes, corrientes",816,USD,2018-12-31,ORO_BLANCO
Provisiones corrientes por beneficios a los empleados,-,USD,2018-12-31,ORO_BLANCO
Otros pasivos no financieros corrientes,6.758,USD,2018-12-31,ORO_BLANCO
Total de pasivos corrientes distintos de los pasivos incluidos en grupos de activos para su disposición clasificados como mantenidos para la venta,56.534,USD,2018-12-31,ORO_BLANCO
Pasivos incluidos en grupos de activos para su disposición clasificados como mantenidos para la venta,-,USD,2018-12-31,ORO_BLANCO
Pasivos corrientes totales,56.534,USD,2018-12-31,ORO_BLANCO
Otros pasivos financieros no corrientes,747.108,USD,2018-12-31,ORO_BLANCO
Cuentas por pagar no corrientes,-,USD,2018-12-31,ORO_BLANCO
"Cuentas por pagar a entidades relacionadas, no corrientes",-,USD,2018-12-31,ORO_BLANCO
Otras provisiones a largo plazo,-,USD,2018-12-31,ORO_BLANCO
Pasivo por impuestos diferidos,1.624,USD,2018-12-31,ORO_BLANCO
"Pasivos por impuestos corrientes, no corrientes",-,USD,2018-12-31,ORO_BLANCO
Provisiones no corrientes por beneficios a los empleados,194,USD,2018-12-31,ORO_BLANCO
Otros pasivos no financieros no corrientes,-,USD,2018-12-31,ORO_BLANCO
Total de pasivos no corrientes,748.926,USD,2018-12-31,ORO_BLANCO
Total de pasivos,805.460,USD,2018-12-31,ORO_BLANCO
Capital emitido,775.504,USD,2018-12-31,ORO_BLANCO
Ganancias (pérdidas) acumuladas,540.557,USD,2018-12-31,ORO_BLANCO
Prima de emisión,83.212,USD,2018-12-31,ORO_BLANCO
Acciones propias en cartera,-,USD,2018-12-31,ORO_BLANCO
Otras participaciones en el patrimonio,851,USD,2018-12-31,ORO_BLANCO
Otras reservas,-93.665,USD,2018-12-31,ORO_BLANCO
Patrimonio atribuible a los propietarios de la controladora,1.306.459,USD,2018-12-31,ORO_BLANCO
Participaciones no controladoras,129.076,USD,2018-12-31,ORO_BLANCO
Patrimonio total,1.435.535,USD,2018-12-31,ORO_BLANCO
Total de patrimonio y pasivos,2.240.995,USD,2018-12-31,ORO_BLANCO
Efectivo y equivalentes al efectivo,23.651,USD,2019-03-31,ORO_BLANCO
Otros activos financieros corrientes,50.298,USD,2019-03-31,ORO_BLANCO
Otros activos no financieros corrientes,-,USD,2019-03-31,ORO_BLANCO
Deudores comerciales y otras cuentas por cobrar corrientes,-,USD,2019-03-31,ORO_BLANCO
"Cuentas por cobrar a entidades relacionadas, corrientes",387.926,USD,2019-03-31,ORO_BLANCO
Inventarios corrientes,-,USD,2019-03-31,ORO_BLANCO
Activos biológicos corrientes,-,USD,2019-03-31,ORO_BLANCO
"Activos por impuestos corrientes, corrientes",27.916,USD,2019-03-31,ORO_BLANCO
Total de activos corrientes distintos de los activo o grupos de activos para su disposición clasificados como mantenidos para la venta o como mantenidos para distribuir a los propietarios,489.791,USD,2019-03-31,ORO_BLANCO
Activos no corrientes o grupos de activos para su disposición clasificados como mantenidos para la venta o como mantenidos para distribuir a los propietarios,-,USD,2019-03-31,ORO_BLANCO
Activos corrientes totales,489.791,USD,2019-03-31,ORO_BLANCO
Otros activos financieros no corrientes,-,USD,2019-03-31,ORO_BLANCO
Otros activos no financieros no corrientes,-,USD,2019-03-31,ORO_BLANCO
Cuentas por cobrar no corrientes,-,USD,2019-03-31,ORO_BLANCO
"Cuentas por cobrar a entidades relacionadas, no corrientes",-,USD,2019-03-31,ORO_BLANCO
"Inventarios, no corrientes",-,USD,2019-03-31,ORO_BLANCO
Inversiones contabilizadas utilizando el método de la participación,1.243.115,USD,2019-03-31,ORO_BLANCO
Activos intangibles distintos de la plusvalía,-,USD,2019-03-31,ORO_BLANCO
Plusvalía,486.669,USD,2019-03-31,ORO_BLANCO
"Propiedades, planta y equipo",3,USD,2019-03-31,ORO_BLANCO
Activos biológicos no corrientes,-,USD,2019-03-31,ORO_BLANCO
Propiedad de inversión,-,USD,2019-03-31,ORO_BLANCO
"Activos por impuestos corrientes, no corrientes",-,USD,2019-03-31,ORO_BLANCO
Activos por impuestos diferidos,4.313,USD,2019-03-31,ORO_BLANCO
Total de activos no corrientes,1.734.100,USD,2019-03-31,ORO_BLANCO
Total de activos,2.223.891,USD,2019-03-31,ORO_BLANCO
Otros pasivos financieros corrientes,170.758,USD,2019-03-31,ORO_BLANCO
Cuentas por pagar comerciales y otras cuentas por pagar,85,USD,2019-03-31,ORO_BLANCO
"Cuentas por pagar a entidades relacionadas, corrientes",-,USD,2019-03-31,ORO_BLANCO
Otras provisiones a corto plazo,-,USD,2019-03-31,ORO_BLANCO
"Pasivos por impuestos corrientes, corrientes",759,USD,2019-03-31,ORO_BLANCO
Provisiones corrientes por beneficios a los empleados,-,USD,2019-03-31,ORO_BLANCO
Otros pasivos no financieros corrientes,11.130,USD,2019-03-31,ORO_BLANCO
Total de pasivos corrientes distintos de los pasivos incluidos en grupos de activos para su disposición clasificados como mantenidos para la venta,182.732,USD,2019-03-31,ORO_BLANCO
Pasivos incluidos en grupos de activos para su disposición clasificados como mantenidos para la venta,-,USD,2019-03-31,ORO_BLANCO
Pasivos corrientes totales,182.732,USD,2019-03-31,ORO_BLANCO
Otros pasivos financieros no corrientes,597.281,USD,2019-03-31,ORO_BLANCO
Cuentas por pagar no corrientes,-,USD,2019-03-31,ORO_BLANCO
"Cuentas por pagar a entidades relacionadas, no corrientes",-,USD,2019-03-31,ORO_BLANCO
Otras provisiones a largo plazo,-,USD,2019-03-31,ORO_BLANCO
Pasivo por impuestos diferidos,597,USD,2019-03-31,ORO_BLANCO
"Pasivos por impuestos corrientes, no corrientes",-,USD,2019-03-31,ORO_BLANCO
Provisiones no corrientes por beneficios a los empleados,282,USD,2019-03-31,ORO_BLANCO
Otros pasivos no financieros no corrientes,-,USD,2019-03-31,ORO_BLANCO
Total de pasivos no corrientes,598.160,USD,2019-03-31,ORO_BLANCO
Total de pasivos,780.892,USD,2019-03-31,ORO_BLANCO
Capital emitido y pagado,775.504,USD,2019-03-31,ORO_BLANCO
Ganancias (pérdidas) acumuladas,549.524,USD,2019-03-31,ORO_BLANCO
Prima de emisión,83.212,USD,2019-03-31,ORO_BLANCO
Acciones propias en cartera,-,USD,2019-03-31,ORO_BLANCO
Otras participaciones en el patrimonio,851,USD,2019-03-31,ORO_BLANCO
Otras reservas,-96.207,USD,2019-03-31,ORO_BLANCO
Patrimonio atribuible a los propietarios de la controladora,1.312.884,USD,2019-03-31,ORO_BLANCO
Participaciones no controladoras,130.115,USD,2019-03-31,ORO_BLANCO
Patrimonio total,1.442.999,USD,2019-03-31,ORO_BLANCO
Total de patrimonio y pasivos,2.223.891,USD,2019-03-31,ORO_BLANCO
Efectivo y equivalentes al efectivo,52.401,USD,2019-06-30,ORO_BLANCO
Otros activos financieros corrientes,20.458,USD,2019-06-30,ORO_BLANCO
Otros activos no financieros corrientes,-,USD,2019-06-30,ORO_BLANCO
Deudores comerciales y otras cuentas por cobrar corrientes,-,USD,2019-06-30,ORO_BLANCO
"Cuentas por cobrar a entidades relacionadas, corrientes",381.621,USD,2019-06-30,ORO_BLANCO
Inventarios corrientes,-,USD,2019-06-30,ORO_BLANCO
Activos biológicos corrientes,-,USD,2019-06-30,ORO_BLANCO
"Activos por impuestos corrientes, corrientes",32.929,USD,2019-06-30,ORO_BLANCO
Total de activos corrientes distintos de los activo o grupos de activos para su disposición clasificados como mantenidos para la venta o como mantenidos para distribuir a los propietarios,487.409,USD,2019-06-30,ORO_BLANCO
Activos no corrientes o grupos de activos para su disposición clasificados como mantenidos para la venta o como mantenidos para distribuir a los propietarios,-,USD,2019-06-30,ORO_BLANCO
Activos corrientes totales,487.409,USD,2019-06-30,ORO_BLANCO
Otros activos financieros no corrientes,-,USD,2019-06-30,ORO_BLANCO
Otros activos no financieros no corrientes,-,USD,2019-06-30,ORO_BLANCO
Cuentas por cobrar no corrientes,-,USD,2019-06-30,ORO_BLANCO
"Cuentas por cobrar a entidades relacionadas, no corrientes",-,USD,2019-06-30,ORO_BLANCO
"Inventarios, no corrientes",-,USD,2019-06-30,ORO_BLANCO
Inversiones contabilizadas utilizando el método de la participación,1.243.370,USD,2019-06-30,ORO_BLANCO
Activos intangibles distintos de la plusvalía,-,USD,2019-06-30,ORO_BLANCO
Plusvalía,486.669,USD,2019-06-30,ORO_BLANCO
"Propiedades, planta y equipo",2,USD,2019-06-30,ORO_BLANCO
Activos biológicos no corrientes,-,USD,2019-06-30,ORO_BLANCO
Propiedad de inversión,-,USD,2019-06-30,ORO_BLANCO
"Activos por impuestos corrientes, no corrientes",-,USD,2019-06-30,ORO_BLANCO
Activos por impuestos diferidos,453,USD,2019-06-30,ORO_BLANCO
Total de activos no corrientes,1.730.494,USD,2019-06-30,ORO_BLANCO
Total de activos,2.217.903,USD,2019-06-30,ORO_BLANCO
Otros pasivos financieros corrientes,167.485,USD,2019-06-30,ORO_BLANCO
Cuentas por pagar comerciales y otras cuentas por pagar,107,USD,2019-06-30,ORO_BLANCO
"Cuentas por pagar a entidades relacionadas, corrientes",-,USD,2019-06-30,ORO_BLANCO
Otras provisiones a corto plazo,-,USD,2019-06-30,ORO_BLANCO
"Pasivos por impuestos corrientes, corrientes",450,USD,2019-06-30,ORO_BLANCO
Provisiones corrientes por beneficios a los empleados,-,USD,2019-06-30,ORO_BLANCO
Otros pasivos no financieros corrientes,3.242,USD,2019-06-30,ORO_BLANCO
Total de pasivos corrientes distintos de los pasivos incluidos en grupos de activos para su disposición clasificados como mantenidos para la venta,171.284,USD,2019-06-30,ORO_BLANCO
Pasivos incluidos en grupos de activos para su disposición clasificados como mantenidos para la venta,-,USD,2019-06-30,ORO_BLANCO
Pasivos corrientes totales,171.284,USD,2019-06-30,ORO_BLANCO
Otros pasivos financieros no corrientes,591.338,USD,2019-06-30,ORO_BLANCO
Cuentas por pagar no corrientes,-,USD,2019-06-30,ORO_BLANCO
"Cuentas por pagar a entidades relacionadas, no corrientes",-,USD,2019-06-30,ORO_BLANCO
Otras provisiones a largo plazo,-,USD,2019-06-30,ORO_BLANCO
Pasivo por impuestos diferidos,1.754,USD,2019-06-30,ORO_BLANCO
"Pasivos por impuestos corrientes, no corrientes",-,USD,2019-06-30,ORO_BLANCO
Provisiones no corrientes por beneficios a los empleados,299,USD,2019-06-30,ORO_BLANCO
Otros pasivos no financieros no corrientes,-,USD,2019-06-30,ORO_BLANCO
Total de pasivos no corrientes,593.391,USD,2019-06-30,ORO_BLANCO
Total de pasivos,764.675,USD,2019-06-30,ORO_BLANCO
Capital emitido y pagado,775.504,USD,2019-06-30,ORO_BLANCO
Ganancias (pérdidas) acumuladas,554.867,USD,2019-06-30,ORO_BLANCO
Prima de emisión,83.212,USD,2019-06-30,ORO_BLANCO
Acciones propias en cartera,-,USD,2019-06-30,ORO_BLANCO
Otras participaciones en el patrimonio,851,USD,2019-06-30,ORO_BLANCO
Otras reservas,-92.665,USD,2019-06-30,ORO_BLANCO
Patrimonio atribuible a los propietarios de la controladora,1.321.769,USD,2019-06-30,ORO_BLANCO
Participaciones no controladoras,131.459,USD,2019-06-30,ORO_BLANCO
Patrimonio total,1.453.228,USD,2019-06-30,ORO_BLANCO
Total de patrimonio y pasivos,2.217.903,USD,2019-06-30,ORO_BLANCO
Efectivo y equivalentes al efectivo,44.270,USD,2019-09-30,ORO_BLANCO
Otros activos financieros corrientes,118.117,USD,2019-09-30,ORO_BLANCO
Otros activos no financieros corrientes,-,USD,2019-09-30,ORO_BLANCO
Deudores comerciales y otras cuentas por cobrar corrientes,-,USD,2019-09-30,ORO_BLANCO
"Cuentas por cobrar a entidades relacionadas, corrientes",388.867,USD,2019-09-30,ORO_BLANCO
Inventarios corrientes,-,USD,2019-09-30,ORO_BLANCO
Activos biológicos corrientes,-,USD,2019-09-30,ORO_BLANCO
"Activos por impuestos corrientes, corrientes",32.985,USD,2019-09-30,ORO_BLANCO
Total de activos corrientes distintos de los activo o grupos de activos para su disposición clasificados como mantenidos para la venta o como mantenidos para distribuir a los propietarios,584.239,USD,2019-09-30,ORO_BLANCO
Activos no corrientes o grupos de activos para su disposición clasificados como mantenidos para la venta o como mantenidos para distribuir a los propietarios,-,USD,2019-09-30,ORO_BLANCO
Activos corrientes totales,584.239,USD,2019-09-30,ORO_BLANCO
Otros activos financieros no corrientes,-,USD,2019-09-30,ORO_BLANCO
Otros activos no financieros no corrientes,-,USD,2019-09-30,ORO_BLANCO
Cuentas por cobrar no corrientes,-,USD,2019-09-30,ORO_BLANCO
"Cuentas por cobrar a entidades relacionadas, no corrientes",-,USD,2019-09-30,ORO_BLANCO
"Inventarios, no corrientes",-,USD,2019-09-30,ORO_BLANCO
Inversiones contabilizadas utilizando el método de la participación,1.244.310,USD,2019-09-30,ORO_BLANCO
Activos intangibles distintos de la plusvalía,-,USD,2019-09-30,ORO_BLANCO
Plusvalía,486.669,USD,2019-09-30,ORO_BLANCO
"Propiedades, planta y equipo",2,USD,2019-09-30,ORO_BLANCO
Activos biológicos no corrientes,-,USD,2019-09-30,ORO_BLANCO
Propiedad de inversión,-,USD,2019-09-30,ORO_BLANCO
"Activos por impuestos corrientes, no corrientes",-,USD,2019-09-30,ORO_BLANCO
Activos por impuestos diferidos,-,USD,2019-09-30,ORO_BLANCO
Total de activos no corrientes,1.730.981,USD,2019-09-30,ORO_BLANCO
Total de activos,2.315.220,USD,2019-09-30,ORO_BLANCO
Otros pasivos financieros corrientes,195.178,USD,2019-09-30,ORO_BLANCO
Cuentas por pagar comerciales y otras cuentas por pagar,86,USD,2019-09-30,ORO_BLANCO
"Cuentas por pagar a entidades relacionadas, corrientes",-,USD,2019-09-30,ORO_BLANCO
Otras provisiones a corto plazo,-,USD,2019-09-30,ORO_BLANCO
"Pasivos por impuestos corrientes, corrientes",575,USD,2019-09-30,ORO_BLANCO
Provisiones corrientes por beneficios a los empleados,-,USD,2019-09-30,ORO_BLANCO
Otros pasivos no financieros corrientes,1.534,USD,2019-09-30,ORO_BLANCO
Total de pasivos corrientes distintos de los pasivos incluidos en grupos de activos para su disposición clasificados como mantenidos para la venta,197.373,USD,2019-09-30,ORO_BLANCO
Pasivos incluidos en grupos de activos para su disposición clasificados como mantenidos para la venta,-,USD,2019-09-30,ORO_BLANCO
Pasivos corrientes totales,197.373,USD,2019-09-30,ORO_BLANCO
Otros pasivos financieros no corrientes,648.230,USD,2019-09-30,ORO_BLANCO
Cuentas por pagar no corrientes,-,USD,2019-09-30,ORO_BLANCO
"Cuentas por pagar a entidades relacionadas, no corrientes",-,USD,2019-09-30,ORO_BLANCO
Otras provisiones a largo plazo,-,USD,2019-09-30,ORO_BLANCO
Pasivo por impuestos diferidos,4.219,USD,2019-09-30,ORO_BLANCO
"Pasivos por impuestos corrientes, no corrientes",-,USD,2019-09-30,ORO_BLANCO
Provisiones no corrientes por beneficios a los empleados,307,USD,2019-09-30,ORO_BLANCO
Otros pasivos no financieros no corrientes,-,USD,2019-09-30,ORO_BLANCO
Total de pasivos no corrientes,652.756,USD,2019-09-30,ORO_BLANCO
Total de pasivos,850.129,USD,2019-09-30,ORO_BLANCO
Capital emitido y pagado,775.504,USD,2019-09-30,ORO_BLANCO
Ganancias (pérdidas) acumuladas,557.815,USD,2019-09-30,ORO_BLANCO
Prima de emisión,83.212,USD,2019-09-30,ORO_BLANCO
Acciones propias en cartera,-,USD,2019-09-30,ORO_BLANCO
Otras participaciones en el patrimonio,851,USD,2019-09-30,ORO_BLANCO
Otras reservas,-85.043,USD,2019-09-30,ORO_BLANCO
Patrimonio atribuible a los propietarios de la controladora,1.332.339,USD,2019-09-30,ORO_BLANCO
Participaciones no controladoras,132.752,USD,2019-09-30,ORO_BLANCO
Patrimonio total,1.465.091,USD,2019-09-30,ORO_BLANCO
Total de patrimonio y pasivos,2.315.220,USD,2019-09-30,ORO_BLANCO
Efectivo y equivalentes al efectivo,21.432,USD,2019-12-31,ORO_BLANCO
Otros activos financieros corrientes,19.650,USD,2019-12-31,ORO_BLANCO
Otros activos no financieros corrientes,-,USD,2019-12-31,ORO_BLANCO
Deudores comerciales y otras cuentas por cobrar corrientes,-,USD,2019-12-31,ORO_BLANCO
"Cuentas por cobrar a entidades relacionadas, corrientes",393.228,USD,2019-12-31,ORO_BLANCO
Inventarios corrientes,-,USD,2019-12-31,ORO_BLANCO
Activos biológicos corrientes,-,USD,2019-12-31,ORO_BLANCO
"Activos por impuestos corrientes, corrientes",35.322,USD,2019-12-31,ORO_BLANCO
Total de activos corrientes distintos de los activo o grupos de activos para su disposición clasificados como mantenidos para la venta o como mantenidos para distribuir a los propietarios,469.632,USD,2019-12-31,ORO_BLANCO
Activos no corrientes o grupos de activos para su disposición clasificados como mantenidos para la venta o como mantenidos para distribuir a los propietarios,-,USD,2019-12-31,ORO_BLANCO
Activos corrientes totales,469.632,USD,2019-12-31,ORO_BLANCO
Otros activos financieros no corrientes,-,USD,2019-12-31,ORO_BLANCO
Otros activos no financieros no corrientes,-,USD,2019-12-31,ORO_BLANCO
Cuentas por cobrar no corrientes,-,USD,2019-12-31,ORO_BLANCO
"Cuentas por cobrar a entidades relacionadas, no corrientes",-,USD,2019-12-31,ORO_BLANCO
"Inventarios, no corrientes",-,USD,2019-12-31,ORO_BLANCO
Inversiones contabilizadas utilizando el método de la participación,1.242.645,USD,2019-12-31,ORO_BLANCO
Activos intangibles distintos de la plusvalía,-,USD,2019-12-31,ORO_BLANCO
Plusvalía,486.669,USD,2019-12-31,ORO_BLANCO
"Propiedades, planta y equipo",1,USD,2019-12-31,ORO_BLANCO
Activos biológicos no corrientes,-,USD,2019-12-31,ORO_BLANCO
Propiedad de inversión,-,USD,2019-12-31,ORO_BLANCO
"Activos por impuestos corrientes, no corrientes",-,USD,2019-12-31,ORO_BLANCO
Activos por impuestos diferidos,2.517,USD,2019-12-31,ORO_BLANCO
Total de activos no corrientes,1.731.832,USD,2019-12-31,ORO_BLANCO
Total de activos,2.201.464,USD,2019-12-31,ORO_BLANCO
Otros pasivos financieros corrientes,192.162,USD,2019-12-31,ORO_BLANCO
Cuentas por pagar comerciales y otras cuentas por pagar,322,USD,2019-12-31,ORO_BLANCO
"Cuentas por pagar a entidades relacionadas, corrientes",-,USD,2019-12-31,ORO_BLANCO
Otras provisiones a corto plazo,-,USD,2019-12-31,ORO_BLANCO
"Pasivos por impuestos corrientes, corrientes",2.425,USD,2019-12-31,ORO_BLANCO
Provisiones corrientes por beneficios a los empleados,-,USD,2019-12-31,ORO_BLANCO
Otros pasivos no financieros corrientes,288,USD,2019-12-31,ORO_BLANCO
Total de pasivos corrientes distintos de los pasivos incluidos en grupos de activos para su disposición clasificados como mantenidos para la venta,195.197,USD,2019-12-31,ORO_BLANCO
Pasivos incluidos en grupos de activos para su disposición clasificados como mantenidos para la venta,-,USD,2019-12-31,ORO_BLANCO
Pasivos corrientes totales,195.197,USD,2019-12-31,ORO_BLANCO
Otros pasivos financieros no corrientes,560.114,USD,2019-12-31,ORO_BLANCO
Cuentas por pagar no corrientes,-,USD,2019-12-31,ORO_BLANCO
"Cuentas por pagar a entidades relacionadas, no corrientes",-,USD,2019-12-31,ORO_BLANCO
Otras provisiones a largo plazo,-,USD,2019-12-31,ORO_BLANCO
Pasivo por impuestos diferidos,-,USD,2019-12-31,ORO_BLANCO
"Pasivos por impuestos corrientes, no corrientes",-,USD,2019-12-31,ORO_BLANCO
Provisiones no corrientes por beneficios a los empleados,585,USD,2019-12-31,ORO_BLANCO
Otros pasivos no financieros no corrientes,-,USD,2019-12-31,ORO_BLANCO
Total de pasivos no corrientes,560.699,USD,2019-12-31,ORO_BLANCO
Total de pasivos,755.896,USD,2019-12-31,ORO_BLANCO
Capital emitido y pagado,775.504,USD,2019-12-31,ORO_BLANCO
Ganancias (pérdidas) acumuladas,555.568,USD,2019-12-31,ORO_BLANCO
Prima de emisión,83.212,USD,2019-12-31,ORO_BLANCO
Acciones propias en cartera,-,USD,2019-12-31,ORO_BLANCO
Otras participaciones en el patrimonio,851,USD,2019-12-31,ORO_BLANCO
Otras reservas,-100.529,USD,2019-12-31,ORO_BLANCO
Patrimonio atribuible a los propietarios de la controladora,1.314.606,USD,2019-12-31,ORO_BLANCO
Participaciones no controladoras,130.962,USD,2019-12-31,ORO_BLANCO
Patrimonio total,1.445.568,USD,2019-12-31,ORO_BLANCO
Total de patrimonio y pasivos,2.201.464,USD,2019-12-31,ORO_BLANCO
Efectivo y equivalentes al efectivo,14.560,USD,2020-03-31,ORO_BLANCO
Otros activos financieros corrientes,47.670,USD,2020-03-31,ORO_BLANCO
Otros activos no financieros corrientes,-,USD,2020-03-31,ORO_BLANCO
Deudores comerciales y otras cuentas por cobrar corrientes,-,USD,2020-03-31,ORO_BLANCO
"Cuentas por cobrar a entidades relacionadas, corrientes",397.571,USD,2020-03-31,ORO_BLANCO
Inventarios corrientes,-,USD,2020-03-31,ORO_BLANCO
Activos biológicos corrientes,-,USD,2020-03-31,ORO_BLANCO
"Activos por impuestos corrientes, corrientes",39.446,USD,2020-03-31,ORO_BLANCO
Total de activos corrientes distintos de los activo o grupos de activos para su disposición clasificados como mantenidos para la venta o como mantenidos para distribuir a los propietarios,499.247,USD,2020-03-31,ORO_BLANCO
Activos no corrientes o grupos de activos para su disposición clasificados como mantenidos para la venta o como mantenidos para distribuir a los propietarios,-,USD,2020-03-31,ORO_BLANCO
Activos corrientes totales,499.247,USD,2020-03-31,ORO_BLANCO
Otros activos financieros no corrientes,1.237.525,USD,2020-03-31,ORO_BLANCO
Otros activos no financieros no corrientes,-,USD,2020-03-31,ORO_BLANCO
Cuentas por cobrar no corrientes,-,USD,2020-03-31,ORO_BLANCO
"Cuentas por cobrar a entidades relacionadas, no corrientes",-,USD,2020-03-31,ORO_BLANCO
"Inventarios, no corrientes",-,USD,2020-03-31,ORO_BLANCO
Inversiones contabilizadas utilizando el método de la participación,-,USD,2020-03-31,ORO_BLANCO
Activos intangibles distintos de la plusvalía,-,USD,2020-03-31,ORO_BLANCO
Plusvalía,486.669,USD,2020-03-31,ORO_BLANCO
"Propiedades, planta y equipo",1,USD,2020-03-31,ORO_BLANCO
Activos biológicos no corrientes,-,USD,2020-03-31,ORO_BLANCO
Propiedad de inversión,-,USD,2020-03-31,ORO_BLANCO
Activos por derecho de uso,-,USD,2020-03-31,ORO_BLANCO
"Activos por impuestos corrientes, no corrientes",-,USD,2020-03-31,ORO_BLANCO
Activos por impuestos diferidos,13.136,USD,2020-03-31,ORO_BLANCO
Total de activos no corrientes,1.737.331,USD,2020-03-31,ORO_BLANCO
Total de activos,2.236.578,USD,2020-03-31,ORO_BLANCO
Otros pasivos financieros corrientes,225.210,USD,2020-03-31,ORO_BLANCO
Pasivos por arrendamientos corrientes,-,USD,2020-03-31,ORO_BLANCO
Cuentas por pagar comerciales y otras cuentas por pagar,409,USD,2020-03-31,ORO_BLANCO
"Cuentas por pagar a entidades relacionadas, corrientes",-,USD,2020-03-31,ORO_BLANCO
Otras provisiones a corto plazo,-,USD,2020-03-31,ORO_BLANCO
"Pasivos por impuestos corrientes, corrientes",3.162,USD,2020-03-31,ORO_BLANCO
Provisiones corrientes por beneficios a los empleados,-,USD,2020-03-31,ORO_BLANCO
Otros pasivos no financieros corrientes,2.412,USD,2020-03-31,ORO_BLANCO
Total de pasivos corrientes distintos de los pasivos incluidos en grupos de activos para su disposición clasificados como mantenidos para la venta,231.193,USD,2020-03-31,ORO_BLANCO
Pasivos incluidos en grupos de activos para su disposición clasificados como mantenidos para la venta,-,USD,2020-03-31,ORO_BLANCO
Pasivos corrientes totales,231.193,USD,2020-03-31,ORO_BLANCO
Otros pasivos financieros no corrientes,587.958,USD,2020-03-31,ORO_BLANCO
Pasivos por arrendamientos no corrientes,-,USD,2020-03-31,ORO_BLANCO
Cuentas por pagar no corrientes,-,USD,2020-03-31,ORO_BLANCO
"Cuentas por pagar a entidades relacionadas, no corrientes",-,USD,2020-03-31,ORO_BLANCO
Otras provisiones a largo plazo,-,USD,2020-03-31,ORO_BLANCO
Pasivo por impuestos diferidos,-,USD,2020-03-31,ORO_BLANCO
"Pasivos por impuestos corrientes, no corrientes",-,USD,2020-03-31,ORO_BLANCO
Provisiones no corrientes por beneficios a los empleados,514,USD,2020-03-31,ORO_BLANCO
Otros pasivos no financieros no corrientes,-,USD,2020-03-31,ORO_BLANCO
Total de pasivos no corrientes,588.472,USD,2020-03-31,ORO_BLANCO
Total de pasivos,819.665,USD,2020-03-31,ORO_BLANCO
Capital emitido y pagado,775.504,USD,2020-03-31,ORO_BLANCO
Ganancias (pérdidas) acumuladas,560.021,USD,2020-03-31,ORO_BLANCO
Prima de emisión,83.212,USD,2020-03-31,ORO_BLANCO
Acciones propias en cartera,-,USD,2020-03-31,ORO_BLANCO
Otras participaciones en el patrimonio,851,USD,2020-03-31,ORO_BLANCO
Otras reservas,-130.619,USD,2020-03-31,ORO_BLANCO
Patrimonio atribuible a los propietarios de la controladora,1.288.969,USD,2020-03-31,ORO_BLANCO
Participaciones no controladoras,127.944,USD,2020-03-31,ORO_BLANCO
Patrimonio total,1.416.913,USD,2020-03-31,ORO_BLANCO
Total de patrimonio y pasivos,2.236.578,USD,2020-03-31,ORO_BLANCO
Efectivo y equivalentes al efectivo,35.038,USD,2020-06-30,ORO_BLANCO
Otros activos financieros corrientes,17.946,USD,2020-06-30,ORO_BLANCO
Otros activos no financieros corrientes,-,USD,2020-06-30,ORO_BLANCO
Deudores comerciales y otras cuentas por cobrar corrientes,-,USD,2020-06-30,ORO_BLANCO
"Cuentas por cobrar a entidades relacionadas, corrientes",399.484,USD,2020-06-30,ORO_BLANCO
Inventarios corrientes,-,USD,2020-06-30,ORO_BLANCO
Activos biológicos corrientes,-,USD,2020-06-30,ORO_BLANCO
"Activos por impuestos corrientes, corrientes",40.443,USD,2020-06-30,ORO_BLANCO
Total de activos corrientes distintos de los activo o grupos de activos para su disposición clasificados como mantenidos para la venta o como mantenidos para distribuir a los propietarios,492.911,USD,2020-06-30,ORO_BLANCO
Activos no corrientes o grupos de activos para su disposición clasificados como mantenidos para la venta o como mantenidos para distribuir a los propietarios,-,USD,2020-06-30,ORO_BLANCO
Activos corrientes totales,492.911,USD,2020-06-30,ORO_BLANCO
Otros activos financieros no corrientes,-,USD,2020-06-30,ORO_BLANCO
Otros activos no financieros no corrientes,-,USD,2020-06-30,ORO_BLANCO
Cuentas por cobrar no corrientes,-,USD,2020-06-30,ORO_BLANCO
"Cuentas por cobrar a entidades relacionadas, no corrientes",-,USD,2020-06-30,ORO_BLANCO
"Inventarios, no corrientes",-,USD,2020-06-30,ORO_BLANCO
Inversiones contabilizadas utilizando el método de la participación,1.239.892,USD,2020-06-30,ORO_BLANCO
Activos intangibles distintos de la plusvalía,-,USD,2020-06-30,ORO_BLANCO
Plusvalía,486.669,USD,2020-06-30,ORO_BLANCO
"Propiedades, planta y equipo",-,USD,2020-06-30,ORO_BLANCO
Activos biológicos no corrientes,-,USD,2020-06-30,ORO_BLANCO
Propiedad de inversión,-,USD,2020-06-30,ORO_BLANCO
Activos por derecho de uso,-,USD,2020-06-30,ORO_BLANCO
"Activos por impuestos corrientes, no corrientes",-,USD,2020-06-30,ORO_BLANCO
Activos por impuestos diferidos,10.397,USD,2020-06-30,ORO_BLANCO
Total de activos no corrientes,1.736.958,USD,2020-06-30,ORO_BLANCO
Total de activos,2.229.869,USD,2020-06-30,ORO_BLANCO
Otros pasivos financieros corrientes,220.642,USD,2020-06-30,ORO_BLANCO
Pasivos por arrendamientos corrientes,-,USD,2020-06-30,ORO_BLANCO
Cuentas por pagar comerciales y otras cuentas por pagar,146,USD,2020-06-30,ORO_BLANCO
"Cuentas por pagar a entidades relacionadas, corrientes",-,USD,2020-06-30,ORO_BLANCO
Otras provisiones a corto plazo,-,USD,2020-06-30,ORO_BLANCO
"Pasivos por impuestos corrientes, corrientes",2.640,USD,2020-06-30,ORO_BLANCO
Provisiones corrientes por beneficios a los empleados,-,USD,2020-06-30,ORO_BLANCO
Otros pasivos no financieros corrientes,3.160,USD,2020-06-30,ORO_BLANCO
Total de pasivos corrientes distintos de los pasivos incluidos en grupos de activos para su disposición clasificados como mantenidos para la venta,226.588,USD,2020-06-30,ORO_BLANCO
Pasivos incluidos en grupos de activos para su disposición clasificados como mantenidos para la venta,-,USD,2020-06-30,ORO_BLANCO
Pasivos corrientes totales,226.588,USD,2020-06-30,ORO_BLANCO
Otros pasivos financieros no corrientes,569.289,USD,2020-06-30,ORO_BLANCO
Pasivos por arrendamientos no corrientes,-,USD,2020-06-30,ORO_BLANCO
Cuentas por pagar no corrientes,-,USD,2020-06-30,ORO_BLANCO
"Cuentas por pagar a entidades relacionadas, no corrientes",-,USD,2020-06-30,ORO_BLANCO
Otras provisiones a largo plazo,-,USD,2020-06-30,ORO_BLANCO
Pasivo por impuestos diferidos,-,USD,2020-06-30,ORO_BLANCO
"Pasivos por impuestos corrientes, no corrientes",-,USD,2020-06-30,ORO_BLANCO
Provisiones no corrientes por beneficios a los empleados,535,USD,2020-06-30,ORO_BLANCO
Otros pasivos no financieros no corrientes,-,USD,2020-06-30,ORO_BLANCO
Total de pasivos no corrientes,569.824,USD,2020-06-30,ORO_BLANCO
Total de pasivos,796.412,USD,2020-06-30,ORO_BLANCO
Capital emitido y pagado,775.504,USD,2020-06-30,ORO_BLANCO
Ganancias (pérdidas) acumuladas,565.800,USD,2020-06-30,ORO_BLANCO
Prima de emisión,83.212,USD,2020-06-30,ORO_BLANCO
Acciones propias en cartera,-,USD,2020-06-30,ORO_BLANCO
Otras participaciones en el patrimonio,851,USD,2020-06-30,ORO_BLANCO
Otras reservas,-121.959,USD,2020-06-30,ORO_BLANCO
Patrimonio atribuible a los propietarios de la controladora,1.303.408,USD,2020-06-30,ORO_BLANCO
Participaciones no controladoras,130.049,USD,2020-06-30,ORO_BLANCO
Patrimonio total,1.433.457,USD,2020-06-30,ORO_BLANCO
Total de patrimonio y pasivos,2.229.869,USD,2020-06-30,ORO_BLANCO
Efectivo y equivalentes al efectivo,186.972,USD,2020-09-30,ORO_BLANCO
Otros activos financieros corrientes,24.963,USD,2020-09-30,ORO_BLANCO
Otros activos no financieros corrientes,-,USD,2020-09-30,ORO_BLANCO
Deudores comerciales y otras cuentas por cobrar corrientes,-,USD,2020-09-30,ORO_BLANCO
"Cuentas por cobrar a entidades relacionadas, corrientes",403.930,USD,2020-09-30,ORO_BLANCO
Inventarios corrientes,-,USD,2020-09-30,ORO_BLANCO
Activos biológicos corrientes,-,USD,2020-09-30,ORO_BLANCO
"Activos por impuestos corrientes, corrientes",35.512,USD,2020-09-30,ORO_BLANCO
Total de activos corrientes distintos de los activo o grupos de activos para su disposición clasificados como mantenidos para la venta o como mantenidos para distribuir a los propietarios,651.377,USD,2020-09-30,ORO_BLANCO
Activos no corrientes o grupos de activos para su disposición clasificados como mantenidos para la venta o como mantenidos para distribuir a los propietarios,-,USD,2020-09-30,ORO_BLANCO
Activos corrientes totales,651.377,USD,2020-09-30,ORO_BLANCO
Otros activos financieros no corrientes,-,USD,2020-09-30,ORO_BLANCO
Otros activos no financieros no corrientes,-,USD,2020-09-30,ORO_BLANCO
Cuentas por cobrar no corrientes,-,USD,2020-09-30,ORO_BLANCO
"Cuentas por cobrar a entidades relacionadas, no corrientes",-,USD,2020-09-30,ORO_BLANCO
"Inventarios, no corrientes",-,USD,2020-09-30,ORO_BLANCO
Inversiones contabilizadas utilizando el método de la participación,1.232.947,USD,2020-09-30,ORO_BLANCO
Activos intangibles distintos de la plusvalía,-,USD,2020-09-30,ORO_BLANCO
Plusvalía,486.669,USD,2020-09-30,ORO_BLANCO
"Propiedades, planta y equipo",-,USD,2020-09-30,ORO_BLANCO
Activos biológicos no corrientes,-,USD,2020-09-30,ORO_BLANCO
Propiedad de inversión,-,USD,2020-09-30,ORO_BLANCO
Activos por derecho de uso,-,USD,2020-09-30,ORO_BLANCO
"Activos por impuestos corrientes, no corrientes",-,USD,2020-09-30,ORO_BLANCO
Activos por impuestos diferidos,9.134,USD,2020-09-30,ORO_BLANCO
Total de activos no corrientes,1.728.750,USD,2020-09-30,ORO_BLANCO
Total de activos,2.380.127,USD,2020-09-30,ORO_BLANCO
Otros pasivos financieros corrientes,68.529,USD,2020-09-30,ORO_BLANCO
Pasivos por arrendamientos corrientes,-,USD,2020-09-30,ORO_BLANCO
Cuentas por pagar comerciales y otras cuentas por pagar,150,USD,2020-09-30,ORO_BLANCO
"Cuentas por pagar a entidades relacionadas, corrientes",-,USD,2020-09-30,ORO_BLANCO
Otras provisiones a corto plazo,-,USD,2020-09-30,ORO_BLANCO
"Pasivos por impuestos corrientes, corrientes",2.869,USD,2020-09-30,ORO_BLANCO
Provisiones corrientes por beneficios a los empleados,-,USD,2020-09-30,ORO_BLANCO
Otros pasivos no financieros corrientes,444,USD,2020-09-30,ORO_BLANCO
Total de pasivos corrientes distintos de los pasivos incluidos en grupos de activos para su disposición clasificados como mantenidos para la venta,71.992,USD,2020-09-30,ORO_BLANCO
Pasivos incluidos en grupos de activos para su disposición clasificados como mantenidos para la venta,-,USD,2020-09-30,ORO_BLANCO
Pasivos corrientes totales,71.992,USD,2020-09-30,ORO_BLANCO
Otros pasivos financieros no corrientes,699.616,USD,2020-09-30,ORO_BLANCO
Pasivos por arrendamientos no corrientes,-,USD,2020-09-30,ORO_BLANCO
Cuentas por pagar no corrientes,-,USD,2020-09-30,ORO_BLANCO
"Cuentas por pagar a entidades relacionadas, no corrientes",-,USD,2020-09-30,ORO_BLANCO
Otras provisiones a largo plazo,-,USD,2020-09-30,ORO_BLANCO
Pasivo por impuestos diferidos,-,USD,2020-09-30,ORO_BLANCO
"Pasivos por impuestos corrientes, no corrientes",-,USD,2020-09-30,ORO_BLANCO
Provisiones no corrientes por beneficios a los empleados,639,USD,2020-09-30,ORO_BLANCO
Otros pasivos no financieros no corrientes,-,USD,2020-09-30,ORO_BLANCO
Total de pasivos no corrientes,700.255,USD,2020-09-30,ORO_BLANCO
Total de pasivos,772.247,USD,2020-09-30,ORO_BLANCO
Capital emitido y pagado,931.796,USD,2020-09-30,ORO_BLANCO
Ganancias (pérdidas) acumuladas,558.371,USD,2020-09-30,ORO_BLANCO
Prima de emisión,83.212,USD,2020-09-30,ORO_BLANCO
Acciones propias en cartera,-,USD,2020-09-30,ORO_BLANCO
Otras participaciones en el patrimonio,851,USD,2020-09-30,ORO_BLANCO
Otras reservas,-113.704,USD,2020-09-30,ORO_BLANCO
Patrimonio atribuible a los propietarios de la controladora,1.460.526,USD,2020-09-30,ORO_BLANCO
Participaciones no controladoras,147.354,USD,2020-09-30,ORO_BLANCO
Patrimonio total,1.607.880,USD,2020-09-30,ORO_BLANCO
Total de patrimonio y pasivos,2.380.127,USD,2020-09-30,ORO_BLANCO
Efectivo y equivalentes al efectivo,142.588,USD,2020-12-31,ORO_BLANCO
Otros activos financieros corrientes,25.641,USD,2020-12-31,ORO_BLANCO
Otros activos no financieros corrientes,-,USD,2020-12-31,ORO_BLANCO
Deudores comerciales y otras cuentas por cobrar corrientes,-,USD,2020-12-31,ORO_BLANCO
"Cuentas por cobrar a entidades relacionadas, corrientes",409.091,USD,2020-12-31,ORO_BLANCO
Inventarios corrientes,-,USD,2020-12-31,ORO_BLANCO
Activos biológicos corrientes,-,USD,2020-12-31,ORO_BLANCO
"Activos por impuestos corrientes, corrientes",33.198,USD,2020-12-31,ORO_BLANCO
Total de activos corrientes distintos de los activo o grupos de activos para su disposición clasificados como mantenidos para la venta o como mantenidos para distribuir a los propietarios,610.518,USD,2020-12-31,ORO_BLANCO
Activos no corrientes o grupos de activos para su disposición clasificados como mantenidos para la venta o como mantenidos para distribuir a los propietarios,-,USD,2020-12-31,ORO_BLANCO
Activos corrientes totales,610.518,USD,2020-12-31,ORO_BLANCO
Otros activos financieros no corrientes,-,USD,2020-12-31,ORO_BLANCO
Otros activos no financieros no corrientes,-,USD,2020-12-31,ORO_BLANCO
Cuentas por cobrar no corrientes,-,USD,2020-12-31,ORO_BLANCO
"Cuentas por cobrar a entidades relacionadas, no corrientes",-,USD,2020-12-31,ORO_BLANCO
"Inventarios, no corrientes",-,USD,2020-12-31,ORO_BLANCO
Inversiones contabilizadas utilizando el método de la participación,1.251.882,USD,2020-12-31,ORO_BLANCO
Activos intangibles distintos de la plusvalía,-,USD,2020-12-31,ORO_BLANCO
Plusvalía,486.669,USD,2020-12-31,ORO_BLANCO
"Propiedades, planta y equipo",-,USD,2020-12-31,ORO_BLANCO
Activos biológicos no corrientes,-,USD,2020-12-31,ORO_BLANCO
Propiedad de inversión,-,USD,2020-12-31,ORO_BLANCO
Activos por derecho de uso,-,USD,2020-12-31,ORO_BLANCO
"Activos por impuestos corrientes, no corrientes",-,USD,2020-12-31,ORO_BLANCO
Activos por impuestos diferidos,6.216,USD,2020-12-31,ORO_BLANCO
Total de activos no corrientes,1.744.767,USD,2020-12-31,ORO_BLANCO
Total de activos,2.355.285,USD,2020-12-31,ORO_BLANCO
Otros pasivos financieros corrientes,64.292,USD,2020-12-31,ORO_BLANCO
Pasivos por arrendamientos corrientes,-,USD,2020-12-31,ORO_BLANCO
Cuentas por pagar comerciales y otras cuentas por pagar,189,USD,2020-12-31,ORO_BLANCO
"Cuentas por pagar a entidades relacionadas, corrientes",-,USD,2020-12-31,ORO_BLANCO
Otras provisiones a corto plazo,-,USD,2020-12-31,ORO_BLANCO
"Pasivos por impuestos corrientes, corrientes",3.141,USD,2020-12-31,ORO_BLANCO
Provisiones corrientes por beneficios a los empleados,-,USD,2020-12-31,ORO_BLANCO
Otros pasivos no financieros corrientes,1.919,USD,2020-12-31,ORO_BLANCO
Total de pasivos corrientes distintos de los pasivos incluidos en grupos de activos para su disposición clasificados como mantenidos para la venta,69.541,USD,2020-12-31,ORO_BLANCO
Pasivos incluidos en grupos de activos para su disposición clasificados como mantenidos para la venta,-,USD,2020-12-31,ORO_BLANCO
Pasivos corrientes totales,69.541,USD,2020-12-31,ORO_BLANCO
Otros pasivos financieros no corrientes,653.200,USD,2020-12-31,ORO_BLANCO
Pasivos por arrendamientos no corrientes,-,USD,2020-12-31,ORO_BLANCO
Cuentas por pagar no corrientes,-,USD,2020-12-31,ORO_BLANCO
"Cuentas por pagar a entidades relacionadas, no corrientes",-,USD,2020-12-31,ORO_BLANCO
Otras provisiones a largo plazo,-,USD,2020-12-31,ORO_BLANCO
Pasivo por impuestos diferidos,-,USD,2020-12-31,ORO_BLANCO
"Pasivos por impuestos corrientes, no corrientes",-,USD,2020-12-31,ORO_BLANCO
Provisiones no corrientes por beneficios a los empleados,785,USD,2020-12-31,ORO_BLANCO
Otros pasivos no financieros no corrientes,-,USD,2020-12-31,ORO_BLANCO
Total de pasivos no corrientes,653.985,USD,2020-12-31,ORO_BLANCO
Total de pasivos,723.526,USD,2020-12-31,ORO_BLANCO
Capital emitido y pagado,938.986,USD,2020-12-31,ORO_BLANCO
Ganancias (pérdidas) acumuladas,562.949,USD,2020-12-31,ORO_BLANCO
Prima de emisión,83.212,USD,2020-12-31,ORO_BLANCO
Acciones propias en cartera,-,USD,2020-12-31,ORO_BLANCO
Otras participaciones en el patrimonio,851,USD,2020-12-31,ORO_BLANCO
Otras reservas,-103.789,USD,2020-12-31,ORO_BLANCO
Patrimonio atribuible a los propietarios de la controladora,1.482.209,USD,2020-12-31,ORO_BLANCO
Participaciones no controladoras,149.550,USD,2020-12-31,ORO_BLANCO
Patrimonio total,1.631.759,USD,2020-12-31,ORO_BLANCO
Total de patrimonio y pasivos,2.355.285,USD,2020-12-31,ORO_BLANCO
Efectivo y equivalentes al efectivo,378.285,USD,2021-03-31,ORO_BLANCO
Otros activos financieros corrientes,33.302,USD,2021-03-31,ORO_BLANCO
Otros activos no financieros corrientes,-,USD,2021-03-31,ORO_BLANCO
Deudores comerciales y otras cuentas por cobrar corrientes,-,USD,2021-03-31,ORO_BLANCO
"Cuentas por cobrar a entidades relacionadas, corrientes",413.498,USD,2021-03-31,ORO_BLANCO
Inventarios corrientes,-,USD,2021-03-31,ORO_BLANCO
Activos biológicos corrientes,-,USD,2021-03-31,ORO_BLANCO
"Activos por impuestos corrientes, corrientes",26.814,USD,2021-03-31,ORO_BLANCO
Total de activos corrientes distintos de los activo o grupos de activos para su disposición clasificados como mantenidos para la venta o como mantenidos para distribuir a los propietarios,851.899,USD,2021-03-31,ORO_BLANCO
Activos no corrientes o grupos de activos para su disposición clasificados como mantenidos para la venta o como mantenidos para distribuir a los propietarios,-,USD,2021-03-31,ORO_BLANCO
Activos corrientes totales,851.899,USD,2021-03-31,ORO_BLANCO
Otros activos financieros no corrientes,-,USD,2021-03-31,ORO_BLANCO
Otros activos no financieros no corrientes,-,USD,2021-03-31,ORO_BLANCO
Cuentas por cobrar no corrientes,-,USD,2021-03-31,ORO_BLANCO
"Cuentas por cobrar a entidades relacionadas, no corrientes",-,USD,2021-03-31,ORO_BLANCO
"Inventarios, no corrientes",-,USD,2021-03-31,ORO_BLANCO
Inversiones contabilizadas utilizando el método de la participación,1.035.629,USD,2021-03-31,ORO_BLANCO
Activos intangibles distintos de la plusvalía,-,USD,2021-03-31,ORO_BLANCO
Plusvalía,486.669,USD,2021-03-31,ORO_BLANCO
"Propiedades, planta y equipo",-,USD,2021-03-31,ORO_BLANCO
Activos biológicos no corrientes,-,USD,2021-03-31,ORO_BLANCO
Propiedad de inversión,-,USD,2021-03-31,ORO_BLANCO
Activos por derecho de uso,-,USD,2021-03-31,ORO_BLANCO
"Activos por impuestos corrientes, no corrientes",-,USD,2021-03-31,ORO_BLANCO
Activos por impuestos diferidos,3.513,USD,2021-03-31,ORO_BLANCO
Total de activos no corrientes,1.525.811,USD,2021-03-31,ORO_BLANCO
Total de activos,2.377.710,USD,2021-03-31,ORO_BLANCO
Otros pasivos financieros corrientes,56.354,USD,2021-03-31,ORO_BLANCO
Pasivos por arrendamientos corrientes,-,USD,2021-03-31,ORO_BLANCO
Cuentas por pagar comerciales y otras cuentas por pagar,178,USD,2021-03-31,ORO_BLANCO
"Cuentas por pagar a entidades relacionadas, corrientes",-,USD,2021-03-31,ORO_BLANCO
Otras provisiones a corto plazo,-,USD,2021-03-31,ORO_BLANCO
"Pasivos por impuestos corrientes, corrientes",3.421,USD,2021-03-31,ORO_BLANCO
Provisiones corrientes por beneficios a los empleados,-,USD,2021-03-31,ORO_BLANCO
Otros pasivos no financieros corrientes,12.103,USD,2021-03-31,ORO_BLANCO
Total de pasivos corrientes distintos de los pasivos incluidos en grupos de activos para su disposición clasificados como mantenidos para la venta,72.056,USD,2021-03-31,ORO_BLANCO
Pasivos incluidos en grupos de activos para su disposición clasificados como mantenidos para la venta,-,USD,2021-03-31,ORO_BLANCO
Pasivos corrientes totales,72.056,USD,2021-03-31,ORO_BLANCO
Otros pasivos financieros no corrientes,639.853,USD,2021-03-31,ORO_BLANCO
Pasivos por arrendamientos no corrientes,-,USD,2021-03-31,ORO_BLANCO
Cuentas por pagar no corrientes,-,USD,2021-03-31,ORO_BLANCO
"Cuentas por pagar a entidades relacionadas, no corrientes",-,USD,2021-03-31,ORO_BLANCO
Otras provisiones a largo plazo,-,USD,2021-03-31,ORO_BLANCO
Pasivo por impuestos diferidos,-,USD,2021-03-31,ORO_BLANCO
"Pasivos por impuestos corrientes, no corrientes",-,USD,2021-03-31,ORO_BLANCO
Provisiones no corrientes por beneficios a los empleados,346,USD,2021-03-31,ORO_BLANCO
Otros pasivos no financieros no corrientes,-,USD,2021-03-31,ORO_BLANCO
Total de pasivos no corrientes,640.199,USD,2021-03-31,ORO_BLANCO
Total de pasivos,712.255,USD,2021-03-31,ORO_BLANCO
Capital emitido y pagado,938.986,USD,2021-03-31,ORO_BLANCO
Ganancias (pérdidas) acumuladas,585.872,USD,2021-03-31,ORO_BLANCO
Prima de emisión,83.212,USD,2021-03-31,ORO_BLANCO
Acciones propias en cartera,-,USD,2021-03-31,ORO_BLANCO
Otras participaciones en el patrimonio,851,USD,2021-03-31,ORO_BLANCO
Otras reservas,-96.918,USD,2021-03-31,ORO_BLANCO
Patrimonio atribuible a los propietarios de la controladora,1.512.003,USD,2021-03-31,ORO_BLANCO
Participaciones no controladoras,153.452,USD,2021-03-31,ORO_BLANCO
Patrimonio total,1.665.455,USD,2021-03-31,ORO_BLANCO
Total de patrimonio y pasivos,2.377.710,USD,2021-03-31,ORO_BLANCO
Efectivo y equivalentes al efectivo,328.794,USD,2021-06-30,ORO_BLANCO
Otros activos financieros corrientes,19.649,USD,2021-06-30,ORO_BLANCO
Otros activos no financieros corrientes,-,USD,2021-06-30,ORO_BLANCO
Deudores comerciales y otras cuentas por cobrar corrientes,-,USD,2021-06-30,ORO_BLANCO
"Cuentas por cobrar a entidades relacionadas, corrientes",417.656,USD,2021-06-30,ORO_BLANCO
Inventarios corrientes,-,USD,2021-06-30,ORO_BLANCO
Activos biológicos corrientes,-,USD,2021-06-30,ORO_BLANCO
"Activos por impuestos corrientes, corrientes",22.105,USD,2021-06-30,ORO_BLANCO
Total de activos corrientes distintos de los activo o grupos de activos para su disposición clasificados como mantenidos para la venta o como mantenidos para distribuir a los propietarios,788.204,USD,2021-06-30,ORO_BLANCO
Activos no corrientes o grupos de activos para su disposición clasificados como mantenidos para la venta o como mantenidos para distribuir a los propietarios,-,USD,2021-06-30,ORO_BLANCO
Activos corrientes totales,788.204,USD,2021-06-30,ORO_BLANCO
Otros activos financieros no corrientes,-,USD,2021-06-30,ORO_BLANCO
Otros activos no financieros no corrientes,-,USD,2021-06-30,ORO_BLANCO
Cuentas por cobrar no corrientes,-,USD,2021-06-30,ORO_BLANCO
"Cuentas por cobrar a entidades relacionadas, no corrientes",-,USD,2021-06-30,ORO_BLANCO
"Inventarios, no corrientes",-,USD,2021-06-30,ORO_BLANCO
Inversiones contabilizadas utilizando el método de la participación,1.247.257,USD,2021-06-30,ORO_BLANCO
Activos intangibles distintos de la plusvalía,-,USD,2021-06-30,ORO_BLANCO
Plusvalía,486.669,USD,2021-06-30,ORO_BLANCO
"Propiedades, planta y equipo",-,USD,2021-06-30,ORO_BLANCO
Activos biológicos no corrientes,-,USD,2021-06-30,ORO_BLANCO
Propiedad de inversión,-,USD,2021-06-30,ORO_BLANCO
Activos por derecho de uso,-,USD,2021-06-30,ORO_BLANCO
"Activos por impuestos corrientes, no corrientes",-,USD,2021-06-30,ORO_BLANCO
Activos por impuestos diferidos,10.032,USD,2021-06-30,ORO_BLANCO
Total de activos no corrientes,1.743.958,USD,2021-06-30,ORO_BLANCO
Total de activos,2.532.162,USD,2021-06-30,ORO_BLANCO
Otros pasivos financieros corrientes,43.393,USD,2021-06-30,ORO_BLANCO
Pasivos por arrendamientos corrientes,-,USD,2021-06-30,ORO_BLANCO
Cuentas por pagar comerciales y otras cuentas por pagar,136,USD,2021-06-30,ORO_BLANCO
"Cuentas por pagar a entidades relacionadas, corrientes",-,USD,2021-06-30,ORO_BLANCO
Otras provisiones a corto plazo,-,USD,2021-06-30,ORO_BLANCO
"Pasivos por impuestos corrientes, corrientes",2.677,USD,2021-06-30,ORO_BLANCO
Provisiones corrientes por beneficios a los empleados,-,USD,2021-06-30,ORO_BLANCO
Otros pasivos no financieros corrientes,61.678,USD,2021-06-30,ORO_BLANCO
Total de pasivos corrientes distintos de los pasivos incluidos en grupos de activos para su disposición clasificados como mantenidos para la venta,107.884,USD,2021-06-30,ORO_BLANCO
Pasivos incluidos en grupos de activos para su disposición clasificados como mantenidos para la venta,-,USD,2021-06-30,ORO_BLANCO
Pasivos corrientes totales,107.884,USD,2021-06-30,ORO_BLANCO
Otros pasivos financieros no corrientes,664.002,USD,2021-06-30,ORO_BLANCO
Pasivos por arrendamientos no corrientes,-,USD,2021-06-30,ORO_BLANCO
Cuentas por pagar no corrientes,-,USD,2021-06-30,ORO_BLANCO
"Cuentas por pagar a entidades relacionadas, no corrientes",-,USD,2021-06-30,ORO_BLANCO
Otras provisiones a largo plazo,-,USD,2021-06-30,ORO_BLANCO
Pasivo por impuestos diferidos,-,USD,2021-06-30,ORO_BLANCO
"Pasivos por impuestos corrientes, no corrientes",-,USD,2021-06-30,ORO_BLANCO
Provisiones no corrientes por beneficios a los empleados,-,USD,2021-06-30,ORO_BLANCO
Otros pasivos no financieros no corrientes,-,USD,2021-06-30,ORO_BLANCO
Total de pasivos no corrientes,664.002,USD,2021-06-30,ORO_BLANCO
Total de pasivos,771.886,USD,2021-06-30,ORO_BLANCO
Capital emitido y pagado,938.986,USD,2021-06-30,ORO_BLANCO
Ganancias (pérdidas) acumuladas,692.045,USD,2021-06-30,ORO_BLANCO
Prima de emisión,83.212,USD,2021-06-30,ORO_BLANCO
Acciones propias en cartera,-,USD,2021-06-30,ORO_BLANCO
Otras participaciones en el patrimonio,851,USD,2021-06-30,ORO_BLANCO
Otras reservas,-119.068,USD,2021-06-30,ORO_BLANCO
Patrimonio atribuible a los propietarios de la controladora,1.596.026,USD,2021-06-30,ORO_BLANCO
Participaciones no controladoras,164.250,USD,2021-06-30,ORO_BLANCO
Patrimonio total,1.760.276,USD,2021-06-30,ORO_BLANCO
Total de patrimonio y pasivos,2.532.162,USD,2021-06-30,ORO_BLANCO
Efectivo y equivalentes al efectivo,224.022,USD,2021-09-30,ORO_BLANCO
Otros activos financieros corrientes,252.850,USD,2021-09-30,ORO_BLANCO
Otros activos no financieros corrientes,-,USD,2021-09-30,ORO_BLANCO
Deudores comerciales y otras cuentas por cobrar corrientes,23.468,USD,2021-09-30,ORO_BLANCO
"Cuentas por cobrar a entidades relacionadas, corrientes",-,USD,2021-09-30,ORO_BLANCO
Inventarios corrientes,-,USD,2021-09-30,ORO_BLANCO
Activos biológicos corrientes,-,USD,2021-09-30,ORO_BLANCO
"Activos por impuestos corrientes, corrientes",24.401,USD,2021-09-30,ORO_BLANCO
Total de activos corrientes distintos de los activo o grupos de activos para su disposición clasificados como mantenidos para la venta o como mantenidos para distribuir a los propietarios,524.741,USD,2021-09-30,ORO_BLANCO
Activos no corrientes o grupos de activos para su disposición clasificados como mantenidos para la venta o como mantenidos para distribuir a los propietarios,-,USD,2021-09-30,ORO_BLANCO
Activos corrientes totales,524.741,USD,2021-09-30,ORO_BLANCO
Otros activos financieros no corrientes,-,USD,2021-09-30,ORO_BLANCO
Otros activos no financieros no corrientes,-,USD,2021-09-30,ORO_BLANCO
Cuentas por cobrar no corrientes,-,USD,2021-09-30,ORO_BLANCO
"Cuentas por cobrar a entidades relacionadas, no corrientes",422.348,USD,2021-09-30,ORO_BLANCO
"Inventarios, no corrientes",-,USD,2021-09-30,ORO_BLANCO
Inversiones contabilizadas utilizando el método de la participación,1.097.339,USD,2021-09-30,ORO_BLANCO
Activos intangibles distintos de la plusvalía,-,USD,2021-09-30,ORO_BLANCO
Plusvalía,486.669,USD,2021-09-30,ORO_BLANCO
"Propiedades, planta y equipo",-,USD,2021-09-30,ORO_BLANCO
Activos biológicos no corrientes,-,USD,2021-09-30,ORO_BLANCO
Propiedad de inversión,-,USD,2021-09-30,ORO_BLANCO
Activos por derecho de uso,-,USD,2021-09-30,ORO_BLANCO
"Activos por impuestos corrientes, no corrientes",-,USD,2021-09-30,ORO_BLANCO
Activos por impuestos diferidos,1.046,USD,2021-09-30,ORO_BLANCO
Total de activos no corrientes,2.007.402,USD,2021-09-30,ORO_BLANCO
Total de activos,2.532.143,USD,2021-09-30,ORO_BLANCO
Otros pasivos financieros corrientes,232.932,USD,2021-09-30,ORO_BLANCO
Pasivos por arrendamientos corrientes,-,USD,2021-09-30,ORO_BLANCO
Cuentas por pagar comerciales y otras cuentas por pagar,11,USD,2021-09-30,ORO_BLANCO
"Cuentas por pagar a entidades relacionadas, corrientes",131,USD,2021-09-30,ORO_BLANCO
Otras provisiones a corto plazo,-,USD,2021-09-30,ORO_BLANCO
"Pasivos por impuestos corrientes, corrientes",3.476,USD,2021-09-30,ORO_BLANCO
Provisiones corrientes por beneficios a los empleados,-,USD,2021-09-30,ORO_BLANCO
Otros pasivos no financieros corrientes,63.059,USD,2021-09-30,ORO_BLANCO
Total de pasivos corrientes distintos de los pasivos incluidos en grupos de activos para su disposición clasificados como mantenidos para la venta,299.609,USD,2021-09-30,ORO_BLANCO
Pasivos incluidos en grupos de activos para su disposición clasificados como mantenidos para la venta,-,USD,2021-09-30,ORO_BLANCO
Pasivos corrientes totales,299.609,USD,2021-09-30,ORO_BLANCO
Otros pasivos financieros no corrientes,505.217,USD,2021-09-30,ORO_BLANCO
Pasivos por arrendamientos no corrientes,-,USD,2021-09-30,ORO_BLANCO
Cuentas por pagar no corrientes,-,USD,2021-09-30,ORO_BLANCO
"Cuentas por pagar a entidades relacionadas, no corrientes",-,USD,2021-09-30,ORO_BLANCO
Otras provisiones a largo plazo,-,USD,2021-09-30,ORO_BLANCO
Pasivo por impuestos diferidos,4.444,USD,2021-09-30,ORO_BLANCO
"Pasivos por impuestos corrientes, no corrientes",-,USD,2021-09-30,ORO_BLANCO
Provisiones no corrientes por beneficios a los empleados,-,USD,2021-09-30,ORO_BLANCO
Otros pasivos no financieros no corrientes,-,USD,2021-09-30,ORO_BLANCO
Total de pasivos no corrientes,509.661,USD,2021-09-30,ORO_BLANCO
Total de pasivos,809.270,USD,2021-09-30,ORO_BLANCO
Capital emitido y pagado,938.986,USD,2021-09-30,ORO_BLANCO
Ganancias (pérdidas) acumuladas,695.118,USD,2021-09-30,ORO_BLANCO
Prima de emisión,83.212,USD,2021-09-30,ORO_BLANCO
Acciones propias en cartera,-,USD,2021-09-30,ORO_BLANCO
Otras participaciones en el patrimonio,851,USD,2021-09-30,ORO_BLANCO
Otras reservas,-155.462,USD,2021-09-30,ORO_BLANCO
Patrimonio atribuible a los propietarios de la controladora,1.562.705,USD,2021-09-30,ORO_BLANCO
Participaciones no controladoras,160.168,USD,2021-09-30,ORO_BLANCO
Patrimonio total,1.722.873,USD,2021-09-30,ORO_BLANCO
Total de patrimonio y pasivos,2.532.143,USD,2021-09-30,ORO_BLANCO
Efectivo y equivalentes al efectivo,314.618,USD,2021-12-31,ORO_BLANCO
Otros activos financieros corrientes,272.928,USD,2021-12-31,ORO_BLANCO
Otros activos no financieros corrientes,-,USD,2021-12-31,ORO_BLANCO
Deudores comerciales y otras cuentas por cobrar corrientes,3.009,USD,2021-12-31,ORO_BLANCO
"Cuentas por cobrar a entidades relacionadas, corrientes",-,USD,2021-12-31,ORO_BLANCO
Inventarios corrientes,-,USD,2021-12-31,ORO_BLANCO
Activos biológicos corrientes,-,USD,2021-12-31,ORO_BLANCO
"Activos por impuestos corrientes, corrientes",23.141,USD,2021-12-31,ORO_BLANCO
Total de activos corrientes distintos de los activo o grupos de activos para su disposición clasificados como mantenidos para la venta o como mantenidos para distribuir a los propietarios,613.696,USD,2021-12-31,ORO_BLANCO
Activos no corrientes o grupos de activos para su disposición clasificados como mantenidos para la venta o como mantenidos para distribuir a los propietarios,-,USD,2021-12-31,ORO_BLANCO
Activos corrientes totales,613.696,USD,2021-12-31,ORO_BLANCO
Otros activos financieros no corrientes,134.363,USD,2021-12-31,ORO_BLANCO
Otros activos no financieros no corrientes,-,USD,2021-12-31,ORO_BLANCO
Cuentas por cobrar no corrientes,-,USD,2021-12-31,ORO_BLANCO
"Cuentas por cobrar a entidades relacionadas, no corrientes",421.115,USD,2021-12-31,ORO_BLANCO
"Inventarios, no corrientes",-,USD,2021-12-31,ORO_BLANCO
Inversiones contabilizadas utilizando el método de la participación,917.415,USD,2021-12-31,ORO_BLANCO
Activos intangibles distintos de la plusvalía,-,USD,2021-12-31,ORO_BLANCO
Plusvalía,486.669,USD,2021-12-31,ORO_BLANCO
"Propiedades, planta y equipo",-,USD,2021-12-31,ORO_BLANCO
Activos biológicos no corrientes,-,USD,2021-12-31,ORO_BLANCO
Propiedad de inversión,-,USD,2021-12-31,ORO_BLANCO
Activos por derecho de uso,-,USD,2021-12-31,ORO_BLANCO
"Activos por impuestos corrientes, no corrientes",-,USD,2021-12-31,ORO_BLANCO
Activos por impuestos diferidos,1.405,USD,2021-12-31,ORO_BLANCO
Total de activos no corrientes,1.960.967,USD,2021-12-31,ORO_BLANCO
Total de activos,2.574.663,USD,2021-12-31,ORO_BLANCO
Otros pasivos financieros corrientes,228.489,USD,2021-12-31,ORO_BLANCO
Pasivos por arrendamientos corrientes,-,USD,2021-12-31,ORO_BLANCO
Cuentas por pagar comerciales y otras cuentas por pagar,173,USD,2021-12-31,ORO_BLANCO
"Cuentas por pagar a entidades relacionadas, corrientes",209,USD,2021-12-31,ORO_BLANCO
Otras provisiones a corto plazo,45.208,USD,2021-12-31,ORO_BLANCO
"Pasivos por impuestos corrientes, corrientes",-,USD,2021-12-31,ORO_BLANCO
Provisiones corrientes por beneficios a los empleados,-,USD,2021-12-31,ORO_BLANCO
Otros pasivos no financieros corrientes,180.093,USD,2021-12-31,ORO_BLANCO
Total de pasivos corrientes distintos de los pasivos incluidos en grupos de activos para su disposición clasificados como mantenidos para la venta,454.172,USD,2021-12-31,ORO_BLANCO
Pasivos incluidos en grupos de activos para su disposición clasificados como mantenidos para la venta,-,USD,2021-12-31,ORO_BLANCO
Pasivos corrientes totales,454.172,USD,2021-12-31,ORO_BLANCO
Otros pasivos financieros no corrientes,474.147,USD,2021-12-31,ORO_BLANCO
Pasivos por arrendamientos no corrientes,-,USD,2021-12-31,ORO_BLANCO
Cuentas por pagar no corrientes,-,USD,2021-12-31,ORO_BLANCO
"Cuentas por pagar a entidades relacionadas, no corrientes",-,USD,2021-12-31,ORO_BLANCO
Otras provisiones a largo plazo,-,USD,2021-12-31,ORO_BLANCO
Pasivo por impuestos diferidos,5.832,USD,2021-12-31,ORO_BLANCO
"Pasivos por impuestos corrientes, no corrientes",-,USD,2021-12-31,ORO_BLANCO
Provisiones no corrientes por beneficios a los empleados,-,USD,2021-12-31,ORO_BLANCO
Otros pasivos no financieros no corrientes,-,USD,2021-12-31,ORO_BLANCO
Total de pasivos no corrientes,479.979,USD,2021-12-31,ORO_BLANCO
Total de pasivos,934.151,USD,2021-12-31,ORO_BLANCO
Capital emitido y pagado,938.986,USD,2021-12-31,ORO_BLANCO
Ganancias (pérdidas) acumuladas,621.854,USD,2021-12-31,ORO_BLANCO
Prima de emisión,83.212,USD,2021-12-31,ORO_BLANCO
Acciones propias en cartera,-,USD,2021-12-31,ORO_BLANCO
Otras participaciones en el patrimonio,851,USD,2021-12-31,ORO_BLANCO
Otras reservas,-158.280,USD,2021-12-31,ORO_BLANCO
Patrimonio atribuible a los propietarios de la controladora,1.486.623,USD,2021-12-31,ORO_BLANCO
Participaciones no controladoras,153.889,USD,2021-12-31,ORO_BLANCO
Patrimonio total,1.640.512,USD,2021-12-31,ORO_BLANCO
Total de patrimonio y pasivos,2.574.663,USD,2021-12-31,ORO_BLANCO
Efectivo y equivalentes al efectivo,334.164,USD,2022-03-31,ORO_BLANCO
Otros activos financieros corrientes,369.937,USD,2022-03-31,ORO_BLANCO
Otros activos no financieros corrientes,-,USD,2022-03-31,ORO_BLANCO
Deudores comerciales y otras cuentas por cobrar corrientes,1,USD,2022-03-31,ORO_BLANCO
"Cuentas por cobrar a entidades relacionadas, corrientes",-,USD,2022-03-31,ORO_BLANCO
Inventarios corrientes,-,USD,2022-03-31,ORO_BLANCO
Activos biológicos corrientes,-,USD,2022-03-31,ORO_BLANCO
"Activos por impuestos corrientes, corrientes",23.104,USD,2022-03-31,ORO_BLANCO
Total de activos corrientes distintos de los activo o grupos de activos para su disposición clasificados como mantenidos para la venta o como mantenidos para distribuir a los propietarios,727.206,USD,2022-03-31,ORO_BLANCO
Activos no corrientes o grupos de activos para su disposición clasificados como mantenidos para la venta o como mantenidos para distribuir a los propietarios,-,USD,2022-03-31,ORO_BLANCO
Activos corrientes totales,727.206,USD,2022-03-31,ORO_BLANCO
Otros activos financieros no corrientes,112.488,USD,2022-03-31,ORO_BLANCO
Otros activos no financieros no corrientes,-,USD,2022-03-31,ORO_BLANCO
Cuentas por cobrar no corrientes,0,USD,2022-03-31,ORO_BLANCO
"Cuentas por cobrar a entidades relacionadas, no corrientes",424.641,USD,2022-03-31,ORO_BLANCO
"Inventarios, no corrientes",-,USD,2022-03-31,ORO_BLANCO
Inversiones contabilizadas utilizando el método de la participación,793.847,USD,2022-03-31,ORO_BLANCO
Activos intangibles distintos de la plusvalía,-,USD,2022-03-31,ORO_BLANCO
Plusvalía,486.669,USD,2022-03-31,ORO_BLANCO
"Propiedades, planta y equipo",-,USD,2022-03-31,ORO_BLANCO
Activos biológicos no corrientes,-,USD,2022-03-31,ORO_BLANCO
Propiedad de inversión,-,USD,2022-03-31,ORO_BLANCO
Activos por derecho de uso,-,USD,2022-03-31,ORO_BLANCO
"Activos por impuestos corrientes, no corrientes",-,USD,2022-03-31,ORO_BLANCO
Activos por impuestos diferidos,1.797,USD,2022-03-31,ORO_BLANCO
Total de activos no corrientes,1.819.442,USD,2022-03-31,ORO_BLANCO
Total de activos,2.546.648,USD,2022-03-31,ORO_BLANCO
Otros pasivos financieros corrientes,231.375,USD,2022-03-31,ORO_BLANCO
Pasivos por arrendamientos corrientes,-,USD,2022-03-31,ORO_BLANCO
Cuentas por pagar comerciales y otras cuentas por pagar,107,USD,2022-03-31,ORO_BLANCO
"Cuentas por pagar a entidades relacionadas, corrientes",194,USD,2022-03-31,ORO_BLANCO
Otras provisiones a corto plazo,31.500,USD,2022-03-31,ORO_BLANCO
"Pasivos por impuestos corrientes, corrientes",990,USD,2022-03-31,ORO_BLANCO
Provisiones corrientes por beneficios a los empleados,-,USD,2022-03-31,ORO_BLANCO
Otros pasivos no financieros corrientes,227.830,USD,2022-03-31,ORO_BLANCO
Total de pasivos corrientes distintos de los pasivos incluidos en grupos de activos para su disposición clasificados como mantenidos para la venta,491.996,USD,2022-03-31,ORO_BLANCO
Pasivos incluidos en grupos de activos para su disposición clasificados como mantenidos para la venta,-,USD,2022-03-31,ORO_BLANCO
Pasivos corrientes totales,491.996,USD,2022-03-31,ORO_BLANCO
Otros pasivos financieros no corrientes,440.036,USD,2022-03-31,ORO_BLANCO
Pasivos por arrendamientos no corrientes,-,USD,2022-03-31,ORO_BLANCO
Cuentas por pagar no corrientes,-,USD,2022-03-31,ORO_BLANCO
"Cuentas por pagar a entidades relacionadas, no corrientes",-,USD,2022-03-31,ORO_BLANCO
Otras provisiones a largo plazo,-,USD,2022-03-31,ORO_BLANCO
Pasivo por impuestos diferidos,7.273,USD,2022-03-31,ORO_BLANCO
"Pasivos por impuestos corrientes, no corrientes",-,USD,2022-03-31,ORO_BLANCO
Provisiones no corrientes por beneficios a los empleados,-,USD,2022-03-31,ORO_BLANCO
Otros pasivos no financieros no corrientes,-,USD,2022-03-31,ORO_BLANCO
Total de pasivos no corrientes,447.309,USD,2022-03-31,ORO_BLANCO
Total de pasivos,939.305,USD,2022-03-31,ORO_BLANCO
Capital emitido y pagado,938.986,USD,2022-03-31,ORO_BLANCO
Ganancias (pérdidas) acumuladas,560.480,USD,2022-03-31,ORO_BLANCO
Prima de emisión,83.212,USD,2022-03-31,ORO_BLANCO
Acciones propias en cartera,-,USD,2022-03-31,ORO_BLANCO
Otras participaciones en el patrimonio,851,USD,2022-03-31,ORO_BLANCO
Otras reservas,-126.602,USD,2022-03-31,ORO_BLANCO
Patrimonio atribuible a los propietarios de la controladora,1.456.927,USD,2022-03-31,ORO_BLANCO
Participaciones no controladoras,150.416,USD,2022-03-31,ORO_BLANCO
Patrimonio total,1.607.343,USD,2022-03-31,ORO_BLANCO
Total de patrimonio y pasivos,2.546.648,USD,2022-03-31,ORO_BLANCO
Efectivo y equivalentes al efectivo,221.507,USD,2022-06-30,ORO_BLANCO
Otros activos financieros corrientes,231.870,USD,2022-06-30,ORO_BLANCO
Otros activos no financieros corrientes,-,USD,2022-06-30,ORO_BLANCO
Deudores comerciales y otras cuentas por cobrar corrientes,0,USD,2022-06-30,ORO_BLANCO
"Cuentas por cobrar a entidades relacionadas, corrientes",-,USD,2022-06-30,ORO_BLANCO
Inventarios corrientes,-,USD,2022-06-30,ORO_BLANCO
Activos biológicos corrientes,-,USD,2022-06-30,ORO_BLANCO
"Activos por impuestos corrientes, corrientes",23.827,USD,2022-06-30,ORO_BLANCO
Total de activos corrientes distintos de los activo o grupos de activos para su disposición clasificados como mantenidos para la venta o como mantenidos para distribuir a los propietarios,477.204,USD,2022-06-30,ORO_BLANCO
Activos no corrientes o grupos de activos para su disposición clasificados como mantenidos para la venta o como mantenidos para distribuir a los propietarios,-,USD,2022-06-30,ORO_BLANCO
Activos corrientes totales,477.204,USD,2022-06-30,ORO_BLANCO
Otros activos financieros no corrientes,107.849,USD,2022-06-30,ORO_BLANCO
Otros activos no financieros no corrientes,-,USD,2022-06-30,ORO_BLANCO
Cuentas por cobrar no corrientes,0,USD,2022-06-30,ORO_BLANCO
"Cuentas por cobrar a entidades relacionadas, no corrientes",396.570,USD,2022-06-30,ORO_BLANCO
"Inventarios, no corrientes",-,USD,2022-06-30,ORO_BLANCO
Inversiones contabilizadas utilizando el método de la participación,856.492,USD,2022-06-30,ORO_BLANCO
Activos intangibles distintos de la plusvalía,-,USD,2022-06-30,ORO_BLANCO
Plusvalía,486.669,USD,2022-06-30,ORO_BLANCO
"Propiedades, planta y equipo",-,USD,2022-06-30,ORO_BLANCO
Activos biológicos no corrientes,-,USD,2022-06-30,ORO_BLANCO
Propiedad de inversión,-,USD,2022-06-30,ORO_BLANCO
Activos por derecho de uso,-,USD,2022-06-30,ORO_BLANCO
"Activos por impuestos corrientes, no corrientes",39.953,USD,2022-06-30,ORO_BLANCO
Activos por impuestos diferidos,2.590,USD,2022-06-30,ORO_BLANCO
Total de activos no corrientes,1.890.123,USD,2022-06-30,ORO_BLANCO
Total de activos,2.367.327,USD,2022-06-30,ORO_BLANCO
Otros pasivos financieros corrientes,227.624,USD,2022-06-30,ORO_BLANCO
Pasivos por arrendamientos corrientes,-,USD,2022-06-30,ORO_BLANCO
Cuentas por pagar comerciales y otras cuentas por pagar,101,USD,2022-06-30,ORO_BLANCO
"Cuentas por pagar a entidades relacionadas, corrientes",56,USD,2022-06-30,ORO_BLANCO
Otras provisiones a corto plazo,26.630,USD,2022-06-30,ORO_BLANCO
"Pasivos por impuestos corrientes, corrientes",-,USD,2022-06-30,ORO_BLANCO
Provisiones corrientes por beneficios a los empleados,-,USD,2022-06-30,ORO_BLANCO
Otros pasivos no financieros corrientes,100,USD,2022-06-30,ORO_BLANCO
Total de pasivos corrientes distintos de los pasivos incluidos en grupos de activos para su disposición clasificados como mantenidos para la venta,254.511,USD,2022-06-30,ORO_BLANCO
Pasivos incluidos en grupos de activos para su disposición clasificados como mantenidos para la venta,-,USD,2022-06-30,ORO_BLANCO
Pasivos corrientes totales,254.511,USD,2022-06-30,ORO_BLANCO
Otros pasivos financieros no corrientes,431.315,USD,2022-06-30,ORO_BLANCO
Pasivos por arrendamientos no corrientes,-,USD,2022-06-30,ORO_BLANCO
Cuentas por pagar no corrientes,-,USD,2022-06-30,ORO_BLANCO
"Cuentas por pagar a entidades relacionadas, no corrientes",1.346,USD,2022-06-30,ORO_BLANCO
Otras provisiones a largo plazo,-,USD,2022-06-30,ORO_BLANCO
Pasivo por impuestos diferidos,8.599,USD,2022-06-30,ORO_BLANCO
"Pasivos por impuestos corrientes, no corrientes",-,USD,2022-06-30,ORO_BLANCO
Provisiones no corrientes por beneficios a los empleados,-,USD,2022-06-30,ORO_BLANCO
Otros pasivos no financieros no corrientes,-,USD,2022-06-30,ORO_BLANCO
Total de pasivos no corrientes,441.260,USD,2022-06-30,ORO_BLANCO
Total de pasivos,695.771,USD,2022-06-30,ORO_BLANCO
Capital emitido y pagado,938.986,USD,2022-06-30,ORO_BLANCO
Ganancias (pérdidas) acumuladas,609.477,USD,2022-06-30,ORO_BLANCO
Prima de emisión,83.212,USD,2022-06-30,ORO_BLANCO
Acciones propias en cartera,-,USD,2022-06-30,ORO_BLANCO
Otras participaciones en el patrimonio,851,USD,2022-06-30,ORO_BLANCO
Otras reservas,-118.408,USD,2022-06-30,ORO_BLANCO
Patrimonio atribuible a los propietarios de la controladora,1.514.118,USD,2022-06-30,ORO_BLANCO
Participaciones no controladoras,157.438,USD,2022-06-30,ORO_BLANCO
Patrimonio total,1.671.556,USD,2022-06-30,ORO_BLANCO
Total de patrimonio y pasivos,2.367.327,USD,2022-06-30,ORO_BLANCO
Efectivo y equivalentes al efectivo,140.540,USD,2022-09-30,ORO_BLANCO
Otros activos financieros corrientes,146.415,USD,2022-09-30,ORO_BLANCO
Otros activos no financieros corrientes,-,USD,2022-09-30,ORO_BLANCO
Deudores comerciales y otras cuentas por cobrar corrientes,2.215,USD,2022-09-30,ORO_BLANCO
"Cuentas por cobrar a entidades relacionadas, corrientes",-,USD,2022-09-30,ORO_BLANCO
Inventarios corrientes,-,USD,2022-09-30,ORO_BLANCO
Activos biológicos corrientes,-,USD,2022-09-30,ORO_BLANCO
"Activos por impuestos corrientes, corrientes",23.128,USD,2022-09-30,ORO_BLANCO
Total de activos corrientes distintos de los activo o grupos de activos para su disposición clasificados como mantenidos para la venta o como mantenidos para distribuir a los propietarios,312.298,USD,2022-09-30,ORO_BLANCO
Activos no corrientes o grupos de activos para su disposición clasificados como mantenidos para la venta o como mantenidos para distribuir a los propietarios,-,USD,2022-09-30,ORO_BLANCO
Activos corrientes totales,312.298,USD,2022-09-30,ORO_BLANCO
Otros activos financieros no corrientes,5.056,USD,2022-09-30,ORO_BLANCO
Otros activos no financieros no corrientes,-,USD,2022-09-30,ORO_BLANCO
Cuentas por cobrar no corrientes,0,USD,2022-09-30,ORO_BLANCO
"Cuentas por cobrar a entidades relacionadas, no corrientes",444.483,USD,2022-09-30,ORO_BLANCO
"Inventarios, no corrientes",-,USD,2022-09-30,ORO_BLANCO
Inversiones contabilizadas utilizando el método de la participación,1.058.702,USD,2022-09-30,ORO_BLANCO
Activos intangibles distintos de la plusvalía,-,USD,2022-09-30,ORO_BLANCO
Plusvalía,486.669,USD,2022-09-30,ORO_BLANCO
"Propiedades, planta y equipo",-,USD,2022-09-30,ORO_BLANCO
Activos biológicos no corrientes,-,USD,2022-09-30,ORO_BLANCO
Propiedad de inversión,-,USD,2022-09-30,ORO_BLANCO
Activos por derecho de uso,-,USD,2022-09-30,ORO_BLANCO
"Activos por impuestos corrientes, no corrientes",38.781,USD,2022-09-30,ORO_BLANCO
Activos por impuestos diferidos,3.160,USD,2022-09-30,ORO_BLANCO
Total de activos no corrientes,2.036.851,USD,2022-09-30,ORO_BLANCO
Total de activos,2.349.149,USD,2022-09-30,ORO_BLANCO
Otros pasivos financieros corrientes,46.325,USD,2022-09-30,ORO_BLANCO
Pasivos por arrendamientos corrientes,-,USD,2022-09-30,ORO_BLANCO
Cuentas por pagar comerciales y otras cuentas por pagar,50,USD,2022-09-30,ORO_BLANCO
"Cuentas por pagar a entidades relacionadas, corrientes",47,USD,2022-09-30,ORO_BLANCO
Otras provisiones a corto plazo,3.830,USD,2022-09-30,ORO_BLANCO
"Pasivos por impuestos corrientes, corrientes",-,USD,2022-09-30,ORO_BLANCO
Provisiones corrientes por beneficios a los empleados,-,USD,2022-09-30,ORO_BLANCO
Otros pasivos no financieros corrientes,12.276,USD,2022-09-30,ORO_BLANCO
Total de pasivos corrientes distintos de los pasivos incluidos en grupos de activos para su disposición clasificados como mantenidos para la venta,62.528,USD,2022-09-30,ORO_BLANCO
Pasivos incluidos en grupos de activos para su disposición clasificados como mantenidos para la venta,-,USD,2022-09-30,ORO_BLANCO
Pasivos corrientes totales,62.528,USD,2022-09-30,ORO_BLANCO
Otros pasivos financieros no corrientes,416.521,USD,2022-09-30,ORO_BLANCO
Pasivos por arrendamientos no corrientes,-,USD,2022-09-30,ORO_BLANCO
Cuentas por pagar no corrientes,-,USD,2022-09-30,ORO_BLANCO
"Cuentas por pagar a entidades relacionadas, no corrientes",1.361,USD,2022-09-30,ORO_BLANCO
Otras provisiones a largo plazo,-,USD,2022-09-30,ORO_BLANCO
Pasivo por impuestos diferidos,10.007,USD,2022-09-30,ORO_BLANCO
"Pasivos por impuestos corrientes, no corrientes",-,USD,2022-09-30,ORO_BLANCO
Provisiones no corrientes por beneficios a los empleados,-,USD,2022-09-30,ORO_BLANCO
Otros pasivos no financieros no corrientes,-,USD,2022-09-30,ORO_BLANCO
Total de pasivos no corrientes,427.889,USD,2022-09-30,ORO_BLANCO
Total de pasivos,490.417,USD,2022-09-30,ORO_BLANCO
Capital emitido y pagado,938.986,USD,2022-09-30,ORO_BLANCO
Ganancias (pérdidas) acumuladas,766.336,USD,2022-09-30,ORO_BLANCO
Prima de emisión,83.212,USD,2022-09-30,ORO_BLANCO
Acciones propias en cartera,-,USD,2022-09-30,ORO_BLANCO
Otras participaciones en el patrimonio,851,USD,2022-09-30,ORO_BLANCO
Otras reservas,-109.608,USD,2022-09-30,ORO_BLANCO
Patrimonio atribuible a los propietarios de la controladora,1.679.777,USD,2022-09-30,ORO_BLANCO
Participaciones no controladoras,178.955,USD,2022-09-30,ORO_BLANCO
Patrimonio total,1.858.732,USD,2022-09-30,ORO_BLANCO
Total de patrimonio y pasivos,2.349.149,USD,2022-09-30,ORO_BLANCO
Efectivo y equivalentes al efectivo,180.100,USD,2022-12-31,ORO_BLANCO
Otros activos financieros corrientes,34.888,USD,2022-12-31,ORO_BLANCO
Otros activos no financieros corrientes,-,USD,2022-12-31,ORO_BLANCO
Deudores comerciales y otras cuentas por cobrar corrientes,0,USD,2022-12-31,ORO_BLANCO
"Cuentas por cobrar a entidades relacionadas, corrientes",50.760,USD,2022-12-31,ORO_BLANCO
Inventarios corrientes,-,USD,2022-12-31,ORO_BLANCO
Activos biológicos corrientes,-,USD,2022-12-31,ORO_BLANCO
"Activos por impuestos corrientes, corrientes",30.014,USD,2022-12-31,ORO_BLANCO
Total de activos corrientes distintos de los activo o grupos de activos para su disposición clasificados como mantenidos para la venta o como mantenidos para distribuir a los propietarios,295.762,USD,2022-12-31,ORO_BLANCO
Activos no corrientes o grupos de activos para su disposición clasificados como mantenidos para la venta o como mantenidos para distribuir a los propietarios,-,USD,2022-12-31,ORO_BLANCO
Activos corrientes totales,295.762,USD,2022-12-31,ORO_BLANCO
Otros activos financieros no corrientes,-,USD,2022-12-31,ORO_BLANCO
Otros activos no financieros no corrientes,-,USD,2022-12-31,ORO_BLANCO
Cuentas por cobrar no corrientes,0,USD,2022-12-31,ORO_BLANCO
"Cuentas por cobrar a entidades relacionadas, no corrientes",444.324,USD,2022-12-31,ORO_BLANCO
"Inventarios, no corrientes",-,USD,2022-12-31,ORO_BLANCO
Inversiones contabilizadas utilizando el método de la participación,1.265.056,USD,2022-12-31,ORO_BLANCO
Activos intangibles distintos de la plusvalía,-,USD,2022-12-31,ORO_BLANCO
Plusvalía,486.669,USD,2022-12-31,ORO_BLANCO
"Propiedades, planta y equipo",-,USD,2022-12-31,ORO_BLANCO
Activos biológicos no corrientes,-,USD,2022-12-31,ORO_BLANCO
Propiedad de inversión,-,USD,2022-12-31,ORO_BLANCO
Activos por derecho de uso,-,USD,2022-12-31,ORO_BLANCO
"Activos por impuestos corrientes, no corrientes",43.511,USD,2022-12-31,ORO_BLANCO
Activos por impuestos diferidos,3.286,USD,2022-12-31,ORO_BLANCO
Total de activos no corrientes,2.242.846,USD,2022-12-31,ORO_BLANCO
Total de activos,2.538.608,USD,2022-12-31,ORO_BLANCO
Otros pasivos financieros corrientes,36.944,USD,2022-12-31,ORO_BLANCO
Pasivos por arrendamientos corrientes,-,USD,2022-12-31,ORO_BLANCO
Cuentas por pagar comerciales y otras cuentas por pagar,64,USD,2022-12-31,ORO_BLANCO
"Cuentas por pagar a entidades relacionadas, corrientes",-,USD,2022-12-31,ORO_BLANCO
Otras provisiones a corto plazo,-,USD,2022-12-31,ORO_BLANCO
"Pasivos por impuestos corrientes, corrientes",-,USD,2022-12-31,ORO_BLANCO
Provisiones corrientes por beneficios a los empleados,-,USD,2022-12-31,ORO_BLANCO
Otros pasivos no financieros corrientes,82.017,USD,2022-12-31,ORO_BLANCO
Total de pasivos corrientes distintos de los pasivos incluidos en grupos de activos para su disposición clasificados como mantenidos para la venta,119.025,USD,2022-12-31,ORO_BLANCO
Pasivos incluidos en grupos de activos para su disposición clasificados como mantenidos para la venta,-,USD,2022-12-31,ORO_BLANCO
Pasivos corrientes totales,119.025,USD,2022-12-31,ORO_BLANCO
Otros pasivos financieros no corrientes,366.685,USD,2022-12-31,ORO_BLANCO
Pasivos por arrendamientos no corrientes,-,USD,2022-12-31,ORO_BLANCO
Cuentas por pagar no corrientes,-,USD,2022-12-31,ORO_BLANCO
"Cuentas por pagar a entidades relacionadas, no corrientes",1.375,USD,2022-12-31,ORO_BLANCO
Otras provisiones a largo plazo,-,USD,2022-12-31,ORO_BLANCO
Pasivo por impuestos diferidos,11.789,USD,2022-12-31,ORO_BLANCO
"Pasivos por impuestos corrientes, no corrientes",-,USD,2022-12-31,ORO_BLANCO
Provisiones no corrientes por beneficios a los empleados,-,USD,2022-12-31,ORO_BLANCO
Otros pasivos no financieros no corrientes,-,USD,2022-12-31,ORO_BLANCO
Total de pasivos no corrientes,379.849,USD,2022-12-31,ORO_BLANCO
Total de pasivos,498.874,USD,2022-12-31,ORO_BLANCO
Capital emitido y pagado,938.986,USD,2022-12-31,ORO_BLANCO
Ganancias (pérdidas) acumuladas,910.910,USD,2022-12-31,ORO_BLANCO
Prima de emisión,83.212,USD,2022-12-31,ORO_BLANCO
Acciones propias en cartera,-,USD,2022-12-31,ORO_BLANCO
Otras participaciones en el patrimonio,851,USD,2022-12-31,ORO_BLANCO
Otras reservas,-93.336,USD,2022-12-31,ORO_BLANCO
Patrimonio atribuible a los propietarios de la controladora,1.840.623,USD,2022-12-31,ORO_BLANCO
Participaciones no controladoras,199.111,USD,2022-12-31,ORO_BLANCO
Patrimonio total,2.039.734,USD,2022-12-31,ORO_BLANCO
Total de patrimonio y pasivos,2.538.608,USD,2022-12-31,ORO_BLANCO
Efectivo y equivalentes al efectivo,180.517,USD,2023-03-31,ORO_BLANCO
Otros activos financieros corrientes,79.076,USD,2023-03-31,ORO_BLANCO
Otros activos no financieros corrientes,-,USD,2023-03-31,ORO_BLANCO
Deudores comerciales y otras cuentas por cobrar corrientes,-,USD,2023-03-31,ORO_BLANCO
"Cuentas por cobrar a entidades relacionadas, corrientes",51.673,USD,2023-03-31,ORO_BLANCO
Inventarios corrientes,-,USD,2023-03-31,ORO_BLANCO
Activos biológicos corrientes,-,USD,2023-03-31,ORO_BLANCO
"Activos por impuestos corrientes, corrientes",32.337,USD,2023-03-31,ORO_BLANCO
Total de activos corrientes distintos de los activo o grupos de activos para su disposición clasificados como mantenidos para la venta o como mantenidos para distribuir a los propietarios,343.603,USD,2023-03-31,ORO_BLANCO
Activos no corrientes o grupos de activos para su disposición clasificados como mantenidos para la venta o como mantenidos para distribuir a los propietarios,-,USD,2023-03-31,ORO_BLANCO
Activos corrientes totales,343.603,USD,2023-03-31,ORO_BLANCO
Otros activos financieros no corrientes,-,USD,2023-03-31,ORO_BLANCO
Otros activos no financieros no corrientes,-,USD,2023-03-31,ORO_BLANCO
Cuentas por cobrar no corrientes,-,USD,2023-03-31,ORO_BLANCO
"Cuentas por cobrar a entidades relacionadas, no corrientes",449.468,USD,2023-03-31,ORO_BLANCO
"Inventarios, no corrientes",-,USD,2023-03-31,ORO_BLANCO
Inversiones contabilizadas utilizando el método de la participación,1.368.401,USD,2023-03-31,ORO_BLANCO
Activos intangibles distintos de la plusvalía,-,USD,2023-03-31,ORO_BLANCO
Plusvalía,486.669,USD,2023-03-31,ORO_BLANCO
"Propiedades, planta y equipo",-,USD,2023-03-31,ORO_BLANCO
Activos biológicos no corrientes,-,USD,2023-03-31,ORO_BLANCO
Propiedad de inversión,-,USD,2023-03-31,ORO_BLANCO
Activos por derecho de uso,-,USD,2023-03-31,ORO_BLANCO
"Activos por impuestos corrientes, no corrientes",47.114,USD,2023-03-31,ORO_BLANCO
Activos por impuestos diferidos,3.930,USD,2023-03-31,ORO_BLANCO
Total de activos no corrientes,2.355.582,USD,2023-03-31,ORO_BLANCO
Total de activos,2.699.185,USD,2023-03-31,ORO_BLANCO
Otros pasivos financieros corrientes,41.974,USD,2023-03-31,ORO_BLANCO
Pasivos por arrendamientos corrientes,-,USD,2023-03-31,ORO_BLANCO
Cuentas por pagar comerciales y otras cuentas por pagar,54,USD,2023-03-31,ORO_BLANCO
"Cuentas por pagar a entidades relacionadas, corrientes",-,USD,2023-03-31,ORO_BLANCO
Otras provisiones a corto plazo,-,USD,2023-03-31,ORO_BLANCO
"Pasivos por impuestos corrientes, corrientes",879,USD,2023-03-31,ORO_BLANCO
Provisiones corrientes por beneficios a los empleados,-,USD,2023-03-31,ORO_BLANCO
Otros pasivos no financieros corrientes,127.377,USD,2023-03-31,ORO_BLANCO
Total de pasivos corrientes distintos de los pasivos incluidos en grupos de activos para su disposición clasificados como mantenidos para la venta,170.284,USD,2023-03-31,ORO_BLANCO
Pasivos incluidos en grupos de activos para su disposición clasificados como mantenidos para la venta,-,USD,2023-03-31,ORO_BLANCO
Pasivos corrientes totales,170.284,USD,2023-03-31,ORO_BLANCO
Otros pasivos financieros no corrientes,373.845,USD,2023-03-31,ORO_BLANCO
Pasivos por arrendamientos no corrientes,-,USD,2023-03-31,ORO_BLANCO
Cuentas por pagar no corrientes,-,USD,2023-03-31,ORO_BLANCO
"Cuentas por pagar a entidades relacionadas, no corrientes",1.395,USD,2023-03-31,ORO_BLANCO
Otras provisiones a largo plazo,-,USD,2023-03-31,ORO_BLANCO
Pasivo por impuestos diferidos,14.138,USD,2023-03-31,ORO_BLANCO
"Pasivos por impuestos corrientes, no corrientes",-,USD,2023-03-31,ORO_BLANCO
Provisiones no corrientes por beneficios a los empleados,-,USD,2023-03-31,ORO_BLANCO
Otros pasivos no financieros no corrientes,-,USD,2023-03-31,ORO_BLANCO
Total de pasivos no corrientes,389.378,USD,2023-03-31,ORO_BLANCO
Total de pasivos,559.662,USD,2023-03-31,ORO_BLANCO
Capital emitido y pagado,938.986,USD,2023-03-31,ORO_BLANCO
Ganancias (pérdidas) acumuladas,1.004.647,USD,2023-03-31,ORO_BLANCO
Prima de emisión,83.212,USD,2023-03-31,ORO_BLANCO
Acciones propias en cartera,-,USD,2023-03-31,ORO_BLANCO
Otras participaciones en el patrimonio,851,USD,2023-03-31,ORO_BLANCO
Otras reservas,-98.709,USD,2023-03-31,ORO_BLANCO
Patrimonio atribuible a los propietarios de la controladora,1.928.987,USD,2023-03-31,ORO_BLANCO
Participaciones no controladoras,210.536,USD,2023-03-31,ORO_BLANCO
Patrimonio total,2.139.523,USD,2023-03-31,ORO_BLANCO
Total de patrimonio y pasivos,2.699.185,USD,2023-03-31,ORO_BLANCO
Efectivo y equivalentes al efectivo,76.290,USD,2023-06-30,ORO_BLANCO
Otros activos financieros corrientes,79.585,USD,2023-06-30,ORO_BLANCO
Otros activos no financieros corrientes,-,USD,2023-06-30,ORO_BLANCO
Deudores comerciales y otras cuentas por cobrar corrientes,-,USD,2023-06-30,ORO_BLANCO
"Cuentas por cobrar a entidades relacionadas, corrientes",-,USD,2023-06-30,ORO_BLANCO
Inventarios corrientes,-,USD,2023-06-30,ORO_BLANCO
Activos biológicos corrientes,-,USD,2023-06-30,ORO_BLANCO
"Activos por impuestos corrientes, corrientes",9.909,USD,2023-06-30,ORO_BLANCO
Total de activos corrientes distintos de los activo o grupos de activos para su disposición clasificados como mantenidos para la venta o como mantenidos para distribuir a los propietarios,165.784,USD,2023-06-30,ORO_BLANCO
Activos no corrientes o grupos de activos para su disposición clasificados como mantenidos para la venta o como mantenidos para distribuir a los propietarios,-,USD,2023-06-30,ORO_BLANCO
Activos corrientes totales,165.784,USD,2023-06-30,ORO_BLANCO
Otros activos financieros no corrientes,3,USD,2023-06-30,ORO_BLANCO
Otros activos no financieros no corrientes,-,USD,2023-06-30,ORO_BLANCO
Cuentas por cobrar no corrientes,-,USD,2023-06-30,ORO_BLANCO
"Cuentas por cobrar a entidades relacionadas, no corrientes",454.669,USD,2023-06-30,ORO_BLANCO
"Inventarios, no corrientes",-,USD,2023-06-30,ORO_BLANCO
Inversiones contabilizadas utilizando el método de la participación,1.268.474,USD,2023-06-30,ORO_BLANCO
Activos intangibles distintos de la plusvalía,-,USD,2023-06-30,ORO_BLANCO
Plusvalía,486.669,USD,2023-06-30,ORO_BLANCO
"Propiedades, planta y equipo",260,USD,2023-06-30,ORO_BLANCO
Activos biológicos no corrientes,-,USD,2023-06-30,ORO_BLANCO
Propiedad de inversión,-,USD,2023-06-30,ORO_BLANCO
Activos por derecho de uso,-,USD,2023-06-30,ORO_BLANCO
"Activos por impuestos corrientes, no corrientes",46.452,USD,2023-06-30,ORO_BLANCO
Activos por impuestos diferidos,4.655,USD,2023-06-30,ORO_BLANCO
Total de activos no corrientes,2.261.182,USD,2023-06-30,ORO_BLANCO
Total de activos,2.426.966,USD,2023-06-30,ORO_BLANCO
Otros pasivos financieros corrientes,37.396,USD,2023-06-30,ORO_BLANCO
Pasivos por arrendamientos corrientes,32,USD,2023-06-30,ORO_BLANCO
Cuentas por pagar comerciales y otras cuentas por pagar,71,USD,2023-06-30,ORO_BLANCO
"Cuentas por pagar a entidades relacionadas, corrientes",-,USD,2023-06-30,ORO_BLANCO
Otras provisiones a corto plazo,-,USD,2023-06-30,ORO_BLANCO
"Pasivos por impuestos corrientes, corrientes",612,USD,2023-06-30,ORO_BLANCO
Provisiones corrientes por beneficios a los empleados,-,USD,2023-06-30,ORO_BLANCO
Otros pasivos no financieros corrientes,78.462,USD,2023-06-30,ORO_BLANCO
Total de pasivos corrientes distintos de los pasivos incluidos en grupos de activos para su disposición clasificados como mantenidos para la venta,116.573,USD,2023-06-30,ORO_BLANCO
Pasivos incluidos en grupos de activos para su disposición clasificados como mantenidos para la venta,-,USD,2023-06-30,ORO_BLANCO
Pasivos corrientes totales,116.573,USD,2023-06-30,ORO_BLANCO
Otros pasivos financieros no corrientes,366.028,USD,2023-06-30,ORO_BLANCO
Pasivos por arrendamientos no corrientes,223,USD,2023-06-30,ORO_BLANCO
Cuentas por pagar no corrientes,-,USD,2023-06-30,ORO_BLANCO
"Cuentas por pagar a entidades relacionadas, no corrientes",1.414,USD,2023-06-30,ORO_BLANCO
Otras provisiones a largo plazo,-,USD,2023-06-30,ORO_BLANCO
Pasivo por impuestos diferidos,16.451,USD,2023-06-30,ORO_BLANCO
"Pasivos por impuestos corrientes, no corrientes",-,USD,2023-06-30,ORO_BLANCO
Provisiones no corrientes por beneficios a los empleados,-,USD,2023-06-30,ORO_BLANCO
Otros pasivos no financieros no corrientes,-,USD,2023-06-30,ORO_BLANCO
Total de pasivos no corrientes,384.116,USD,2023-06-30,ORO_BLANCO
Total de pasivos,500.689,USD,2023-06-30,ORO_BLANCO
Capital emitido y pagado,938.986,USD,2023-06-30,ORO_BLANCO
Ganancias (pérdidas) acumuladas,808.574,USD,2023-06-30,ORO_BLANCO
Prima de emisión,83.212,USD,2023-06-30,ORO_BLANCO
Acciones propias en cartera,-,USD,2023-06-30,ORO_BLANCO
Otras participaciones en el patrimonio,851,USD,2023-06-30,ORO_BLANCO
Otras reservas,-91.975,USD,2023-06-30,ORO_BLANCO
Patrimonio atribuible a los propietarios de la controladora,1.739.648,USD,2023-06-30,ORO_BLANCO
Participaciones no controladoras,186.629,USD,2023-06-30,ORO_BLANCO
Patrimonio total,1.926.277,USD,2023-06-30,ORO_BLANCO
Total de patrimonio y pasivos,2.426.966,USD,2023-06-30,ORO_BLANCO
Efectivo y equivalentes al efectivo,122.085,USD,2023-09-30,ORO_BLANCO
Otros activos financieros corrientes,61.652,USD,2023-09-30,ORO_BLANCO
Otros activos no financieros corrientes,-,USD,2023-09-30,ORO_BLANCO
Deudores comerciales y otras cuentas por cobrar corrientes,-,USD,2023-09-30,ORO_BLANCO
"Cuentas por cobrar a entidades relacionadas, corrientes",-,USD,2023-09-30,ORO_BLANCO
Inventarios corrientes,-,USD,2023-09-30,ORO_BLANCO
Activos biológicos corrientes,-,USD,2023-09-30,ORO_BLANCO
"Activos por impuestos corrientes, corrientes",7.492,USD,2023-09-30,ORO_BLANCO
Total de activos corrientes distintos de los activo o grupos de activos para su disposición clasificados como mantenidos para la venta o como mantenidos para distribuir a los propietarios,191.229,USD,2023-09-30,ORO_BLANCO
Activos no corrientes o grupos de activos para su disposición clasificados como mantenidos para la venta o como mantenidos para distribuir a los propietarios,-,USD,2023-09-30,ORO_BLANCO
Activos corrientes totales,191.229,USD,2023-09-30,ORO_BLANCO
Otros activos financieros no corrientes,3,USD,2023-09-30,ORO_BLANCO
Otros activos no financieros no corrientes,-,USD,2023-09-30,ORO_BLANCO
Cuentas por cobrar no corrientes,-,USD,2023-09-30,ORO_BLANCO
"Cuentas por cobrar a entidades relacionadas, no corrientes",459.926,USD,2023-09-30,ORO_BLANCO
"Inventarios, no corrientes",-,USD,2023-09-30,ORO_BLANCO
Inversiones contabilizadas utilizando el método de la participación,1.332.759,USD,2023-09-30,ORO_BLANCO
Activos intangibles distintos de la plusvalía,-,USD,2023-09-30,ORO_BLANCO
Plusvalía,486.669,USD,2023-09-30,ORO_BLANCO
"Propiedades, planta y equipo",251,USD,2023-09-30,ORO_BLANCO
Activos biológicos no corrientes,-,USD,2023-09-30,ORO_BLANCO
Propiedad de inversión,-,USD,2023-09-30,ORO_BLANCO
Activos por derecho de uso,-,USD,2023-09-30,ORO_BLANCO
"Activos por impuestos corrientes, no corrientes",41.580,USD,2023-09-30,ORO_BLANCO
Activos por impuestos diferidos,6.134,USD,2023-09-30,ORO_BLANCO
Total de activos no corrientes,2.327.322,USD,2023-09-30,ORO_BLANCO
Total de activos,2.518.551,USD,2023-09-30,ORO_BLANCO
Otros pasivos financieros corrientes,42.039,USD,2023-09-30,ORO_BLANCO
Pasivos por arrendamientos corrientes,29,USD,2023-09-30,ORO_BLANCO
Cuentas por pagar comerciales y otras cuentas por pagar,93,USD,2023-09-30,ORO_BLANCO
"Cuentas por pagar a entidades relacionadas, corrientes",-,USD,2023-09-30,ORO_BLANCO
Otras provisiones a corto plazo,-,USD,2023-09-30,ORO_BLANCO
"Pasivos por impuestos corrientes, corrientes",-,USD,2023-09-30,ORO_BLANCO
Provisiones corrientes por beneficios a los empleados,-,USD,2023-09-30,ORO_BLANCO
Otros pasivos no financieros corrientes,104.285,USD,2023-09-30,ORO_BLANCO
Total de pasivos corrientes distintos de los pasivos incluidos en grupos de activos para su disposición clasificados como mantenidos para la venta,146.446,USD,2023-09-30,ORO_BLANCO
Pasivos incluidos en grupos de activos para su disposición clasificados como mantenidos para la venta,-,USD,2023-09-30,ORO_BLANCO
Pasivos corrientes totales,146.446,USD,2023-09-30,ORO_BLANCO
Otros pasivos financieros no corrientes,380.284,USD,2023-09-30,ORO_BLANCO
Pasivos por arrendamientos no corrientes,192,USD,2023-09-30,ORO_BLANCO
Cuentas por pagar no corrientes,1.434,USD,2023-09-30,ORO_BLANCO
"Cuentas por pagar a entidades relacionadas, no corrientes",-,USD,2023-09-30,ORO_BLANCO
Otras provisiones a largo plazo,-,USD,2023-09-30,ORO_BLANCO
Pasivo por impuestos diferidos,18.600,USD,2023-09-30,ORO_BLANCO
"Pasivos por impuestos corrientes, no corrientes",-,USD,2023-09-30,ORO_BLANCO
Provisiones no corrientes por beneficios a los empleados,-,USD,2023-09-30,ORO_BLANCO
Otros pasivos no financieros no corrientes,-,USD,2023-09-30,ORO_BLANCO
Total de pasivos no corrientes,400.510,USD,2023-09-30,ORO_BLANCO
Total de pasivos,546.956,USD,2023-09-30,ORO_BLANCO
Capital emitido y pagado,938.986,USD,2023-09-30,ORO_BLANCO
Ganancias (pérdidas) acumuladas,861.866,USD,2023-09-30,ORO_BLANCO
Prima de emisión,83.212,USD,2023-09-30,ORO_BLANCO
Acciones propias en cartera,-,USD,2023-09-30,ORO_BLANCO
Otras participaciones en el patrimonio,851,USD,2023-09-30,ORO_BLANCO
Otras reservas,-105.245,USD,2023-09-30,ORO_BLANCO
Patrimonio atribuible a los propietarios de la controladora,1.779.670,USD,2023-09-30,ORO_BLANCO
Participaciones no controladoras,191.925,USD,2023-09-30,ORO_BLANCO
Patrimonio total,1.971.595,USD,2023-09-30,ORO_BLANCO
Total de patrimonio y pasivos,2.518.551,USD,2023-09-30,ORO_BLANCO
Efectivo y equivalentes al efectivo,88.273,USD,2023-12-31,ORO_BLANCO
Otros activos financieros corrientes,11.822,USD,2023-12-31,ORO_BLANCO
Otros activos no financieros corrientes,-,USD,2023-12-31,ORO_BLANCO
Deudores comerciales y otras cuentas por cobrar corrientes,-,USD,2023-12-31,ORO_BLANCO
"Cuentas por cobrar a entidades relacionadas, corrientes",-,USD,2023-12-31,ORO_BLANCO
Inventarios corrientes,-,USD,2023-12-31,ORO_BLANCO
Activos biológicos corrientes,-,USD,2023-12-31,ORO_BLANCO
"Activos por impuestos corrientes, corrientes",12.178,USD,2023-12-31,ORO_BLANCO
Total de activos corrientes distintos de los activo o grupos de activos para su disposición clasificados como mantenidos para la venta o como mantenidos para distribuir a los propietarios,112.273,USD,2023-12-31,ORO_BLANCO
Activos no corrientes o grupos de activos para su disposición clasificados como mantenidos para la venta o como mantenidos para distribuir a los propietarios,-,USD,2023-12-31,ORO_BLANCO
Activos corrientes totales,112.273,USD,2023-12-31,ORO_BLANCO
Otros activos financieros no corrientes,3,USD,2023-12-31,ORO_BLANCO
Otros activos no financieros no corrientes,-,USD,2023-12-31,ORO_BLANCO
Cuentas por cobrar no corrientes,-,USD,2023-12-31,ORO_BLANCO
"Cuentas por cobrar a entidades relacionadas, no corrientes",454.880,USD,2023-12-31,ORO_BLANCO
"Inventarios, no corrientes",-,USD,2023-12-31,ORO_BLANCO
Inversiones contabilizadas utilizando el método de la participación,1.388.027,USD,2023-12-31,ORO_BLANCO
Activos intangibles distintos de la plusvalía,-,USD,2023-12-31,ORO_BLANCO
Plusvalía,486.669,USD,2023-12-31,ORO_BLANCO
"Propiedades, planta y equipo",244,USD,2023-12-31,ORO_BLANCO
Activos biológicos no corrientes,-,USD,2023-12-31,ORO_BLANCO
Propiedad de inversión,-,USD,2023-12-31,ORO_BLANCO
Activos por derecho de uso,-,USD,2023-12-31,ORO_BLANCO
"Activos por impuestos corrientes, no corrientes",42.456,USD,2023-12-31,ORO_BLANCO
Activos por impuestos diferidos,5.178,USD,2023-12-31,ORO_BLANCO
Total de activos no corrientes,2.377.457,USD,2023-12-31,ORO_BLANCO
Total de activos,2.489.730,USD,2023-12-31,ORO_BLANCO
Otros pasivos financieros corrientes,2.069,USD,2023-12-31,ORO_BLANCO
Pasivos por arrendamientos corrientes,30,USD,2023-12-31,ORO_BLANCO
Cuentas por pagar comerciales y otras cuentas por pagar,73,USD,2023-12-31,ORO_BLANCO
"Cuentas por pagar a entidades relacionadas, corrientes",-,USD,2023-12-31,ORO_BLANCO
Otras provisiones a corto plazo,-,USD,2023-12-31,ORO_BLANCO
"Pasivos por impuestos corrientes, corrientes",-,USD,2023-12-31,ORO_BLANCO
Provisiones corrientes por beneficios a los empleados,-,USD,2023-12-31,ORO_BLANCO
Otros pasivos no financieros corrientes,59.318,USD,2023-12-31,ORO_BLANCO
Total de pasivos corrientes distintos de los pasivos incluidos en grupos de activos para su disposición clasificados como mantenidos para la venta,61.490,USD,2023-12-31,ORO_BLANCO
Pasivos incluidos en grupos de activos para su disposición clasificados como mantenidos para la venta,-,USD,2023-12-31,ORO_BLANCO
Pasivos corrientes totales,61.490,USD,2023-12-31,ORO_BLANCO
Otros pasivos financieros no corrientes,371.771,USD,2023-12-31,ORO_BLANCO
Pasivos por arrendamientos no corrientes,192,USD,2023-12-31,ORO_BLANCO
Cuentas por pagar no corrientes,-,USD,2023-12-31,ORO_BLANCO
"Cuentas por pagar a entidades relacionadas, no corrientes",-,USD,2023-12-31,ORO_BLANCO
Otras provisiones a largo plazo,-,USD,2023-12-31,ORO_BLANCO
Pasivo por impuestos diferidos,17.092,USD,2023-12-31,ORO_BLANCO
"Pasivos por impuestos corrientes, no corrientes",-,USD,2023-12-31,ORO_BLANCO
Provisiones no corrientes por beneficios a los empleados,-,USD,2023-12-31,ORO_BLANCO
Otros pasivos no financieros no corrientes,-,USD,2023-12-31,ORO_BLANCO
Total de pasivos no corrientes,389.055,USD,2023-12-31,ORO_BLANCO
Total de pasivos,450.545,USD,2023-12-31,ORO_BLANCO
Capital emitido y pagado,938.986,USD,2023-12-31,ORO_BLANCO
Ganancias (pérdidas) acumuladas,889.999,USD,2023-12-31,ORO_BLANCO
Prima de emisión,83.212,USD,2023-12-31,ORO_BLANCO
Acciones propias en cartera,-,USD,2023-12-31,ORO_BLANCO
Otras participaciones en el patrimonio,851,USD,2023-12-31,ORO_BLANCO
Otras reservas,-73.437,USD,2023-12-31,ORO_BLANCO
Patrimonio atribuible a los propietarios de la controladora,1.839.611,USD,2023-12-31,ORO_BLANCO
Participaciones no controladoras,199.574,USD,2023-12-31,ORO_BLANCO
Patrimonio total,2.039.185,USD,2023-12-31,ORO_BLANCO
Total de patrimonio y pasivos,2.489.730,USD,2023-12-31,ORO_BLANCO
Efectivo y equivalentes al efectivo,95.144,USD,2024-03-31,ORO_BLANCO
Otros activos financieros corrientes,11.822,USD,2024-03-31,ORO_BLANCO
Otros activos no financieros corrientes,-,USD,2024-03-31,ORO_BLANCO
Deudores comerciales y otras cuentas por cobrar corrientes,-,USD,2024-03-31,ORO_BLANCO
"Cuentas por cobrar a entidades relacionadas, corrientes",-,USD,2024-03-31,ORO_BLANCO
Inventarios corrientes,-,USD,2024-03-31,ORO_BLANCO
Activos biológicos corrientes,-,USD,2024-03-31,ORO_BLANCO
"Activos por impuestos corrientes, corrientes",2.702,USD,2024-03-31,ORO_BLANCO
Total de activos corrientes distintos de los activo o grupos de activos para su disposición clasificados como mantenidos para la venta o como mantenidos para distribuir a los propietarios,109.668,USD,2024-03-31,ORO_BLANCO
Activos no corrientes o grupos de activos para su disposición clasificados como mantenidos para la venta o como mantenidos para distribuir a los propietarios,-,USD,2024-03-31,ORO_BLANCO
Activos corrientes totales,109.668,USD,2024-03-31,ORO_BLANCO
Otros activos financieros no corrientes,3,USD,2024-03-31,ORO_BLANCO
Otros activos no financieros no corrientes,-,USD,2024-03-31,ORO_BLANCO
Cuentas por cobrar no corrientes,-,USD,2024-03-31,ORO_BLANCO
"Cuentas por cobrar a entidades relacionadas, no corrientes",462.156,USD,2024-03-31,ORO_BLANCO
"Inventarios, no corrientes",-,USD,2024-03-31,ORO_BLANCO
Inversiones contabilizadas utilizando el método de la participación,1.217.501,USD,2024-03-31,ORO_BLANCO
Activos intangibles distintos de la plusvalía,-,USD,2024-03-31,ORO_BLANCO
Plusvalía,486.669,USD,2024-03-31,ORO_BLANCO
"Propiedades, planta y equipo",236,USD,2024-03-31,ORO_BLANCO
Activos biológicos no corrientes,-,USD,2024-03-31,ORO_BLANCO
Propiedad de inversión,-,USD,2024-03-31,ORO_BLANCO
Activos por derecho de uso,-,USD,2024-03-31,ORO_BLANCO
"Activos por impuestos corrientes, no corrientes",37.933,USD,2024-03-31,ORO_BLANCO
Activos por impuestos diferidos,7.276,USD,2024-03-31,ORO_BLANCO
Total de activos no corrientes,2.211.774,USD,2024-03-31,ORO_BLANCO
Total de activos,2.321.442,USD,2024-03-31,ORO_BLANCO
Otros pasivos financieros corrientes,6.253,USD,2024-03-31,ORO_BLANCO
Pasivos por arrendamientos corrientes,28,USD,2024-03-31,ORO_BLANCO
Cuentas por pagar comerciales y otras cuentas por pagar,35,USD,2024-03-31,ORO_BLANCO
"Cuentas por pagar a entidades relacionadas, corrientes",-,USD,2024-03-31,ORO_BLANCO
Otras provisiones a corto plazo,-,USD,2024-03-31,ORO_BLANCO
"Pasivos por impuestos corrientes, corrientes",-,USD,2024-03-31,ORO_BLANCO
Provisiones corrientes por beneficios a los empleados,-,USD,2024-03-31,ORO_BLANCO
Otros pasivos no financieros corrientes,59.100,USD,2024-03-31,ORO_BLANCO
Total de pasivos corrientes distintos de los pasivos incluidos en grupos de activos para su disposición clasificados como mantenidos para la venta,65.416,USD,2024-03-31,ORO_BLANCO
Pasivos incluidos en grupos de activos para su disposición clasificados como mantenidos para la venta,-,USD,2024-03-31,ORO_BLANCO
Pasivos corrientes totales,65.416,USD,2024-03-31,ORO_BLANCO
Otros pasivos financieros no corrientes,368.905,USD,2024-03-31,ORO_BLANCO
Pasivos por arrendamientos no corrientes,166,USD,2024-03-31,ORO_BLANCO
Cuentas por pagar no corrientes,-,USD,2024-03-31,ORO_BLANCO
"Cuentas por pagar a entidades relacionadas, no corrientes",-,USD,2024-03-31,ORO_BLANCO
Otras provisiones a largo plazo,-,USD,2024-03-31,ORO_BLANCO
Pasivo por impuestos diferidos,20.074,USD,2024-03-31,ORO_BLANCO
"Pasivos por impuestos corrientes, no corrientes",-,USD,2024-03-31,ORO_BLANCO
Provisiones no corrientes por beneficios a los empleados,-,USD,2024-03-31,ORO_BLANCO
Otros pasivos no financieros no corrientes,-,USD,2024-03-31,ORO_BLANCO
Total de pasivos no corrientes,389.145,USD,2024-03-31,ORO_BLANCO
Total de pasivos,454.561,USD,2024-03-31,ORO_BLANCO
Capital emitido y pagado,938.986,USD,2024-03-31,ORO_BLANCO
Ganancias (pérdidas) acumuladas,735.702,USD,2024-03-31,ORO_BLANCO
Prima de emisión,83.212,USD,2024-03-31,ORO_BLANCO
Acciones propias en cartera,-,USD,2024-03-31,ORO_BLANCO
Otras participaciones en el patrimonio,851,USD,2024-03-31,ORO_BLANCO
Otras reservas,-72.567,USD,2024-03-31,ORO_BLANCO
Patrimonio atribuible a los propietarios de la controladora,1.686.184,USD,2024-03-31,ORO_BLANCO
Participaciones no controladoras,180.697,USD,2024-03-31,ORO_BLANCO
Patrimonio total,1.866.881,USD,2024-03-31,ORO_BLANCO
Total de patrimonio y pasivos,2.321.442,USD,2024-03-31,ORO_BLANCO
Efectivo y equivalentes al efectivo,32.627,USD,2024-06-30,ORO_BLANCO
Otros activos financieros corrientes,1,USD,2024-06-30,ORO_BLANCO
Otros activos no financieros corrientes,-,USD,2024-06-30,ORO_BLANCO
Deudores comerciales y otras cuentas por cobrar corrientes,-,USD,2024-06-30,ORO_BLANCO
"Cuentas por cobrar a entidades relacionadas, corrientes",-,USD,2024-06-30,ORO_BLANCO
Inventarios corrientes,-,USD,2024-06-30,ORO_BLANCO
Activos biológicos corrientes,-,USD,2024-06-30,ORO_BLANCO
"Activos por impuestos corrientes, corrientes",2.629,USD,2024-06-30,ORO_BLANCO
Total de activos corrientes distintos de los activo o grupos de activos para su disposición clasificados como mantenidos para la venta o como mantenidos para distribuir a los propietarios,35.257,USD,2024-06-30,ORO_BLANCO
Activos no corrientes o grupos de activos para su disposición clasificados como mantenidos para la venta o como mantenidos para distribuir a los propietarios,-,USD,2024-06-30,ORO_BLANCO
Activos corrientes totales,35.257,USD,2024-06-30,ORO_BLANCO
Otros activos financieros no corrientes,3,USD,2024-06-30,ORO_BLANCO
Otros activos no financieros no corrientes,-,USD,2024-06-30,ORO_BLANCO
Cuentas por cobrar no corrientes,-,USD,2024-06-30,ORO_BLANCO
"Cuentas por cobrar a entidades relacionadas, no corrientes",468.794,USD,2024-06-30,ORO_BLANCO
"Inventarios, no corrientes",-,USD,2024-06-30,ORO_BLANCO
Inversiones contabilizadas utilizando el método de la participación,1.270.608,USD,2024-06-30,ORO_BLANCO
Activos intangibles distintos de la plusvalía,-,USD,2024-06-30,ORO_BLANCO
Plusvalía,486.669,USD,2024-06-30,ORO_BLANCO
"Propiedades, planta y equipo",229,USD,2024-06-30,ORO_BLANCO
Activos biológicos no corrientes,-,USD,2024-06-30,ORO_BLANCO
Propiedad de inversión,-,USD,2024-06-30,ORO_BLANCO
Activos por derecho de uso,-,USD,2024-06-30,ORO_BLANCO
"Activos por impuestos corrientes, no corrientes",39.434,USD,2024-06-30,ORO_BLANCO
Activos por impuestos diferidos,7.742,USD,2024-06-30,ORO_BLANCO
Total de activos no corrientes,2.273.479,USD,2024-06-30,ORO_BLANCO
Total de activos,2.308.736,USD,2024-06-30,ORO_BLANCO
Otros pasivos financieros corrientes,2.016,USD,2024-06-30,ORO_BLANCO
Pasivos por arrendamientos corrientes,29,USD,2024-06-30,ORO_BLANCO
Cuentas por pagar comerciales y otras cuentas por pagar,60,USD,2024-06-30,ORO_BLANCO
"Cuentas por pagar a entidades relacionadas, corrientes",-,USD,2024-06-30,ORO_BLANCO
Otras provisiones a corto plazo,-,USD,2024-06-30,ORO_BLANCO
"Pasivos por impuestos corrientes, corrientes",-,USD,2024-06-30,ORO_BLANCO
Provisiones corrientes por beneficios a los empleados,-,USD,2024-06-30,ORO_BLANCO
Otros pasivos no financieros corrientes,44,USD,2024-06-30,ORO_BLANCO
Total de pasivos corrientes distintos de los pasivos incluidos en grupos de activos para su disposición clasificados como mantenidos para la venta,2.149,USD,2024-06-30,ORO_BLANCO
Pasivos incluidos en grupos de activos para su disposición clasificados como mantenidos para la venta,-,USD,2024-06-30,ORO_BLANCO
Pasivos corrientes totales,2.149,USD,2024-06-30,ORO_BLANCO
Otros pasivos financieros no corrientes,369.246,USD,2024-06-30,ORO_BLANCO
Pasivos por arrendamientos no corrientes,167,USD,2024-06-30,ORO_BLANCO
Cuentas por pagar no corrientes,-,USD,2024-06-30,ORO_BLANCO
"Cuentas por pagar a entidades relacionadas, no corrientes",-,USD,2024-06-30,ORO_BLANCO
Otras provisiones a largo plazo,-,USD,2024-06-30,ORO_BLANCO
Pasivo por impuestos diferidos,22.769,USD,2024-06-30,ORO_BLANCO
"Pasivos por impuestos corrientes, no corrientes",-,USD,2024-06-30,ORO_BLANCO
Provisiones no corrientes por beneficios a los empleados,-,USD,2024-06-30,ORO_BLANCO
Otros pasivos no financieros no corrientes,-,USD,2024-06-30,ORO_BLANCO
Total de pasivos no corrientes,392.182,USD,2024-06-30,ORO_BLANCO
Total de pasivos,394.331,USD,2024-06-30,ORO_BLANCO
Capital emitido y pagado,938.986,USD,2024-06-30,ORO_BLANCO
Ganancias (pérdidas) acumuladas,799.790,USD,2024-06-30,ORO_BLANCO
Prima de emisión,83.212,USD,2024-06-30,ORO_BLANCO
Acciones propias en cartera,-,USD,2024-06-30,ORO_BLANCO
Otras participaciones en el patrimonio,851,USD,2024-06-30,ORO_BLANCO
Otras reservas,-92.665,USD,2024-06-30,ORO_BLANCO
Patrimonio atribuible a los propietarios de la controladora,1.730.174,USD,2024-06-30,ORO_BLANCO
Participaciones no controladoras,184.231,USD,2024-06-30,ORO_BLANCO
Patrimonio total,1.914.405,USD,2024-06-30,ORO_BLANCO
Total de patrimonio y pasivos,2.308.736,USD,2024-06-30,ORO_BLANCO
Efectivo y equivalentes al efectivo,30.680,USD,2024-09-30,ORO_BLANCO
Otros activos financieros corrientes,-,USD,2024-09-30,ORO_BLANCO
Otros activos no financieros corrientes,-,USD,2024-09-30,ORO_BLANCO
Deudores comerciales y otras cuentas por cobrar corrientes,-,USD,2024-09-30,ORO_BLANCO
"Cuentas por cobrar a entidades relacionadas, corrientes",-,USD,2024-09-30,ORO_BLANCO
Inventarios corrientes,-,USD,2024-09-30,ORO_BLANCO
Activos biológicos corrientes,-,USD,2024-09-30,ORO_BLANCO
"Activos por impuestos corrientes, corrientes",2.748,USD,2024-09-30,ORO_BLANCO
Total de activos corrientes distintos de los activo o grupos de activos para su disposición clasificados como mantenidos para la venta o como mantenidos para distribuir a los propietarios,33.428,USD,2024-09-30,ORO_BLANCO
Activos no corrientes o grupos de activos para su disposición clasificados como mantenidos para la venta o como mantenidos para distribuir a los propietarios,-,USD,2024-09-30,ORO_BLANCO
Activos corrientes totales,33.428,USD,2024-09-30,ORO_BLANCO
Otros activos financieros no corrientes,3,USD,2024-09-30,ORO_BLANCO
Otros activos no financieros no corrientes,-,USD,2024-09-30,ORO_BLANCO
Cuentas por cobrar no corrientes,-,USD,2024-09-30,ORO_BLANCO
"Cuentas por cobrar a entidades relacionadas, no corrientes",475.505,USD,2024-09-30,ORO_BLANCO
"Inventarios, no corrientes",-,USD,2024-09-30,ORO_BLANCO
Inversiones contabilizadas utilizando el método de la participación,1.298.086,USD,2024-09-30,ORO_BLANCO
Activos intangibles distintos de la plusvalía,-,USD,2024-09-30,ORO_BLANCO
Plusvalía,486.669,USD,2024-09-30,ORO_BLANCO
"Propiedades, planta y equipo",221,USD,2024-09-30,ORO_BLANCO
Activos biológicos no corrientes,-,USD,2024-09-30,ORO_BLANCO
Propiedad de inversión,-,USD,2024-09-30,ORO_BLANCO
Activos por derecho de uso,-,USD,2024-09-30,ORO_BLANCO
"Activos por impuestos corrientes, no corrientes",41.484,USD,2024-09-30,ORO_BLANCO
Activos por impuestos diferidos,8.081,USD,2024-09-30,ORO_BLANCO
Total de activos no corrientes,2.310.049,USD,2024-09-30,ORO_BLANCO
Total de activos,2.343.477,USD,2024-09-30,ORO_BLANCO
Otros pasivos financieros corrientes,68.394,USD,2024-09-30,ORO_BLANCO
Pasivos por arrendamientos corrientes,32,USD,2024-09-30,ORO_BLANCO
Cuentas por pagar comerciales y otras cuentas por pagar,61,USD,2024-09-30,ORO_BLANCO
"Cuentas por pagar a entidades relacionadas, corrientes",-,USD,2024-09-30,ORO_BLANCO
Otras provisiones a corto plazo,-,USD,2024-09-30,ORO_BLANCO
"Pasivos por impuestos corrientes, corrientes",-,USD,2024-09-30,ORO_BLANCO
Provisiones corrientes por beneficios a los empleados,-,USD,2024-09-30,ORO_BLANCO
Otros pasivos no financieros corrientes,50,USD,2024-09-30,ORO_BLANCO
Total de pasivos corrientes distintos de los pasivos incluidos en grupos de activos para su disposición clasificados como mantenidos para la venta,68.537,USD,2024-09-30,ORO_BLANCO
Pasivos incluidos en grupos de activos para su disposición clasificados como mantenidos para la venta,-,USD,2024-09-30,ORO_BLANCO
Pasivos corrientes totales,68.537,USD,2024-09-30,ORO_BLANCO
Otros pasivos financieros no corrientes,307.080,USD,2024-09-30,ORO_BLANCO
Pasivos por arrendamientos no corrientes,169,USD,2024-09-30,ORO_BLANCO
Cuentas por pagar no corrientes,-,USD,2024-09-30,ORO_BLANCO
"Cuentas por pagar a entidades relacionadas, no corrientes",-,USD,2024-09-30,ORO_BLANCO
Otras provisiones a largo plazo,-,USD,2024-09-30,ORO_BLANCO
Pasivo por impuestos diferidos,25.477,USD,2024-09-30,ORO_BLANCO
"Pasivos por impuestos corrientes, no corrientes",-,USD,2024-09-30,ORO_BLANCO
Provisiones no corrientes por beneficios a los empleados,-,USD,2024-09-30,ORO_BLANCO
Otros pasivos no financieros no corrientes,-,USD,2024-09-30,ORO_BLANCO
Total de pasivos no corrientes,332.726,USD,2024-09-30,ORO_BLANCO
Total de pasivos,401.263,USD,2024-09-30,ORO_BLANCO
Capital emitido y pagado,938.986,USD,2024-09-30,ORO_BLANCO
Ganancias (pérdidas) acumuladas,821.396,USD,2024-09-30,ORO_BLANCO
Prima de emisión,83.212,USD,2024-09-30,ORO_BLANCO
Acciones propias en cartera,-,USD,2024-09-30,ORO_BLANCO
Otras participaciones en el patrimonio,851,USD,2024-09-30,ORO_BLANCO
Otras reservas,-89.859,USD,2024-09-30,ORO_BLANCO
Patrimonio atribuible a los propietarios de la controladora,1.754.586,USD,2024-09-30,ORO_BLANCO
Participaciones no controladoras,187.628,USD,2024-09-30,ORO_BLANCO
Patrimonio total,1.942.214,USD,2024-09-30,ORO_BLANCO
Total de patrimonio y pasivos,2.343.477,USD,2024-09-30,ORO_BLANCO
Efectivo y equivalentes al efectivo,21.862,USD,2024-12-31,ORO_BLANCO
Otros activos financieros corrientes,-,USD,2024-12-31,ORO_BLANCO
Otros activos no financieros corrientes,-,USD,2024-12-31,ORO_BLANCO
Deudores comerciales y otras cuentas por cobrar corrientes,-,USD,2024-12-31,ORO_BLANCO
"Cuentas por cobrar a entidades relacionadas, corrientes",-,USD,2024-12-31,ORO_BLANCO
Inventarios corrientes,-,USD,2024-12-31,ORO_BLANCO
Activos biológicos corrientes,-,USD,2024-12-31,ORO_BLANCO
"Activos por impuestos corrientes, corrientes",1.128,USD,2024-12-31,ORO_BLANCO
Total de activos corrientes distintos de los activo o grupos de activos para su disposición clasificados como mantenidos para la venta o como mantenidos para distribuir a los propietarios,22.990,USD,2024-12-31,ORO_BLANCO
Activos no corrientes o grupos de activos para su disposición clasificados como mantenidos para la venta o como mantenidos para distribuir a los propietarios,-,USD,2024-12-31,ORO_BLANCO
Activos corrientes totales,22.990,USD,2024-12-31,ORO_BLANCO
Otros activos financieros no corrientes,3,USD,2024-12-31,ORO_BLANCO
Otros activos no financieros no corrientes,-,USD,2024-12-31,ORO_BLANCO
Cuentas por cobrar no corrientes,-,USD,2024-12-31,ORO_BLANCO
"Cuentas por cobrar a entidades relacionadas, no corrientes",482.014,USD,2024-12-31,ORO_BLANCO
"Inventarios, no corrientes",-,USD,2024-12-31,ORO_BLANCO
Inversiones contabilizadas utilizando el método de la participación,1.311.770,USD,2024-12-31,ORO_BLANCO
Activos intangibles distintos de la plusvalía,-,USD,2024-12-31,ORO_BLANCO
Plusvalía,486.669,USD,2024-12-31,ORO_BLANCO
"Propiedades, planta y equipo",214,USD,2024-12-31,ORO_BLANCO
Activos biológicos no corrientes,-,USD,2024-12-31,ORO_BLANCO
Propiedad de inversión,-,USD,2024-12-31,ORO_BLANCO
Activos por derecho de uso,-,USD,2024-12-31,ORO_BLANCO
"Activos por impuestos corrientes, no corrientes",37.371,USD,2024-12-31,ORO_BLANCO
Activos por impuestos diferidos,10.084,USD,2024-12-31,ORO_BLANCO
Total de activos no corrientes,2.328.125,USD,2024-12-31,ORO_BLANCO
Total de activos,2.351.115,USD,2024-12-31,ORO_BLANCO
Otros pasivos financieros corrientes,64.566,USD,2024-12-31,ORO_BLANCO
Pasivos por arrendamientos corrientes,30,USD,2024-12-31,ORO_BLANCO
Cuentas por pagar comerciales y otras cuentas por pagar,53,USD,2024-12-31,ORO_BLANCO
"Cuentas por pagar a entidades relacionadas, corrientes",-,USD,2024-12-31,ORO_BLANCO
Otras provisiones a corto plazo,-,USD,2024-12-31,ORO_BLANCO
"Pasivos por impuestos corrientes, corrientes",-,USD,2024-12-31,ORO_BLANCO
Provisiones corrientes por beneficios a los empleados,-,USD,2024-12-31,ORO_BLANCO
Otros pasivos no financieros corrientes,47,USD,2024-12-31,ORO_BLANCO
Total de pasivos corrientes distintos de los pasivos incluidos en grupos de activos para su disposición clasificados como mantenidos para la venta,64.696,USD,2024-12-31,ORO_BLANCO
Pasivos incluidos en grupos de activos para su disposición clasificados como mantenidos para la venta,-,USD,2024-12-31,ORO_BLANCO
Pasivos corrientes totales,64.696,USD,2024-12-31,ORO_BLANCO
Otros pasivos financieros no corrientes,305.666,USD,2024-12-31,ORO_BLANCO
Pasivos por arrendamientos no corrientes,147,USD,2024-12-31,ORO_BLANCO
Cuentas por pagar no corrientes,-,USD,2024-12-31,ORO_BLANCO
"Cuentas por pagar a entidades relacionadas, no corrientes",-,USD,2024-12-31,ORO_BLANCO
Otras provisiones a largo plazo,-,USD,2024-12-31,ORO_BLANCO
Pasivo por impuestos diferidos,28.189,USD,2024-12-31,ORO_BLANCO
"Pasivos por impuestos corrientes, no corrientes",-,USD,2024-12-31,ORO_BLANCO
Provisiones no corrientes por beneficios a los empleados,-,USD,2024-12-31,ORO_BLANCO
Otros pasivos no financieros no corrientes,-,USD,2024-12-31,ORO_BLANCO
Total de pasivos no corrientes,334.002,USD,2024-12-31,ORO_BLANCO
Total de pasivos,398.698,USD,2024-12-31,ORO_BLANCO
Capital emitido y pagado,938.986,USD,2024-12-31,ORO_BLANCO
Ganancias (pérdidas) acumuladas,836.748,USD,2024-12-31,ORO_BLANCO
Prima de emisión,83.212,USD,2024-12-31,ORO_BLANCO
Acciones propias en cartera,-,USD,2024-12-31,ORO_BLANCO
Otras participaciones en el patrimonio,851,USD,2024-12-31,ORO_BLANCO
Otras reservas,-96.450,USD,2024-12-31,ORO_BLANCO
Patrimonio atribuible a los propietarios de la controladora,1.763.347,USD,2024-12-31,ORO_BLANCO
Participaciones no controladoras,189.070,USD,2024-12-31,ORO_BLANCO
Patrimonio total,1.952.417,USD,2024-12-31,ORO_BLANCO
Total de patrimonio y pasivos,2.351.115,USD,2024-12-31,ORO_BLANCO
Efectivo y equivalentes al efectivo,19.667,USD,2025-03-31,ORO_BLANCO
Otros activos financieros corrientes,8.002,USD,2025-03-31,ORO_BLANCO
Otros activos no financieros corrientes,-,USD,2025-03-31,ORO_BLANCO
Deudores comerciales y otras cuentas por cobrar corrientes,-,USD,2025-03-31,ORO_BLANCO
"Cuentas por cobrar a entidades relacionadas, corrientes",-,USD,2025-03-31,ORO_BLANCO
Inventarios corrientes,-,USD,2025-03-31,ORO_BLANCO
Activos biológicos corrientes,-,USD,2025-03-31,ORO_BLANCO
"Activos por impuestos corrientes, corrientes",1.179,USD,2025-03-31,ORO_BLANCO
Total de activos corrientes distintos de los activo o grupos de activos para su disposición clasificados como mantenidos para la venta o como mantenidos para distribuir a los propietarios,28.848,USD,2025-03-31,ORO_BLANCO
Activos no corrientes o grupos de activos para su disposición clasificados como mantenidos para la venta o como mantenidos para distribuir a los propietarios,-,USD,2025-03-31,ORO_BLANCO
Activos corrientes totales,28.848,USD,2025-03-31,ORO_BLANCO
Otros activos financieros no corrientes,3,USD,2025-03-31,ORO_BLANCO
Otros activos no financieros no corrientes,-,USD,2025-03-31,ORO_BLANCO
Cuentas por cobrar no corrientes,-,USD,2025-03-31,ORO_BLANCO
"Cuentas por cobrar a entidades relacionadas, no corrientes",488.285,USD,2025-03-31,ORO_BLANCO
"Inventarios, no corrientes",-,USD,2025-03-31,ORO_BLANCO
Inversiones contabilizadas utilizando el método de la participación,1.328.617,USD,2025-03-31,ORO_BLANCO
Activos intangibles distintos de la plusvalía,-,USD,2025-03-31,ORO_BLANCO
Plusvalía,486.669,USD,2025-03-31,ORO_BLANCO
"Propiedades, planta y equipo",206,USD,2025-03-31,ORO_BLANCO
Activos biológicos no corrientes,-,USD,2025-03-31,ORO_BLANCO
Propiedad de inversión,-,USD,2025-03-31,ORO_BLANCO
Activos por derecho de uso,-,USD,2025-03-31,ORO_BLANCO
"Activos por impuestos corrientes, no corrientes",39.073,USD,2025-03-31,ORO_BLANCO
Activos por impuestos diferidos,10.457,USD,2025-03-31,ORO_BLANCO
Total de activos no corrientes,2.353.310,USD,2025-03-31,ORO_BLANCO
Total de activos,2.382.158,USD,2025-03-31,ORO_BLANCO
Otros pasivos financieros corrientes,69.295,USD,2025-03-31,ORO_BLANCO
Pasivos por arrendamientos corrientes,32,USD,2025-03-31,ORO_BLANCO
Cuentas por pagar comerciales y otras cuentas por pagar,33,USD,2025-03-31,ORO_BLANCO
"Cuentas por pagar a entidades relacionadas, corrientes",-,USD,2025-03-31,ORO_BLANCO
Otras provisiones a corto plazo,-,USD,2025-03-31,ORO_BLANCO
"Pasivos por impuestos corrientes, corrientes",-,USD,2025-03-31,ORO_BLANCO
Provisiones corrientes por beneficios a los empleados,-,USD,2025-03-31,ORO_BLANCO
Otros pasivos no financieros corrientes,7.587,USD,2025-03-31,ORO_BLANCO
Total de pasivos corrientes distintos de los pasivos incluidos en grupos de activos para su disposición clasificados como mantenidos para la venta,76.947,USD,2025-03-31,ORO_BLANCO
Pasivos incluidos en grupos de activos para su disposición clasificados como mantenidos para la venta,-,USD,2025-03-31,ORO_BLANCO
Pasivos corrientes totales,76.947,USD,2025-03-31,ORO_BLANCO
Otros pasivos financieros no corrientes,305.653,USD,2025-03-31,ORO_BLANCO
Pasivos por arrendamientos no corrientes,147,USD,2025-03-31,ORO_BLANCO
Cuentas por pagar no corrientes,-,USD,2025-03-31,ORO_BLANCO
"Cuentas por pagar a entidades relacionadas, no corrientes",-,USD,2025-03-31,ORO_BLANCO
Otras provisiones a largo plazo,-,USD,2025-03-31,ORO_BLANCO
Pasivo por impuestos diferidos,30.722,USD,2025-03-31,ORO_BLANCO
"Pasivos por impuestos corrientes, no corrientes",-,USD,2025-03-31,ORO_BLANCO
Provisiones no corrientes por beneficios a los empleados,-,USD,2025-03-31,ORO_BLANCO
Otros pasivos no financieros no corrientes,-,USD,2025-03-31,ORO_BLANCO
Total de pasivos no corrientes,336.522,USD,2025-03-31,ORO_BLANCO
Total de pasivos,413.469,USD,2025-03-31,ORO_BLANCO
Capital emitido y pagado,938.986,USD,2025-03-31,ORO_BLANCO
Ganancias (pérdidas) acumuladas,852.166,USD,2025-03-31,ORO_BLANCO
Prima de emisión,83.212,USD,2025-03-31,ORO_BLANCO
Acciones propias en cartera,-,USD,2025-03-31,ORO_BLANCO
Otras participaciones en el patrimonio,851,USD,2025-03-31,ORO_BLANCO
Otras reservas,-97.607,USD,2025-03-31,ORO_BLANCO
Patrimonio atribuible a los propietarios de la controladora,1.777.608,USD,2025-03-31,ORO_BLANCO
Participaciones no controladoras,191.081,USD,2025-03-31,ORO_BLANCO
Patrimonio total,1.968.689,USD,2025-03-31,ORO_BLANCO
Total de patrimonio y pasivos,2.382.158,USD,2025-03-31,ORO_BLANCO
Efectivo y equivalentes al efectivo,9.333,USD,2025-06-30,ORO_BLANCO
Otros activos financieros corrientes,13.147,USD,2025-06-30,ORO_BLANCO
Otros activos no financieros corrientes,-,USD,2025-06-30,ORO_BLANCO
Deudores comerciales y otras cuentas por cobrar corrientes,-,USD,2025-06-30,ORO_BLANCO
"Cuentas por cobrar a entidades relacionadas, corrientes",-,USD,2025-06-30,ORO_BLANCO
Inventarios corrientes,-,USD,2025-06-30,ORO_BLANCO
Activos biológicos corrientes,-,USD,2025-06-30,ORO_BLANCO
"Activos por impuestos corrientes, corrientes",1.153,USD,2025-06-30,ORO_BLANCO
Total de activos corrientes distintos de los activo o grupos de activos para su disposición clasificados como mantenidos para la venta o como mantenidos para distribuir a los propietarios,23.633,USD,2025-06-30,ORO_BLANCO
Activos no corrientes o grupos de activos para su disposición clasificados como mantenidos para la venta o como mantenidos para distribuir a los propietarios,-,USD,2025-06-30,ORO_BLANCO
Activos corrientes totales,23.633,USD,2025-06-30,ORO_BLANCO
Otros activos financieros no corrientes,3,USD,2025-06-30,ORO_BLANCO
Otros activos no financieros no corrientes,-,USD,2025-06-30,ORO_BLANCO
Cuentas por cobrar no corrientes,-,USD,2025-06-30,ORO_BLANCO
"Cuentas por cobrar a entidades relacionadas, no corrientes",494.627,USD,2025-06-30,ORO_BLANCO
"Inventarios, no corrientes",-,USD,2025-06-30,ORO_BLANCO
Inversiones contabilizadas utilizando el método de la participación,1.346.963,USD,2025-06-30,ORO_BLANCO
Activos intangibles distintos de la plusvalía,-,USD,2025-06-30,ORO_BLANCO
Plusvalía,486.669,USD,2025-06-30,ORO_BLANCO
"Propiedades, planta y equipo",197,USD,2025-06-30,ORO_BLANCO
Activos biológicos no corrientes,-,USD,2025-06-30,ORO_BLANCO
Propiedad de inversión,-,USD,2025-06-30,ORO_BLANCO
Activos por derecho de uso,-,USD,2025-06-30,ORO_BLANCO
"Activos por impuestos corrientes, no corrientes",39.895,USD,2025-06-30,ORO_BLANCO
Activos por impuestos diferidos,11.079,USD,2025-06-30,ORO_BLANCO
Total de activos no corrientes,2.379.433,USD,2025-06-30,ORO_BLANCO
Total de activos,2.403.066,USD,2025-06-30,ORO_BLANCO
Otros pasivos financieros corrientes,126.497,USD,2025-06-30,ORO_BLANCO
Pasivos por arrendamientos corrientes,33,USD,2025-06-30,ORO_BLANCO
Cuentas por pagar comerciales y otras cuentas por pagar,65,USD,2025-06-30,ORO_BLANCO
"Cuentas por pagar a entidades relacionadas, corrientes",-,USD,2025-06-30,ORO_BLANCO
Otras provisiones a corto plazo,-,USD,2025-06-30,ORO_BLANCO
"Pasivos por impuestos corrientes, corrientes",-,USD,2025-06-30,ORO_BLANCO
Provisiones corrientes por beneficios a los empleados,-,USD,2025-06-30,ORO_BLANCO
Otros pasivos no financieros corrientes,12.105,USD,2025-06-30,ORO_BLANCO
Total de pasivos corrientes distintos de los pasivos incluidos en grupos de activos para su disposición clasificados como mantenidos para la venta,138.700,USD,2025-06-30,ORO_BLANCO
Pasivos incluidos en grupos de activos para su disposición clasificados como mantenidos para la venta,-,USD,2025-06-30,ORO_BLANCO
Pasivos corrientes totales,138.700,USD,2025-06-30,ORO_BLANCO
Otros pasivos financieros no corrientes,244.078,USD,2025-06-30,ORO_BLANCO
Pasivos por arrendamientos no corrientes,143,USD,2025-06-30,ORO_BLANCO
Cuentas por pagar no corrientes,-,USD,2025-06-30,ORO_BLANCO
"Cuentas por pagar a entidades relacionadas, no corrientes",-,USD,2025-06-30,ORO_BLANCO
Otras provisiones a largo plazo,-,USD,2025-06-30,ORO_BLANCO
Pasivo por impuestos diferidos,33.282,USD,2025-06-30,ORO_BLANCO
"Pasivos por impuestos corrientes, no corrientes",-,USD,2025-06-30,ORO_BLANCO
Provisiones no corrientes por beneficios a los empleados,-,USD,2025-06-30,ORO_BLANCO
Otros pasivos no financieros no corrientes,-,USD,2025-06-30,ORO_BLANCO
Total de pasivos no corrientes,277.503,USD,2025-06-30,ORO_BLANCO
Total de pasivos,416.203,USD,2025-06-30,ORO_BLANCO
Capital emitido y pagado,938.986,USD,2025-06-30,ORO_BLANCO
Ganancias (pérdidas) acumuladas,861.302,USD,2025-06-30,ORO_BLANCO
Prima de emisión,83.212,USD,2025-06-30,ORO_BLANCO
Acciones propias en cartera,-,USD,2025-06-30,ORO_BLANCO
Otras participaciones en el patrimonio,851,USD,2025-06-30,ORO_BLANCO
Otras reservas,-90.800,USD,2025-06-30,ORO_BLANCO
Patrimonio atribuible a los propietarios de la controladora,1.793.551,USD,2025-06-30,ORO_BLANCO
Participaciones no controladoras,193.312,USD,2025-06-30,ORO_BLANCO
Patrimonio total,1.986.863,USD,2025-06-30,ORO_BLANCO
Total de patrimonio y pasivos,2.403.066,USD,2025-06-30,ORO_BLANCO
