Description,Value,Curncy,Date,ID
Efectivo y equivalentes al efectivo,511.847,USD,2017-03-31,SQM-B
Otros activos financieros corrientes,353.890,USD,2017-03-31,SQM-B
Otros activos no financieros corrientes,50.524,USD,2017-03-31,SQM-B
Deudores comerciales y otras cuentas por cobrar corrientes,421.379,USD,2017-03-31,SQM-B
"Cuentas por cobrar a entidades relacionadas, corrientes",59.395,USD,2017-03-31,SQM-B
Inventarios corrientes,959.340,USD,2017-03-31,SQM-B
Activos biológicos corrientes,-,USD,2017-03-31,SQM-B
"Activos por impuestos corrientes, corrientes",41.708,USD,2017-03-31,SQM-B
Total de activos corrientes distintos de los activo o grupos de activos para su disposición clasificados como mantenidos para la venta o como mantenidos para distribuir a los propietarios,2.398.083,USD,2017-03-31,SQM-B
Activos no corrientes o grupos de activos para su disposición clasificados como mantenidos para la venta o como mantenidos para distribuir a los propietarios,1.964,USD,2017-03-31,SQM-B
Activos corrientes totales,2.400.047,USD,2017-03-31,SQM-B
Otros activos financieros no corrientes,19.859,USD,2017-03-31,SQM-B
Otros activos no financieros no corrientes,23.376,USD,2017-03-31,SQM-B
Cuentas por cobrar no corrientes,1.093,USD,2017-03-31,SQM-B
"Cuentas por cobrar a entidades relacionadas, no corrientes",-,USD,2017-03-31,SQM-B
"Inventarios, no corrientes",-,USD,2017-03-31,SQM-B
Inversiones contabilizadas utilizando el método de la participación,128.388,USD,2017-03-31,SQM-B
Activos intangibles distintos de la plusvalía,109.350,USD,2017-03-31,SQM-B
Plusvalía,44.177,USD,2017-03-31,SQM-B
"Propiedades, planta y equipo",1.490.949,USD,2017-03-31,SQM-B
Activos biológicos no corrientes,-,USD,2017-03-31,SQM-B
Propiedad de inversión,-,USD,2017-03-31,SQM-B
"Activos por impuestos corrientes, no corrientes",31.857,USD,2017-03-31,SQM-B
Activos por impuestos diferidos,401,USD,2017-03-31,SQM-B
Total de activos no corrientes,1.849.450,USD,2017-03-31,SQM-B
Total de activos,4.249.497,USD,2017-03-31,SQM-B
Otros pasivos financieros corrientes,158.844,USD,2017-03-31,SQM-B
Cuentas por pagar comerciales y otras cuentas por pagar,166.917,USD,2017-03-31,SQM-B
"Cuentas por pagar a entidades relacionadas, corrientes",229,USD,2017-03-31,SQM-B
Otras provisiones a corto plazo,38.142,USD,2017-03-31,SQM-B
"Pasivos por impuestos corrientes, corrientes",78.356,USD,2017-03-31,SQM-B
Provisiones corrientes por beneficios a los empleados,8.831,USD,2017-03-31,SQM-B
Otros pasivos no financieros corrientes,213.956,USD,2017-03-31,SQM-B
Total de pasivos corrientes distintos de los pasivos incluidos en grupos de activos para su disposición clasificados como mantenidos para la venta,665.275,USD,2017-03-31,SQM-B
Pasivos incluidos en grupos de activos para su disposición clasificados como mantenidos para la venta,-,USD,2017-03-31,SQM-B
Pasivos corrientes totales,665.275,USD,2017-03-31,SQM-B
Otros pasivos financieros no corrientes,1.063.627,USD,2017-03-31,SQM-B
Cuentas por pagar no corrientes,-,USD,2017-03-31,SQM-B
"Cuentas por pagar a entidades relacionadas, no corrientes",-,USD,2017-03-31,SQM-B
Otras provisiones a largo plazo,13.686,USD,2017-03-31,SQM-B
Pasivo por impuestos diferidos,227.334,USD,2017-03-31,SQM-B
"Pasivos por impuestos corrientes, no corrientes",-,USD,2017-03-31,SQM-B
Provisiones no corrientes por beneficios a los empleados,23.571,USD,2017-03-31,SQM-B
Otros pasivos no financieros no corrientes,-,USD,2017-03-31,SQM-B
Total de pasivos no corrientes,1.328.218,USD,2017-03-31,SQM-B
Total de pasivos,1.993.493,USD,2017-03-31,SQM-B
Capital emitido,477.386,USD,2017-03-31,SQM-B
Ganancias (pérdidas) acumuladas,1.728.284,USD,2017-03-31,SQM-B
Prima de emisión,-,USD,2017-03-31,SQM-B
Acciones propias en cartera,-,USD,2017-03-31,SQM-B
Otras participaciones en el patrimonio,-,USD,2017-03-31,SQM-B
Otras reservas,-10.675,USD,2017-03-31,SQM-B
Patrimonio atribuible a los propietarios de la controladora,2.194.995,USD,2017-03-31,SQM-B
Participaciones no controladoras,61.009,USD,2017-03-31,SQM-B
Patrimonio total,2.256.004,USD,2017-03-31,SQM-B
Total de patrimonio y pasivos,4.249.497,USD,2017-03-31,SQM-B
Efectivo y equivalentes al efectivo,517.625,USD,2017-06-30,SQM-B
Otros activos financieros corrientes,325.837,USD,2017-06-30,SQM-B
Otros activos no financieros corrientes,39.217,USD,2017-06-30,SQM-B
Deudores comerciales y otras cuentas por cobrar corrientes,381.441,USD,2017-06-30,SQM-B
"Cuentas por cobrar a entidades relacionadas, corrientes",55.574,USD,2017-06-30,SQM-B
Inventarios corrientes,951.857,USD,2017-06-30,SQM-B
Activos biológicos corrientes,-,USD,2017-06-30,SQM-B
"Activos por impuestos corrientes, corrientes",46.405,USD,2017-06-30,SQM-B
Total de activos corrientes distintos de los activo o grupos de activos para su disposición clasificados como mantenidos para la venta o como mantenidos para distribuir a los propietarios,2.317.956,USD,2017-06-30,SQM-B
Activos no corrientes o grupos de activos para su disposición clasificados como mantenidos para la venta o como mantenidos para distribuir a los propietarios,1.850,USD,2017-06-30,SQM-B
Activos corrientes totales,2.319.806,USD,2017-06-30,SQM-B
Otros activos financieros no corrientes,30.683,USD,2017-06-30,SQM-B
Otros activos no financieros no corrientes,31.161,USD,2017-06-30,SQM-B
Cuentas por cobrar no corrientes,2.560,USD,2017-06-30,SQM-B
"Cuentas por cobrar a entidades relacionadas, no corrientes",-,USD,2017-06-30,SQM-B
"Inventarios, no corrientes",-,USD,2017-06-30,SQM-B
Inversiones contabilizadas utilizando el método de la participación,109.332,USD,2017-06-30,SQM-B
Activos intangibles distintos de la plusvalía,108.932,USD,2017-06-30,SQM-B
Plusvalía,44.177,USD,2017-06-30,SQM-B
"Propiedades, planta y equipo",1.448.773,USD,2017-06-30,SQM-B
Activos biológicos no corrientes,-,USD,2017-06-30,SQM-B
Propiedad de inversión,-,USD,2017-06-30,SQM-B
"Activos por impuestos corrientes, no corrientes",31.857,USD,2017-06-30,SQM-B
Activos por impuestos diferidos,457,USD,2017-06-30,SQM-B
Total de activos no corrientes,1.807.932,USD,2017-06-30,SQM-B
Total de activos,4.127.738,USD,2017-06-30,SQM-B
Otros pasivos financieros corrientes,137.551,USD,2017-06-30,SQM-B
Cuentas por pagar comerciales y otras cuentas por pagar,159.878,USD,2017-06-30,SQM-B
"Cuentas por pagar a entidades relacionadas, corrientes",1.251,USD,2017-06-30,SQM-B
Otras provisiones a corto plazo,35.724,USD,2017-06-30,SQM-B
"Pasivos por impuestos corrientes, corrientes",47.299,USD,2017-06-30,SQM-B
Provisiones corrientes por beneficios a los empleados,9.936,USD,2017-06-30,SQM-B
Otros pasivos no financieros corrientes,161.952,USD,2017-06-30,SQM-B
Total de pasivos corrientes distintos de los pasivos incluidos en grupos de activos para su disposición clasificados como mantenidos para la venta,553.591,USD,2017-06-30,SQM-B
Pasivos incluidos en grupos de activos para su disposición clasificados como mantenidos para la venta,-,USD,2017-06-30,SQM-B
Pasivos corrientes totales,553.591,USD,2017-06-30,SQM-B
Otros pasivos financieros no corrientes,1.062.886,USD,2017-06-30,SQM-B
Cuentas por pagar no corrientes,-,USD,2017-06-30,SQM-B
"Cuentas por pagar a entidades relacionadas, no corrientes",-,USD,2017-06-30,SQM-B
Otras provisiones a largo plazo,13.619,USD,2017-06-30,SQM-B
Pasivo por impuestos diferidos,222.988,USD,2017-06-30,SQM-B
"Pasivos por impuestos corrientes, no corrientes",-,USD,2017-06-30,SQM-B
Provisiones no corrientes por beneficios a los empleados,26.565,USD,2017-06-30,SQM-B
Otros pasivos no financieros no corrientes,-,USD,2017-06-30,SQM-B
Total de pasivos no corrientes,1.326.058,USD,2017-06-30,SQM-B
Total de pasivos,1.879.649,USD,2017-06-30,SQM-B
Capital emitido,477.386,USD,2017-06-30,SQM-B
Ganancias (pérdidas) acumuladas,1.724.784,USD,2017-06-30,SQM-B
Prima de emisión,-,USD,2017-06-30,SQM-B
Acciones propias en cartera,-,USD,2017-06-30,SQM-B
Otras participaciones en el patrimonio,-,USD,2017-06-30,SQM-B
Otras reservas,-13.112,USD,2017-06-30,SQM-B
Patrimonio atribuible a los propietarios de la controladora,2.189.058,USD,2017-06-30,SQM-B
Participaciones no controladoras,59.031,USD,2017-06-30,SQM-B
Patrimonio total,2.248.089,USD,2017-06-30,SQM-B
Total de patrimonio y pasivos,4.127.738,USD,2017-06-30,SQM-B
Efectivo y equivalentes al efectivo,520.561,USD,2017-09-30,SQM-B
Otros activos financieros corrientes,384.232,USD,2017-09-30,SQM-B
Otros activos no financieros corrientes,34.858,USD,2017-09-30,SQM-B
Deudores comerciales y otras cuentas por cobrar corrientes,377.286,USD,2017-09-30,SQM-B
"Cuentas por cobrar a entidades relacionadas, corrientes",62.855,USD,2017-09-30,SQM-B
Inventarios corrientes,916.386,USD,2017-09-30,SQM-B
Activos biológicos corrientes,-,USD,2017-09-30,SQM-B
"Activos por impuestos corrientes, corrientes",51.414,USD,2017-09-30,SQM-B
Total de activos corrientes distintos de los activo o grupos de activos para su disposición clasificados como mantenidos para la venta o como mantenidos para distribuir a los propietarios,2.347.592,USD,2017-09-30,SQM-B
Activos no corrientes o grupos de activos para su disposición clasificados como mantenidos para la venta o como mantenidos para distribuir a los propietarios,1.894,USD,2017-09-30,SQM-B
Activos corrientes totales,2.349.486,USD,2017-09-30,SQM-B
Otros activos financieros no corrientes,35.242,USD,2017-09-30,SQM-B
Otros activos no financieros no corrientes,27.710,USD,2017-09-30,SQM-B
Cuentas por cobrar no corrientes,1.466,USD,2017-09-30,SQM-B
"Cuentas por cobrar a entidades relacionadas, no corrientes",-,USD,2017-09-30,SQM-B
"Inventarios, no corrientes",-,USD,2017-09-30,SQM-B
Inversiones contabilizadas utilizando el método de la participación,111.378,USD,2017-09-30,SQM-B
Activos intangibles distintos de la plusvalía,108.166,USD,2017-09-30,SQM-B
Plusvalía,44.177,USD,2017-09-30,SQM-B
"Propiedades, planta y equipo",1.435.034,USD,2017-09-30,SQM-B
Activos biológicos no corrientes,-,USD,2017-09-30,SQM-B
Propiedad de inversión,-,USD,2017-09-30,SQM-B
"Activos por impuestos corrientes, no corrientes",32.169,USD,2017-09-30,SQM-B
Activos por impuestos diferidos,-,USD,2017-09-30,SQM-B
Total de activos no corrientes,1.795.342,USD,2017-09-30,SQM-B
Total de activos,4.144.828,USD,2017-09-30,SQM-B
Otros pasivos financieros corrientes,133.562,USD,2017-09-30,SQM-B
Cuentas por pagar comerciales y otras cuentas por pagar,169.315,USD,2017-09-30,SQM-B
"Cuentas por pagar a entidades relacionadas, corrientes",1.052,USD,2017-09-30,SQM-B
Otras provisiones a corto plazo,46.970,USD,2017-09-30,SQM-B
"Pasivos por impuestos corrientes, corrientes",71.757,USD,2017-09-30,SQM-B
Provisiones corrientes por beneficios a los empleados,15.675,USD,2017-09-30,SQM-B
Otros pasivos no financieros corrientes,181.560,USD,2017-09-30,SQM-B
Total de pasivos corrientes distintos de los pasivos incluidos en grupos de activos para su disposición clasificados como mantenidos para la venta,619.891,USD,2017-09-30,SQM-B
Pasivos incluidos en grupos de activos para su disposición clasificados como mantenidos para la venta,-,USD,2017-09-30,SQM-B
Pasivos corrientes totales,619.891,USD,2017-09-30,SQM-B
Otros pasivos financieros no corrientes,1.021.168,USD,2017-09-30,SQM-B
Cuentas por pagar no corrientes,-,USD,2017-09-30,SQM-B
"Cuentas por pagar a entidades relacionadas, no corrientes",-,USD,2017-09-30,SQM-B
Otras provisiones a largo plazo,16.564,USD,2017-09-30,SQM-B
Pasivo por impuestos diferidos,206.003,USD,2017-09-30,SQM-B
"Pasivos por impuestos corrientes, no corrientes",-,USD,2017-09-30,SQM-B
Provisiones no corrientes por beneficios a los empleados,29.706,USD,2017-09-30,SQM-B
Otros pasivos no financieros no corrientes,-,USD,2017-09-30,SQM-B
Total de pasivos no corrientes,1.273.441,USD,2017-09-30,SQM-B
Total de pasivos,1.893.332,USD,2017-09-30,SQM-B
Capital emitido,477.386,USD,2017-09-30,SQM-B
Ganancias (pérdidas) acumuladas,1.724.787,USD,2017-09-30,SQM-B
Prima de emisión,-,USD,2017-09-30,SQM-B
Acciones propias en cartera,-,USD,2017-09-30,SQM-B
Otras participaciones en el patrimonio,-,USD,2017-09-30,SQM-B
Otras reservas,-9.867,USD,2017-09-30,SQM-B
Patrimonio atribuible a los propietarios de la controladora,2.192.306,USD,2017-09-30,SQM-B
Participaciones no controladoras,59.190,USD,2017-09-30,SQM-B
Patrimonio total,2.251.496,USD,2017-09-30,SQM-B
Total de patrimonio y pasivos,4.144.828,USD,2017-09-30,SQM-B
Efectivo y equivalentes al efectivo,630.438,USD,2017-12-31,SQM-B
Otros activos financieros corrientes,366.979,USD,2017-12-31,SQM-B
Otros activos no financieros corrientes,26.883,USD,2017-12-31,SQM-B
Deudores comerciales y otras cuentas por cobrar corrientes,446.875,USD,2017-12-31,SQM-B
"Cuentas por cobrar a entidades relacionadas, corrientes",59.132,USD,2017-12-31,SQM-B
Inventarios corrientes,902.074,USD,2017-12-31,SQM-B
Activos biológicos corrientes,-,USD,2017-12-31,SQM-B
"Activos por impuestos corrientes, corrientes",32.291,USD,2017-12-31,SQM-B
Total de activos corrientes distintos de los activo o grupos de activos para su disposición clasificados como mantenidos para la venta o como mantenidos para distribuir a los propietarios,2.464.672,USD,2017-12-31,SQM-B
Activos no corrientes o grupos de activos para su disposición clasificados como mantenidos para la venta o como mantenidos para distribuir a los propietarios,1.589,USD,2017-12-31,SQM-B
Activos corrientes totales,2.466.261,USD,2017-12-31,SQM-B
Otros activos financieros no corrientes,62.879,USD,2017-12-31,SQM-B
Otros activos no financieros no corrientes,19.262,USD,2017-12-31,SQM-B
Cuentas por cobrar no corrientes,1.912,USD,2017-12-31,SQM-B
"Cuentas por cobrar a entidades relacionadas, no corrientes",-,USD,2017-12-31,SQM-B
"Inventarios, no corrientes",-,USD,2017-12-31,SQM-B
Inversiones contabilizadas utilizando el método de la participación,126.425,USD,2017-12-31,SQM-B
Activos intangibles distintos de la plusvalía,105.948,USD,2017-12-31,SQM-B
Plusvalía,44.177,USD,2017-12-31,SQM-B
"Propiedades, planta y equipo",1.437.193,USD,2017-12-31,SQM-B
Activos biológicos no corrientes,-,USD,2017-12-31,SQM-B
Propiedad de inversión,-,USD,2017-12-31,SQM-B
"Activos por impuestos corrientes, no corrientes",32.179,USD,2017-12-31,SQM-B
Activos por impuestos diferidos,-,USD,2017-12-31,SQM-B
Total de activos no corrientes,1.829.975,USD,2017-12-31,SQM-B
Total de activos,4.296.236,USD,2017-12-31,SQM-B
Otros pasivos financieros corrientes,220.328,USD,2017-12-31,SQM-B
Cuentas por pagar comerciales y otras cuentas por pagar,196.280,USD,2017-12-31,SQM-B
"Cuentas por pagar a entidades relacionadas, corrientes",1.365,USD,2017-12-31,SQM-B
Otras provisiones a corto plazo,63.445,USD,2017-12-31,SQM-B
"Pasivos por impuestos corrientes, corrientes",75.402,USD,2017-12-31,SQM-B
Provisiones corrientes por beneficios a los empleados,22.421,USD,2017-12-31,SQM-B
Otros pasivos no financieros corrientes,168.804,USD,2017-12-31,SQM-B
Total de pasivos corrientes distintos de los pasivos incluidos en grupos de activos para su disposición clasificados como mantenidos para la venta,748.045,USD,2017-12-31,SQM-B
Pasivos incluidos en grupos de activos para su disposición clasificados como mantenidos para la venta,-,USD,2017-12-31,SQM-B
Pasivos corrientes totales,748.045,USD,2017-12-31,SQM-B
Otros pasivos financieros no corrientes,1.031.507,USD,2017-12-31,SQM-B
Cuentas por pagar no corrientes,-,USD,2017-12-31,SQM-B
"Cuentas por pagar a entidades relacionadas, no corrientes",-,USD,2017-12-31,SQM-B
Otras provisiones a largo plazo,30.001,USD,2017-12-31,SQM-B
Pasivo por impuestos diferidos,205.283,USD,2017-12-31,SQM-B
"Pasivos por impuestos corrientes, no corrientes",-,USD,2017-12-31,SQM-B
Provisiones no corrientes por beneficios a los empleados,33.932,USD,2017-12-31,SQM-B
Otros pasivos no financieros no corrientes,-,USD,2017-12-31,SQM-B
Total de pasivos no corrientes,1.300.723,USD,2017-12-31,SQM-B
Total de pasivos,2.048.768,USD,2017-12-31,SQM-B
Capital emitido,477.386,USD,2017-12-31,SQM-B
Ganancias (pérdidas) acumuladas,1.724.784,USD,2017-12-31,SQM-B
Prima de emisión,-,USD,2017-12-31,SQM-B
Acciones propias en cartera,-,USD,2017-12-31,SQM-B
Otras participaciones en el patrimonio,-,USD,2017-12-31,SQM-B
Otras reservas,-14.349,USD,2017-12-31,SQM-B
Patrimonio atribuible a los propietarios de la controladora,2.187.821,USD,2017-12-31,SQM-B
Participaciones no controladoras,59.647,USD,2017-12-31,SQM-B
Patrimonio total,2.247.468,USD,2017-12-31,SQM-B
Total de patrimonio y pasivos,4.296.236,USD,2017-12-31,SQM-B
Efectivo y equivalentes al efectivo,575.089,USD,2018-03-31,SQM-B
Otros activos financieros corrientes,416.040,USD,2018-03-31,SQM-B
Otros activos no financieros corrientes,39.074,USD,2018-03-31,SQM-B
Deudores comerciales y otras cuentas por cobrar corrientes,421.520,USD,2018-03-31,SQM-B
"Cuentas por cobrar a entidades relacionadas, corrientes",57.889,USD,2018-03-31,SQM-B
Inventarios corrientes,923.657,USD,2018-03-31,SQM-B
Activos biológicos corrientes,-,USD,2018-03-31,SQM-B
"Activos por impuestos corrientes, corrientes",43.548,USD,2018-03-31,SQM-B
Total de activos corrientes distintos de los activo o grupos de activos para su disposición clasificados como mantenidos para la venta o como mantenidos para distribuir a los propietarios,2.476.817,USD,2018-03-31,SQM-B
Activos no corrientes o grupos de activos para su disposición clasificados como mantenidos para la venta o como mantenidos para distribuir a los propietarios,1.478,USD,2018-03-31,SQM-B
Activos corrientes totales,2.478.295,USD,2018-03-31,SQM-B
Otros activos financieros no corrientes,50.557,USD,2018-03-31,SQM-B
Otros activos no financieros no corrientes,15.733,USD,2018-03-31,SQM-B
Cuentas por cobrar no corrientes,1.949,USD,2018-03-31,SQM-B
"Cuentas por cobrar a entidades relacionadas, no corrientes",-,USD,2018-03-31,SQM-B
"Inventarios, no corrientes",-,USD,2018-03-31,SQM-B
Inversiones contabilizadas utilizando el método de la participación,153.065,USD,2018-03-31,SQM-B
Activos intangibles distintos de la plusvalía,105.403,USD,2018-03-31,SQM-B
Plusvalía,44.177,USD,2018-03-31,SQM-B
"Propiedades, planta y equipo",1.442.253,USD,2018-03-31,SQM-B
Activos biológicos no corrientes,-,USD,2018-03-31,SQM-B
Propiedad de inversión,-,USD,2018-03-31,SQM-B
"Activos por impuestos corrientes, no corrientes",32.179,USD,2018-03-31,SQM-B
Activos por impuestos diferidos,-,USD,2018-03-31,SQM-B
Total de activos no corrientes,1.845.316,USD,2018-03-31,SQM-B
Total de activos,4.323.611,USD,2018-03-31,SQM-B
Otros pasivos financieros corrientes,135.888,USD,2018-03-31,SQM-B
Cuentas por pagar comerciales y otras cuentas por pagar,300.612,USD,2018-03-31,SQM-B
"Cuentas por pagar a entidades relacionadas, corrientes",2,USD,2018-03-31,SQM-B
Otras provisiones a corto plazo,42.789,USD,2018-03-31,SQM-B
"Pasivos por impuestos corrientes, corrientes",105.617,USD,2018-03-31,SQM-B
Provisiones corrientes por beneficios a los empleados,8.149,USD,2018-03-31,SQM-B
Otros pasivos no financieros corrientes,176.428,USD,2018-03-31,SQM-B
Total de pasivos corrientes distintos de los pasivos incluidos en grupos de activos para su disposición clasificados como mantenidos para la venta,769.485,USD,2018-03-31,SQM-B
Pasivos incluidos en grupos de activos para su disposición clasificados como mantenidos para la venta,-,USD,2018-03-31,SQM-B
Pasivos corrientes totales,769.485,USD,2018-03-31,SQM-B
Otros pasivos financieros no corrientes,1.037.969,USD,2018-03-31,SQM-B
Cuentas por pagar no corrientes,-,USD,2018-03-31,SQM-B
"Cuentas por pagar a entidades relacionadas, no corrientes",-,USD,2018-03-31,SQM-B
Otras provisiones a largo plazo,30.352,USD,2018-03-31,SQM-B
Pasivo por impuestos diferidos,195.870,USD,2018-03-31,SQM-B
"Pasivos por impuestos corrientes, no corrientes",-,USD,2018-03-31,SQM-B
Provisiones no corrientes por beneficios a los empleados,36.962,USD,2018-03-31,SQM-B
Otros pasivos no financieros no corrientes,-,USD,2018-03-31,SQM-B
Total de pasivos no corrientes,1.301.153,USD,2018-03-31,SQM-B
Total de pasivos,2.070.638,USD,2018-03-31,SQM-B
Capital emitido,477.386,USD,2018-03-31,SQM-B
Ganancias (pérdidas) acumuladas,1.717.320,USD,2018-03-31,SQM-B
Prima de emisión,-,USD,2018-03-31,SQM-B
Acciones propias en cartera,-,USD,2018-03-31,SQM-B
Otras participaciones en el patrimonio,-,USD,2018-03-31,SQM-B
Otras reservas,-1.404,USD,2018-03-31,SQM-B
Patrimonio atribuible a los propietarios de la controladora,2.193.302,USD,2018-03-31,SQM-B
Participaciones no controladoras,59.671,USD,2018-03-31,SQM-B
Patrimonio total,2.252.973,USD,2018-03-31,SQM-B
Total de patrimonio y pasivos,4.323.611,USD,2018-03-31,SQM-B
Efectivo y equivalentes al efectivo,528.022,USD,2018-06-30,SQM-B
Otros activos financieros corrientes,428.776,USD,2018-06-30,SQM-B
Otros activos no financieros corrientes,38.250,USD,2018-06-30,SQM-B
Deudores comerciales y otras cuentas por cobrar corrientes,442.720,USD,2018-06-30,SQM-B
"Cuentas por cobrar a entidades relacionadas, corrientes",73.303,USD,2018-06-30,SQM-B
Inventarios corrientes,905.767,USD,2018-06-30,SQM-B
Activos biológicos corrientes,-,USD,2018-06-30,SQM-B
"Activos por impuestos corrientes, corrientes",41.267,USD,2018-06-30,SQM-B
Total de activos corrientes distintos de los activo o grupos de activos para su disposición clasificados como mantenidos para la venta o como mantenidos para distribuir a los propietarios,2.458.105,USD,2018-06-30,SQM-B
Activos no corrientes o grupos de activos para su disposición clasificados como mantenidos para la venta o como mantenidos para distribuir a los propietarios,62.305,USD,2018-06-30,SQM-B
Activos corrientes totales,2.520.410,USD,2018-06-30,SQM-B
Otros activos financieros no corrientes,34.930,USD,2018-06-30,SQM-B
Otros activos no financieros no corrientes,28.138,USD,2018-06-30,SQM-B
Cuentas por cobrar no corrientes,1.706,USD,2018-06-30,SQM-B
"Cuentas por cobrar a entidades relacionadas, no corrientes",-,USD,2018-06-30,SQM-B
"Inventarios, no corrientes",-,USD,2018-06-30,SQM-B
Inversiones contabilizadas utilizando el método de la participación,114.195,USD,2018-06-30,SQM-B
Activos intangibles distintos de la plusvalía,129.201,USD,2018-06-30,SQM-B
Plusvalía,34.758,USD,2018-06-30,SQM-B
"Propiedades, planta y equipo",1.405.897,USD,2018-06-30,SQM-B
Activos biológicos no corrientes,-,USD,2018-06-30,SQM-B
Propiedad de inversión,-,USD,2018-06-30,SQM-B
"Activos por impuestos corrientes, no corrientes",32.179,USD,2018-06-30,SQM-B
Activos por impuestos diferidos,-,USD,2018-06-30,SQM-B
Total de activos no corrientes,1.781.004,USD,2018-06-30,SQM-B
Total de activos,4.301.414,USD,2018-06-30,SQM-B
Otros pasivos financieros corrientes,155.555,USD,2018-06-30,SQM-B
Cuentas por pagar comerciales y otras cuentas por pagar,182.654,USD,2018-06-30,SQM-B
"Cuentas por pagar a entidades relacionadas, corrientes",135,USD,2018-06-30,SQM-B
Otras provisiones a corto plazo,79.889,USD,2018-06-30,SQM-B
"Pasivos por impuestos corrientes, corrientes",59.046,USD,2018-06-30,SQM-B
Provisiones corrientes por beneficios a los empleados,9.990,USD,2018-06-30,SQM-B
Otros pasivos no financieros corrientes,205.251,USD,2018-06-30,SQM-B
Total de pasivos corrientes distintos de los pasivos incluidos en grupos de activos para su disposición clasificados como mantenidos para la venta,692.520,USD,2018-06-30,SQM-B
Pasivos incluidos en grupos de activos para su disposición clasificados como mantenidos para la venta,-,USD,2018-06-30,SQM-B
Pasivos corrientes totales,692.520,USD,2018-06-30,SQM-B
Otros pasivos financieros no corrientes,1.221.920,USD,2018-06-30,SQM-B
Cuentas por pagar no corrientes,-,USD,2018-06-30,SQM-B
"Cuentas por pagar a entidades relacionadas, no corrientes",-,USD,2018-06-30,SQM-B
Otras provisiones a largo plazo,28.202,USD,2018-06-30,SQM-B
Pasivo por impuestos diferidos,183.913,USD,2018-06-30,SQM-B
"Pasivos por impuestos corrientes, no corrientes",-,USD,2018-06-30,SQM-B
Provisiones no corrientes por beneficios a los empleados,35.049,USD,2018-06-30,SQM-B
Otros pasivos no financieros no corrientes,-,USD,2018-06-30,SQM-B
Total de pasivos no corrientes,1.469.084,USD,2018-06-30,SQM-B
Total de pasivos,2.161.604,USD,2018-06-30,SQM-B
Capital emitido,477.386,USD,2018-06-30,SQM-B
Ganancias (pérdidas) acumuladas,1.624.784,USD,2018-06-30,SQM-B
Prima de emisión,-,USD,2018-06-30,SQM-B
Acciones propias en cartera,-,USD,2018-06-30,SQM-B
Otras participaciones en el patrimonio,-,USD,2018-06-30,SQM-B
Otras reservas,-13.643,USD,2018-06-30,SQM-B
Patrimonio atribuible a los propietarios de la controladora,2.088.527,USD,2018-06-30,SQM-B
Participaciones no controladoras,51.283,USD,2018-06-30,SQM-B
Patrimonio total,2.139.810,USD,2018-06-30,SQM-B
Total de patrimonio y pasivos,4.301.414,USD,2018-06-30,SQM-B
Efectivo y equivalentes al efectivo,428.024,USD,2018-09-30,SQM-B
Otros activos financieros corrientes,332.367,USD,2018-09-30,SQM-B
Otros activos no financieros corrientes,39.580,USD,2018-09-30,SQM-B
Deudores comerciales y otras cuentas por cobrar corrientes,428.650,USD,2018-09-30,SQM-B
"Cuentas por cobrar a entidades relacionadas, corrientes",70.862,USD,2018-09-30,SQM-B
Inventarios corrientes,910.207,USD,2018-09-30,SQM-B
Activos biológicos corrientes,-,USD,2018-09-30,SQM-B
"Activos por impuestos corrientes, corrientes",52.089,USD,2018-09-30,SQM-B
Total de activos corrientes distintos de los activo o grupos de activos para su disposición clasificados como mantenidos para la venta o como mantenidos para distribuir a los propietarios,2.261.779,USD,2018-09-30,SQM-B
Activos no corrientes o grupos de activos para su disposición clasificados como mantenidos para la venta o como mantenidos para distribuir a los propietarios,60.131,USD,2018-09-30,SQM-B
Activos corrientes totales,2.321.910,USD,2018-09-30,SQM-B
Otros activos financieros no corrientes,31.930,USD,2018-09-30,SQM-B
Otros activos no financieros no corrientes,25.812,USD,2018-09-30,SQM-B
Cuentas por cobrar no corrientes,2.415,USD,2018-09-30,SQM-B
"Cuentas por cobrar a entidades relacionadas, no corrientes",-,USD,2018-09-30,SQM-B
"Inventarios, no corrientes",-,USD,2018-09-30,SQM-B
Inversiones contabilizadas utilizando el método de la participación,114.081,USD,2018-09-30,SQM-B
Activos intangibles distintos de la plusvalía,128.152,USD,2018-09-30,SQM-B
Plusvalía,34.758,USD,2018-09-30,SQM-B
"Propiedades, planta y equipo",1.433.186,USD,2018-09-30,SQM-B
Activos biológicos no corrientes,-,USD,2018-09-30,SQM-B
Propiedad de inversión,-,USD,2018-09-30,SQM-B
"Activos por impuestos corrientes, no corrientes",32.179,USD,2018-09-30,SQM-B
Activos por impuestos diferidos,-,USD,2018-09-30,SQM-B
Total de activos no corrientes,1.802.513,USD,2018-09-30,SQM-B
Total de activos,4.124.423,USD,2018-09-30,SQM-B
Otros pasivos financieros corrientes,20.369,USD,2018-09-30,SQM-B
Cuentas por pagar comerciales y otras cuentas por pagar,181.778,USD,2018-09-30,SQM-B
"Cuentas por pagar a entidades relacionadas, corrientes",391,USD,2018-09-30,SQM-B
Otras provisiones a corto plazo,90.405,USD,2018-09-30,SQM-B
"Pasivos por impuestos corrientes, corrientes",63.188,USD,2018-09-30,SQM-B
Provisiones corrientes por beneficios a los empleados,14.669,USD,2018-09-30,SQM-B
Otros pasivos no financieros corrientes,164.053,USD,2018-09-30,SQM-B
Total de pasivos corrientes distintos de los pasivos incluidos en grupos de activos para su disposición clasificados como mantenidos para la venta,534.853,USD,2018-09-30,SQM-B
Pasivos incluidos en grupos de activos para su disposición clasificados como mantenidos para la venta,-,USD,2018-09-30,SQM-B
Pasivos corrientes totales,534.853,USD,2018-09-30,SQM-B
Otros pasivos financieros no corrientes,1.216.491,USD,2018-09-30,SQM-B
Cuentas por pagar no corrientes,-,USD,2018-09-30,SQM-B
"Cuentas por pagar a entidades relacionadas, no corrientes",-,USD,2018-09-30,SQM-B
Otras provisiones a largo plazo,29.491,USD,2018-09-30,SQM-B
Pasivo por impuestos diferidos,169.025,USD,2018-09-30,SQM-B
"Pasivos por impuestos corrientes, no corrientes",-,USD,2018-09-30,SQM-B
Provisiones no corrientes por beneficios a los empleados,36.455,USD,2018-09-30,SQM-B
Otros pasivos no financieros no corrientes,-,USD,2018-09-30,SQM-B
Total de pasivos no corrientes,1.451.462,USD,2018-09-30,SQM-B
Total de pasivos,1.986.315,USD,2018-09-30,SQM-B
Capital emitido,477.386,USD,2018-09-30,SQM-B
Ganancias (pérdidas) acumuladas,1.624.784,USD,2018-09-30,SQM-B
Prima de emisión,-,USD,2018-09-30,SQM-B
Acciones propias en cartera,-,USD,2018-09-30,SQM-B
Otras participaciones en el patrimonio,-,USD,2018-09-30,SQM-B
Otras reservas,-16.175,USD,2018-09-30,SQM-B
Patrimonio atribuible a los propietarios de la controladora,2.085.995,USD,2018-09-30,SQM-B
Participaciones no controladoras,52.113,USD,2018-09-30,SQM-B
Patrimonio total,2.138.108,USD,2018-09-30,SQM-B
Total de patrimonio y pasivos,4.124.423,USD,2018-09-30,SQM-B
Efectivo y equivalentes al efectivo,556.066,USD,2018-12-31,SQM-B
Otros activos financieros corrientes,312.721,USD,2018-12-31,SQM-B
Otros activos no financieros corrientes,49.186,USD,2018-12-31,SQM-B
Deudores comerciales y otras cuentas por cobrar corrientes,464.855,USD,2018-12-31,SQM-B
"Cuentas por cobrar a entidades relacionadas, corrientes",44.554,USD,2018-12-31,SQM-B
Inventarios corrientes,913.674,USD,2018-12-31,SQM-B
Activos biológicos corrientes,-,USD,2018-12-31,SQM-B
"Activos por impuestos corrientes, corrientes",57.110,USD,2018-12-31,SQM-B
Total de activos corrientes distintos de los activo o grupos de activos para su disposición clasificados como mantenidos para la venta o como mantenidos para distribuir a los propietarios,2.398.166,USD,2018-12-31,SQM-B
Activos no corrientes o grupos de activos para su disposición clasificados como mantenidos para la venta o como mantenidos para distribuir a los propietarios,1.430,USD,2018-12-31,SQM-B
Activos corrientes totales,2.399.596,USD,2018-12-31,SQM-B
Otros activos financieros no corrientes,17.131,USD,2018-12-31,SQM-B
Otros activos no financieros no corrientes,27.540,USD,2018-12-31,SQM-B
Cuentas por cobrar no corrientes,2.275,USD,2018-12-31,SQM-B
"Cuentas por cobrar a entidades relacionadas, no corrientes",-,USD,2018-12-31,SQM-B
"Inventarios, no corrientes",-,USD,2018-12-31,SQM-B
Inversiones contabilizadas utilizando el método de la participación,111.549,USD,2018-12-31,SQM-B
Activos intangibles distintos de la plusvalía,188.283,USD,2018-12-31,SQM-B
Plusvalía,34.718,USD,2018-12-31,SQM-B
"Propiedades, planta y equipo",1.454.823,USD,2018-12-31,SQM-B
Activos biológicos no corrientes,-,USD,2018-12-31,SQM-B
Propiedad de inversión,-,USD,2018-12-31,SQM-B
"Activos por impuestos corrientes, no corrientes",32.179,USD,2018-12-31,SQM-B
Activos por impuestos diferidos,-,USD,2018-12-31,SQM-B
Total de activos no corrientes,1.868.498,USD,2018-12-31,SQM-B
Total de activos,4.268.094,USD,2018-12-31,SQM-B
Otros pasivos financieros corrientes,23.585,USD,2018-12-31,SQM-B
Cuentas por pagar comerciales y otras cuentas por pagar,163.751,USD,2018-12-31,SQM-B
"Cuentas por pagar a entidades relacionadas, corrientes",9,USD,2018-12-31,SQM-B
Otras provisiones a corto plazo,106.197,USD,2018-12-31,SQM-B
"Pasivos por impuestos corrientes, corrientes",47.412,USD,2018-12-31,SQM-B
Provisiones corrientes por beneficios a los empleados,20.085,USD,2018-12-31,SQM-B
Otros pasivos no financieros corrientes,194.624,USD,2018-12-31,SQM-B
Total de pasivos corrientes distintos de los pasivos incluidos en grupos de activos para su disposición clasificados como mantenidos para la venta,555.663,USD,2018-12-31,SQM-B
Pasivos incluidos en grupos de activos para su disposición clasificados como mantenidos para la venta,-,USD,2018-12-31,SQM-B
Pasivos corrientes totales,555.663,USD,2018-12-31,SQM-B
Otros pasivos financieros no corrientes,1.330.382,USD,2018-12-31,SQM-B
Cuentas por pagar no corrientes,-,USD,2018-12-31,SQM-B
"Cuentas por pagar a entidades relacionadas, no corrientes",-,USD,2018-12-31,SQM-B
Otras provisiones a largo plazo,31.822,USD,2018-12-31,SQM-B
Pasivo por impuestos diferidos,175.361,USD,2018-12-31,SQM-B
"Pasivos por impuestos corrientes, no corrientes",-,USD,2018-12-31,SQM-B
Provisiones no corrientes por beneficios a los empleados,37.064,USD,2018-12-31,SQM-B
Otros pasivos no financieros no corrientes,-,USD,2018-12-31,SQM-B
Total de pasivos no corrientes,1.574.629,USD,2018-12-31,SQM-B
Total de pasivos,2.130.292,USD,2018-12-31,SQM-B
Capital emitido,477.386,USD,2018-12-31,SQM-B
Ganancias (pérdidas) acumuladas,1.623.104,USD,2018-12-31,SQM-B
Prima de emisión,-,USD,2018-12-31,SQM-B
Acciones propias en cartera,-,USD,2018-12-31,SQM-B
Otras participaciones en el patrimonio,-,USD,2018-12-31,SQM-B
Otras reservas,-14.999,USD,2018-12-31,SQM-B
Patrimonio atribuible a los propietarios de la controladora,2.085.491,USD,2018-12-31,SQM-B
Participaciones no controladoras,52.311,USD,2018-12-31,SQM-B
Patrimonio total,2.137.802,USD,2018-12-31,SQM-B
Total de patrimonio y pasivos,4.268.094,USD,2018-12-31,SQM-B
Efectivo y equivalentes al efectivo,602.771,USD,2019-03-31,SQM-B
Otros activos financieros corrientes,299.513,USD,2019-03-31,SQM-B
Otros activos no financieros corrientes,48.413,USD,2019-03-31,SQM-B
Deudores comerciales y otras cuentas por cobrar corrientes,435.278,USD,2019-03-31,SQM-B
"Cuentas por cobrar a entidades relacionadas, corrientes",54.576,USD,2019-03-31,SQM-B
Inventarios corrientes,933.352,USD,2019-03-31,SQM-B
Activos biológicos corrientes,-,USD,2019-03-31,SQM-B
"Activos por impuestos corrientes, corrientes",72.278,USD,2019-03-31,SQM-B
Total de activos corrientes distintos de los activo o grupos de activos para su disposición clasificados como mantenidos para la venta o como mantenidos para distribuir a los propietarios,2.446.181,USD,2019-03-31,SQM-B
Activos no corrientes o grupos de activos para su disposición clasificados como mantenidos para la venta o como mantenidos para distribuir a los propietarios,1.485,USD,2019-03-31,SQM-B
Activos corrientes totales,2.447.666,USD,2019-03-31,SQM-B
Otros activos financieros no corrientes,23.281,USD,2019-03-31,SQM-B
Otros activos no financieros no corrientes,15.880,USD,2019-03-31,SQM-B
Cuentas por cobrar no corrientes,1.886,USD,2019-03-31,SQM-B
"Cuentas por cobrar a entidades relacionadas, no corrientes",-,USD,2019-03-31,SQM-B
"Inventarios, no corrientes",-,USD,2019-03-31,SQM-B
Inversiones contabilizadas utilizando el método de la participación,112.142,USD,2019-03-31,SQM-B
Activos intangibles distintos de la plusvalía,188.811,USD,2019-03-31,SQM-B
Plusvalía,34.861,USD,2019-03-31,SQM-B
"Propiedades, planta y equipo",1.510.869,USD,2019-03-31,SQM-B
Activos biológicos no corrientes,-,USD,2019-03-31,SQM-B
Propiedad de inversión,-,USD,2019-03-31,SQM-B
"Activos por impuestos corrientes, no corrientes",32.179,USD,2019-03-31,SQM-B
Activos por impuestos diferidos,-,USD,2019-03-31,SQM-B
Total de activos no corrientes,1.919.909,USD,2019-03-31,SQM-B
Total de activos,4.367.575,USD,2019-03-31,SQM-B
Otros pasivos financieros corrientes,42.764,USD,2019-03-31,SQM-B
Cuentas por pagar comerciales y otras cuentas por pagar,172.259,USD,2019-03-31,SQM-B
"Cuentas por pagar a entidades relacionadas, corrientes",-,USD,2019-03-31,SQM-B
Otras provisiones a corto plazo,95.796,USD,2019-03-31,SQM-B
"Pasivos por impuestos corrientes, corrientes",49.987,USD,2019-03-31,SQM-B
Provisiones corrientes por beneficios a los empleados,8.352,USD,2019-03-31,SQM-B
Otros pasivos no financieros corrientes,255.993,USD,2019-03-31,SQM-B
Total de pasivos corrientes distintos de los pasivos incluidos en grupos de activos para su disposición clasificados como mantenidos para la venta,625.151,USD,2019-03-31,SQM-B
Pasivos incluidos en grupos de activos para su disposición clasificados como mantenidos para la venta,-,USD,2019-03-31,SQM-B
Pasivos corrientes totales,625.151,USD,2019-03-31,SQM-B
Otros pasivos financieros no corrientes,1.349.557,USD,2019-03-31,SQM-B
Cuentas por pagar no corrientes,-,USD,2019-03-31,SQM-B
"Cuentas por pagar a entidades relacionadas, no corrientes",-,USD,2019-03-31,SQM-B
Otras provisiones a largo plazo,33.120,USD,2019-03-31,SQM-B
Pasivo por impuestos diferidos,187.367,USD,2019-03-31,SQM-B
"Pasivos por impuestos corrientes, no corrientes",-,USD,2019-03-31,SQM-B
Provisiones no corrientes por beneficios a los empleados,35.786,USD,2019-03-31,SQM-B
Otros pasivos no financieros no corrientes,-,USD,2019-03-31,SQM-B
Total de pasivos no corrientes,1.605.830,USD,2019-03-31,SQM-B
Total de pasivos,2.230.981,USD,2019-03-31,SQM-B
Capital emitido y pagado,477.386,USD,2019-03-31,SQM-B
Ganancias (pérdidas) acumuladas,1.623.104,USD,2019-03-31,SQM-B
Prima de emisión,-,USD,2019-03-31,SQM-B
Acciones propias en cartera,-,USD,2019-03-31,SQM-B
Otras participaciones en el patrimonio,-,USD,2019-03-31,SQM-B
Otras reservas,-12.349,USD,2019-03-31,SQM-B
Patrimonio atribuible a los propietarios de la controladora,2.088.141,USD,2019-03-31,SQM-B
Participaciones no controladoras,48.453,USD,2019-03-31,SQM-B
Patrimonio total,2.136.594,USD,2019-03-31,SQM-B
Total de patrimonio y pasivos,4.367.575,USD,2019-03-31,SQM-B
Efectivo y equivalentes al efectivo,799.790,USD,2019-06-30,SQM-B
Otros activos financieros corrientes,417.815,USD,2019-06-30,SQM-B
Otros activos no financieros corrientes,30.697,USD,2019-06-30,SQM-B
Deudores comerciales y otras cuentas por cobrar corrientes,431.985,USD,2019-06-30,SQM-B
"Cuentas por cobrar a entidades relacionadas, corrientes",62.068,USD,2019-06-30,SQM-B
Inventarios corrientes,952.821,USD,2019-06-30,SQM-B
Activos biológicos corrientes,-,USD,2019-06-30,SQM-B
"Activos por impuestos corrientes, corrientes",71.121,USD,2019-06-30,SQM-B
Total de activos corrientes distintos de los activo o grupos de activos para su disposición clasificados como mantenidos para la venta o como mantenidos para distribuir a los propietarios,2.766.297,USD,2019-06-30,SQM-B
Activos no corrientes o grupos de activos para su disposición clasificados como mantenidos para la venta o como mantenidos para distribuir a los propietarios,1.430,USD,2019-06-30,SQM-B
Activos corrientes totales,2.767.727,USD,2019-06-30,SQM-B
Otros activos financieros no corrientes,25.704,USD,2019-06-30,SQM-B
Otros activos no financieros no corrientes,15.341,USD,2019-06-30,SQM-B
Cuentas por cobrar no corrientes,1.124,USD,2019-06-30,SQM-B
"Cuentas por cobrar a entidades relacionadas, no corrientes",-,USD,2019-06-30,SQM-B
"Inventarios, no corrientes",-,USD,2019-06-30,SQM-B
Inversiones contabilizadas utilizando el método de la participación,114.344,USD,2019-06-30,SQM-B
Activos intangibles distintos de la plusvalía,190.128,USD,2019-06-30,SQM-B
Plusvalía,34.856,USD,2019-06-30,SQM-B
"Propiedades, planta y equipo",1.534.610,USD,2019-06-30,SQM-B
Activos biológicos no corrientes,-,USD,2019-06-30,SQM-B
Propiedad de inversión,-,USD,2019-06-30,SQM-B
"Activos por impuestos corrientes, no corrientes",32.179,USD,2019-06-30,SQM-B
Activos por impuestos diferidos,-,USD,2019-06-30,SQM-B
Total de activos no corrientes,1.948.286,USD,2019-06-30,SQM-B
Total de activos,4.716.013,USD,2019-06-30,SQM-B
Otros pasivos financieros corrientes,508.834,USD,2019-06-30,SQM-B
Cuentas por pagar comerciales y otras cuentas por pagar,211.462,USD,2019-06-30,SQM-B
"Cuentas por pagar a entidades relacionadas, corrientes",164,USD,2019-06-30,SQM-B
Otras provisiones a corto plazo,96.860,USD,2019-06-30,SQM-B
"Pasivos por impuestos corrientes, corrientes",19.182,USD,2019-06-30,SQM-B
Provisiones corrientes por beneficios a los empleados,7.775,USD,2019-06-30,SQM-B
Otros pasivos no financieros corrientes,145.629,USD,2019-06-30,SQM-B
Total de pasivos corrientes distintos de los pasivos incluidos en grupos de activos para su disposición clasificados como mantenidos para la venta,989.906,USD,2019-06-30,SQM-B
Pasivos incluidos en grupos de activos para su disposición clasificados como mantenidos para la venta,-,USD,2019-06-30,SQM-B
Pasivos corrientes totales,989.906,USD,2019-06-30,SQM-B
Otros pasivos financieros no corrientes,1.335.937,USD,2019-06-30,SQM-B
Cuentas por pagar no corrientes,-,USD,2019-06-30,SQM-B
"Cuentas por pagar a entidades relacionadas, no corrientes",-,USD,2019-06-30,SQM-B
Otras provisiones a largo plazo,35.549,USD,2019-06-30,SQM-B
Pasivo por impuestos diferidos,180.644,USD,2019-06-30,SQM-B
"Pasivos por impuestos corrientes, no corrientes",-,USD,2019-06-30,SQM-B
Provisiones no corrientes por beneficios a los empleados,36.625,USD,2019-06-30,SQM-B
Otros pasivos no financieros no corrientes,-,USD,2019-06-30,SQM-B
Total de pasivos no corrientes,1.588.755,USD,2019-06-30,SQM-B
Total de pasivos,2.578.661,USD,2019-06-30,SQM-B
Capital emitido y pagado,477.386,USD,2019-06-30,SQM-B
Ganancias (pérdidas) acumuladas,1.620.117,USD,2019-06-30,SQM-B
Prima de emisión,-,USD,2019-06-30,SQM-B
Acciones propias en cartera,-,USD,2019-06-30,SQM-B
Otras participaciones en el patrimonio,-,USD,2019-06-30,SQM-B
Otras reservas,-8.347,USD,2019-06-30,SQM-B
Patrimonio atribuible a los propietarios de la controladora,2.089.156,USD,2019-06-30,SQM-B
Participaciones no controladoras,48.196,USD,2019-06-30,SQM-B
Patrimonio total,2.137.352,USD,2019-06-30,SQM-B
Total de patrimonio y pasivos,4.716.013,USD,2019-06-30,SQM-B
Efectivo y equivalentes al efectivo,787.619,USD,2019-09-30,SQM-B
Otros activos financieros corrientes,376.840,USD,2019-09-30,SQM-B
Otros activos no financieros corrientes,35.658,USD,2019-09-30,SQM-B
Deudores comerciales y otras cuentas por cobrar corrientes,406.718,USD,2019-09-30,SQM-B
"Cuentas por cobrar a entidades relacionadas, corrientes",59.405,USD,2019-09-30,SQM-B
Inventarios corrientes,963.572,USD,2019-09-30,SQM-B
Activos biológicos corrientes,-,USD,2019-09-30,SQM-B
"Activos por impuestos corrientes, corrientes",84.787,USD,2019-09-30,SQM-B
Total de activos corrientes distintos de los activo o grupos de activos para su disposición clasificados como mantenidos para la venta o como mantenidos para distribuir a los propietarios,2.714.599,USD,2019-09-30,SQM-B
Activos no corrientes o grupos de activos para su disposición clasificados como mantenidos para la venta o como mantenidos para distribuir a los propietarios,872,USD,2019-09-30,SQM-B
Activos corrientes totales,2.715.471,USD,2019-09-30,SQM-B
Otros activos financieros no corrientes,14.791,USD,2019-09-30,SQM-B
Otros activos no financieros no corrientes,15.058,USD,2019-09-30,SQM-B
Cuentas por cobrar no corrientes,1.759,USD,2019-09-30,SQM-B
"Cuentas por cobrar a entidades relacionadas, no corrientes",-,USD,2019-09-30,SQM-B
"Inventarios, no corrientes",-,USD,2019-09-30,SQM-B
Inversiones contabilizadas utilizando el método de la participación,119.651,USD,2019-09-30,SQM-B
Activos intangibles distintos de la plusvalía,189.443,USD,2019-09-30,SQM-B
Plusvalía,34.851,USD,2019-09-30,SQM-B
"Propiedades, planta y equipo",1.573.642,USD,2019-09-30,SQM-B
Activos biológicos no corrientes,-,USD,2019-09-30,SQM-B
Propiedad de inversión,-,USD,2019-09-30,SQM-B
"Activos por impuestos corrientes, no corrientes",32.179,USD,2019-09-30,SQM-B
Activos por impuestos diferidos,-,USD,2019-09-30,SQM-B
Total de activos no corrientes,1.981.374,USD,2019-09-30,SQM-B
Total de activos,4.696.845,USD,2019-09-30,SQM-B
Otros pasivos financieros corrientes,488.962,USD,2019-09-30,SQM-B
Cuentas por pagar comerciales y otras cuentas por pagar,194.966,USD,2019-09-30,SQM-B
"Cuentas por pagar a entidades relacionadas, corrientes",776,USD,2019-09-30,SQM-B
Otras provisiones a corto plazo,100.521,USD,2019-09-30,SQM-B
"Pasivos por impuestos corrientes, corrientes",23.554,USD,2019-09-30,SQM-B
Provisiones corrientes por beneficios a los empleados,10.918,USD,2019-09-30,SQM-B
Otros pasivos no financieros corrientes,162.423,USD,2019-09-30,SQM-B
Total de pasivos corrientes distintos de los pasivos incluidos en grupos de activos para su disposición clasificados como mantenidos para la venta,982.120,USD,2019-09-30,SQM-B
Pasivos incluidos en grupos de activos para su disposición clasificados como mantenidos para la venta,-,USD,2019-09-30,SQM-B
Pasivos corrientes totales,982.120,USD,2019-09-30,SQM-B
Otros pasivos financieros no corrientes,1.324.156,USD,2019-09-30,SQM-B
Cuentas por pagar no corrientes,-,USD,2019-09-30,SQM-B
"Cuentas por pagar a entidades relacionadas, no corrientes",-,USD,2019-09-30,SQM-B
Otras provisiones a largo plazo,35.141,USD,2019-09-30,SQM-B
Pasivo por impuestos diferidos,177.668,USD,2019-09-30,SQM-B
"Pasivos por impuestos corrientes, no corrientes",-,USD,2019-09-30,SQM-B
Provisiones no corrientes por beneficios a los empleados,36.552,USD,2019-09-30,SQM-B
Otros pasivos no financieros no corrientes,-,USD,2019-09-30,SQM-B
Total de pasivos no corrientes,1.573.517,USD,2019-09-30,SQM-B
Total de pasivos,2.555.637,USD,2019-09-30,SQM-B
Capital emitido y pagado,477.386,USD,2019-09-30,SQM-B
Ganancias (pérdidas) acumuladas,1.623.104,USD,2019-09-30,SQM-B
Prima de emisión,-,USD,2019-09-30,SQM-B
Acciones propias en cartera,-,USD,2019-09-30,SQM-B
Otras participaciones en el patrimonio,-,USD,2019-09-30,SQM-B
Otras reservas,-7.589,USD,2019-09-30,SQM-B
Patrimonio atribuible a los propietarios de la controladora,2.092.901,USD,2019-09-30,SQM-B
Participaciones no controladoras,48.307,USD,2019-09-30,SQM-B
Patrimonio total,2.141.208,USD,2019-09-30,SQM-B
Total de patrimonio y pasivos,4.696.845,USD,2019-09-30,SQM-B
Efectivo y equivalentes al efectivo,588.530,USD,2019-12-31,SQM-B
Otros activos financieros corrientes,505.490,USD,2019-12-31,SQM-B
Otros activos no financieros corrientes,50.552,USD,2019-12-31,SQM-B
Deudores comerciales y otras cuentas por cobrar corrientes,399.142,USD,2019-12-31,SQM-B
"Cuentas por cobrar a entidades relacionadas, corrientes",61.227,USD,2019-12-31,SQM-B
Inventarios corrientes,983.338,USD,2019-12-31,SQM-B
Activos biológicos corrientes,-,USD,2019-12-31,SQM-B
"Activos por impuestos corrientes, corrientes",91.433,USD,2019-12-31,SQM-B
Total de activos corrientes distintos de los activo o grupos de activos para su disposición clasificados como mantenidos para la venta o como mantenidos para distribuir a los propietarios,2.679.712,USD,2019-12-31,SQM-B
Activos no corrientes o grupos de activos para su disposición clasificados como mantenidos para la venta o como mantenidos para distribuir a los propietarios,2.454,USD,2019-12-31,SQM-B
Activos corrientes totales,2.682.166,USD,2019-12-31,SQM-B
Otros activos financieros no corrientes,8.778,USD,2019-12-31,SQM-B
Otros activos no financieros no corrientes,19.729,USD,2019-12-31,SQM-B
Cuentas por cobrar no corrientes,1.710,USD,2019-12-31,SQM-B
"Cuentas por cobrar a entidades relacionadas, no corrientes",-,USD,2019-12-31,SQM-B
"Inventarios, no corrientes",-,USD,2019-12-31,SQM-B
Inversiones contabilizadas utilizando el método de la participación,109.435,USD,2019-12-31,SQM-B
Activos intangibles distintos de la plusvalía,188.358,USD,2019-12-31,SQM-B
Plusvalía,34.726,USD,2019-12-31,SQM-B
"Propiedades, planta y equipo",1.607.070,USD,2019-12-31,SQM-B
Activos biológicos no corrientes,-,USD,2019-12-31,SQM-B
Propiedad de inversión,-,USD,2019-12-31,SQM-B
"Activos por impuestos corrientes, no corrientes",32.179,USD,2019-12-31,SQM-B
Activos por impuestos diferidos,-,USD,2019-12-31,SQM-B
Total de activos no corrientes,2.001.985,USD,2019-12-31,SQM-B
Total de activos,4.684.151,USD,2019-12-31,SQM-B
Otros pasivos financieros corrientes,298.822,USD,2019-12-31,SQM-B
Cuentas por pagar comerciales y otras cuentas por pagar,205.790,USD,2019-12-31,SQM-B
"Cuentas por pagar a entidades relacionadas, corrientes",475,USD,2019-12-31,SQM-B
Otras provisiones a corto plazo,110.565,USD,2019-12-31,SQM-B
"Pasivos por impuestos corrientes, corrientes",17.874,USD,2019-12-31,SQM-B
Provisiones corrientes por beneficios a los empleados,16.387,USD,2019-12-31,SQM-B
Otros pasivos no financieros corrientes,126.899,USD,2019-12-31,SQM-B
Total de pasivos corrientes distintos de los pasivos incluidos en grupos de activos para su disposición clasificados como mantenidos para la venta,776.812,USD,2019-12-31,SQM-B
Pasivos incluidos en grupos de activos para su disposición clasificados como mantenidos para la venta,-,USD,2019-12-31,SQM-B
Pasivos corrientes totales,776.812,USD,2019-12-31,SQM-B
Otros pasivos financieros no corrientes,1.518.926,USD,2019-12-31,SQM-B
Cuentas por pagar no corrientes,-,USD,2019-12-31,SQM-B
"Cuentas por pagar a entidades relacionadas, no corrientes",-,USD,2019-12-31,SQM-B
Otras provisiones a largo plazo,34.690,USD,2019-12-31,SQM-B
Pasivo por impuestos diferidos,183.411,USD,2019-12-31,SQM-B
"Pasivos por impuestos corrientes, no corrientes",-,USD,2019-12-31,SQM-B
Provisiones no corrientes por beneficios a los empleados,35.840,USD,2019-12-31,SQM-B
Otros pasivos no financieros no corrientes,-,USD,2019-12-31,SQM-B
Total de pasivos no corrientes,1.772.867,USD,2019-12-31,SQM-B
Total de pasivos,2.549.679,USD,2019-12-31,SQM-B
Capital emitido y pagado,477.386,USD,2019-12-31,SQM-B
Ganancias (pérdidas) acumuladas,1.623.104,USD,2019-12-31,SQM-B
Prima de emisión,-,USD,2019-12-31,SQM-B
Acciones propias en cartera,-,USD,2019-12-31,SQM-B
Otras participaciones en el patrimonio,-,USD,2019-12-31,SQM-B
Otras reservas,-14.223,USD,2019-12-31,SQM-B
Patrimonio atribuible a los propietarios de la controladora,2.086.267,USD,2019-12-31,SQM-B
Participaciones no controladoras,48.205,USD,2019-12-31,SQM-B
Patrimonio total,2.134.472,USD,2019-12-31,SQM-B
Total de patrimonio y pasivos,4.684.151,USD,2019-12-31,SQM-B
Efectivo y equivalentes al efectivo,727.599,USD,2020-03-31,SQM-B
Otros activos financieros corrientes,677.742,USD,2020-03-31,SQM-B
Otros activos no financieros corrientes,40.044,USD,2020-03-31,SQM-B
Deudores comerciales y otras cuentas por cobrar corrientes,360.625,USD,2020-03-31,SQM-B
"Cuentas por cobrar a entidades relacionadas, corrientes",65.456,USD,2020-03-31,SQM-B
Inventarios corrientes,1.041.387,USD,2020-03-31,SQM-B
Activos biológicos corrientes,-,USD,2020-03-31,SQM-B
"Activos por impuestos corrientes, corrientes",106.208,USD,2020-03-31,SQM-B
Total de activos corrientes distintos de los activo o grupos de activos para su disposición clasificados como mantenidos para la venta o como mantenidos para distribuir a los propietarios,3.019.061,USD,2020-03-31,SQM-B
Activos no corrientes o grupos de activos para su disposición clasificados como mantenidos para la venta o como mantenidos para distribuir a los propietarios,1.711,USD,2020-03-31,SQM-B
Activos corrientes totales,3.020.772,USD,2020-03-31,SQM-B
Otros activos financieros no corrientes,4.142,USD,2020-03-31,SQM-B
Otros activos no financieros no corrientes,19.299,USD,2020-03-31,SQM-B
Cuentas por cobrar no corrientes,1.764,USD,2020-03-31,SQM-B
"Cuentas por cobrar a entidades relacionadas, no corrientes",-,USD,2020-03-31,SQM-B
"Inventarios, no corrientes",-,USD,2020-03-31,SQM-B
Inversiones contabilizadas utilizando el método de la participación,106.293,USD,2020-03-31,SQM-B
Activos intangibles distintos de la plusvalía,187.876,USD,2020-03-31,SQM-B
Plusvalía,34.726,USD,2020-03-31,SQM-B
"Propiedades, planta y equipo",1.591.501,USD,2020-03-31,SQM-B
Activos biológicos no corrientes,-,USD,2020-03-31,SQM-B
Propiedad de inversión,-,USD,2020-03-31,SQM-B
Activos por derecho de uso,35.052,USD,2020-03-31,SQM-B
"Activos por impuestos corrientes, no corrientes",32.179,USD,2020-03-31,SQM-B
Activos por impuestos diferidos,-,USD,2020-03-31,SQM-B
Total de activos no corrientes,2.012.832,USD,2020-03-31,SQM-B
Total de activos,5.033.604,USD,2020-03-31,SQM-B
Otros pasivos financieros corrientes,460.048,USD,2020-03-31,SQM-B
Pasivos por arrendamientos corrientes,7.520,USD,2020-03-31,SQM-B
Cuentas por pagar comerciales y otras cuentas por pagar,171.183,USD,2020-03-31,SQM-B
"Cuentas por pagar a entidades relacionadas, corrientes",303,USD,2020-03-31,SQM-B
Otras provisiones a corto plazo,83.109,USD,2020-03-31,SQM-B
"Pasivos por impuestos corrientes, corrientes",22.244,USD,2020-03-31,SQM-B
Provisiones corrientes por beneficios a los empleados,11.200,USD,2020-03-31,SQM-B
Otros pasivos no financieros corrientes,176.614,USD,2020-03-31,SQM-B
Total de pasivos corrientes distintos de los pasivos incluidos en grupos de activos para su disposición clasificados como mantenidos para la venta,932.221,USD,2020-03-31,SQM-B
Pasivos incluidos en grupos de activos para su disposición clasificados como mantenidos para la venta,-,USD,2020-03-31,SQM-B
Pasivos corrientes totales,932.221,USD,2020-03-31,SQM-B
Otros pasivos financieros no corrientes,1.712.312,USD,2020-03-31,SQM-B
Pasivos por arrendamientos no corrientes,28.376,USD,2020-03-31,SQM-B
Cuentas por pagar no corrientes,21.168,USD,2020-03-31,SQM-B
"Cuentas por pagar a entidades relacionadas, no corrientes",-,USD,2020-03-31,SQM-B
Otras provisiones a largo plazo,34.749,USD,2020-03-31,SQM-B
Pasivo por impuestos diferidos,168.336,USD,2020-03-31,SQM-B
"Pasivos por impuestos corrientes, no corrientes",-,USD,2020-03-31,SQM-B
Provisiones no corrientes por beneficios a los empleados,25.999,USD,2020-03-31,SQM-B
Otros pasivos no financieros no corrientes,-,USD,2020-03-31,SQM-B
Total de pasivos no corrientes,1.990.940,USD,2020-03-31,SQM-B
Total de pasivos,2.923.161,USD,2020-03-31,SQM-B
Capital emitido y pagado,477.386,USD,2020-03-31,SQM-B
Ganancias (pérdidas) acumuladas,1.623.104,USD,2020-03-31,SQM-B
Prima de emisión,-,USD,2020-03-31,SQM-B
Acciones propias en cartera,-,USD,2020-03-31,SQM-B
Otras participaciones en el patrimonio,-,USD,2020-03-31,SQM-B
Otras reservas,-34.629,USD,2020-03-31,SQM-B
Patrimonio atribuible a los propietarios de la controladora,2.065.861,USD,2020-03-31,SQM-B
Participaciones no controladoras,44.582,USD,2020-03-31,SQM-B
Patrimonio total,2.110.443,USD,2020-03-31,SQM-B
Total de patrimonio y pasivos,5.033.604,USD,2020-03-31,SQM-B
Efectivo y equivalentes al efectivo,581.631,USD,2020-06-30,SQM-B
Otros activos financieros corrientes,493.579,USD,2020-06-30,SQM-B
Otros activos no financieros corrientes,37.463,USD,2020-06-30,SQM-B
Deudores comerciales y otras cuentas por cobrar corrientes,329.193,USD,2020-06-30,SQM-B
"Cuentas por cobrar a entidades relacionadas, corrientes",60.100,USD,2020-06-30,SQM-B
Inventarios corrientes,1.075.428,USD,2020-06-30,SQM-B
Activos biológicos corrientes,-,USD,2020-06-30,SQM-B
"Activos por impuestos corrientes, corrientes",111.724,USD,2020-06-30,SQM-B
Total de activos corrientes distintos de los activo o grupos de activos para su disposición clasificados como mantenidos para la venta o como mantenidos para distribuir a los propietarios,2.689.118,USD,2020-06-30,SQM-B
Activos no corrientes o grupos de activos para su disposición clasificados como mantenidos para la venta o como mantenidos para distribuir a los propietarios,32.107,USD,2020-06-30,SQM-B
Activos corrientes totales,2.721.225,USD,2020-06-30,SQM-B
Otros activos financieros no corrientes,8.845,USD,2020-06-30,SQM-B
Otros activos no financieros no corrientes,19.179,USD,2020-06-30,SQM-B
Cuentas por cobrar no corrientes,5.110,USD,2020-06-30,SQM-B
"Cuentas por cobrar a entidades relacionadas, no corrientes",-,USD,2020-06-30,SQM-B
"Inventarios, no corrientes",-,USD,2020-06-30,SQM-B
Inversiones contabilizadas utilizando el método de la participación,71.561,USD,2020-06-30,SQM-B
Activos intangibles distintos de la plusvalía,187.025,USD,2020-06-30,SQM-B
Plusvalía,34.596,USD,2020-06-30,SQM-B
"Propiedades, planta y equipo",1.629.651,USD,2020-06-30,SQM-B
Activos biológicos no corrientes,-,USD,2020-06-30,SQM-B
Propiedad de inversión,-,USD,2020-06-30,SQM-B
Activos por derecho de uso,33.032,USD,2020-06-30,SQM-B
"Activos por impuestos corrientes, no corrientes",32.179,USD,2020-06-30,SQM-B
Activos por impuestos diferidos,-,USD,2020-06-30,SQM-B
Total de activos no corrientes,2.021.178,USD,2020-06-30,SQM-B
Total de activos,4.742.403,USD,2020-06-30,SQM-B
Otros pasivos financieros corrientes,215.967,USD,2020-06-30,SQM-B
Pasivos por arrendamientos corrientes,6.632,USD,2020-06-30,SQM-B
Cuentas por pagar comerciales y otras cuentas por pagar,193.450,USD,2020-06-30,SQM-B
"Cuentas por pagar a entidades relacionadas, corrientes",1.425,USD,2020-06-30,SQM-B
Otras provisiones a corto plazo,85.592,USD,2020-06-30,SQM-B
"Pasivos por impuestos corrientes, corrientes",20.661,USD,2020-06-30,SQM-B
Provisiones corrientes por beneficios a los empleados,14.334,USD,2020-06-30,SQM-B
Otros pasivos no financieros corrientes,97.344,USD,2020-06-30,SQM-B
Total de pasivos corrientes distintos de los pasivos incluidos en grupos de activos para su disposición clasificados como mantenidos para la venta,635.405,USD,2020-06-30,SQM-B
Pasivos incluidos en grupos de activos para su disposición clasificados como mantenidos para la venta,-,USD,2020-06-30,SQM-B
Pasivos corrientes totales,635.405,USD,2020-06-30,SQM-B
Otros pasivos financieros no corrientes,1.715.416,USD,2020-06-30,SQM-B
Pasivos por arrendamientos no corrientes,27.261,USD,2020-06-30,SQM-B
Cuentas por pagar no corrientes,9.777,USD,2020-06-30,SQM-B
"Cuentas por pagar a entidades relacionadas, no corrientes",-,USD,2020-06-30,SQM-B
Otras provisiones a largo plazo,34.882,USD,2020-06-30,SQM-B
Pasivo por impuestos diferidos,172.373,USD,2020-06-30,SQM-B
"Pasivos por impuestos corrientes, no corrientes",-,USD,2020-06-30,SQM-B
Provisiones no corrientes por beneficios a los empleados,27.623,USD,2020-06-30,SQM-B
Otros pasivos no financieros no corrientes,-,USD,2020-06-30,SQM-B
Total de pasivos no corrientes,1.987.332,USD,2020-06-30,SQM-B
Total de pasivos,2.622.737,USD,2020-06-30,SQM-B
Capital emitido y pagado,477.386,USD,2020-06-30,SQM-B
Ganancias (pérdidas) acumuladas,1.623.104,USD,2020-06-30,SQM-B
Prima de emisión,-,USD,2020-06-30,SQM-B
Acciones propias en cartera,-,USD,2020-06-30,SQM-B
Otras participaciones en el patrimonio,-,USD,2020-06-30,SQM-B
Otras reservas,-25.196,USD,2020-06-30,SQM-B
Patrimonio atribuible a los propietarios de la controladora,2.075.294,USD,2020-06-30,SQM-B
Participaciones no controladoras,44.372,USD,2020-06-30,SQM-B
Patrimonio total,2.119.666,USD,2020-06-30,SQM-B
Total de patrimonio y pasivos,4.742.403,USD,2020-06-30,SQM-B
Efectivo y equivalentes al efectivo,637.541,USD,2020-09-30,SQM-B
Otros activos financieros corrientes,415.289,USD,2020-09-30,SQM-B
Otros activos no financieros corrientes,49.720,USD,2020-09-30,SQM-B
Deudores comerciales y otras cuentas por cobrar corrientes,382.423,USD,2020-09-30,SQM-B
"Cuentas por cobrar a entidades relacionadas, corrientes",56.481,USD,2020-09-30,SQM-B
Inventarios corrientes,1.092.482,USD,2020-09-30,SQM-B
Activos biológicos corrientes,-,USD,2020-09-30,SQM-B
"Activos por impuestos corrientes, corrientes",112.818,USD,2020-09-30,SQM-B
Total de activos corrientes distintos de los activo o grupos de activos para su disposición clasificados como mantenidos para la venta o como mantenidos para distribuir a los propietarios,2.746.754,USD,2020-09-30,SQM-B
Activos no corrientes o grupos de activos para su disposición clasificados como mantenidos para la venta o como mantenidos para distribuir a los propietarios,2.968,USD,2020-09-30,SQM-B
Activos corrientes totales,2.749.722,USD,2020-09-30,SQM-B
Otros activos financieros no corrientes,14.670,USD,2020-09-30,SQM-B
Otros activos no financieros no corrientes,18.801,USD,2020-09-30,SQM-B
Cuentas por cobrar no corrientes,11.093,USD,2020-09-30,SQM-B
"Cuentas por cobrar a entidades relacionadas, no corrientes",-,USD,2020-09-30,SQM-B
"Inventarios, no corrientes",-,USD,2020-09-30,SQM-B
Inversiones contabilizadas utilizando el método de la participación,79.340,USD,2020-09-30,SQM-B
Activos intangibles distintos de la plusvalía,181.821,USD,2020-09-30,SQM-B
Plusvalía,34.596,USD,2020-09-30,SQM-B
"Propiedades, planta y equipo",1.650.693,USD,2020-09-30,SQM-B
Activos biológicos no corrientes,-,USD,2020-09-30,SQM-B
Propiedad de inversión,-,USD,2020-09-30,SQM-B
Activos por derecho de uso,32.701,USD,2020-09-30,SQM-B
"Activos por impuestos corrientes, no corrientes",32.179,USD,2020-09-30,SQM-B
Activos por impuestos diferidos,-,USD,2020-09-30,SQM-B
Total de activos no corrientes,2.055.894,USD,2020-09-30,SQM-B
Total de activos,4.805.616,USD,2020-09-30,SQM-B
Otros pasivos financieros corrientes,215.231,USD,2020-09-30,SQM-B
Pasivos por arrendamientos corrientes,6.574,USD,2020-09-30,SQM-B
Cuentas por pagar comerciales y otras cuentas por pagar,174.908,USD,2020-09-30,SQM-B
"Cuentas por pagar a entidades relacionadas, corrientes",1.516,USD,2020-09-30,SQM-B
Otras provisiones a corto plazo,161.465,USD,2020-09-30,SQM-B
"Pasivos por impuestos corrientes, corrientes",17.077,USD,2020-09-30,SQM-B
Provisiones corrientes por beneficios a los empleados,8.674,USD,2020-09-30,SQM-B
Otros pasivos no financieros corrientes,166.421,USD,2020-09-30,SQM-B
Total de pasivos corrientes distintos de los pasivos incluidos en grupos de activos para su disposición clasificados como mantenidos para la venta,751.866,USD,2020-09-30,SQM-B
Pasivos incluidos en grupos de activos para su disposición clasificados como mantenidos para la venta,-,USD,2020-09-30,SQM-B
Pasivos corrientes totales,751.866,USD,2020-09-30,SQM-B
Otros pasivos financieros no corrientes,1.708.751,USD,2020-09-30,SQM-B
Pasivos por arrendamientos no corrientes,27.086,USD,2020-09-30,SQM-B
Cuentas por pagar no corrientes,7.591,USD,2020-09-30,SQM-B
"Cuentas por pagar a entidades relacionadas, no corrientes",-,USD,2020-09-30,SQM-B
Otras provisiones a largo plazo,35.031,USD,2020-09-30,SQM-B
Pasivo por impuestos diferidos,155.460,USD,2020-09-30,SQM-B
"Pasivos por impuestos corrientes, no corrientes",-,USD,2020-09-30,SQM-B
Provisiones no corrientes por beneficios a los empleados,27.837,USD,2020-09-30,SQM-B
Otros pasivos no financieros no corrientes,-,USD,2020-09-30,SQM-B
Total de pasivos no corrientes,1.961.756,USD,2020-09-30,SQM-B
Total de pasivos,2.713.622,USD,2020-09-30,SQM-B
Capital emitido y pagado,477.386,USD,2020-09-30,SQM-B
Ganancias (pérdidas) acumuladas,1.575.643,USD,2020-09-30,SQM-B
Prima de emisión,-,USD,2020-09-30,SQM-B
Acciones propias en cartera,-,USD,2020-09-30,SQM-B
Otras participaciones en el patrimonio,-,USD,2020-09-30,SQM-B
Otras reservas,-5.418,USD,2020-09-30,SQM-B
Patrimonio atribuible a los propietarios de la controladora,2.047.611,USD,2020-09-30,SQM-B
Participaciones no controladoras,44.383,USD,2020-09-30,SQM-B
Patrimonio total,2.091.994,USD,2020-09-30,SQM-B
Total de patrimonio y pasivos,4.805.616,USD,2020-09-30,SQM-B
Efectivo y equivalentes al efectivo,509.102,USD,2020-12-31,SQM-B
Otros activos financieros corrientes,348.069,USD,2020-12-31,SQM-B
Otros activos no financieros corrientes,57.399,USD,2020-12-31,SQM-B
Deudores comerciales y otras cuentas por cobrar corrientes,365.206,USD,2020-12-31,SQM-B
"Cuentas por cobrar a entidades relacionadas, corrientes",62.601,USD,2020-12-31,SQM-B
Inventarios corrientes,1.093.028,USD,2020-12-31,SQM-B
Activos biológicos corrientes,-,USD,2020-12-31,SQM-B
"Activos por impuestos corrientes, corrientes",132.224,USD,2020-12-31,SQM-B
Total de activos corrientes distintos de los activo o grupos de activos para su disposición clasificados como mantenidos para la venta o como mantenidos para distribuir a los propietarios,2.567.629,USD,2020-12-31,SQM-B
Activos no corrientes o grupos de activos para su disposición clasificados como mantenidos para la venta o como mantenidos para distribuir a los propietarios,1.629,USD,2020-12-31,SQM-B
Activos corrientes totales,2.569.258,USD,2020-12-31,SQM-B
Otros activos financieros no corrientes,51.925,USD,2020-12-31,SQM-B
Otros activos no financieros no corrientes,22.042,USD,2020-12-31,SQM-B
Cuentas por cobrar no corrientes,11.165,USD,2020-12-31,SQM-B
"Cuentas por cobrar a entidades relacionadas, no corrientes",-,USD,2020-12-31,SQM-B
"Inventarios, no corrientes",-,USD,2020-12-31,SQM-B
Inversiones contabilizadas utilizando el método de la participación,85.993,USD,2020-12-31,SQM-B
Activos intangibles distintos de la plusvalía,178.407,USD,2020-12-31,SQM-B
Plusvalía,41.966,USD,2020-12-31,SQM-B
"Propiedades, planta y equipo",1.737.319,USD,2020-12-31,SQM-B
Activos biológicos no corrientes,-,USD,2020-12-31,SQM-B
Propiedad de inversión,-,USD,2020-12-31,SQM-B
Activos por derecho de uso,30.024,USD,2020-12-31,SQM-B
"Activos por impuestos corrientes, no corrientes",90.364,USD,2020-12-31,SQM-B
Activos por impuestos diferidos,-,USD,2020-12-31,SQM-B
Total de activos no corrientes,2.249.205,USD,2020-12-31,SQM-B
Total de activos,4.818.463,USD,2020-12-31,SQM-B
Otros pasivos financieros corrientes,68.955,USD,2020-12-31,SQM-B
Pasivos por arrendamientos corrientes,5.528,USD,2020-12-31,SQM-B
Cuentas por pagar comerciales y otras cuentas por pagar,203.933,USD,2020-12-31,SQM-B
"Cuentas por pagar a entidades relacionadas, corrientes",606,USD,2020-12-31,SQM-B
Otras provisiones a corto plazo,104.166,USD,2020-12-31,SQM-B
"Pasivos por impuestos corrientes, corrientes",22.643,USD,2020-12-31,SQM-B
Provisiones corrientes por beneficios a los empleados,9.096,USD,2020-12-31,SQM-B
Otros pasivos no financieros corrientes,60.955,USD,2020-12-31,SQM-B
Total de pasivos corrientes distintos de los pasivos incluidos en grupos de activos para su disposición clasificados como mantenidos para la venta,475.882,USD,2020-12-31,SQM-B
Pasivos incluidos en grupos de activos para su disposición clasificados como mantenidos para la venta,-,USD,2020-12-31,SQM-B
Pasivos corrientes totales,475.882,USD,2020-12-31,SQM-B
Otros pasivos financieros no corrientes,1.899.513,USD,2020-12-31,SQM-B
Pasivos por arrendamientos no corrientes,25.546,USD,2020-12-31,SQM-B
Cuentas por pagar no corrientes,4.027,USD,2020-12-31,SQM-B
"Cuentas por pagar a entidades relacionadas, no corrientes",-,USD,2020-12-31,SQM-B
Otras provisiones a largo plazo,62.617,USD,2020-12-31,SQM-B
Pasivo por impuestos diferidos,156.101,USD,2020-12-31,SQM-B
"Pasivos por impuestos corrientes, no corrientes",-,USD,2020-12-31,SQM-B
Provisiones no corrientes por beneficios a los empleados,32.199,USD,2020-12-31,SQM-B
Otros pasivos no financieros no corrientes,-,USD,2020-12-31,SQM-B
Total de pasivos no corrientes,2.180.003,USD,2020-12-31,SQM-B
Total de pasivos,2.655.885,USD,2020-12-31,SQM-B
Capital emitido y pagado,477.386,USD,2020-12-31,SQM-B
Ganancias (pérdidas) acumuladas,1.638.267,USD,2020-12-31,SQM-B
Prima de emisión,-,USD,2020-12-31,SQM-B
Acciones propias en cartera,-,USD,2020-12-31,SQM-B
Otras participaciones en el patrimonio,-,USD,2020-12-31,SQM-B
Otras reservas,7.432,USD,2020-12-31,SQM-B
Patrimonio atribuible a los propietarios de la controladora,2.123.085,USD,2020-12-31,SQM-B
Participaciones no controladoras,39.493,USD,2020-12-31,SQM-B
Patrimonio total,2.162.578,USD,2020-12-31,SQM-B
Total de patrimonio y pasivos,4.818.463,USD,2020-12-31,SQM-B
Efectivo y equivalentes al efectivo,537.538,USD,2021-03-31,SQM-B
Otros activos financieros corrientes,303.761,USD,2021-03-31,SQM-B
Otros activos no financieros corrientes,67.500,USD,2021-03-31,SQM-B
Deudores comerciales y otras cuentas por cobrar corrientes,449.720,USD,2021-03-31,SQM-B
"Cuentas por cobrar a entidades relacionadas, corrientes",55.735,USD,2021-03-31,SQM-B
Inventarios corrientes,1.069.894,USD,2021-03-31,SQM-B
Activos biológicos corrientes,-,USD,2021-03-31,SQM-B
"Activos por impuestos corrientes, corrientes",152.448,USD,2021-03-31,SQM-B
Total de activos corrientes distintos de los activo o grupos de activos para su disposición clasificados como mantenidos para la venta o como mantenidos para distribuir a los propietarios,2.636.596,USD,2021-03-31,SQM-B
Activos no corrientes o grupos de activos para su disposición clasificados como mantenidos para la venta o como mantenidos para distribuir a los propietarios,656,USD,2021-03-31,SQM-B
Activos corrientes totales,2.637.252,USD,2021-03-31,SQM-B
Otros activos financieros no corrientes,33.822,USD,2021-03-31,SQM-B
Otros activos no financieros no corrientes,22.310,USD,2021-03-31,SQM-B
Cuentas por cobrar no corrientes,11.445,USD,2021-03-31,SQM-B
"Cuentas por cobrar a entidades relacionadas, no corrientes",-,USD,2021-03-31,SQM-B
"Inventarios, no corrientes",-,USD,2021-03-31,SQM-B
Inversiones contabilizadas utilizando el método de la participación,82.996,USD,2021-03-31,SQM-B
Activos intangibles distintos de la plusvalía,177.613,USD,2021-03-31,SQM-B
Plusvalía,41.966,USD,2021-03-31,SQM-B
"Propiedades, planta y equipo",1.747.617,USD,2021-03-31,SQM-B
Activos biológicos no corrientes,-,USD,2021-03-31,SQM-B
Propiedad de inversión,-,USD,2021-03-31,SQM-B
Activos por derecho de uso,38.177,USD,2021-03-31,SQM-B
"Activos por impuestos corrientes, no corrientes",90.364,USD,2021-03-31,SQM-B
Activos por impuestos diferidos,-,USD,2021-03-31,SQM-B
Total de activos no corrientes,2.246.310,USD,2021-03-31,SQM-B
Total de activos,4.883.562,USD,2021-03-31,SQM-B
Otros pasivos financieros corrientes,47.232,USD,2021-03-31,SQM-B
Pasivos por arrendamientos corrientes,7.349,USD,2021-03-31,SQM-B
Cuentas por pagar comerciales y otras cuentas por pagar,193.627,USD,2021-03-31,SQM-B
"Cuentas por pagar a entidades relacionadas, corrientes",-,USD,2021-03-31,SQM-B
Otras provisiones a corto plazo,101.393,USD,2021-03-31,SQM-B
"Pasivos por impuestos corrientes, corrientes",24.605,USD,2021-03-31,SQM-B
Provisiones corrientes por beneficios a los empleados,6.490,USD,2021-03-31,SQM-B
Otros pasivos no financieros corrientes,133.900,USD,2021-03-31,SQM-B
Total de pasivos corrientes distintos de los pasivos incluidos en grupos de activos para su disposición clasificados como mantenidos para la venta,514.596,USD,2021-03-31,SQM-B
Pasivos incluidos en grupos de activos para su disposición clasificados como mantenidos para la venta,-,USD,2021-03-31,SQM-B
Pasivos corrientes totales,514.596,USD,2021-03-31,SQM-B
Otros pasivos financieros no corrientes,1.887.878,USD,2021-03-31,SQM-B
Pasivos por arrendamientos no corrientes,32.006,USD,2021-03-31,SQM-B
Cuentas por pagar no corrientes,5.487,USD,2021-03-31,SQM-B
"Cuentas por pagar a entidades relacionadas, no corrientes",-,USD,2021-03-31,SQM-B
Otras provisiones a largo plazo,54.085,USD,2021-03-31,SQM-B
Pasivo por impuestos diferidos,171.927,USD,2021-03-31,SQM-B
"Pasivos por impuestos corrientes, no corrientes",-,USD,2021-03-31,SQM-B
Provisiones no corrientes por beneficios a los empleados,29.283,USD,2021-03-31,SQM-B
Otros pasivos no financieros no corrientes,-,USD,2021-03-31,SQM-B
Total de pasivos no corrientes,2.180.666,USD,2021-03-31,SQM-B
Total de pasivos,2.695.262,USD,2021-03-31,SQM-B
Capital emitido y pagado,479.821,USD,2021-03-31,SQM-B
Ganancias (pérdidas) acumuladas,1.661.732,USD,2021-03-31,SQM-B
Prima de emisión,-,USD,2021-03-31,SQM-B
Acciones propias en cartera,-,USD,2021-03-31,SQM-B
Otras participaciones en el patrimonio,-,USD,2021-03-31,SQM-B
Otras reservas,6.898,USD,2021-03-31,SQM-B
Patrimonio atribuible a los propietarios de la controladora,2.148.451,USD,2021-03-31,SQM-B
Participaciones no controladoras,39.849,USD,2021-03-31,SQM-B
Patrimonio total,2.188.300,USD,2021-03-31,SQM-B
Total de patrimonio y pasivos,4.883.562,USD,2021-03-31,SQM-B
Efectivo y equivalentes al efectivo,1.242.853,USD,2021-06-30,SQM-B
Otros activos financieros corrientes,709.453,USD,2021-06-30,SQM-B
Otros activos no financieros corrientes,53.655,USD,2021-06-30,SQM-B
Deudores comerciales y otras cuentas por cobrar corrientes,453.203,USD,2021-06-30,SQM-B
"Cuentas por cobrar a entidades relacionadas, corrientes",54.538,USD,2021-06-30,SQM-B
Inventarios corrientes,1.095.626,USD,2021-06-30,SQM-B
Activos biológicos corrientes,-,USD,2021-06-30,SQM-B
"Activos por impuestos corrientes, corrientes",149.971,USD,2021-06-30,SQM-B
Total de activos corrientes distintos de los activo o grupos de activos para su disposición clasificados como mantenidos para la venta o como mantenidos para distribuir a los propietarios,3.759.299,USD,2021-06-30,SQM-B
Activos no corrientes o grupos de activos para su disposición clasificados como mantenidos para la venta o como mantenidos para distribuir a los propietarios,637,USD,2021-06-30,SQM-B
Activos corrientes totales,3.759.936,USD,2021-06-30,SQM-B
Otros activos financieros no corrientes,26.147,USD,2021-06-30,SQM-B
Otros activos no financieros no corrientes,76.339,USD,2021-06-30,SQM-B
Cuentas por cobrar no corrientes,11.425,USD,2021-06-30,SQM-B
"Cuentas por cobrar a entidades relacionadas, no corrientes",-,USD,2021-06-30,SQM-B
"Inventarios, no corrientes",-,USD,2021-06-30,SQM-B
Inversiones contabilizadas utilizando el método de la participación,53.880,USD,2021-06-30,SQM-B
Activos intangibles distintos de la plusvalía,176.172,USD,2021-06-30,SQM-B
Plusvalía,41.966,USD,2021-06-30,SQM-B
"Propiedades, planta y equipo",1.743.091,USD,2021-06-30,SQM-B
Activos biológicos no corrientes,-,USD,2021-06-30,SQM-B
Propiedad de inversión,-,USD,2021-06-30,SQM-B
Activos por derecho de uso,37.917,USD,2021-06-30,SQM-B
"Activos por impuestos corrientes, no corrientes",90.364,USD,2021-06-30,SQM-B
Activos por impuestos diferidos,-,USD,2021-06-30,SQM-B
Total de activos no corrientes,2.257.301,USD,2021-06-30,SQM-B
Total de activos,6.017.237,USD,2021-06-30,SQM-B
Otros pasivos financieros corrientes,42.137,USD,2021-06-30,SQM-B
Pasivos por arrendamientos corrientes,7.770,USD,2021-06-30,SQM-B
Cuentas por pagar comerciales y otras cuentas por pagar,227.289,USD,2021-06-30,SQM-B
"Cuentas por pagar a entidades relacionadas, corrientes",-,USD,2021-06-30,SQM-B
Otras provisiones a corto plazo,116.436,USD,2021-06-30,SQM-B
"Pasivos por impuestos corrientes, corrientes",12.302,USD,2021-06-30,SQM-B
Provisiones corrientes por beneficios a los empleados,10.181,USD,2021-06-30,SQM-B
Otros pasivos no financieros corrientes,165.203,USD,2021-06-30,SQM-B
Total de pasivos corrientes distintos de los pasivos incluidos en grupos de activos para su disposición clasificados como mantenidos para la venta,581.318,USD,2021-06-30,SQM-B
Pasivos incluidos en grupos de activos para su disposición clasificados como mantenidos para la venta,-,USD,2021-06-30,SQM-B
Pasivos corrientes totales,581.318,USD,2021-06-30,SQM-B
Otros pasivos financieros no corrientes,1.898.493,USD,2021-06-30,SQM-B
Pasivos por arrendamientos no corrientes,31.448,USD,2021-06-30,SQM-B
Cuentas por pagar no corrientes,11.767,USD,2021-06-30,SQM-B
"Cuentas por pagar a entidades relacionadas, no corrientes",-,USD,2021-06-30,SQM-B
Otras provisiones a largo plazo,58.449,USD,2021-06-30,SQM-B
Pasivo por impuestos diferidos,167.304,USD,2021-06-30,SQM-B
"Pasivos por impuestos corrientes, no corrientes",-,USD,2021-06-30,SQM-B
Provisiones no corrientes por beneficios a los empleados,28.496,USD,2021-06-30,SQM-B
Otros pasivos no financieros no corrientes,-,USD,2021-06-30,SQM-B
Total de pasivos no corrientes,2.195.957,USD,2021-06-30,SQM-B
Total de pasivos,2.777.275,USD,2021-06-30,SQM-B
Capital emitido y pagado,1.578.024,USD,2021-06-30,SQM-B
Ganancias (pérdidas) acumuladas,1.648.137,USD,2021-06-30,SQM-B
Prima de emisión,-,USD,2021-06-30,SQM-B
Acciones propias en cartera,-,USD,2021-06-30,SQM-B
Otras participaciones en el patrimonio,-,USD,2021-06-30,SQM-B
Otras reservas,-24.219,USD,2021-06-30,SQM-B
Patrimonio atribuible a los propietarios de la controladora,3.201.942,USD,2021-06-30,SQM-B
Participaciones no controladoras,38.020,USD,2021-06-30,SQM-B
Patrimonio total,3.239.962,USD,2021-06-30,SQM-B
Total de patrimonio y pasivos,6.017.237,USD,2021-06-30,SQM-B
Efectivo y equivalentes al efectivo,1.865.043,USD,2021-09-30,SQM-B
Otros activos financieros corrientes,754.274,USD,2021-09-30,SQM-B
Otros activos no financieros corrientes,39.651,USD,2021-09-30,SQM-B
Deudores comerciales y otras cuentas por cobrar corrientes,501.508,USD,2021-09-30,SQM-B
"Cuentas por cobrar a entidades relacionadas, corrientes",62.196,USD,2021-09-30,SQM-B
Inventarios corrientes,1.111.932,USD,2021-09-30,SQM-B
Activos biológicos corrientes,-,USD,2021-09-30,SQM-B
"Activos por impuestos corrientes, corrientes",141.388,USD,2021-09-30,SQM-B
Total de activos corrientes distintos de los activo o grupos de activos para su disposición clasificados como mantenidos para la venta o como mantenidos para distribuir a los propietarios,4.475.992,USD,2021-09-30,SQM-B
Activos no corrientes o grupos de activos para su disposición clasificados como mantenidos para la venta o como mantenidos para distribuir a los propietarios,582,USD,2021-09-30,SQM-B
Activos corrientes totales,4.476.574,USD,2021-09-30,SQM-B
Otros activos financieros no corrientes,10.436,USD,2021-09-30,SQM-B
Otros activos no financieros no corrientes,46.960,USD,2021-09-30,SQM-B
Cuentas por cobrar no corrientes,6.316,USD,2021-09-30,SQM-B
"Cuentas por cobrar a entidades relacionadas, no corrientes",-,USD,2021-09-30,SQM-B
"Inventarios, no corrientes",-,USD,2021-09-30,SQM-B
Inversiones contabilizadas utilizando el método de la participación,44.211,USD,2021-09-30,SQM-B
Activos intangibles distintos de la plusvalía,182.869,USD,2021-09-30,SQM-B
Plusvalía,34.596,USD,2021-09-30,SQM-B
"Propiedades, planta y equipo",1.867.123,USD,2021-09-30,SQM-B
Activos biológicos no corrientes,-,USD,2021-09-30,SQM-B
Propiedad de inversión,-,USD,2021-09-30,SQM-B
Activos por derecho de uso,53.889,USD,2021-09-30,SQM-B
"Activos por impuestos corrientes, no corrientes",90.364,USD,2021-09-30,SQM-B
Activos por impuestos diferidos,-,USD,2021-09-30,SQM-B
Total de activos no corrientes,2.336.764,USD,2021-09-30,SQM-B
Total de activos,6.813.338,USD,2021-09-30,SQM-B
Otros pasivos financieros corrientes,45.021,USD,2021-09-30,SQM-B
Pasivos por arrendamientos corrientes,7.533,USD,2021-09-30,SQM-B
Cuentas por pagar comerciales y otras cuentas por pagar,260.142,USD,2021-09-30,SQM-B
"Cuentas por pagar a entidades relacionadas, corrientes",342,USD,2021-09-30,SQM-B
Otras provisiones a corto plazo,164.244,USD,2021-09-30,SQM-B
"Pasivos por impuestos corrientes, corrientes",42.750,USD,2021-09-30,SQM-B
Provisiones corrientes por beneficios a los empleados,19.709,USD,2021-09-30,SQM-B
Otros pasivos no financieros corrientes,82.959,USD,2021-09-30,SQM-B
Total de pasivos corrientes distintos de los pasivos incluidos en grupos de activos para su disposición clasificados como mantenidos para la venta,622.700,USD,2021-09-30,SQM-B
Pasivos incluidos en grupos de activos para su disposición clasificados como mantenidos para la venta,-,USD,2021-09-30,SQM-B
Pasivos corrientes totales,622.700,USD,2021-09-30,SQM-B
Otros pasivos financieros no corrientes,2.589.065,USD,2021-09-30,SQM-B
Pasivos por arrendamientos no corrientes,47.560,USD,2021-09-30,SQM-B
Cuentas por pagar no corrientes,11.644,USD,2021-09-30,SQM-B
"Cuentas por pagar a entidades relacionadas, no corrientes",-,USD,2021-09-30,SQM-B
Otras provisiones a largo plazo,58.228,USD,2021-09-30,SQM-B
Pasivo por impuestos diferidos,133.020,USD,2021-09-30,SQM-B
"Pasivos por impuestos corrientes, no corrientes",-,USD,2021-09-30,SQM-B
Provisiones no corrientes por beneficios a los empleados,26.786,USD,2021-09-30,SQM-B
Otros pasivos no financieros no corrientes,-,USD,2021-09-30,SQM-B
Total de pasivos no corrientes,2.866.303,USD,2021-09-30,SQM-B
Total de pasivos,3.489.003,USD,2021-09-30,SQM-B
Capital emitido y pagado,1.577.700,USD,2021-09-30,SQM-B
Ganancias (pérdidas) acumuladas,1.754.133,USD,2021-09-30,SQM-B
Prima de emisión,-,USD,2021-09-30,SQM-B
Acciones propias en cartera,-,USD,2021-09-30,SQM-B
Otras participaciones en el patrimonio,-,USD,2021-09-30,SQM-B
Otras reservas,-46.324,USD,2021-09-30,SQM-B
Patrimonio atribuible a los propietarios de la controladora,3.285.509,USD,2021-09-30,SQM-B
Participaciones no controladoras,38.826,USD,2021-09-30,SQM-B
Patrimonio total,3.324.335,USD,2021-09-30,SQM-B
Total de patrimonio y pasivos,6.813.338,USD,2021-09-30,SQM-B
Efectivo y equivalentes al efectivo,1.515.051,USD,2021-12-31,SQM-B
Otros activos financieros corrientes,919.049,USD,2021-12-31,SQM-B
Otros activos no financieros corrientes,69.870,USD,2021-12-31,SQM-B
Deudores comerciales y otras cuentas por cobrar corrientes,654.073,USD,2021-12-31,SQM-B
"Cuentas por cobrar a entidades relacionadas, corrientes",86.152,USD,2021-12-31,SQM-B
Inventarios corrientes,1.183.776,USD,2021-12-31,SQM-B
Activos biológicos corrientes,-,USD,2021-12-31,SQM-B
"Activos por impuestos corrientes, corrientes",157.542,USD,2021-12-31,SQM-B
Total de activos corrientes distintos de los activo o grupos de activos para su disposición clasificados como mantenidos para la venta o como mantenidos para distribuir a los propietarios,4.585.513,USD,2021-12-31,SQM-B
Activos no corrientes o grupos de activos para su disposición clasificados como mantenidos para la venta o como mantenidos para distribuir a los propietarios,582,USD,2021-12-31,SQM-B
Activos corrientes totales,4.586.095,USD,2021-12-31,SQM-B
Otros activos financieros no corrientes,9.268,USD,2021-12-31,SQM-B
Otros activos no financieros no corrientes,33.487,USD,2021-12-31,SQM-B
Cuentas por cobrar no corrientes,6.172,USD,2021-12-31,SQM-B
"Cuentas por cobrar a entidades relacionadas, no corrientes",-,USD,2021-12-31,SQM-B
"Inventarios, no corrientes",-,USD,2021-12-31,SQM-B
Inversiones contabilizadas utilizando el método de la participación,39.824,USD,2021-12-31,SQM-B
Activos intangibles distintos de la plusvalía,179.658,USD,2021-12-31,SQM-B
Plusvalía,34.596,USD,2021-12-31,SQM-B
"Propiedades, planta y equipo",2.012.225,USD,2021-12-31,SQM-B
Activos biológicos no corrientes,-,USD,2021-12-31,SQM-B
Propiedad de inversión,-,USD,2021-12-31,SQM-B
Activos por derecho de uso,52.608,USD,2021-12-31,SQM-B
"Activos por impuestos corrientes, no corrientes",90.364,USD,2021-12-31,SQM-B
Activos por impuestos diferidos,-,USD,2021-12-31,SQM-B
Total de activos no corrientes,2.458.202,USD,2021-12-31,SQM-B
Total de activos,7.044.297,USD,2021-12-31,SQM-B
Otros pasivos financieros corrientes,51.305,USD,2021-12-31,SQM-B
Pasivos por arrendamientos corrientes,7.704,USD,2021-12-31,SQM-B
Cuentas por pagar comerciales y otras cuentas por pagar,279.650,USD,2021-12-31,SQM-B
"Cuentas por pagar a entidades relacionadas, corrientes",-,USD,2021-12-31,SQM-B
Otras provisiones a corto plazo,317.666,USD,2021-12-31,SQM-B
"Pasivos por impuestos corrientes, corrientes",166.935,USD,2021-12-31,SQM-B
Provisiones corrientes por beneficios a los empleados,26.775,USD,2021-12-31,SQM-B
Otros pasivos no financieros corrientes,141.674,USD,2021-12-31,SQM-B
Total de pasivos corrientes distintos de los pasivos incluidos en grupos de activos para su disposición clasificados como mantenidos para la venta,991.709,USD,2021-12-31,SQM-B
Pasivos incluidos en grupos de activos para su disposición clasificados como mantenidos para la venta,-,USD,2021-12-31,SQM-B
Pasivos corrientes totales,991.709,USD,2021-12-31,SQM-B
Otros pasivos financieros no corrientes,2.587.732,USD,2021-12-31,SQM-B
Pasivos por arrendamientos no corrientes,46.519,USD,2021-12-31,SQM-B
Cuentas por pagar no corrientes,3.813,USD,2021-12-31,SQM-B
"Cuentas por pagar a entidades relacionadas, no corrientes",-,USD,2021-12-31,SQM-B
Otras provisiones a largo plazo,61.038,USD,2021-12-31,SQM-B
Pasivo por impuestos diferidos,110.416,USD,2021-12-31,SQM-B
"Pasivos por impuestos corrientes, no corrientes",-,USD,2021-12-31,SQM-B
Provisiones no corrientes por beneficios a los empleados,27.099,USD,2021-12-31,SQM-B
Otros pasivos no financieros no corrientes,-,USD,2021-12-31,SQM-B
Total de pasivos no corrientes,2.836.617,USD,2021-12-31,SQM-B
Total de pasivos,3.828.326,USD,2021-12-31,SQM-B
Capital emitido y pagado,1.577.643,USD,2021-12-31,SQM-B
Ganancias (pérdidas) acumuladas,1.648.032,USD,2021-12-31,SQM-B
Prima de emisión,-,USD,2021-12-31,SQM-B
Acciones propias en cartera,-,USD,2021-12-31,SQM-B
Otras participaciones en el patrimonio,-,USD,2021-12-31,SQM-B
Otras reservas,-44.155,USD,2021-12-31,SQM-B
Patrimonio atribuible a los propietarios de la controladora,3.181.520,USD,2021-12-31,SQM-B
Participaciones no controladoras,34.451,USD,2021-12-31,SQM-B
Patrimonio total,3.215.971,USD,2021-12-31,SQM-B
Total de patrimonio y pasivos,7.044.297,USD,2021-12-31,SQM-B
Efectivo y equivalentes al efectivo,2.268.547,USD,2022-03-31,SQM-B
Otros activos financieros corrientes,1.032.170,USD,2022-03-31,SQM-B
Otros activos no financieros corrientes,80.879,USD,2022-03-31,SQM-B
Deudores comerciales y otras cuentas por cobrar corrientes,1.001.391,USD,2022-03-31,SQM-B
"Cuentas por cobrar a entidades relacionadas, corrientes",83.118,USD,2022-03-31,SQM-B
Inventarios corrientes,1.270.747,USD,2022-03-31,SQM-B
Activos biológicos corrientes,-,USD,2022-03-31,SQM-B
"Activos por impuestos corrientes, corrientes",161.932,USD,2022-03-31,SQM-B
Total de activos corrientes distintos de los activo o grupos de activos para su disposición clasificados como mantenidos para la venta o como mantenidos para distribuir a los propietarios,5.898.784,USD,2022-03-31,SQM-B
Activos no corrientes o grupos de activos para su disposición clasificados como mantenidos para la venta o como mantenidos para distribuir a los propietarios,118,USD,2022-03-31,SQM-B
Activos corrientes totales,5.898.902,USD,2022-03-31,SQM-B
Otros activos financieros no corrientes,18.690,USD,2022-03-31,SQM-B
Otros activos no financieros no corrientes,33.717,USD,2022-03-31,SQM-B
Cuentas por cobrar no corrientes,6.218,USD,2022-03-31,SQM-B
"Cuentas por cobrar a entidades relacionadas, no corrientes",-,USD,2022-03-31,SQM-B
"Inventarios, no corrientes",-,USD,2022-03-31,SQM-B
Inversiones contabilizadas utilizando el método de la participación,47.389,USD,2022-03-31,SQM-B
Activos intangibles distintos de la plusvalía,176.460,USD,2022-03-31,SQM-B
Plusvalía,34.596,USD,2022-03-31,SQM-B
"Propiedades, planta y equipo",2.139.670,USD,2022-03-31,SQM-B
Activos biológicos no corrientes,-,USD,2022-03-31,SQM-B
Propiedad de inversión,-,USD,2022-03-31,SQM-B
Activos por derecho de uso,50.291,USD,2022-03-31,SQM-B
"Activos por impuestos corrientes, no corrientes",90.364,USD,2022-03-31,SQM-B
Activos por impuestos diferidos,-,USD,2022-03-31,SQM-B
Total de activos no corrientes,2.597.395,USD,2022-03-31,SQM-B
Total de activos,8.496.297,USD,2022-03-31,SQM-B
Otros pasivos financieros corrientes,56.228,USD,2022-03-31,SQM-B
Pasivos por arrendamientos corrientes,7.503,USD,2022-03-31,SQM-B
Cuentas por pagar comerciales y otras cuentas por pagar,334.239,USD,2022-03-31,SQM-B
"Cuentas por pagar a entidades relacionadas, corrientes",-,USD,2022-03-31,SQM-B
Otras provisiones a corto plazo,606.159,USD,2022-03-31,SQM-B
"Pasivos por impuestos corrientes, corrientes",491.839,USD,2022-03-31,SQM-B
Provisiones corrientes por beneficios a los empleados,17.532,USD,2022-03-31,SQM-B
Otros pasivos no financieros corrientes,977.480,USD,2022-03-31,SQM-B
Total de pasivos corrientes distintos de los pasivos incluidos en grupos de activos para su disposición clasificados como mantenidos para la venta,2.490.980,USD,2022-03-31,SQM-B
Pasivos incluidos en grupos de activos para su disposición clasificados como mantenidos para la venta,-,USD,2022-03-31,SQM-B
Pasivos corrientes totales,2.490.980,USD,2022-03-31,SQM-B
Otros pasivos financieros no corrientes,2.567.374,USD,2022-03-31,SQM-B
Pasivos por arrendamientos no corrientes,45.321,USD,2022-03-31,SQM-B
Cuentas por pagar no corrientes,5.875,USD,2022-03-31,SQM-B
"Cuentas por pagar a entidades relacionadas, no corrientes",-,USD,2022-03-31,SQM-B
Otras provisiones a largo plazo,64.547,USD,2022-03-31,SQM-B
Pasivo por impuestos diferidos,57.677,USD,2022-03-31,SQM-B
"Pasivos por impuestos corrientes, no corrientes",-,USD,2022-03-31,SQM-B
Provisiones no corrientes por beneficios a los empleados,28.383,USD,2022-03-31,SQM-B
Otros pasivos no financieros no corrientes,-,USD,2022-03-31,SQM-B
Total de pasivos no corrientes,2.769.177,USD,2022-03-31,SQM-B
Total de pasivos,5.260.157,USD,2022-03-31,SQM-B
Capital emitido y pagado,1.577.643,USD,2022-03-31,SQM-B
Ganancias (pérdidas) acumuladas,1.648.032,USD,2022-03-31,SQM-B
Prima de emisión,-,USD,2022-03-31,SQM-B
Acciones propias en cartera,-,USD,2022-03-31,SQM-B
Otras participaciones en el patrimonio,-,USD,2022-03-31,SQM-B
Otras reservas,-23.503,USD,2022-03-31,SQM-B
Patrimonio atribuible a los propietarios de la controladora,3.202.172,USD,2022-03-31,SQM-B
Participaciones no controladoras,33.968,USD,2022-03-31,SQM-B
Patrimonio total,3.236.140,USD,2022-03-31,SQM-B
Total de patrimonio y pasivos,8.496.297,USD,2022-03-31,SQM-B
Efectivo y equivalentes al efectivo,1.946.434,USD,2022-06-30,SQM-B
Otros activos financieros corrientes,675.861,USD,2022-06-30,SQM-B
Otros activos no financieros corrientes,202.596,USD,2022-06-30,SQM-B
Deudores comerciales y otras cuentas por cobrar corrientes,1.326.922,USD,2022-06-30,SQM-B
"Cuentas por cobrar a entidades relacionadas, corrientes",108.691,USD,2022-06-30,SQM-B
Inventarios corrientes,1.673.503,USD,2022-06-30,SQM-B
Activos biológicos corrientes,-,USD,2022-06-30,SQM-B
"Activos por impuestos corrientes, corrientes",229.045,USD,2022-06-30,SQM-B
Total de activos corrientes distintos de los activo o grupos de activos para su disposición clasificados como mantenidos para la venta o como mantenidos para distribuir a los propietarios,6.163.052,USD,2022-06-30,SQM-B
Activos no corrientes o grupos de activos para su disposición clasificados como mantenidos para la venta o como mantenidos para distribuir a los propietarios,118,USD,2022-06-30,SQM-B
Activos corrientes totales,6.163.170,USD,2022-06-30,SQM-B
Otros activos financieros no corrientes,13.221,USD,2022-06-30,SQM-B
Otros activos no financieros no corrientes,35.325,USD,2022-06-30,SQM-B
Cuentas por cobrar no corrientes,6.099,USD,2022-06-30,SQM-B
"Cuentas por cobrar a entidades relacionadas, no corrientes",-,USD,2022-06-30,SQM-B
"Inventarios, no corrientes",-,USD,2022-06-30,SQM-B
Inversiones contabilizadas utilizando el método de la participación,38.117,USD,2022-06-30,SQM-B
Activos intangibles distintos de la plusvalía,172.768,USD,2022-06-30,SQM-B
Plusvalía,17.658,USD,2022-06-30,SQM-B
"Propiedades, planta y equipo",2.317.466,USD,2022-06-30,SQM-B
Activos biológicos no corrientes,-,USD,2022-06-30,SQM-B
Propiedad de inversión,-,USD,2022-06-30,SQM-B
Activos por derecho de uso,59.134,USD,2022-06-30,SQM-B
"Activos por impuestos corrientes, no corrientes",90.364,USD,2022-06-30,SQM-B
Activos por impuestos diferidos,365.875,USD,2022-06-30,SQM-B
Total de activos no corrientes,3.116.027,USD,2022-06-30,SQM-B
Total de activos,9.279.197,USD,2022-06-30,SQM-B
Otros pasivos financieros corrientes,437.024,USD,2022-06-30,SQM-B
Pasivos por arrendamientos corrientes,9.991,USD,2022-06-30,SQM-B
Cuentas por pagar comerciales y otras cuentas por pagar,382.987,USD,2022-06-30,SQM-B
"Cuentas por pagar a entidades relacionadas, corrientes",-,USD,2022-06-30,SQM-B
Otras provisiones a corto plazo,1.290.841,USD,2022-06-30,SQM-B
"Pasivos por impuestos corrientes, corrientes",454.764,USD,2022-06-30,SQM-B
Provisiones corrientes por beneficios a los empleados,20.074,USD,2022-06-30,SQM-B
Otros pasivos no financieros corrientes,792.157,USD,2022-06-30,SQM-B
Total de pasivos corrientes distintos de los pasivos incluidos en grupos de activos para su disposición clasificados como mantenidos para la venta,3.387.838,USD,2022-06-30,SQM-B
Pasivos incluidos en grupos de activos para su disposición clasificados como mantenidos para la venta,-,USD,2022-06-30,SQM-B
Pasivos corrientes totales,3.387.838,USD,2022-06-30,SQM-B
Otros pasivos financieros no corrientes,2.173.511,USD,2022-06-30,SQM-B
Pasivos por arrendamientos no corrientes,50.011,USD,2022-06-30,SQM-B
Cuentas por pagar no corrientes,2.988,USD,2022-06-30,SQM-B
"Cuentas por pagar a entidades relacionadas, no corrientes",-,USD,2022-06-30,SQM-B
Otras provisiones a largo plazo,64.854,USD,2022-06-30,SQM-B
Pasivo por impuestos diferidos,-,USD,2022-06-30,SQM-B
"Pasivos por impuestos corrientes, no corrientes",-,USD,2022-06-30,SQM-B
Provisiones no corrientes por beneficios a los empleados,29.812,USD,2022-06-30,SQM-B
Otros pasivos no financieros no corrientes,-,USD,2022-06-30,SQM-B
Total de pasivos no corrientes,2.321.176,USD,2022-06-30,SQM-B
Total de pasivos,5.709.014,USD,2022-06-30,SQM-B
Capital emitido y pagado,1.577.643,USD,2022-06-30,SQM-B
Ganancias (pérdidas) acumuladas,1.979.108,USD,2022-06-30,SQM-B
Prima de emisión,-,USD,2022-06-30,SQM-B
Acciones propias en cartera,-,USD,2022-06-30,SQM-B
Otras participaciones en el patrimonio,-,USD,2022-06-30,SQM-B
Otras reservas,-21.903,USD,2022-06-30,SQM-B
Patrimonio atribuible a los propietarios de la controladora,3.534.848,USD,2022-06-30,SQM-B
Participaciones no controladoras,35.335,USD,2022-06-30,SQM-B
Patrimonio total,3.570.183,USD,2022-06-30,SQM-B
Total de patrimonio y pasivos,9.279.197,USD,2022-06-30,SQM-B
Efectivo y equivalentes al efectivo,3.506.235,USD,2022-09-30,SQM-B
Otros activos financieros corrientes,305.996,USD,2022-09-30,SQM-B
Otros activos no financieros corrientes,212.308,USD,2022-09-30,SQM-B
Deudores comerciales y otras cuentas por cobrar corrientes,1.032.086,USD,2022-09-30,SQM-B
"Cuentas por cobrar a entidades relacionadas, corrientes",99.970,USD,2022-09-30,SQM-B
Inventarios corrientes,1.661.960,USD,2022-09-30,SQM-B
Activos biológicos corrientes,-,USD,2022-09-30,SQM-B
"Activos por impuestos corrientes, corrientes",130.644,USD,2022-09-30,SQM-B
Total de activos corrientes distintos de los activo o grupos de activos para su disposición clasificados como mantenidos para la venta o como mantenidos para distribuir a los propietarios,6.949.199,USD,2022-09-30,SQM-B
Activos no corrientes o grupos de activos para su disposición clasificados como mantenidos para la venta o como mantenidos para distribuir a los propietarios,321,USD,2022-09-30,SQM-B
Activos corrientes totales,6.949.520,USD,2022-09-30,SQM-B
Otros activos financieros no corrientes,8.813,USD,2022-09-30,SQM-B
Otros activos no financieros no corrientes,38.173,USD,2022-09-30,SQM-B
Cuentas por cobrar no corrientes,1.518,USD,2022-09-30,SQM-B
"Cuentas por cobrar a entidades relacionadas, no corrientes",-,USD,2022-09-30,SQM-B
"Inventarios, no corrientes",-,USD,2022-09-30,SQM-B
Inversiones contabilizadas utilizando el método de la participación,51.440,USD,2022-09-30,SQM-B
Activos intangibles distintos de la plusvalía,169.949,USD,2022-09-30,SQM-B
Plusvalía,967,USD,2022-09-30,SQM-B
"Propiedades, planta y equipo",2.503.878,USD,2022-09-30,SQM-B
Activos biológicos no corrientes,-,USD,2022-09-30,SQM-B
Propiedad de inversión,-,USD,2022-09-30,SQM-B
Activos por derecho de uso,58.147,USD,2022-09-30,SQM-B
"Activos por impuestos corrientes, no corrientes",127.114,USD,2022-09-30,SQM-B
Activos por impuestos diferidos,343.729,USD,2022-09-30,SQM-B
Total de activos no corrientes,3.303.728,USD,2022-09-30,SQM-B
Total de activos,10.253.248,USD,2022-09-30,SQM-B
Otros pasivos financieros corrientes,424.126,USD,2022-09-30,SQM-B
Pasivos por arrendamientos corrientes,9.939,USD,2022-09-30,SQM-B
Cuentas por pagar comerciales y otras cuentas por pagar,646.990,USD,2022-09-30,SQM-B
"Cuentas por pagar a entidades relacionadas, corrientes",-,USD,2022-09-30,SQM-B
Otras provisiones a corto plazo,1.050.059,USD,2022-09-30,SQM-B
"Pasivos por impuestos corrientes, corrientes",386.672,USD,2022-09-30,SQM-B
Provisiones corrientes por beneficios a los empleados,24.658,USD,2022-09-30,SQM-B
Otros pasivos no financieros corrientes,732.023,USD,2022-09-30,SQM-B
Total de pasivos corrientes distintos de los pasivos incluidos en grupos de activos para su disposición clasificados como mantenidos para la venta,3.274.467,USD,2022-09-30,SQM-B
Pasivos incluidos en grupos de activos para su disposición clasificados como mantenidos para la venta,-,USD,2022-09-30,SQM-B
Pasivos corrientes totales,3.274.467,USD,2022-09-30,SQM-B
Otros pasivos financieros no corrientes,2.195.495,USD,2022-09-30,SQM-B
Pasivos por arrendamientos no corrientes,47.658,USD,2022-09-30,SQM-B
Cuentas por pagar no corrientes,827,USD,2022-09-30,SQM-B
"Cuentas por pagar a entidades relacionadas, no corrientes",-,USD,2022-09-30,SQM-B
Otras provisiones a largo plazo,58.011,USD,2022-09-30,SQM-B
Pasivo por impuestos diferidos,-,USD,2022-09-30,SQM-B
"Pasivos por impuestos corrientes, no corrientes",-,USD,2022-09-30,SQM-B
Provisiones no corrientes por beneficios a los empleados,31.536,USD,2022-09-30,SQM-B
Otros pasivos no financieros no corrientes,-,USD,2022-09-30,SQM-B
Total de pasivos no corrientes,2.333.527,USD,2022-09-30,SQM-B
Total de pasivos,5.607.994,USD,2022-09-30,SQM-B
Capital emitido y pagado,1.577.643,USD,2022-09-30,SQM-B
Ganancias (pérdidas) acumuladas,3.079.015,USD,2022-09-30,SQM-B
Prima de emisión,-,USD,2022-09-30,SQM-B
Acciones propias en cartera,-,USD,2022-09-30,SQM-B
Otras participaciones en el patrimonio,-,USD,2022-09-30,SQM-B
Otras reservas,-47.978,USD,2022-09-30,SQM-B
Patrimonio atribuible a los propietarios de la controladora,4.608.680,USD,2022-09-30,SQM-B
Participaciones no controladoras,36.574,USD,2022-09-30,SQM-B
Patrimonio total,4.645.254,USD,2022-09-30,SQM-B
Total de patrimonio y pasivos,10.253.248,USD,2022-09-30,SQM-B
Efectivo y equivalentes al efectivo,2.655.236,USD,2022-12-31,SQM-B
Otros activos financieros corrientes,961.355,USD,2022-12-31,SQM-B
Otros activos no financieros corrientes,196.335,USD,2022-12-31,SQM-B
Deudores comerciales y otras cuentas por cobrar corrientes,1.087.420,USD,2022-12-31,SQM-B
"Cuentas por cobrar a entidades relacionadas, corrientes",81.622,USD,2022-12-31,SQM-B
Inventarios corrientes,1.784.281,USD,2022-12-31,SQM-B
Activos biológicos corrientes,-,USD,2022-12-31,SQM-B
"Activos por impuestos corrientes, corrientes",224.914,USD,2022-12-31,SQM-B
Total de activos corrientes distintos de los activo o grupos de activos para su disposición clasificados como mantenidos para la venta o como mantenidos para distribuir a los propietarios,6.991.163,USD,2022-12-31,SQM-B
Activos no corrientes o grupos de activos para su disposición clasificados como mantenidos para la venta o como mantenidos para distribuir a los propietarios,346,USD,2022-12-31,SQM-B
Activos corrientes totales,6.991.509,USD,2022-12-31,SQM-B
Otros activos financieros no corrientes,32.126,USD,2022-12-31,SQM-B
Otros activos no financieros no corrientes,52.396,USD,2022-12-31,SQM-B
Cuentas por cobrar no corrientes,2.091,USD,2022-12-31,SQM-B
"Cuentas por cobrar a entidades relacionadas, no corrientes",-,USD,2022-12-31,SQM-B
"Inventarios, no corrientes",-,USD,2022-12-31,SQM-B
Inversiones contabilizadas utilizando el método de la participación,54.386,USD,2022-12-31,SQM-B
Activos intangibles distintos de la plusvalía,166.336,USD,2022-12-31,SQM-B
Plusvalía,967,USD,2022-12-31,SQM-B
"Propiedades, planta y equipo",2.726.838,USD,2022-12-31,SQM-B
Activos biológicos no corrientes,-,USD,2022-12-31,SQM-B
Propiedad de inversión,-,USD,2022-12-31,SQM-B
Activos por derecho de uso,60.867,USD,2022-12-31,SQM-B
"Activos por impuestos corrientes, no corrientes",127.114,USD,2022-12-31,SQM-B
Activos por impuestos diferidos,604.471,USD,2022-12-31,SQM-B
Total de activos no corrientes,3.827.592,USD,2022-12-31,SQM-B
Total de activos,10.819.101,USD,2022-12-31,SQM-B
Otros pasivos financieros corrientes,522.999,USD,2022-12-31,SQM-B
Pasivos por arrendamientos corrientes,12.149,USD,2022-12-31,SQM-B
Cuentas por pagar comerciales y otras cuentas por pagar,374.789,USD,2022-12-31,SQM-B
"Cuentas por pagar a entidades relacionadas, corrientes",-,USD,2022-12-31,SQM-B
Otras provisiones a corto plazo,1.303.146,USD,2022-12-31,SQM-B
"Pasivos por impuestos corrientes, corrientes",356.611,USD,2022-12-31,SQM-B
Provisiones corrientes por beneficios a los empleados,35.376,USD,2022-12-31,SQM-B
Otros pasivos no financieros corrientes,446.477,USD,2022-12-31,SQM-B
Total de pasivos corrientes distintos de los pasivos incluidos en grupos de activos para su disposición clasificados como mantenidos para la venta,3.051.547,USD,2022-12-31,SQM-B
Pasivos incluidos en grupos de activos para su disposición clasificados como mantenidos para la venta,-,USD,2022-12-31,SQM-B
Pasivos corrientes totales,3.051.547,USD,2022-12-31,SQM-B
Otros pasivos financieros no corrientes,2.394.218,USD,2022-12-31,SQM-B
Pasivos por arrendamientos no corrientes,49.585,USD,2022-12-31,SQM-B
Cuentas por pagar no corrientes,-,USD,2022-12-31,SQM-B
"Cuentas por pagar a entidades relacionadas, no corrientes",-,USD,2022-12-31,SQM-B
Otras provisiones a largo plazo,58.053,USD,2022-12-31,SQM-B
Pasivo por impuestos diferidos,289.825,USD,2022-12-31,SQM-B
"Pasivos por impuestos corrientes, no corrientes",-,USD,2022-12-31,SQM-B
Provisiones no corrientes por beneficios a los empleados,43.872,USD,2022-12-31,SQM-B
Otros pasivos no financieros no corrientes,-,USD,2022-12-31,SQM-B
Total de pasivos no corrientes,2.835.553,USD,2022-12-31,SQM-B
Total de pasivos,5.887.100,USD,2022-12-31,SQM-B
Capital emitido y pagado,1.577.643,USD,2022-12-31,SQM-B
Ganancias (pérdidas) acumuladas,3.350.114,USD,2022-12-31,SQM-B
Prima de emisión,-,USD,2022-12-31,SQM-B
Acciones propias en cartera,-,USD,2022-12-31,SQM-B
Otras participaciones en el patrimonio,-,USD,2022-12-31,SQM-B
Otras reservas,-31.125,USD,2022-12-31,SQM-B
Patrimonio atribuible a los propietarios de la controladora,4.896.632,USD,2022-12-31,SQM-B
Participaciones no controladoras,35.369,USD,2022-12-31,SQM-B
Patrimonio total,4.932.001,USD,2022-12-31,SQM-B
Total de patrimonio y pasivos,10.819.101,USD,2022-12-31,SQM-B
Efectivo y equivalentes al efectivo,2.088.563,USD,2023-03-31,SQM-B
Otros activos financieros corrientes,766.112,USD,2023-03-31,SQM-B
Otros activos no financieros corrientes,328.944,USD,2023-03-31,SQM-B
Deudores comerciales y otras cuentas por cobrar corrientes,1.622.128,USD,2023-03-31,SQM-B
"Cuentas por cobrar a entidades relacionadas, corrientes",70.771,USD,2023-03-31,SQM-B
Inventarios corrientes,1.897.140,USD,2023-03-31,SQM-B
Activos biológicos corrientes,-,USD,2023-03-31,SQM-B
"Activos por impuestos corrientes, corrientes",249.486,USD,2023-03-31,SQM-B
Total de activos corrientes distintos de los activo o grupos de activos para su disposición clasificados como mantenidos para la venta o como mantenidos para distribuir a los propietarios,7.023.144,USD,2023-03-31,SQM-B
Activos no corrientes o grupos de activos para su disposición clasificados como mantenidos para la venta o como mantenidos para distribuir a los propietarios,364,USD,2023-03-31,SQM-B
Activos corrientes totales,7.023.508,USD,2023-03-31,SQM-B
Otros activos financieros no corrientes,47.817,USD,2023-03-31,SQM-B
Otros activos no financieros no corrientes,51.219,USD,2023-03-31,SQM-B
Cuentas por cobrar no corrientes,2.567,USD,2023-03-31,SQM-B
"Cuentas por cobrar a entidades relacionadas, no corrientes",-,USD,2023-03-31,SQM-B
"Inventarios, no corrientes",-,USD,2023-03-31,SQM-B
Inversiones contabilizadas utilizando el método de la participación,69.508,USD,2023-03-31,SQM-B
Activos intangibles distintos de la plusvalía,163.275,USD,2023-03-31,SQM-B
Plusvalía,967,USD,2023-03-31,SQM-B
"Propiedades, planta y equipo",2.913.534,USD,2023-03-31,SQM-B
Activos biológicos no corrientes,-,USD,2023-03-31,SQM-B
Propiedad de inversión,-,USD,2023-03-31,SQM-B
Activos por derecho de uso,62.253,USD,2023-03-31,SQM-B
"Activos por impuestos corrientes, no corrientes",127.114,USD,2023-03-31,SQM-B
Activos por impuestos diferidos,706.173,USD,2023-03-31,SQM-B
Total de activos no corrientes,4.144.427,USD,2023-03-31,SQM-B
Total de activos,11.167.935,USD,2023-03-31,SQM-B
Otros pasivos financieros corrientes,537.115,USD,2023-03-31,SQM-B
Pasivos por arrendamientos corrientes,12.630,USD,2023-03-31,SQM-B
Cuentas por pagar comerciales y otras cuentas por pagar,411.427,USD,2023-03-31,SQM-B
"Cuentas por pagar a entidades relacionadas, corrientes",-,USD,2023-03-31,SQM-B
Otras provisiones a corto plazo,1.089.496,USD,2023-03-31,SQM-B
"Pasivos por impuestos corrientes, corrientes",419.051,USD,2023-03-31,SQM-B
Provisiones corrientes por beneficios a los empleados,7.084,USD,2023-03-31,SQM-B
Otros pasivos no financieros corrientes,355.427,USD,2023-03-31,SQM-B
Total de pasivos corrientes distintos de los pasivos incluidos en grupos de activos para su disposición clasificados como mantenidos para la venta,2.832.230,USD,2023-03-31,SQM-B
Pasivos incluidos en grupos de activos para su disposición clasificados como mantenidos para la venta,-,USD,2023-03-31,SQM-B
Pasivos corrientes totales,2.832.230,USD,2023-03-31,SQM-B
Otros pasivos financieros no corrientes,2.417.584,USD,2023-03-31,SQM-B
Pasivos por arrendamientos no corrientes,50.155,USD,2023-03-31,SQM-B
Cuentas por pagar no corrientes,-,USD,2023-03-31,SQM-B
"Cuentas por pagar a entidades relacionadas, no corrientes",-,USD,2023-03-31,SQM-B
Otras provisiones a largo plazo,58.150,USD,2023-03-31,SQM-B
Pasivo por impuestos diferidos,291.551,USD,2023-03-31,SQM-B
"Pasivos por impuestos corrientes, no corrientes",-,USD,2023-03-31,SQM-B
Provisiones no corrientes por beneficios a los empleados,52.748,USD,2023-03-31,SQM-B
Otros pasivos no financieros no corrientes,-,USD,2023-03-31,SQM-B
Total de pasivos no corrientes,2.870.188,USD,2023-03-31,SQM-B
Total de pasivos,5.702.418,USD,2023-03-31,SQM-B
Capital emitido y pagado,1.577.643,USD,2023-03-31,SQM-B
Ganancias (pérdidas) acumuladas,3.875.041,USD,2023-03-31,SQM-B
Prima de emisión,-,USD,2023-03-31,SQM-B
Acciones propias en cartera,-,USD,2023-03-31,SQM-B
Otras participaciones en el patrimonio,-,USD,2023-03-31,SQM-B
Otras reservas,-23.204,USD,2023-03-31,SQM-B
Patrimonio atribuible a los propietarios de la controladora,5.429.480,USD,2023-03-31,SQM-B
Participaciones no controladoras,36.037,USD,2023-03-31,SQM-B
Patrimonio total,5.465.517,USD,2023-03-31,SQM-B
Total de patrimonio y pasivos,11.167.935,USD,2023-03-31,SQM-B
Efectivo y equivalentes al efectivo,2.062.770,USD,2023-06-30,SQM-B
Otros activos financieros corrientes,590.730,USD,2023-06-30,SQM-B
Otros activos no financieros corrientes,337.477,USD,2023-06-30,SQM-B
Deudores comerciales y otras cuentas por cobrar corrientes,984.718,USD,2023-06-30,SQM-B
"Cuentas por cobrar a entidades relacionadas, corrientes",62.937,USD,2023-06-30,SQM-B
Inventarios corrientes,1.854.200,USD,2023-06-30,SQM-B
Activos biológicos corrientes,-,USD,2023-06-30,SQM-B
"Activos por impuestos corrientes, corrientes",285.540,USD,2023-06-30,SQM-B
Total de activos corrientes distintos de los activo o grupos de activos para su disposición clasificados como mantenidos para la venta o como mantenidos para distribuir a los propietarios,6.178.372,USD,2023-06-30,SQM-B
Activos no corrientes o grupos de activos para su disposición clasificados como mantenidos para la venta o como mantenidos para distribuir a los propietarios,361,USD,2023-06-30,SQM-B
Activos corrientes totales,6.178.733,USD,2023-06-30,SQM-B
Otros activos financieros no corrientes,56.371,USD,2023-06-30,SQM-B
Otros activos no financieros no corrientes,54.309,USD,2023-06-30,SQM-B
Cuentas por cobrar no corrientes,2.383,USD,2023-06-30,SQM-B
"Cuentas por cobrar a entidades relacionadas, no corrientes",-,USD,2023-06-30,SQM-B
"Inventarios, no corrientes",-,USD,2023-06-30,SQM-B
Inversiones contabilizadas utilizando el método de la participación,65.925,USD,2023-06-30,SQM-B
Activos intangibles distintos de la plusvalía,160.636,USD,2023-06-30,SQM-B
Plusvalía,958,USD,2023-06-30,SQM-B
"Propiedades, planta y equipo",3.147.888,USD,2023-06-30,SQM-B
Activos biológicos no corrientes,-,USD,2023-06-30,SQM-B
Propiedad de inversión,-,USD,2023-06-30,SQM-B
Activos por derecho de uso,63.681,USD,2023-06-30,SQM-B
"Activos por impuestos corrientes, no corrientes",201.317,USD,2023-06-30,SQM-B
Activos por impuestos diferidos,629.739,USD,2023-06-30,SQM-B
Total de activos no corrientes,4.383.207,USD,2023-06-30,SQM-B
Total de activos,10.561.940,USD,2023-06-30,SQM-B
Otros pasivos financieros corrientes,881.056,USD,2023-06-30,SQM-B
Pasivos por arrendamientos corrientes,14.371,USD,2023-06-30,SQM-B
Cuentas por pagar comerciales y otras cuentas por pagar,545.286,USD,2023-06-30,SQM-B
"Cuentas por pagar a entidades relacionadas, corrientes",1.689,USD,2023-06-30,SQM-B
Otras provisiones a corto plazo,775.921,USD,2023-06-30,SQM-B
"Pasivos por impuestos corrientes, corrientes",59.006,USD,2023-06-30,SQM-B
Provisiones corrientes por beneficios a los empleados,12.412,USD,2023-06-30,SQM-B
Otros pasivos no financieros corrientes,297.292,USD,2023-06-30,SQM-B
Total de pasivos corrientes distintos de los pasivos incluidos en grupos de activos para su disposición clasificados como mantenidos para la venta,2.587.033,USD,2023-06-30,SQM-B
Pasivos incluidos en grupos de activos para su disposición clasificados como mantenidos para la venta,-,USD,2023-06-30,SQM-B
Pasivos corrientes totales,2.587.033,USD,2023-06-30,SQM-B
Otros pasivos financieros no corrientes,2.508.668,USD,2023-06-30,SQM-B
Pasivos por arrendamientos no corrientes,49.816,USD,2023-06-30,SQM-B
Cuentas por pagar no corrientes,-,USD,2023-06-30,SQM-B
"Cuentas por pagar a entidades relacionadas, no corrientes",-,USD,2023-06-30,SQM-B
Otras provisiones a largo plazo,62.032,USD,2023-06-30,SQM-B
Pasivo por impuestos diferidos,338.625,USD,2023-06-30,SQM-B
"Pasivos por impuestos corrientes, no corrientes",-,USD,2023-06-30,SQM-B
Provisiones no corrientes por beneficios a los empleados,64.761,USD,2023-06-30,SQM-B
Otros pasivos no financieros no corrientes,-,USD,2023-06-30,SQM-B
Total de pasivos no corrientes,3.023.902,USD,2023-06-30,SQM-B
Total de pasivos,5.610.935,USD,2023-06-30,SQM-B
Capital emitido y pagado,1.577.643,USD,2023-06-30,SQM-B
Ganancias (pérdidas) acumuladas,3.360.380,USD,2023-06-30,SQM-B
Prima de emisión,-,USD,2023-06-30,SQM-B
Acciones propias en cartera,-,USD,2023-06-30,SQM-B
Otras participaciones en el patrimonio,-,USD,2023-06-30,SQM-B
Otras reservas,-23.770,USD,2023-06-30,SQM-B
Patrimonio atribuible a los propietarios de la controladora,4.914.253,USD,2023-06-30,SQM-B
Participaciones no controladoras,36.752,USD,2023-06-30,SQM-B
Patrimonio total,4.951.005,USD,2023-06-30,SQM-B
Total de patrimonio y pasivos,10.561.940,USD,2023-06-30,SQM-B
Efectivo y equivalentes al efectivo,1.185.395,USD,2023-09-30,SQM-B
Otros activos financieros corrientes,1.585.930,USD,2023-09-30,SQM-B
Otros activos no financieros corrientes,191.904,USD,2023-09-30,SQM-B
Deudores comerciales y otras cuentas por cobrar corrientes,1.034.807,USD,2023-09-30,SQM-B
"Cuentas por cobrar a entidades relacionadas, corrientes",47.918,USD,2023-09-30,SQM-B
Inventarios corrientes,1.868.087,USD,2023-09-30,SQM-B
Activos biológicos corrientes,-,USD,2023-09-30,SQM-B
"Activos por impuestos corrientes, corrientes",306.392,USD,2023-09-30,SQM-B
Total de activos corrientes distintos de los activo o grupos de activos para su disposición clasificados como mantenidos para la venta o como mantenidos para distribuir a los propietarios,6.220.433,USD,2023-09-30,SQM-B
Activos no corrientes o grupos de activos para su disposición clasificados como mantenidos para la venta o como mantenidos para distribuir a los propietarios,11.962,USD,2023-09-30,SQM-B
Activos corrientes totales,6.232.395,USD,2023-09-30,SQM-B
Otros activos financieros no corrientes,11.924,USD,2023-09-30,SQM-B
Otros activos no financieros no corrientes,267.055,USD,2023-09-30,SQM-B
Cuentas por cobrar no corrientes,2.393,USD,2023-09-30,SQM-B
"Cuentas por cobrar a entidades relacionadas, no corrientes",-,USD,2023-09-30,SQM-B
"Inventarios, no corrientes",-,USD,2023-09-30,SQM-B
Inversiones contabilizadas utilizando el método de la participación,89.788,USD,2023-09-30,SQM-B
Activos intangibles distintos de la plusvalía,157.636,USD,2023-09-30,SQM-B
Plusvalía,958,USD,2023-09-30,SQM-B
"Propiedades, planta y equipo",3.390.040,USD,2023-09-30,SQM-B
Activos biológicos no corrientes,-,USD,2023-09-30,SQM-B
Propiedad de inversión,-,USD,2023-09-30,SQM-B
Activos por derecho de uso,71.940,USD,2023-09-30,SQM-B
"Activos por impuestos corrientes, no corrientes",201.317,USD,2023-09-30,SQM-B
Activos por impuestos diferidos,545.109,USD,2023-09-30,SQM-B
Total de activos no corrientes,4.738.160,USD,2023-09-30,SQM-B
Total de activos,10.970.555,USD,2023-09-30,SQM-B
Otros pasivos financieros corrientes,1.145.022,USD,2023-09-30,SQM-B
Pasivos por arrendamientos corrientes,17.031,USD,2023-09-30,SQM-B
Cuentas por pagar comerciales y otras cuentas por pagar,538.450,USD,2023-09-30,SQM-B
"Cuentas por pagar a entidades relacionadas, corrientes",2.394,USD,2023-09-30,SQM-B
Otras provisiones a corto plazo,686.442,USD,2023-09-30,SQM-B
"Pasivos por impuestos corrientes, corrientes",30.419,USD,2023-09-30,SQM-B
Provisiones corrientes por beneficios a los empleados,17.377,USD,2023-09-30,SQM-B
Otros pasivos no financieros corrientes,292.675,USD,2023-09-30,SQM-B
Total de pasivos corrientes distintos de los pasivos incluidos en grupos de activos para su disposición clasificados como mantenidos para la venta,2.729.810,USD,2023-09-30,SQM-B
Pasivos incluidos en grupos de activos para su disposición clasificados como mantenidos para la venta,-,USD,2023-09-30,SQM-B
Pasivos corrientes totales,2.729.810,USD,2023-09-30,SQM-B
Otros pasivos financieros no corrientes,2.475.955,USD,2023-09-30,SQM-B
Pasivos por arrendamientos no corrientes,55.106,USD,2023-09-30,SQM-B
Cuentas por pagar no corrientes,-,USD,2023-09-30,SQM-B
"Cuentas por pagar a entidades relacionadas, no corrientes",-,USD,2023-09-30,SQM-B
Otras provisiones a largo plazo,54.794,USD,2023-09-30,SQM-B
Pasivo por impuestos diferidos,319.532,USD,2023-09-30,SQM-B
"Pasivos por impuestos corrientes, no corrientes",-,USD,2023-09-30,SQM-B
Provisiones no corrientes por beneficios a los empleados,52.078,USD,2023-09-30,SQM-B
Otros pasivos no financieros no corrientes,-,USD,2023-09-30,SQM-B
Total de pasivos no corrientes,2.957.465,USD,2023-09-30,SQM-B
Total de pasivos,5.687.275,USD,2023-09-30,SQM-B
Capital emitido y pagado,1.577.643,USD,2023-09-30,SQM-B
Ganancias (pérdidas) acumuladas,3.695.938,USD,2023-09-30,SQM-B
Prima de emisión,-,USD,2023-09-30,SQM-B
Acciones propias en cartera,-,USD,2023-09-30,SQM-B
Otras participaciones en el patrimonio,-,USD,2023-09-30,SQM-B
Otras reservas,-27.868,USD,2023-09-30,SQM-B
Patrimonio atribuible a los propietarios de la controladora,5.245.713,USD,2023-09-30,SQM-B
Participaciones no controladoras,37.567,USD,2023-09-30,SQM-B
Patrimonio total,5.283.280,USD,2023-09-30,SQM-B
Total de patrimonio y pasivos,10.970.555,USD,2023-09-30,SQM-B
Efectivo y equivalentes al efectivo,1.041.369,USD,2023-12-31,SQM-B
Otros activos financieros corrientes,1.325.843,USD,2023-12-31,SQM-B
Otros activos no financieros corrientes,136.750,USD,2023-12-31,SQM-B
Deudores comerciales y otras cuentas por cobrar corrientes,907.181,USD,2023-12-31,SQM-B
"Cuentas por cobrar a entidades relacionadas, corrientes",43.253,USD,2023-12-31,SQM-B
Inventarios corrientes,1.774.594,USD,2023-12-31,SQM-B
Activos biológicos corrientes,-,USD,2023-12-31,SQM-B
"Activos por impuestos corrientes, corrientes",637.033,USD,2023-12-31,SQM-B
Total de activos corrientes distintos de los activo o grupos de activos para su disposición clasificados como mantenidos para la venta o como mantenidos para distribuir a los propietarios,5.866.023,USD,2023-12-31,SQM-B
Activos no corrientes o grupos de activos para su disposición clasificados como mantenidos para la venta o como mantenidos para distribuir a los propietarios,118,USD,2023-12-31,SQM-B
Activos corrientes totales,5.866.141,USD,2023-12-31,SQM-B
Otros activos financieros no corrientes,248.281,USD,2023-12-31,SQM-B
Otros activos no financieros no corrientes,373.700,USD,2023-12-31,SQM-B
Cuentas por cobrar no corrientes,2.559,USD,2023-12-31,SQM-B
"Cuentas por cobrar a entidades relacionadas, no corrientes",-,USD,2023-12-31,SQM-B
"Inventarios, no corrientes",-,USD,2023-12-31,SQM-B
Inversiones contabilizadas utilizando el método de la participación,86.417,USD,2023-12-31,SQM-B
Activos intangibles distintos de la plusvalía,155.874,USD,2023-12-31,SQM-B
Plusvalía,958,USD,2023-12-31,SQM-B
"Propiedades, planta y equipo",3.609.937,USD,2023-12-31,SQM-B
Activos biológicos no corrientes,-,USD,2023-12-31,SQM-B
Propiedad de inversión,-,USD,2023-12-31,SQM-B
Activos por derecho de uso,73.193,USD,2023-12-31,SQM-B
"Activos por impuestos corrientes, no corrientes",986.274,USD,2023-12-31,SQM-B
Activos por impuestos diferidos,302.236,USD,2023-12-31,SQM-B
Total de activos no corrientes,5.839.429,USD,2023-12-31,SQM-B
Total de activos,11.705.570,USD,2023-12-31,SQM-B
Otros pasivos financieros corrientes,1.256.499,USD,2023-12-31,SQM-B
Pasivos por arrendamientos corrientes,18.192,USD,2023-12-31,SQM-B
Cuentas por pagar comerciales y otras cuentas por pagar,449.633,USD,2023-12-31,SQM-B
"Cuentas por pagar a entidades relacionadas, corrientes",2.346,USD,2023-12-31,SQM-B
Otras provisiones a corto plazo,392.322,USD,2023-12-31,SQM-B
"Pasivos por impuestos corrientes, corrientes",20.890,USD,2023-12-31,SQM-B
Provisiones corrientes por beneficios a los empleados,23.946,USD,2023-12-31,SQM-B
Otros pasivos no financieros corrientes,187.305,USD,2023-12-31,SQM-B
Total de pasivos corrientes distintos de los pasivos incluidos en grupos de activos para su disposición clasificados como mantenidos para la venta,2.351.133,USD,2023-12-31,SQM-B
Pasivos incluidos en grupos de activos para su disposición clasificados como mantenidos para la venta,-,USD,2023-12-31,SQM-B
Pasivos corrientes totales,2.351.133,USD,2023-12-31,SQM-B
Otros pasivos financieros no corrientes,3.213.422,USD,2023-12-31,SQM-B
Pasivos por arrendamientos no corrientes,56.966,USD,2023-12-31,SQM-B
Cuentas por pagar no corrientes,-,USD,2023-12-31,SQM-B
"Cuentas por pagar a entidades relacionadas, no corrientes",-,USD,2023-12-31,SQM-B
Otras provisiones a largo plazo,60.450,USD,2023-12-31,SQM-B
Pasivo por impuestos diferidos,394.688,USD,2023-12-31,SQM-B
"Pasivos por impuestos corrientes, no corrientes",-,USD,2023-12-31,SQM-B
Provisiones no corrientes por beneficios a los empleados,62.006,USD,2023-12-31,SQM-B
Otros pasivos no financieros no corrientes,-,USD,2023-12-31,SQM-B
Total de pasivos no corrientes,3.787.532,USD,2023-12-31,SQM-B
Total de pasivos,6.138.665,USD,2023-12-31,SQM-B
Capital emitido y pagado,1.577.643,USD,2023-12-31,SQM-B
Ganancias (pérdidas) acumuladas,3.838.162,USD,2023-12-31,SQM-B
Prima de emisión,-,USD,2023-12-31,SQM-B
Acciones propias en cartera,-,USD,2023-12-31,SQM-B
Otras participaciones en el patrimonio,-,USD,2023-12-31,SQM-B
Otras reservas,114.870,USD,2023-12-31,SQM-B
Patrimonio atribuible a los propietarios de la controladora,5.530.675,USD,2023-12-31,SQM-B
Participaciones no controladoras,36.230,USD,2023-12-31,SQM-B
Patrimonio total,5.566.905,USD,2023-12-31,SQM-B
Total de patrimonio y pasivos,11.705.570,USD,2023-12-31,SQM-B
Efectivo y equivalentes al efectivo,1.315.737,USD,2024-03-31,SQM-B
Otros activos financieros corrientes,964.806,USD,2024-03-31,SQM-B
Otros activos no financieros corrientes,96.745,USD,2024-03-31,SQM-B
Deudores comerciales y otras cuentas por cobrar corrientes,930.888,USD,2024-03-31,SQM-B
"Cuentas por cobrar a entidades relacionadas, corrientes",19.478,USD,2024-03-31,SQM-B
Inventarios corrientes,1.756.767,USD,2024-03-31,SQM-B
Activos biológicos corrientes,-,USD,2024-03-31,SQM-B
"Activos por impuestos corrientes, corrientes",557.240,USD,2024-03-31,SQM-B
Total de activos corrientes distintos de los activo o grupos de activos para su disposición clasificados como mantenidos para la venta o como mantenidos para distribuir a los propietarios,5.641.661,USD,2024-03-31,SQM-B
Activos no corrientes o grupos de activos para su disposición clasificados como mantenidos para la venta o como mantenidos para distribuir a los propietarios,118,USD,2024-03-31,SQM-B
Activos corrientes totales,5.641.779,USD,2024-03-31,SQM-B
Otros activos financieros no corrientes,220.231,USD,2024-03-31,SQM-B
Otros activos no financieros no corrientes,364.229,USD,2024-03-31,SQM-B
Cuentas por cobrar no corrientes,1.904,USD,2024-03-31,SQM-B
"Cuentas por cobrar a entidades relacionadas, no corrientes",-,USD,2024-03-31,SQM-B
"Inventarios, no corrientes",-,USD,2024-03-31,SQM-B
Inversiones contabilizadas utilizando el método de la participación,84.904,USD,2024-03-31,SQM-B
Activos intangibles distintos de la plusvalía,154.468,USD,2024-03-31,SQM-B
Plusvalía,958,USD,2024-03-31,SQM-B
"Propiedades, planta y equipo",3.725.534,USD,2024-03-31,SQM-B
Activos biológicos no corrientes,-,USD,2024-03-31,SQM-B
Propiedad de inversión,-,USD,2024-03-31,SQM-B
Activos por derecho de uso,69.774,USD,2024-03-31,SQM-B
"Activos por impuestos corrientes, no corrientes",59.540,USD,2024-03-31,SQM-B
Activos por impuestos diferidos,264.315,USD,2024-03-31,SQM-B
Total de activos no corrientes,4.945.857,USD,2024-03-31,SQM-B
Total de activos,10.587.636,USD,2024-03-31,SQM-B
Otros pasivos financieros corrientes,1.493.178,USD,2024-03-31,SQM-B
Pasivos por arrendamientos corrientes,17.806,USD,2024-03-31,SQM-B
Cuentas por pagar comerciales y otras cuentas por pagar,391.872,USD,2024-03-31,SQM-B
"Cuentas por pagar a entidades relacionadas, corrientes",6.896,USD,2024-03-31,SQM-B
Otras provisiones a corto plazo,353.913,USD,2024-03-31,SQM-B
"Pasivos por impuestos corrientes, corrientes",20.093,USD,2024-03-31,SQM-B
Provisiones corrientes por beneficios a los empleados,9.919,USD,2024-03-31,SQM-B
Otros pasivos no financieros corrientes,112.618,USD,2024-03-31,SQM-B
Total de pasivos corrientes distintos de los pasivos incluidos en grupos de activos para su disposición clasificados como mantenidos para la venta,2.406.295,USD,2024-03-31,SQM-B
Pasivos incluidos en grupos de activos para su disposición clasificados como mantenidos para la venta,-,USD,2024-03-31,SQM-B
Pasivos corrientes totales,2.406.295,USD,2024-03-31,SQM-B
Otros pasivos financieros no corrientes,2.940.317,USD,2024-03-31,SQM-B
Pasivos por arrendamientos no corrientes,51.979,USD,2024-03-31,SQM-B
Cuentas por pagar no corrientes,-,USD,2024-03-31,SQM-B
"Cuentas por pagar a entidades relacionadas, no corrientes",-,USD,2024-03-31,SQM-B
Otras provisiones a largo plazo,56.843,USD,2024-03-31,SQM-B
Pasivo por impuestos diferidos,388.516,USD,2024-03-31,SQM-B
"Pasivos por impuestos corrientes, no corrientes",-,USD,2024-03-31,SQM-B
Provisiones no corrientes por beneficios a los empleados,55.244,USD,2024-03-31,SQM-B
Otros pasivos no financieros no corrientes,-,USD,2024-03-31,SQM-B
Total de pasivos no corrientes,3.492.899,USD,2024-03-31,SQM-B
Total de pasivos,5.899.194,USD,2024-03-31,SQM-B
Capital emitido y pagado,1.577.623,USD,2024-03-31,SQM-B
Ganancias (pérdidas) acumuladas,2.968.654,USD,2024-03-31,SQM-B
Prima de emisión,-,USD,2024-03-31,SQM-B
Acciones propias en cartera,-,USD,2024-03-31,SQM-B
Otras participaciones en el patrimonio,-,USD,2024-03-31,SQM-B
Otras reservas,105.162,USD,2024-03-31,SQM-B
Patrimonio atribuible a los propietarios de la controladora,4.651.439,USD,2024-03-31,SQM-B
Participaciones no controladoras,37.003,USD,2024-03-31,SQM-B
Patrimonio total,4.688.442,USD,2024-03-31,SQM-B
Total de patrimonio y pasivos,10.587.636,USD,2024-03-31,SQM-B
Efectivo y equivalentes al efectivo,1.033.066,USD,2024-06-30,SQM-B
Otros activos financieros corrientes,1.109.800,USD,2024-06-30,SQM-B
Otros activos no financieros corrientes,95.815,USD,2024-06-30,SQM-B
Deudores comerciales y otras cuentas por cobrar corrientes,724.267,USD,2024-06-30,SQM-B
"Cuentas por cobrar a entidades relacionadas, corrientes",22.709,USD,2024-06-30,SQM-B
Inventarios corrientes,1.709.485,USD,2024-06-30,SQM-B
Activos biológicos corrientes,-,USD,2024-06-30,SQM-B
"Activos por impuestos corrientes, corrientes",534.456,USD,2024-06-30,SQM-B
Total de activos corrientes distintos de los activo o grupos de activos para su disposición clasificados como mantenidos para la venta o como mantenidos para distribuir a los propietarios,5.229.598,USD,2024-06-30,SQM-B
Activos no corrientes o grupos de activos para su disposición clasificados como mantenidos para la venta o como mantenidos para distribuir a los propietarios,118,USD,2024-06-30,SQM-B
Activos corrientes totales,5.229.716,USD,2024-06-30,SQM-B
Otros activos financieros no corrientes,37.492,USD,2024-06-30,SQM-B
Otros activos no financieros no corrientes,362.508,USD,2024-06-30,SQM-B
Cuentas por cobrar no corrientes,1.934,USD,2024-06-30,SQM-B
"Cuentas por cobrar a entidades relacionadas, no corrientes",-,USD,2024-06-30,SQM-B
"Inventarios, no corrientes",-,USD,2024-06-30,SQM-B
Inversiones contabilizadas utilizando el método de la participación,632.722,USD,2024-06-30,SQM-B
Activos intangibles distintos de la plusvalía,163.292,USD,2024-06-30,SQM-B
Plusvalía,958,USD,2024-06-30,SQM-B
"Propiedades, planta y equipo",3.998.531,USD,2024-06-30,SQM-B
Activos biológicos no corrientes,-,USD,2024-06-30,SQM-B
Propiedad de inversión,-,USD,2024-06-30,SQM-B
Activos por derecho de uso,64.303,USD,2024-06-30,SQM-B
"Activos por impuestos corrientes, no corrientes",59.541,USD,2024-06-30,SQM-B
Activos por impuestos diferidos,221.942,USD,2024-06-30,SQM-B
Total de activos no corrientes,5.543.223,USD,2024-06-30,SQM-B
Total de activos,10.772.939,USD,2024-06-30,SQM-B
Otros pasivos financieros corrientes,1.515.403,USD,2024-06-30,SQM-B
Pasivos por arrendamientos corrientes,18.219,USD,2024-06-30,SQM-B
Cuentas por pagar comerciales y otras cuentas por pagar,373.970,USD,2024-06-30,SQM-B
"Cuentas por pagar a entidades relacionadas, corrientes",8.885,USD,2024-06-30,SQM-B
Otras provisiones a corto plazo,332.751,USD,2024-06-30,SQM-B
"Pasivos por impuestos corrientes, corrientes",45.245,USD,2024-06-30,SQM-B
Provisiones corrientes por beneficios a los empleados,14.366,USD,2024-06-30,SQM-B
Otros pasivos no financieros corrientes,83.808,USD,2024-06-30,SQM-B
Total de pasivos corrientes distintos de los pasivos incluidos en grupos de activos para su disposición clasificados como mantenidos para la venta,2.392.647,USD,2024-06-30,SQM-B
Pasivos incluidos en grupos de activos para su disposición clasificados como mantenidos para la venta,-,USD,2024-06-30,SQM-B
Pasivos corrientes totales,2.392.647,USD,2024-06-30,SQM-B
Otros pasivos financieros no corrientes,2.946.185,USD,2024-06-30,SQM-B
Pasivos por arrendamientos no corrientes,47.630,USD,2024-06-30,SQM-B
Cuentas por pagar no corrientes,-,USD,2024-06-30,SQM-B
"Cuentas por pagar a entidades relacionadas, no corrientes",-,USD,2024-06-30,SQM-B
Otras provisiones a largo plazo,58.378,USD,2024-06-30,SQM-B
Pasivo por impuestos diferidos,294.292,USD,2024-06-30,SQM-B
"Pasivos por impuestos corrientes, no corrientes",-,USD,2024-06-30,SQM-B
Provisiones no corrientes por beneficios a los empleados,58.935,USD,2024-06-30,SQM-B
Otros pasivos no financieros no corrientes,-,USD,2024-06-30,SQM-B
Total de pasivos no corrientes,3.405.420,USD,2024-06-30,SQM-B
Total de pasivos,5.798.067,USD,2024-06-30,SQM-B
Capital emitido y pagado,1.577.623,USD,2024-06-30,SQM-B
Ganancias (pérdidas) acumuladas,3.369.053,USD,2024-06-30,SQM-B
Prima de emisión,-,USD,2024-06-30,SQM-B
Acciones propias en cartera,-,USD,2024-06-30,SQM-B
Otras participaciones en el patrimonio,-,USD,2024-06-30,SQM-B
Otras reservas,-9.755,USD,2024-06-30,SQM-B
Patrimonio atribuible a los propietarios de la controladora,4.936.921,USD,2024-06-30,SQM-B
Participaciones no controladoras,37.951,USD,2024-06-30,SQM-B
Patrimonio total,4.974.872,USD,2024-06-30,SQM-B
Total de patrimonio y pasivos,10.772.939,USD,2024-06-30,SQM-B
Efectivo y equivalentes al efectivo,1.565.365,USD,2024-09-30,SQM-B
Otros activos financieros corrientes,996.697,USD,2024-09-30,SQM-B
Otros activos no financieros corrientes,97.253,USD,2024-09-30,SQM-B
Deudores comerciales y otras cuentas por cobrar corrientes,667.242,USD,2024-09-30,SQM-B
"Cuentas por cobrar a entidades relacionadas, corrientes",22.858,USD,2024-09-30,SQM-B
Inventarios corrientes,1.685.228,USD,2024-09-30,SQM-B
Activos biológicos corrientes,-,USD,2024-09-30,SQM-B
"Activos por impuestos corrientes, corrientes",573.386,USD,2024-09-30,SQM-B
Total de activos corrientes distintos de los activo o grupos de activos para su disposición clasificados como mantenidos para la venta o como mantenidos para distribuir a los propietarios,5.608.029,USD,2024-09-30,SQM-B
Activos no corrientes o grupos de activos para su disposición clasificados como mantenidos para la venta o como mantenidos para distribuir a los propietarios,118,USD,2024-09-30,SQM-B
Activos corrientes totales,5.608.147,USD,2024-09-30,SQM-B
Otros activos financieros no corrientes,76.789,USD,2024-09-30,SQM-B
Otros activos no financieros no corrientes,375.161,USD,2024-09-30,SQM-B
Cuentas por cobrar no corrientes,2.040,USD,2024-09-30,SQM-B
"Cuentas por cobrar a entidades relacionadas, no corrientes",-,USD,2024-09-30,SQM-B
"Inventarios, no corrientes",-,USD,2024-09-30,SQM-B
Inversiones contabilizadas utilizando el método de la participación,614.512,USD,2024-09-30,SQM-B
Activos intangibles distintos de la plusvalía,162.920,USD,2024-09-30,SQM-B
Plusvalía,958,USD,2024-09-30,SQM-B
"Propiedades, planta y equipo",4.165.599,USD,2024-09-30,SQM-B
Activos biológicos no corrientes,-,USD,2024-09-30,SQM-B
Propiedad de inversión,-,USD,2024-09-30,SQM-B
Activos por derecho de uso,76.408,USD,2024-09-30,SQM-B
"Activos por impuestos corrientes, no corrientes",59.555,USD,2024-09-30,SQM-B
Activos por impuestos diferidos,148.448,USD,2024-09-30,SQM-B
Total de activos no corrientes,5.682.390,USD,2024-09-30,SQM-B
Total de activos,11.290.537,USD,2024-09-30,SQM-B
Otros pasivos financieros corrientes,1.025.007,USD,2024-09-30,SQM-B
Pasivos por arrendamientos corrientes,21.003,USD,2024-09-30,SQM-B
Cuentas por pagar comerciales y otras cuentas por pagar,397.467,USD,2024-09-30,SQM-B
"Cuentas por pagar a entidades relacionadas, corrientes",8.807,USD,2024-09-30,SQM-B
Otras provisiones a corto plazo,285.183,USD,2024-09-30,SQM-B
"Pasivos por impuestos corrientes, corrientes",52.827,USD,2024-09-30,SQM-B
Provisiones corrientes por beneficios a los empleados,22.764,USD,2024-09-30,SQM-B
Otros pasivos no financieros corrientes,96.141,USD,2024-09-30,SQM-B
Total de pasivos corrientes distintos de los pasivos incluidos en grupos de activos para su disposición clasificados como mantenidos para la venta,1.909.199,USD,2024-09-30,SQM-B
Pasivos incluidos en grupos de activos para su disposición clasificados como mantenidos para la venta,-,USD,2024-09-30,SQM-B
Pasivos corrientes totales,1.909.199,USD,2024-09-30,SQM-B
Otros pasivos financieros no corrientes,3.784.433,USD,2024-09-30,SQM-B
Pasivos por arrendamientos no corrientes,57.927,USD,2024-09-30,SQM-B
Cuentas por pagar no corrientes,-,USD,2024-09-30,SQM-B
"Cuentas por pagar a entidades relacionadas, no corrientes",-,USD,2024-09-30,SQM-B
Otras provisiones a largo plazo,63.104,USD,2024-09-30,SQM-B
Pasivo por impuestos diferidos,282.421,USD,2024-09-30,SQM-B
"Pasivos por impuestos corrientes, no corrientes",-,USD,2024-09-30,SQM-B
Provisiones no corrientes por beneficios a los empleados,70.431,USD,2024-09-30,SQM-B
Otros pasivos no financieros no corrientes,-,USD,2024-09-30,SQM-B
Total de pasivos no corrientes,4.258.316,USD,2024-09-30,SQM-B
Total de pasivos,6.167.515,USD,2024-09-30,SQM-B
Capital emitido y pagado,1.577.623,USD,2024-09-30,SQM-B
Ganancias (pérdidas) acumuladas,3.500.482,USD,2024-09-30,SQM-B
Prima de emisión,-,USD,2024-09-30,SQM-B
Acciones propias en cartera,-,USD,2024-09-30,SQM-B
Otras participaciones en el patrimonio,-,USD,2024-09-30,SQM-B
Otras reservas,6.329,USD,2024-09-30,SQM-B
Patrimonio atribuible a los propietarios de la controladora,5.084.434,USD,2024-09-30,SQM-B
Participaciones no controladoras,38.588,USD,2024-09-30,SQM-B
Patrimonio total,5.123.022,USD,2024-09-30,SQM-B
Total de patrimonio y pasivos,11.290.537,USD,2024-09-30,SQM-B
Efectivo y equivalentes al efectivo,1.377.851,USD,2024-12-31,SQM-B
Otros activos financieros corrientes,1.079.595,USD,2024-12-31,SQM-B
Otros activos no financieros corrientes,200.705,USD,2024-12-31,SQM-B
Deudores comerciales y otras cuentas por cobrar corrientes,606.137,USD,2024-12-31,SQM-B
"Cuentas por cobrar a entidades relacionadas, corrientes",28.706,USD,2024-12-31,SQM-B
Inventarios corrientes,1.702.185,USD,2024-12-31,SQM-B
Activos biológicos corrientes,-,USD,2024-12-31,SQM-B
"Activos por impuestos corrientes, corrientes",583.143,USD,2024-12-31,SQM-B
Total de activos corrientes distintos de los activo o grupos de activos para su disposición clasificados como mantenidos para la venta o como mantenidos para distribuir a los propietarios,5.578.322,USD,2024-12-31,SQM-B
Activos no corrientes o grupos de activos para su disposición clasificados como mantenidos para la venta o como mantenidos para distribuir a los propietarios,118,USD,2024-12-31,SQM-B
Activos corrientes totales,5.578.440,USD,2024-12-31,SQM-B
Otros activos financieros no corrientes,60.706,USD,2024-12-31,SQM-B
Otros activos no financieros no corrientes,364.166,USD,2024-12-31,SQM-B
Cuentas por cobrar no corrientes,2.727,USD,2024-12-31,SQM-B
"Cuentas por cobrar a entidades relacionadas, no corrientes",-,USD,2024-12-31,SQM-B
"Inventarios, no corrientes",-,USD,2024-12-31,SQM-B
Inversiones contabilizadas utilizando el método de la participación,585.794,USD,2024-12-31,SQM-B
Activos intangibles distintos de la plusvalía,167.968,USD,2024-12-31,SQM-B
Plusvalía,948,USD,2024-12-31,SQM-B
"Propiedades, planta y equipo",4.433.645,USD,2024-12-31,SQM-B
Activos biológicos no corrientes,-,USD,2024-12-31,SQM-B
Propiedad de inversión,-,USD,2024-12-31,SQM-B
Activos por derecho de uso,84.070,USD,2024-12-31,SQM-B
"Activos por impuestos corrientes, no corrientes",59.541,USD,2024-12-31,SQM-B
Activos por impuestos diferidos,157.564,USD,2024-12-31,SQM-B
Total de activos no corrientes,5.917.129,USD,2024-12-31,SQM-B
Total de activos,11.495.569,USD,2024-12-31,SQM-B
Otros pasivos financieros corrientes,1.163.468,USD,2024-12-31,SQM-B
Pasivos por arrendamientos corrientes,23.011,USD,2024-12-31,SQM-B
Cuentas por pagar comerciales y otras cuentas por pagar,471.449,USD,2024-12-31,SQM-B
"Cuentas por pagar a entidades relacionadas, corrientes",10.265,USD,2024-12-31,SQM-B
Otras provisiones a corto plazo,311.197,USD,2024-12-31,SQM-B
"Pasivos por impuestos corrientes, corrientes",79.841,USD,2024-12-31,SQM-B
Provisiones corrientes por beneficios a los empleados,31.546,USD,2024-12-31,SQM-B
Otros pasivos no financieros corrientes,128.039,USD,2024-12-31,SQM-B
Total de pasivos corrientes distintos de los pasivos incluidos en grupos de activos para su disposición clasificados como mantenidos para la venta,2.218.816,USD,2024-12-31,SQM-B
Pasivos incluidos en grupos de activos para su disposición clasificados como mantenidos para la venta,-,USD,2024-12-31,SQM-B
Pasivos corrientes totales,2.218.816,USD,2024-12-31,SQM-B
Otros pasivos financieros no corrientes,3.600.582,USD,2024-12-31,SQM-B
Pasivos por arrendamientos no corrientes,60.801,USD,2024-12-31,SQM-B
Cuentas por pagar no corrientes,-,USD,2024-12-31,SQM-B
"Cuentas por pagar a entidades relacionadas, no corrientes",-,USD,2024-12-31,SQM-B
Otras provisiones a largo plazo,53.317,USD,2024-12-31,SQM-B
Pasivo por impuestos diferidos,298.379,USD,2024-12-31,SQM-B
"Pasivos por impuestos corrientes, no corrientes",-,USD,2024-12-31,SQM-B
Provisiones no corrientes por beneficios a los empleados,65.607,USD,2024-12-31,SQM-B
Otros pasivos no financieros no corrientes,-,USD,2024-12-31,SQM-B
Total de pasivos no corrientes,4.078.686,USD,2024-12-31,SQM-B
Total de pasivos,6.297.502,USD,2024-12-31,SQM-B
Capital emitido y pagado,1.577.623,USD,2024-12-31,SQM-B
Ganancias (pérdidas) acumuladas,3.620.612,USD,2024-12-31,SQM-B
Prima de emisión,-,USD,2024-12-31,SQM-B
Acciones propias en cartera,-,USD,2024-12-31,SQM-B
Otras participaciones en el patrimonio,-,USD,2024-12-31,SQM-B
Otras reservas,-37.416,USD,2024-12-31,SQM-B
Patrimonio atribuible a los propietarios de la controladora,5.160.819,USD,2024-12-31,SQM-B
Participaciones no controladoras,37.248,USD,2024-12-31,SQM-B
Patrimonio total,5.198.067,USD,2024-12-31,SQM-B
Total de patrimonio y pasivos,11.495.569,USD,2024-12-31,SQM-B
Efectivo y equivalentes al efectivo,1.656.089,USD,2025-03-31,SQM-B
Otros activos financieros corrientes,704.127,USD,2025-03-31,SQM-B
Otros activos no financieros corrientes,134.925,USD,2025-03-31,SQM-B
Deudores comerciales y otras cuentas por cobrar corrientes,654.077,USD,2025-03-31,SQM-B
"Cuentas por cobrar a entidades relacionadas, corrientes",29.842,USD,2025-03-31,SQM-B
Inventarios corrientes,1.788.763,USD,2025-03-31,SQM-B
Activos biológicos corrientes,-,USD,2025-03-31,SQM-B
"Activos por impuestos corrientes, corrientes",628.085,USD,2025-03-31,SQM-B
Total de activos corrientes distintos de los activo o grupos de activos para su disposición clasificados como mantenidos para la venta o como mantenidos para distribuir a los propietarios,5.595.908,USD,2025-03-31,SQM-B
Activos no corrientes o grupos de activos para su disposición clasificados como mantenidos para la venta o como mantenidos para distribuir a los propietarios,118,USD,2025-03-31,SQM-B
Activos corrientes totales,5.596.026,USD,2025-03-31,SQM-B
Otros activos financieros no corrientes,46.151,USD,2025-03-31,SQM-B
Otros activos no financieros no corrientes,356.589,USD,2025-03-31,SQM-B
Cuentas por cobrar no corrientes,3.219,USD,2025-03-31,SQM-B
"Cuentas por cobrar a entidades relacionadas, no corrientes",-,USD,2025-03-31,SQM-B
"Inventarios, no corrientes",95.185,USD,2025-03-31,SQM-B
Inversiones contabilizadas utilizando el método de la participación,603.422,USD,2025-03-31,SQM-B
Activos intangibles distintos de la plusvalía,165.355,USD,2025-03-31,SQM-B
Plusvalía,958,USD,2025-03-31,SQM-B
"Propiedades, planta y equipo",4.333.760,USD,2025-03-31,SQM-B
Activos biológicos no corrientes,-,USD,2025-03-31,SQM-B
Propiedad de inversión,-,USD,2025-03-31,SQM-B
Activos por derecho de uso,81.263,USD,2025-03-31,SQM-B
"Activos por impuestos corrientes, no corrientes",59.580,USD,2025-03-31,SQM-B
Activos por impuestos diferidos,145.444,USD,2025-03-31,SQM-B
Total de activos no corrientes,5.890.926,USD,2025-03-31,SQM-B
Total de activos,11.486.952,USD,2025-03-31,SQM-B
Otros pasivos financieros corrientes,901.189,USD,2025-03-31,SQM-B
Pasivos por arrendamientos corrientes,23.998,USD,2025-03-31,SQM-B
Cuentas por pagar comerciales y otras cuentas por pagar,405.473,USD,2025-03-31,SQM-B
"Cuentas por pagar a entidades relacionadas, corrientes",9.190,USD,2025-03-31,SQM-B
Otras provisiones a corto plazo,293.481,USD,2025-03-31,SQM-B
"Pasivos por impuestos corrientes, corrientes",130.078,USD,2025-03-31,SQM-B
Provisiones corrientes por beneficios a los empleados,14.667,USD,2025-03-31,SQM-B
Otros pasivos no financieros corrientes,164.967,USD,2025-03-31,SQM-B
Total de pasivos corrientes distintos de los pasivos incluidos en grupos de activos para su disposición clasificados como mantenidos para la venta,1.943.043,USD,2025-03-31,SQM-B
Pasivos incluidos en grupos de activos para su disposición clasificados como mantenidos para la venta,-,USD,2025-03-31,SQM-B
Pasivos corrientes totales,1.943.043,USD,2025-03-31,SQM-B
Otros pasivos financieros no corrientes,3.765.425,USD,2025-03-31,SQM-B
Pasivos por arrendamientos no corrientes,57.249,USD,2025-03-31,SQM-B
Cuentas por pagar no corrientes,-,USD,2025-03-31,SQM-B
"Cuentas por pagar a entidades relacionadas, no corrientes",-,USD,2025-03-31,SQM-B
Otras provisiones a largo plazo,58.387,USD,2025-03-31,SQM-B
Pasivo por impuestos diferidos,298.536,USD,2025-03-31,SQM-B
"Pasivos por impuestos corrientes, no corrientes",-,USD,2025-03-31,SQM-B
Provisiones no corrientes por beneficios a los empleados,71.874,USD,2025-03-31,SQM-B
Otros pasivos no financieros no corrientes,-,USD,2025-03-31,SQM-B
Total de pasivos no corrientes,4.251.471,USD,2025-03-31,SQM-B
Total de pasivos,6.194.514,USD,2025-03-31,SQM-B
Capital emitido y pagado,1.577.623,USD,2025-03-31,SQM-B
Ganancias (pérdidas) acumuladas,3.716.881,USD,2025-03-31,SQM-B
Prima de emisión,-,USD,2025-03-31,SQM-B
Acciones propias en cartera,-,USD,2025-03-31,SQM-B
Otras participaciones en el patrimonio,-,USD,2025-03-31,SQM-B
Otras reservas,-40.988,USD,2025-03-31,SQM-B
Patrimonio atribuible a los propietarios de la controladora,5.253.516,USD,2025-03-31,SQM-B
Participaciones no controladoras,38.922,USD,2025-03-31,SQM-B
Patrimonio total,5.292.438,USD,2025-03-31,SQM-B
Total de patrimonio y pasivos,11.486.952,USD,2025-03-31,SQM-B
Efectivo y equivalentes al efectivo,1.565.586,USD,2025-06-30,SQM-B
Otros activos financieros corrientes,667.217,USD,2025-06-30,SQM-B
Otros activos no financieros corrientes,127.862,USD,2025-06-30,SQM-B
Deudores comerciales y otras cuentas por cobrar corrientes,683.050,USD,2025-06-30,SQM-B
"Cuentas por cobrar a entidades relacionadas, corrientes",34.905,USD,2025-06-30,SQM-B
Inventarios corrientes,1.851.147,USD,2025-06-30,SQM-B
Activos biológicos corrientes,-,USD,2025-06-30,SQM-B
"Activos por impuestos corrientes, corrientes",557.953,USD,2025-06-30,SQM-B
Total de activos corrientes distintos de los activo o grupos de activos para su disposición clasificados como mantenidos para la venta o como mantenidos para distribuir a los propietarios,5.487.720,USD,2025-06-30,SQM-B
Activos no corrientes o grupos de activos para su disposición clasificados como mantenidos para la venta o como mantenidos para distribuir a los propietarios,118,USD,2025-06-30,SQM-B
Activos corrientes totales,5.487.838,USD,2025-06-30,SQM-B
Otros activos financieros no corrientes,62.242,USD,2025-06-30,SQM-B
Otros activos no financieros no corrientes,362.958,USD,2025-06-30,SQM-B
Cuentas por cobrar no corrientes,3.303,USD,2025-06-30,SQM-B
"Cuentas por cobrar a entidades relacionadas, no corrientes",-,USD,2025-06-30,SQM-B
"Inventarios, no corrientes",-,USD,2025-06-30,SQM-B
Inversiones contabilizadas utilizando el método de la participación,629.693,USD,2025-06-30,SQM-B
Activos intangibles distintos de la plusvalía,162.671,USD,2025-06-30,SQM-B
Plusvalía,958,USD,2025-06-30,SQM-B
"Propiedades, planta y equipo",4.525.769,USD,2025-06-30,SQM-B
Activos biológicos no corrientes,-,USD,2025-06-30,SQM-B
Propiedad de inversión,-,USD,2025-06-30,SQM-B
Activos por derecho de uso,79.959,USD,2025-06-30,SQM-B
"Activos por impuestos corrientes, no corrientes",59.583,USD,2025-06-30,SQM-B
Activos por impuestos diferidos,149.062,USD,2025-06-30,SQM-B
Total de activos no corrientes,6.036.198,USD,2025-06-30,SQM-B
Total de activos,11.524.036,USD,2025-06-30,SQM-B
Otros pasivos financieros corrientes,903.929,USD,2025-06-30,SQM-B
Pasivos por arrendamientos corrientes,24.015,USD,2025-06-30,SQM-B
Cuentas por pagar comerciales y otras cuentas por pagar,390.142,USD,2025-06-30,SQM-B
"Cuentas por pagar a entidades relacionadas, corrientes",11.029,USD,2025-06-30,SQM-B
Otras provisiones a corto plazo,266.529,USD,2025-06-30,SQM-B
"Pasivos por impuestos corrientes, corrientes",62.112,USD,2025-06-30,SQM-B
Provisiones corrientes por beneficios a los empleados,42.751,USD,2025-06-30,SQM-B
Otros pasivos no financieros corrientes,180.974,USD,2025-06-30,SQM-B
Total de pasivos corrientes distintos de los pasivos incluidos en grupos de activos para su disposición clasificados como mantenidos para la venta,1.881.481,USD,2025-06-30,SQM-B
Pasivos incluidos en grupos de activos para su disposición clasificados como mantenidos para la venta,-,USD,2025-06-30,SQM-B
Pasivos corrientes totales,1.881.481,USD,2025-06-30,SQM-B
Otros pasivos financieros no corrientes,3.774.999,USD,2025-06-30,SQM-B
Pasivos por arrendamientos no corrientes,57.260,USD,2025-06-30,SQM-B
Cuentas por pagar no corrientes,-,USD,2025-06-30,SQM-B
"Cuentas por pagar a entidades relacionadas, no corrientes",-,USD,2025-06-30,SQM-B
Otras provisiones a largo plazo,58.453,USD,2025-06-30,SQM-B
Pasivo por impuestos diferidos,318.628,USD,2025-06-30,SQM-B
"Pasivos por impuestos corrientes, no corrientes",-,USD,2025-06-30,SQM-B
Provisiones no corrientes por beneficios a los empleados,39.530,USD,2025-06-30,SQM-B
Otros pasivos no financieros no corrientes,-,USD,2025-06-30,SQM-B
Total de pasivos no corrientes,4.248.870,USD,2025-06-30,SQM-B
Total de pasivos,6.130.351,USD,2025-06-30,SQM-B
Capital emitido y pagado,1.577.623,USD,2025-06-30,SQM-B
Ganancias (pérdidas) acumuladas,3.778.777,USD,2025-06-30,SQM-B
Prima de emisión,-,USD,2025-06-30,SQM-B
Acciones propias en cartera,-,USD,2025-06-30,SQM-B
Otras participaciones en el patrimonio,-,USD,2025-06-30,SQM-B
Otras reservas,-2.461,USD,2025-06-30,SQM-B
Patrimonio atribuible a los propietarios de la controladora,5.353.939,USD,2025-06-30,SQM-B
Participaciones no controladoras,39.746,USD,2025-06-30,SQM-B
Patrimonio total,5.393.685,USD,2025-06-30,SQM-B
Total de patrimonio y pasivos,11.524.036,USD,2025-06-30,SQM-B
Efectivo y equivalentes al efectivo,20.930,USD,2017-03-31,PAMPA_CALICHERA
Otros activos financieros corrientes,38.889,USD,2017-03-31,PAMPA_CALICHERA
Otros activos no financieros corrientes,-,USD,2017-03-31,PAMPA_CALICHERA
Deudores comerciales y otras cuentas por cobrar corrientes,-,USD,2017-03-31,PAMPA_CALICHERA
"Cuentas por cobrar a entidades relacionadas, corrientes",411.215,USD,2017-03-31,PAMPA_CALICHERA
Inventarios corrientes,-,USD,2017-03-31,PAMPA_CALICHERA
Activos biológicos corrientes,-,USD,2017-03-31,PAMPA_CALICHERA
"Activos por impuestos corrientes, corrientes",13.968,USD,2017-03-31,PAMPA_CALICHERA
Total de activos corrientes distintos de los activo o grupos de activos para su disposición clasificados como mantenidos para la venta o como mantenidos para distribuir a los propietarios,485.002,USD,2017-03-31,PAMPA_CALICHERA
Activos no corrientes o grupos de activos para su disposición clasificados como mantenidos para la venta o como mantenidos para distribuir a los propietarios,-,USD,2017-03-31,PAMPA_CALICHERA
Activos corrientes totales,485.002,USD,2017-03-31,PAMPA_CALICHERA
Otros activos financieros no corrientes,-,USD,2017-03-31,PAMPA_CALICHERA
Otros activos no financieros no corrientes,-,USD,2017-03-31,PAMPA_CALICHERA
Cuentas por cobrar no corrientes,-,USD,2017-03-31,PAMPA_CALICHERA
"Cuentas por cobrar a entidades relacionadas, no corrientes",-,USD,2017-03-31,PAMPA_CALICHERA
"Inventarios, no corrientes",-,USD,2017-03-31,PAMPA_CALICHERA
Inversiones contabilizadas utilizando el método de la participación,985.849,USD,2017-03-31,PAMPA_CALICHERA
Activos intangibles distintos de la plusvalía,-,USD,2017-03-31,PAMPA_CALICHERA
Plusvalía,6.873,USD,2017-03-31,PAMPA_CALICHERA
"Propiedades, planta y equipo",-,USD,2017-03-31,PAMPA_CALICHERA
Activos biológicos no corrientes,-,USD,2017-03-31,PAMPA_CALICHERA
Propiedad de inversión,-,USD,2017-03-31,PAMPA_CALICHERA
"Activos por impuestos corrientes, no corrientes",-,USD,2017-03-31,PAMPA_CALICHERA
Activos por impuestos diferidos,1.682,USD,2017-03-31,PAMPA_CALICHERA
Total de activos no corrientes,994.404,USD,2017-03-31,PAMPA_CALICHERA
Total de activos,1.479.406,USD,2017-03-31,PAMPA_CALICHERA
Otros pasivos financieros corrientes,54.497,USD,2017-03-31,PAMPA_CALICHERA
Cuentas por pagar comerciales y otras cuentas por pagar,25,USD,2017-03-31,PAMPA_CALICHERA
"Cuentas por pagar a entidades relacionadas, corrientes",-,USD,2017-03-31,PAMPA_CALICHERA
Otras provisiones a corto plazo,-,USD,2017-03-31,PAMPA_CALICHERA
"Pasivos por impuestos corrientes, corrientes",585,USD,2017-03-31,PAMPA_CALICHERA
Provisiones corrientes por beneficios a los empleados,-,USD,2017-03-31,PAMPA_CALICHERA
Otros pasivos no financieros corrientes,11.146,USD,2017-03-31,PAMPA_CALICHERA
Total de pasivos corrientes distintos de los pasivos incluidos en grupos de activos para su disposición clasificados como mantenidos para la venta,66.253,USD,2017-03-31,PAMPA_CALICHERA
Pasivos incluidos en grupos de activos para su disposición clasificados como mantenidos para la venta,-,USD,2017-03-31,PAMPA_CALICHERA
Pasivos corrientes totales,66.253,USD,2017-03-31,PAMPA_CALICHERA
Otros pasivos financieros no corrientes,377.706,USD,2017-03-31,PAMPA_CALICHERA
Cuentas por pagar no corrientes,-,USD,2017-03-31,PAMPA_CALICHERA
"Cuentas por pagar a entidades relacionadas, no corrientes",-,USD,2017-03-31,PAMPA_CALICHERA
Otras provisiones a largo plazo,-,USD,2017-03-31,PAMPA_CALICHERA
Pasivo por impuestos diferidos,1.828,USD,2017-03-31,PAMPA_CALICHERA
"Pasivos por impuestos corrientes, no corrientes",-,USD,2017-03-31,PAMPA_CALICHERA
Provisiones no corrientes por beneficios a los empleados,-,USD,2017-03-31,PAMPA_CALICHERA
Otros pasivos no financieros no corrientes,-,USD,2017-03-31,PAMPA_CALICHERA
Total de pasivos no corrientes,379.534,USD,2017-03-31,PAMPA_CALICHERA
Total de pasivos,445.787,USD,2017-03-31,PAMPA_CALICHERA
Capital emitido,539.212,USD,2017-03-31,PAMPA_CALICHERA
Ganancias (pérdidas) acumuladas,391.667,USD,2017-03-31,PAMPA_CALICHERA
Prima de emisión,114.952,USD,2017-03-31,PAMPA_CALICHERA
Acciones propias en cartera,-,USD,2017-03-31,PAMPA_CALICHERA
Otras participaciones en el patrimonio,-4.795,USD,2017-03-31,PAMPA_CALICHERA
Otras reservas,-7.417,USD,2017-03-31,PAMPA_CALICHERA
Patrimonio atribuible a los propietarios de la controladora,1.033.619,USD,2017-03-31,PAMPA_CALICHERA
Participaciones no controladoras,-,USD,2017-03-31,PAMPA_CALICHERA
Patrimonio total,1.033.619,USD,2017-03-31,PAMPA_CALICHERA
Total de patrimonio y pasivos,1.479.406,USD,2017-03-31,PAMPA_CALICHERA
Efectivo y equivalentes al efectivo,48.817,USD,2017-06-30,PAMPA_CALICHERA
Otros activos financieros corrientes,26.123,USD,2017-06-30,PAMPA_CALICHERA
Otros activos no financieros corrientes,-,USD,2017-06-30,PAMPA_CALICHERA
Deudores comerciales y otras cuentas por cobrar corrientes,-,USD,2017-06-30,PAMPA_CALICHERA
"Cuentas por cobrar a entidades relacionadas, corrientes",409.333,USD,2017-06-30,PAMPA_CALICHERA
Inventarios corrientes,-,USD,2017-06-30,PAMPA_CALICHERA
Activos biológicos corrientes,-,USD,2017-06-30,PAMPA_CALICHERA
"Activos por impuestos corrientes, corrientes",14.563,USD,2017-06-30,PAMPA_CALICHERA
Total de activos corrientes distintos de los activo o grupos de activos para su disposición clasificados como mantenidos para la venta o como mantenidos para distribuir a los propietarios,498.836,USD,2017-06-30,PAMPA_CALICHERA
Activos no corrientes o grupos de activos para su disposición clasificados como mantenidos para la venta o como mantenidos para distribuir a los propietarios,-,USD,2017-06-30,PAMPA_CALICHERA
Activos corrientes totales,498.836,USD,2017-06-30,PAMPA_CALICHERA
Otros activos financieros no corrientes,-,USD,2017-06-30,PAMPA_CALICHERA
Otros activos no financieros no corrientes,-,USD,2017-06-30,PAMPA_CALICHERA
Cuentas por cobrar no corrientes,-,USD,2017-06-30,PAMPA_CALICHERA
"Cuentas por cobrar a entidades relacionadas, no corrientes",-,USD,2017-06-30,PAMPA_CALICHERA
"Inventarios, no corrientes",-,USD,2017-06-30,PAMPA_CALICHERA
Inversiones contabilizadas utilizando el método de la participación,984.480,USD,2017-06-30,PAMPA_CALICHERA
Activos intangibles distintos de la plusvalía,-,USD,2017-06-30,PAMPA_CALICHERA
Plusvalía,6.873,USD,2017-06-30,PAMPA_CALICHERA
"Propiedades, planta y equipo",-,USD,2017-06-30,PAMPA_CALICHERA
Activos biológicos no corrientes,-,USD,2017-06-30,PAMPA_CALICHERA
Propiedad de inversión,-,USD,2017-06-30,PAMPA_CALICHERA
"Activos por impuestos corrientes, no corrientes",-,USD,2017-06-30,PAMPA_CALICHERA
Activos por impuestos diferidos,1.603,USD,2017-06-30,PAMPA_CALICHERA
Total de activos no corrientes,992.956,USD,2017-06-30,PAMPA_CALICHERA
Total de activos,1.491.792,USD,2017-06-30,PAMPA_CALICHERA
Otros pasivos financieros corrientes,60.369,USD,2017-06-30,PAMPA_CALICHERA
Cuentas por pagar comerciales y otras cuentas por pagar,142,USD,2017-06-30,PAMPA_CALICHERA
"Cuentas por pagar a entidades relacionadas, corrientes",-,USD,2017-06-30,PAMPA_CALICHERA
Otras provisiones a corto plazo,-,USD,2017-06-30,PAMPA_CALICHERA
"Pasivos por impuestos corrientes, corrientes",517,USD,2017-06-30,PAMPA_CALICHERA
Provisiones corrientes por beneficios a los empleados,-,USD,2017-06-30,PAMPA_CALICHERA
Otros pasivos no financieros corrientes,6.488,USD,2017-06-30,PAMPA_CALICHERA
Total de pasivos corrientes distintos de los pasivos incluidos en grupos de activos para su disposición clasificados como mantenidos para la venta,67.516,USD,2017-06-30,PAMPA_CALICHERA
Pasivos incluidos en grupos de activos para su disposición clasificados como mantenidos para la venta,-,USD,2017-06-30,PAMPA_CALICHERA
Pasivos corrientes totales,67.516,USD,2017-06-30,PAMPA_CALICHERA
Otros pasivos financieros no corrientes,377.910,USD,2017-06-30,PAMPA_CALICHERA
Cuentas por pagar no corrientes,-,USD,2017-06-30,PAMPA_CALICHERA
"Cuentas por pagar a entidades relacionadas, no corrientes",-,USD,2017-06-30,PAMPA_CALICHERA
Otras provisiones a largo plazo,-,USD,2017-06-30,PAMPA_CALICHERA
Pasivo por impuestos diferidos,1.695,USD,2017-06-30,PAMPA_CALICHERA
"Pasivos por impuestos corrientes, no corrientes",-,USD,2017-06-30,PAMPA_CALICHERA
Provisiones no corrientes por beneficios a los empleados,21,USD,2017-06-30,PAMPA_CALICHERA
Otros pasivos no financieros no corrientes,-,USD,2017-06-30,PAMPA_CALICHERA
Total de pasivos no corrientes,379.626,USD,2017-06-30,PAMPA_CALICHERA
Total de pasivos,447.142,USD,2017-06-30,PAMPA_CALICHERA
Capital emitido,539.212,USD,2017-06-30,PAMPA_CALICHERA
Ganancias (pérdidas) acumuladas,405.665,USD,2017-06-30,PAMPA_CALICHERA
Prima de emisión,114.952,USD,2017-06-30,PAMPA_CALICHERA
Acciones propias en cartera,-,USD,2017-06-30,PAMPA_CALICHERA
Otras participaciones en el patrimonio,-4.795,USD,2017-06-30,PAMPA_CALICHERA
Otras reservas,-10.384,USD,2017-06-30,PAMPA_CALICHERA
Patrimonio atribuible a los propietarios de la controladora,1.044.650,USD,2017-06-30,PAMPA_CALICHERA
Participaciones no controladoras,-,USD,2017-06-30,PAMPA_CALICHERA
Patrimonio total,1.044.650,USD,2017-06-30,PAMPA_CALICHERA
Total de patrimonio y pasivos,1.491.792,USD,2017-06-30,PAMPA_CALICHERA
Efectivo y equivalentes al efectivo,42.401,USD,2017-09-30,PAMPA_CALICHERA
Otros activos financieros corrientes,36.350,USD,2017-09-30,PAMPA_CALICHERA
Otros activos no financieros corrientes,-,USD,2017-09-30,PAMPA_CALICHERA
Deudores comerciales y otras cuentas por cobrar corrientes,-,USD,2017-09-30,PAMPA_CALICHERA
"Cuentas por cobrar a entidades relacionadas, corrientes",477.415,USD,2017-09-30,PAMPA_CALICHERA
Inventarios corrientes,-,USD,2017-09-30,PAMPA_CALICHERA
Activos biológicos corrientes,-,USD,2017-09-30,PAMPA_CALICHERA
"Activos por impuestos corrientes, corrientes",15.762,USD,2017-09-30,PAMPA_CALICHERA
Total de activos corrientes distintos de los activo o grupos de activos para su disposición clasificados como mantenidos para la venta o como mantenidos para distribuir a los propietarios,571.928,USD,2017-09-30,PAMPA_CALICHERA
Activos no corrientes o grupos de activos para su disposición clasificados como mantenidos para la venta o como mantenidos para distribuir a los propietarios,-,USD,2017-09-30,PAMPA_CALICHERA
Activos corrientes totales,571.928,USD,2017-09-30,PAMPA_CALICHERA
Otros activos financieros no corrientes,-,USD,2017-09-30,PAMPA_CALICHERA
Otros activos no financieros no corrientes,-,USD,2017-09-30,PAMPA_CALICHERA
Cuentas por cobrar no corrientes,-,USD,2017-09-30,PAMPA_CALICHERA
"Cuentas por cobrar a entidades relacionadas, no corrientes",-,USD,2017-09-30,PAMPA_CALICHERA
"Inventarios, no corrientes",-,USD,2017-09-30,PAMPA_CALICHERA
Inversiones contabilizadas utilizando el método de la participación,985.228,USD,2017-09-30,PAMPA_CALICHERA
Activos intangibles distintos de la plusvalía,-,USD,2017-09-30,PAMPA_CALICHERA
Plusvalía,6.873,USD,2017-09-30,PAMPA_CALICHERA
"Propiedades, planta y equipo",-,USD,2017-09-30,PAMPA_CALICHERA
Activos biológicos no corrientes,-,USD,2017-09-30,PAMPA_CALICHERA
Propiedad de inversión,-,USD,2017-09-30,PAMPA_CALICHERA
"Activos por impuestos corrientes, no corrientes",-,USD,2017-09-30,PAMPA_CALICHERA
Activos por impuestos diferidos,1.578,USD,2017-09-30,PAMPA_CALICHERA
Total de activos no corrientes,993.679,USD,2017-09-30,PAMPA_CALICHERA
Total de activos,1.565.607,USD,2017-09-30,PAMPA_CALICHERA
Otros pasivos financieros corrientes,51.840,USD,2017-09-30,PAMPA_CALICHERA
Cuentas por pagar comerciales y otras cuentas por pagar,88,USD,2017-09-30,PAMPA_CALICHERA
"Cuentas por pagar a entidades relacionadas, corrientes",-,USD,2017-09-30,PAMPA_CALICHERA
Otras provisiones a corto plazo,-,USD,2017-09-30,PAMPA_CALICHERA
"Pasivos por impuestos corrientes, corrientes",642,USD,2017-09-30,PAMPA_CALICHERA
Provisiones corrientes por beneficios a los empleados,-,USD,2017-09-30,PAMPA_CALICHERA
Otros pasivos no financieros corrientes,6.636,USD,2017-09-30,PAMPA_CALICHERA
Total de pasivos corrientes distintos de los pasivos incluidos en grupos de activos para su disposición clasificados como mantenidos para la venta,59.206,USD,2017-09-30,PAMPA_CALICHERA
Pasivos incluidos en grupos de activos para su disposición clasificados como mantenidos para la venta,-,USD,2017-09-30,PAMPA_CALICHERA
Pasivos corrientes totales,59.206,USD,2017-09-30,PAMPA_CALICHERA
Otros pasivos financieros no corrientes,444.276,USD,2017-09-30,PAMPA_CALICHERA
Cuentas por pagar no corrientes,-,USD,2017-09-30,PAMPA_CALICHERA
"Cuentas por pagar a entidades relacionadas, no corrientes",-,USD,2017-09-30,PAMPA_CALICHERA
Otras provisiones a largo plazo,-,USD,2017-09-30,PAMPA_CALICHERA
Pasivo por impuestos diferidos,1.626,USD,2017-09-30,PAMPA_CALICHERA
"Pasivos por impuestos corrientes, no corrientes",-,USD,2017-09-30,PAMPA_CALICHERA
Provisiones no corrientes por beneficios a los empleados,39,USD,2017-09-30,PAMPA_CALICHERA
Otros pasivos no financieros no corrientes,-,USD,2017-09-30,PAMPA_CALICHERA
Total de pasivos no corrientes,445.941,USD,2017-09-30,PAMPA_CALICHERA
Total de pasivos,505.147,USD,2017-09-30,PAMPA_CALICHERA
Capital emitido,539.212,USD,2017-09-30,PAMPA_CALICHERA
Ganancias (pérdidas) acumuladas,420.651,USD,2017-09-30,PAMPA_CALICHERA
Prima de emisión,114.952,USD,2017-09-30,PAMPA_CALICHERA
Acciones propias en cartera,-,USD,2017-09-30,PAMPA_CALICHERA
Otras participaciones en el patrimonio,-4.795,USD,2017-09-30,PAMPA_CALICHERA
Otras reservas,-9.560,USD,2017-09-30,PAMPA_CALICHERA
Patrimonio atribuible a los propietarios de la controladora,1.060.460,USD,2017-09-30,PAMPA_CALICHERA
Participaciones no controladoras,-,USD,2017-09-30,PAMPA_CALICHERA
Patrimonio total,1.060.460,USD,2017-09-30,PAMPA_CALICHERA
Total de patrimonio y pasivos,1.565.607,USD,2017-09-30,PAMPA_CALICHERA
Efectivo y equivalentes al efectivo,58.267,USD,2017-12-31,PAMPA_CALICHERA
Otros activos financieros corrientes,33.314,USD,2017-12-31,PAMPA_CALICHERA
Otros activos no financieros corrientes,-,USD,2017-12-31,PAMPA_CALICHERA
Deudores comerciales y otras cuentas por cobrar corrientes,-,USD,2017-12-31,PAMPA_CALICHERA
"Cuentas por cobrar a entidades relacionadas, corrientes",481.407,USD,2017-12-31,PAMPA_CALICHERA
Inventarios corrientes,-,USD,2017-12-31,PAMPA_CALICHERA
Activos biológicos corrientes,-,USD,2017-12-31,PAMPA_CALICHERA
"Activos por impuestos corrientes, corrientes",16.234,USD,2017-12-31,PAMPA_CALICHERA
Total de activos corrientes distintos de los activo o grupos de activos para su disposición clasificados como mantenidos para la venta o como mantenidos para distribuir a los propietarios,589.222,USD,2017-12-31,PAMPA_CALICHERA
Activos no corrientes o grupos de activos para su disposición clasificados como mantenidos para la venta o como mantenidos para distribuir a los propietarios,-,USD,2017-12-31,PAMPA_CALICHERA
Activos corrientes totales,589.222,USD,2017-12-31,PAMPA_CALICHERA
Otros activos financieros no corrientes,-,USD,2017-12-31,PAMPA_CALICHERA
Otros activos no financieros no corrientes,-,USD,2017-12-31,PAMPA_CALICHERA
Cuentas por cobrar no corrientes,-,USD,2017-12-31,PAMPA_CALICHERA
"Cuentas por cobrar a entidades relacionadas, no corrientes",-,USD,2017-12-31,PAMPA_CALICHERA
"Inventarios, no corrientes",-,USD,2017-12-31,PAMPA_CALICHERA
Inversiones contabilizadas utilizando el método de la participación,984.194,USD,2017-12-31,PAMPA_CALICHERA
Activos intangibles distintos de la plusvalía,-,USD,2017-12-31,PAMPA_CALICHERA
Plusvalía,6.873,USD,2017-12-31,PAMPA_CALICHERA
"Propiedades, planta y equipo",-,USD,2017-12-31,PAMPA_CALICHERA
Activos biológicos no corrientes,-,USD,2017-12-31,PAMPA_CALICHERA
Propiedad de inversión,-,USD,2017-12-31,PAMPA_CALICHERA
"Activos por impuestos corrientes, no corrientes",-,USD,2017-12-31,PAMPA_CALICHERA
Activos por impuestos diferidos,419,USD,2017-12-31,PAMPA_CALICHERA
Total de activos no corrientes,991.486,USD,2017-12-31,PAMPA_CALICHERA
Total de activos,1.580.708,USD,2017-12-31,PAMPA_CALICHERA
Otros pasivos financieros corrientes,61.749,USD,2017-12-31,PAMPA_CALICHERA
Cuentas por pagar comerciales y otras cuentas por pagar,124,USD,2017-12-31,PAMPA_CALICHERA
"Cuentas por pagar a entidades relacionadas, corrientes",-,USD,2017-12-31,PAMPA_CALICHERA
Otras provisiones a corto plazo,-,USD,2017-12-31,PAMPA_CALICHERA
"Pasivos por impuestos corrientes, corrientes",764,USD,2017-12-31,PAMPA_CALICHERA
Provisiones corrientes por beneficios a los empleados,-,USD,2017-12-31,PAMPA_CALICHERA
Otros pasivos no financieros corrientes,5.951,USD,2017-12-31,PAMPA_CALICHERA
Total de pasivos corrientes distintos de los pasivos incluidos en grupos de activos para su disposición clasificados como mantenidos para la venta,68.588,USD,2017-12-31,PAMPA_CALICHERA
Pasivos incluidos en grupos de activos para su disposición clasificados como mantenidos para la venta,-,USD,2017-12-31,PAMPA_CALICHERA
Pasivos corrientes totales,68.588,USD,2017-12-31,PAMPA_CALICHERA
Otros pasivos financieros no corrientes,434.375,USD,2017-12-31,PAMPA_CALICHERA
Cuentas por pagar no corrientes,-,USD,2017-12-31,PAMPA_CALICHERA
"Cuentas por pagar a entidades relacionadas, no corrientes",-,USD,2017-12-31,PAMPA_CALICHERA
Otras provisiones a largo plazo,-,USD,2017-12-31,PAMPA_CALICHERA
Pasivo por impuestos diferidos,1.554,USD,2017-12-31,PAMPA_CALICHERA
"Pasivos por impuestos corrientes, no corrientes",-,USD,2017-12-31,PAMPA_CALICHERA
Provisiones no corrientes por beneficios a los empleados,55,USD,2017-12-31,PAMPA_CALICHERA
Otros pasivos no financieros no corrientes,-,USD,2017-12-31,PAMPA_CALICHERA
Total de pasivos no corrientes,435.984,USD,2017-12-31,PAMPA_CALICHERA
Total de pasivos,504.572,USD,2017-12-31,PAMPA_CALICHERA
Capital emitido,539.212,USD,2017-12-31,PAMPA_CALICHERA
Ganancias (pérdidas) acumuladas,434.225,USD,2017-12-31,PAMPA_CALICHERA
Prima de emisión,114.952,USD,2017-12-31,PAMPA_CALICHERA
Acciones propias en cartera,-,USD,2017-12-31,PAMPA_CALICHERA
Otras participaciones en el patrimonio,-4.795,USD,2017-12-31,PAMPA_CALICHERA
Otras reservas,-7.458,USD,2017-12-31,PAMPA_CALICHERA
Patrimonio atribuible a los propietarios de la controladora,1.076.136,USD,2017-12-31,PAMPA_CALICHERA
Participaciones no controladoras,-,USD,2017-12-31,PAMPA_CALICHERA
Patrimonio total,1.076.136,USD,2017-12-31,PAMPA_CALICHERA
Total de patrimonio y pasivos,1.580.708,USD,2017-12-31,PAMPA_CALICHERA
Efectivo y equivalentes al efectivo,7.516,USD,2018-03-31,PAMPA_CALICHERA
Otros activos financieros corrientes,54.986,USD,2018-03-31,PAMPA_CALICHERA
Otros activos no financieros corrientes,-,USD,2018-03-31,PAMPA_CALICHERA
Deudores comerciales y otras cuentas por cobrar corrientes,-,USD,2018-03-31,PAMPA_CALICHERA
"Cuentas por cobrar a entidades relacionadas, corrientes",509.805,USD,2018-03-31,PAMPA_CALICHERA
Inventarios corrientes,-,USD,2018-03-31,PAMPA_CALICHERA
Activos biológicos corrientes,-,USD,2018-03-31,PAMPA_CALICHERA
"Activos por impuestos corrientes, corrientes",16.234,USD,2018-03-31,PAMPA_CALICHERA
Total de activos corrientes distintos de los activo o grupos de activos para su disposición clasificados como mantenidos para la venta o como mantenidos para distribuir a los propietarios,588.541,USD,2018-03-31,PAMPA_CALICHERA
Activos no corrientes o grupos de activos para su disposición clasificados como mantenidos para la venta o como mantenidos para distribuir a los propietarios,-,USD,2018-03-31,PAMPA_CALICHERA
Activos corrientes totales,588.541,USD,2018-03-31,PAMPA_CALICHERA
Otros activos financieros no corrientes,-,USD,2018-03-31,PAMPA_CALICHERA
Otros activos no financieros no corrientes,-,USD,2018-03-31,PAMPA_CALICHERA
Cuentas por cobrar no corrientes,-,USD,2018-03-31,PAMPA_CALICHERA
"Cuentas por cobrar a entidades relacionadas, no corrientes",-,USD,2018-03-31,PAMPA_CALICHERA
"Inventarios, no corrientes",-,USD,2018-03-31,PAMPA_CALICHERA
Inversiones contabilizadas utilizando el método de la participación,1.038.122,USD,2018-03-31,PAMPA_CALICHERA
Activos intangibles distintos de la plusvalía,-,USD,2018-03-31,PAMPA_CALICHERA
Plusvalía,6.873,USD,2018-03-31,PAMPA_CALICHERA
"Propiedades, planta y equipo",-,USD,2018-03-31,PAMPA_CALICHERA
Activos biológicos no corrientes,-,USD,2018-03-31,PAMPA_CALICHERA
Propiedad de inversión,-,USD,2018-03-31,PAMPA_CALICHERA
"Activos por impuestos corrientes, no corrientes",-,USD,2018-03-31,PAMPA_CALICHERA
Activos por impuestos diferidos,497,USD,2018-03-31,PAMPA_CALICHERA
Total de activos no corrientes,1.045.492,USD,2018-03-31,PAMPA_CALICHERA
Total de activos,1.634.033,USD,2018-03-31,PAMPA_CALICHERA
Otros pasivos financieros corrientes,104.785,USD,2018-03-31,PAMPA_CALICHERA
Cuentas por pagar comerciales y otras cuentas por pagar,3.408,USD,2018-03-31,PAMPA_CALICHERA
"Cuentas por pagar a entidades relacionadas, corrientes",-,USD,2018-03-31,PAMPA_CALICHERA
Otras provisiones a corto plazo,-,USD,2018-03-31,PAMPA_CALICHERA
"Pasivos por impuestos corrientes, corrientes",909,USD,2018-03-31,PAMPA_CALICHERA
Provisiones corrientes por beneficios a los empleados,-,USD,2018-03-31,PAMPA_CALICHERA
Otros pasivos no financieros corrientes,13.563,USD,2018-03-31,PAMPA_CALICHERA
Total de pasivos corrientes distintos de los pasivos incluidos en grupos de activos para su disposición clasificados como mantenidos para la venta,122.665,USD,2018-03-31,PAMPA_CALICHERA
Pasivos incluidos en grupos de activos para su disposición clasificados como mantenidos para la venta,-,USD,2018-03-31,PAMPA_CALICHERA
Pasivos corrientes totales,122.665,USD,2018-03-31,PAMPA_CALICHERA
Otros pasivos financieros no corrientes,413.435,USD,2018-03-31,PAMPA_CALICHERA
Cuentas por pagar no corrientes,-,USD,2018-03-31,PAMPA_CALICHERA
"Cuentas por pagar a entidades relacionadas, no corrientes",-,USD,2018-03-31,PAMPA_CALICHERA
Otras provisiones a largo plazo,-,USD,2018-03-31,PAMPA_CALICHERA
Pasivo por impuestos diferidos,1.486,USD,2018-03-31,PAMPA_CALICHERA
"Pasivos por impuestos corrientes, no corrientes",-,USD,2018-03-31,PAMPA_CALICHERA
Provisiones no corrientes por beneficios a los empleados,56,USD,2018-03-31,PAMPA_CALICHERA
Otros pasivos no financieros no corrientes,-,USD,2018-03-31,PAMPA_CALICHERA
Total de pasivos no corrientes,414.977,USD,2018-03-31,PAMPA_CALICHERA
Total de pasivos,537.642,USD,2018-03-31,PAMPA_CALICHERA
Capital emitido,539.212,USD,2018-03-31,PAMPA_CALICHERA
Ganancias (pérdidas) acumuladas,450.281,USD,2018-03-31,PAMPA_CALICHERA
Prima de emisión,114.952,USD,2018-03-31,PAMPA_CALICHERA
Acciones propias en cartera,4.795,USD,2018-03-31,PAMPA_CALICHERA
Otras participaciones en el patrimonio,-,USD,2018-03-31,PAMPA_CALICHERA
Otras reservas,-3.259,USD,2018-03-31,PAMPA_CALICHERA
Patrimonio atribuible a los propietarios de la controladora,1.096.391,USD,2018-03-31,PAMPA_CALICHERA
Participaciones no controladoras,-,USD,2018-03-31,PAMPA_CALICHERA
Patrimonio total,1.096.391,USD,2018-03-31,PAMPA_CALICHERA
Total de patrimonio y pasivos,1.634.033,USD,2018-03-31,PAMPA_CALICHERA
Efectivo y equivalentes al efectivo,56.560,USD,2018-06-30,PAMPA_CALICHERA
Otros activos financieros corrientes,36.408,USD,2018-06-30,PAMPA_CALICHERA
Otros activos no financieros corrientes,-,USD,2018-06-30,PAMPA_CALICHERA
Deudores comerciales y otras cuentas por cobrar corrientes,-,USD,2018-06-30,PAMPA_CALICHERA
"Cuentas por cobrar a entidades relacionadas, corrientes",499.180,USD,2018-06-30,PAMPA_CALICHERA
Inventarios corrientes,-,USD,2018-06-30,PAMPA_CALICHERA
Activos biológicos corrientes,-,USD,2018-06-30,PAMPA_CALICHERA
"Activos por impuestos corrientes, corrientes",15.420,USD,2018-06-30,PAMPA_CALICHERA
Total de activos corrientes distintos de los activo o grupos de activos para su disposición clasificados como mantenidos para la venta o como mantenidos para distribuir a los propietarios,607.568,USD,2018-06-30,PAMPA_CALICHERA
Activos no corrientes o grupos de activos para su disposición clasificados como mantenidos para la venta o como mantenidos para distribuir a los propietarios,-,USD,2018-06-30,PAMPA_CALICHERA
Activos corrientes totales,607.568,USD,2018-06-30,PAMPA_CALICHERA
Otros activos financieros no corrientes,-,USD,2018-06-30,PAMPA_CALICHERA
Otros activos no financieros no corrientes,-,USD,2018-06-30,PAMPA_CALICHERA
Cuentas por cobrar no corrientes,-,USD,2018-06-30,PAMPA_CALICHERA
"Cuentas por cobrar a entidades relacionadas, no corrientes",-,USD,2018-06-30,PAMPA_CALICHERA
"Inventarios, no corrientes",-,USD,2018-06-30,PAMPA_CALICHERA
Inversiones contabilizadas utilizando el método de la participación,1.243.212,USD,2018-06-30,PAMPA_CALICHERA
Activos intangibles distintos de la plusvalía,-,USD,2018-06-30,PAMPA_CALICHERA
Plusvalía,6.873,USD,2018-06-30,PAMPA_CALICHERA
"Propiedades, planta y equipo",-,USD,2018-06-30,PAMPA_CALICHERA
Activos biológicos no corrientes,-,USD,2018-06-30,PAMPA_CALICHERA
Propiedad de inversión,-,USD,2018-06-30,PAMPA_CALICHERA
"Activos por impuestos corrientes, no corrientes",-,USD,2018-06-30,PAMPA_CALICHERA
Activos por impuestos diferidos,-,USD,2018-06-30,PAMPA_CALICHERA
Total de activos no corrientes,1.250.085,USD,2018-06-30,PAMPA_CALICHERA
Total de activos,1.857.653,USD,2018-06-30,PAMPA_CALICHERA
Otros pasivos financieros corrientes,347.325,USD,2018-06-30,PAMPA_CALICHERA
Cuentas por pagar comerciales y otras cuentas por pagar,82,USD,2018-06-30,PAMPA_CALICHERA
"Cuentas por pagar a entidades relacionadas, corrientes",-,USD,2018-06-30,PAMPA_CALICHERA
Otras provisiones a corto plazo,-,USD,2018-06-30,PAMPA_CALICHERA
"Pasivos por impuestos corrientes, corrientes",502,USD,2018-06-30,PAMPA_CALICHERA
Provisiones corrientes por beneficios a los empleados,-,USD,2018-06-30,PAMPA_CALICHERA
Otros pasivos no financieros corrientes,8.372,USD,2018-06-30,PAMPA_CALICHERA
Total de pasivos corrientes distintos de los pasivos incluidos en grupos de activos para su disposición clasificados como mantenidos para la venta,356.281,USD,2018-06-30,PAMPA_CALICHERA
Pasivos incluidos en grupos de activos para su disposición clasificados como mantenidos para la venta,-,USD,2018-06-30,PAMPA_CALICHERA
Pasivos corrientes totales,356.281,USD,2018-06-30,PAMPA_CALICHERA
Otros pasivos financieros no corrientes,384.306,USD,2018-06-30,PAMPA_CALICHERA
Cuentas por pagar no corrientes,-,USD,2018-06-30,PAMPA_CALICHERA
"Cuentas por pagar a entidades relacionadas, no corrientes",-,USD,2018-06-30,PAMPA_CALICHERA
Otras provisiones a largo plazo,-,USD,2018-06-30,PAMPA_CALICHERA
Pasivo por impuestos diferidos,1.746,USD,2018-06-30,PAMPA_CALICHERA
"Pasivos por impuestos corrientes, no corrientes",-,USD,2018-06-30,PAMPA_CALICHERA
Provisiones no corrientes por beneficios a los empleados,52,USD,2018-06-30,PAMPA_CALICHERA
Otros pasivos no financieros no corrientes,-,USD,2018-06-30,PAMPA_CALICHERA
Total de pasivos no corrientes,386.104,USD,2018-06-30,PAMPA_CALICHERA
Total de pasivos,742.385,USD,2018-06-30,PAMPA_CALICHERA
Capital emitido,539.212,USD,2018-06-30,PAMPA_CALICHERA
Ganancias (pérdidas) acumuladas,471.413,USD,2018-06-30,PAMPA_CALICHERA
Prima de emisión,114.952,USD,2018-06-30,PAMPA_CALICHERA
Acciones propias en cartera,-,USD,2018-06-30,PAMPA_CALICHERA
Otras participaciones en el patrimonio,-4.795,USD,2018-06-30,PAMPA_CALICHERA
Otras reservas,-5.514,USD,2018-06-30,PAMPA_CALICHERA
Patrimonio atribuible a los propietarios de la controladora,1.115.268,USD,2018-06-30,PAMPA_CALICHERA
Participaciones no controladoras,-,USD,2018-06-30,PAMPA_CALICHERA
Patrimonio total,1.115.268,USD,2018-06-30,PAMPA_CALICHERA
Total de patrimonio y pasivos,1.857.653,USD,2018-06-30,PAMPA_CALICHERA
Efectivo y equivalentes al efectivo,75.955,USD,2018-09-30,PAMPA_CALICHERA
Otros activos financieros corrientes,23.775,USD,2018-09-30,PAMPA_CALICHERA
Otros activos no financieros corrientes,-,USD,2018-09-30,PAMPA_CALICHERA
Deudores comerciales y otras cuentas por cobrar corrientes,-,USD,2018-09-30,PAMPA_CALICHERA
"Cuentas por cobrar a entidades relacionadas, corrientes",504.803,USD,2018-09-30,PAMPA_CALICHERA
Inventarios corrientes,-,USD,2018-09-30,PAMPA_CALICHERA
Activos biológicos corrientes,-,USD,2018-09-30,PAMPA_CALICHERA
"Activos por impuestos corrientes, corrientes",15.035,USD,2018-09-30,PAMPA_CALICHERA
Total de activos corrientes distintos de los activo o grupos de activos para su disposición clasificados como mantenidos para la venta o como mantenidos para distribuir a los propietarios,619.568,USD,2018-09-30,PAMPA_CALICHERA
Activos no corrientes o grupos de activos para su disposición clasificados como mantenidos para la venta o como mantenidos para distribuir a los propietarios,-,USD,2018-09-30,PAMPA_CALICHERA
Activos corrientes totales,619.568,USD,2018-09-30,PAMPA_CALICHERA
Otros activos financieros no corrientes,-,USD,2018-09-30,PAMPA_CALICHERA
Otros activos no financieros no corrientes,-,USD,2018-09-30,PAMPA_CALICHERA
Cuentas por cobrar no corrientes,-,USD,2018-09-30,PAMPA_CALICHERA
"Cuentas por cobrar a entidades relacionadas, no corrientes",-,USD,2018-09-30,PAMPA_CALICHERA
"Inventarios, no corrientes",-,USD,2018-09-30,PAMPA_CALICHERA
Inversiones contabilizadas utilizando el método de la participación,1.242.577,USD,2018-09-30,PAMPA_CALICHERA
Activos intangibles distintos de la plusvalía,-,USD,2018-09-30,PAMPA_CALICHERA
Plusvalía,6.873,USD,2018-09-30,PAMPA_CALICHERA
"Propiedades, planta y equipo",3,USD,2018-09-30,PAMPA_CALICHERA
Activos biológicos no corrientes,-,USD,2018-09-30,PAMPA_CALICHERA
Propiedad de inversión,-,USD,2018-09-30,PAMPA_CALICHERA
"Activos por impuestos corrientes, no corrientes",-,USD,2018-09-30,PAMPA_CALICHERA
Activos por impuestos diferidos,-,USD,2018-09-30,PAMPA_CALICHERA
Total de activos no corrientes,1.249.453,USD,2018-09-30,PAMPA_CALICHERA
Total de activos,1.869.021,USD,2018-09-30,PAMPA_CALICHERA
Otros pasivos financieros corrientes,59.484,USD,2018-09-30,PAMPA_CALICHERA
Cuentas por pagar comerciales y otras cuentas por pagar,180,USD,2018-09-30,PAMPA_CALICHERA
"Cuentas por pagar a entidades relacionadas, corrientes",-,USD,2018-09-30,PAMPA_CALICHERA
Otras provisiones a corto plazo,-,USD,2018-09-30,PAMPA_CALICHERA
"Pasivos por impuestos corrientes, corrientes",2.081,USD,2018-09-30,PAMPA_CALICHERA
Provisiones corrientes por beneficios a los empleados,-,USD,2018-09-30,PAMPA_CALICHERA
Otros pasivos no financieros corrientes,2.368,USD,2018-09-30,PAMPA_CALICHERA
Total de pasivos corrientes distintos de los pasivos incluidos en grupos de activos para su disposición clasificados como mantenidos para la venta,64.113,USD,2018-09-30,PAMPA_CALICHERA
Pasivos incluidos en grupos de activos para su disposición clasificados como mantenidos para la venta,-,USD,2018-09-30,PAMPA_CALICHERA
Pasivos corrientes totales,64.113,USD,2018-09-30,PAMPA_CALICHERA
Otros pasivos financieros no corrientes,673.016,USD,2018-09-30,PAMPA_CALICHERA
Cuentas por pagar no corrientes,-,USD,2018-09-30,PAMPA_CALICHERA
"Cuentas por pagar a entidades relacionadas, no corrientes",-,USD,2018-09-30,PAMPA_CALICHERA
Otras provisiones a largo plazo,-,USD,2018-09-30,PAMPA_CALICHERA
Pasivo por impuestos diferidos,4.440,USD,2018-09-30,PAMPA_CALICHERA
"Pasivos por impuestos corrientes, no corrientes",-,USD,2018-09-30,PAMPA_CALICHERA
Provisiones no corrientes por beneficios a los empleados,70,USD,2018-09-30,PAMPA_CALICHERA
Otros pasivos no financieros no corrientes,-,USD,2018-09-30,PAMPA_CALICHERA
Total de pasivos no corrientes,677.526,USD,2018-09-30,PAMPA_CALICHERA
Total de pasivos,741.639,USD,2018-09-30,PAMPA_CALICHERA
Capital emitido,539.212,USD,2018-09-30,PAMPA_CALICHERA
Ganancias (pérdidas) acumuladas,476.660,USD,2018-09-30,PAMPA_CALICHERA
Prima de emisión,114.952,USD,2018-09-30,PAMPA_CALICHERA
Acciones propias en cartera,-,USD,2018-09-30,PAMPA_CALICHERA
Otras participaciones en el patrimonio,-4.795,USD,2018-09-30,PAMPA_CALICHERA
Otras reservas,1.353,USD,2018-09-30,PAMPA_CALICHERA
Patrimonio atribuible a los propietarios de la controladora,1.127.382,USD,2018-09-30,PAMPA_CALICHERA
Participaciones no controladoras,-,USD,2018-09-30,PAMPA_CALICHERA
Patrimonio total,1.127.382,USD,2018-09-30,PAMPA_CALICHERA
Total de patrimonio y pasivos,1.869.021,USD,2018-09-30,PAMPA_CALICHERA
Efectivo y equivalentes al efectivo,65.766,USD,2018-12-31,PAMPA_CALICHERA
Otros activos financieros corrientes,30.087,USD,2018-12-31,PAMPA_CALICHERA
Otros activos no financieros corrientes,-,USD,2018-12-31,PAMPA_CALICHERA
Deudores comerciales y otras cuentas por cobrar corrientes,-,USD,2018-12-31,PAMPA_CALICHERA
"Cuentas por cobrar a entidades relacionadas, corrientes",507.782,USD,2018-12-31,PAMPA_CALICHERA
Inventarios corrientes,-,USD,2018-12-31,PAMPA_CALICHERA
Activos biológicos corrientes,-,USD,2018-12-31,PAMPA_CALICHERA
"Activos por impuestos corrientes, corrientes",17.334,USD,2018-12-31,PAMPA_CALICHERA
Total de activos corrientes distintos de los activo o grupos de activos para su disposición clasificados como mantenidos para la venta o como mantenidos para distribuir a los propietarios,620.969,USD,2018-12-31,PAMPA_CALICHERA
Activos no corrientes o grupos de activos para su disposición clasificados como mantenidos para la venta o como mantenidos para distribuir a los propietarios,-,USD,2018-12-31,PAMPA_CALICHERA
Activos corrientes totales,620.969,USD,2018-12-31,PAMPA_CALICHERA
Otros activos financieros no corrientes,-,USD,2018-12-31,PAMPA_CALICHERA
Otros activos no financieros no corrientes,-,USD,2018-12-31,PAMPA_CALICHERA
Cuentas por cobrar no corrientes,-,USD,2018-12-31,PAMPA_CALICHERA
"Cuentas por cobrar a entidades relacionadas, no corrientes",-,USD,2018-12-31,PAMPA_CALICHERA
"Inventarios, no corrientes",-,USD,2018-12-31,PAMPA_CALICHERA
Inversiones contabilizadas utilizando el método de la participación,1.242.451,USD,2018-12-31,PAMPA_CALICHERA
Activos intangibles distintos de la plusvalía,-,USD,2018-12-31,PAMPA_CALICHERA
Plusvalía,6.873,USD,2018-12-31,PAMPA_CALICHERA
"Propiedades, planta y equipo",3,USD,2018-12-31,PAMPA_CALICHERA
Activos biológicos no corrientes,-,USD,2018-12-31,PAMPA_CALICHERA
Propiedad de inversión,-,USD,2018-12-31,PAMPA_CALICHERA
"Activos por impuestos corrientes, no corrientes",-,USD,2018-12-31,PAMPA_CALICHERA
Activos por impuestos diferidos,-,USD,2018-12-31,PAMPA_CALICHERA
Total de activos no corrientes,1.249.327,USD,2018-12-31,PAMPA_CALICHERA
Total de activos,1.870.296,USD,2018-12-31,PAMPA_CALICHERA
Otros pasivos financieros corrientes,48.472,USD,2018-12-31,PAMPA_CALICHERA
Cuentas por pagar comerciales y otras cuentas por pagar,129,USD,2018-12-31,PAMPA_CALICHERA
"Cuentas por pagar a entidades relacionadas, corrientes",-,USD,2018-12-31,PAMPA_CALICHERA
Otras provisiones a corto plazo,-,USD,2018-12-31,PAMPA_CALICHERA
"Pasivos por impuestos corrientes, corrientes",814,USD,2018-12-31,PAMPA_CALICHERA
Provisiones corrientes por beneficios a los empleados,-,USD,2018-12-31,PAMPA_CALICHERA
Otros pasivos no financieros corrientes,7.245,USD,2018-12-31,PAMPA_CALICHERA
Total de pasivos corrientes distintos de los pasivos incluidos en grupos de activos para su disposición clasificados como mantenidos para la venta,56.660,USD,2018-12-31,PAMPA_CALICHERA
Pasivos incluidos en grupos de activos para su disposición clasificados como mantenidos para la venta,-,USD,2018-12-31,PAMPA_CALICHERA
Pasivos corrientes totales,56.660,USD,2018-12-31,PAMPA_CALICHERA
Otros pasivos financieros no corrientes,675.198,USD,2018-12-31,PAMPA_CALICHERA
Cuentas por pagar no corrientes,-,USD,2018-12-31,PAMPA_CALICHERA
"Cuentas por pagar a entidades relacionadas, no corrientes",-,USD,2018-12-31,PAMPA_CALICHERA
Otras provisiones a largo plazo,-,USD,2018-12-31,PAMPA_CALICHERA
Pasivo por impuestos diferidos,1.742,USD,2018-12-31,PAMPA_CALICHERA
"Pasivos por impuestos corrientes, no corrientes",-,USD,2018-12-31,PAMPA_CALICHERA
Provisiones no corrientes por beneficios a los empleados,130,USD,2018-12-31,PAMPA_CALICHERA
Otros pasivos no financieros no corrientes,-,USD,2018-12-31,PAMPA_CALICHERA
Total de pasivos no corrientes,677.070,USD,2018-12-31,PAMPA_CALICHERA
Total de pasivos,733.730,USD,2018-12-31,PAMPA_CALICHERA
Capital emitido,539.212,USD,2018-12-31,PAMPA_CALICHERA
Ganancias (pérdidas) acumuladas,492.758,USD,2018-12-31,PAMPA_CALICHERA
Prima de emisión,114.952,USD,2018-12-31,PAMPA_CALICHERA
Acciones propias en cartera,-,USD,2018-12-31,PAMPA_CALICHERA
Otras participaciones en el patrimonio,-4.795,USD,2018-12-31,PAMPA_CALICHERA
Otras reservas,-5.561,USD,2018-12-31,PAMPA_CALICHERA
Patrimonio atribuible a los propietarios de la controladora,1.136.566,USD,2018-12-31,PAMPA_CALICHERA
Participaciones no controladoras,-,USD,2018-12-31,PAMPA_CALICHERA
Patrimonio total,1.136.566,USD,2018-12-31,PAMPA_CALICHERA
Total de patrimonio y pasivos,1.870.296,USD,2018-12-31,PAMPA_CALICHERA
Efectivo y equivalentes al efectivo,23.414,USD,2019-03-31,PAMPA_CALICHERA
Otros activos financieros corrientes,50.298,USD,2019-03-31,PAMPA_CALICHERA
Otros activos no financieros corrientes,-,USD,2019-03-31,PAMPA_CALICHERA
Deudores comerciales y otras cuentas por cobrar corrientes,-,USD,2019-03-31,PAMPA_CALICHERA
"Cuentas por cobrar a entidades relacionadas, corrientes",513.763,USD,2019-03-31,PAMPA_CALICHERA
Inventarios corrientes,-,USD,2019-03-31,PAMPA_CALICHERA
Activos biológicos corrientes,-,USD,2019-03-31,PAMPA_CALICHERA
"Activos por impuestos corrientes, corrientes",13.446,USD,2019-03-31,PAMPA_CALICHERA
Total de activos corrientes distintos de los activo o grupos de activos para su disposición clasificados como mantenidos para la venta o como mantenidos para distribuir a los propietarios,600.921,USD,2019-03-31,PAMPA_CALICHERA
Activos no corrientes o grupos de activos para su disposición clasificados como mantenidos para la venta o como mantenidos para distribuir a los propietarios,-,USD,2019-03-31,PAMPA_CALICHERA
Activos corrientes totales,600.921,USD,2019-03-31,PAMPA_CALICHERA
Otros activos financieros no corrientes,-,USD,2019-03-31,PAMPA_CALICHERA
Otros activos no financieros no corrientes,-,USD,2019-03-31,PAMPA_CALICHERA
Cuentas por cobrar no corrientes,-,USD,2019-03-31,PAMPA_CALICHERA
"Cuentas por cobrar a entidades relacionadas, no corrientes",-,USD,2019-03-31,PAMPA_CALICHERA
"Inventarios, no corrientes",-,USD,2019-03-31,PAMPA_CALICHERA
Inversiones contabilizadas utilizando el método de la participación,1.243.115,USD,2019-03-31,PAMPA_CALICHERA
Activos intangibles distintos de la plusvalía,-,USD,2019-03-31,PAMPA_CALICHERA
Plusvalía,6.873,USD,2019-03-31,PAMPA_CALICHERA
"Propiedades, planta y equipo",3,USD,2019-03-31,PAMPA_CALICHERA
Activos biológicos no corrientes,-,USD,2019-03-31,PAMPA_CALICHERA
Propiedad de inversión,-,USD,2019-03-31,PAMPA_CALICHERA
"Activos por impuestos corrientes, no corrientes",-,USD,2019-03-31,PAMPA_CALICHERA
Activos por impuestos diferidos,3.128,USD,2019-03-31,PAMPA_CALICHERA
Total de activos no corrientes,1.253.119,USD,2019-03-31,PAMPA_CALICHERA
Total de activos,1.854.040,USD,2019-03-31,PAMPA_CALICHERA
Otros pasivos financieros corrientes,169.838,USD,2019-03-31,PAMPA_CALICHERA
Cuentas por pagar comerciales y otras cuentas por pagar,37,USD,2019-03-31,PAMPA_CALICHERA
"Cuentas por pagar a entidades relacionadas, corrientes",-,USD,2019-03-31,PAMPA_CALICHERA
Otras provisiones a corto plazo,-,USD,2019-03-31,PAMPA_CALICHERA
"Pasivos por impuestos corrientes, corrientes",758,USD,2019-03-31,PAMPA_CALICHERA
Provisiones corrientes por beneficios a los empleados,-,USD,2019-03-31,PAMPA_CALICHERA
Otros pasivos no financieros corrientes,12.155,USD,2019-03-31,PAMPA_CALICHERA
Total de pasivos corrientes distintos de los pasivos incluidos en grupos de activos para su disposición clasificados como mantenidos para la venta,182.788,USD,2019-03-31,PAMPA_CALICHERA
Pasivos incluidos en grupos de activos para su disposición clasificados como mantenidos para la venta,-,USD,2019-03-31,PAMPA_CALICHERA
Pasivos corrientes totales,182.788,USD,2019-03-31,PAMPA_CALICHERA
Otros pasivos financieros no corrientes,524.729,USD,2019-03-31,PAMPA_CALICHERA
Cuentas por pagar no corrientes,-,USD,2019-03-31,PAMPA_CALICHERA
"Cuentas por pagar a entidades relacionadas, no corrientes",-,USD,2019-03-31,PAMPA_CALICHERA
Otras provisiones a largo plazo,-,USD,2019-03-31,PAMPA_CALICHERA
Pasivo por impuestos diferidos,589,USD,2019-03-31,PAMPA_CALICHERA
"Pasivos por impuestos corrientes, no corrientes",-,USD,2019-03-31,PAMPA_CALICHERA
Provisiones no corrientes por beneficios a los empleados,218,USD,2019-03-31,PAMPA_CALICHERA
Otros pasivos no financieros no corrientes,-,USD,2019-03-31,PAMPA_CALICHERA
Total de pasivos no corrientes,525.536,USD,2019-03-31,PAMPA_CALICHERA
Total de pasivos,708.324,USD,2019-03-31,PAMPA_CALICHERA
Capital emitido y pagado,539.212,USD,2019-03-31,PAMPA_CALICHERA
Ganancias (pérdidas) acumuladas,504.234,USD,2019-03-31,PAMPA_CALICHERA
Prima de emisión,114.952,USD,2019-03-31,PAMPA_CALICHERA
Acciones propias en cartera,-,USD,2019-03-31,PAMPA_CALICHERA
Otras participaciones en el patrimonio,-4.795,USD,2019-03-31,PAMPA_CALICHERA
Otras reservas,-7.887,USD,2019-03-31,PAMPA_CALICHERA
Patrimonio atribuible a los propietarios de la controladora,1.145.716,USD,2019-03-31,PAMPA_CALICHERA
Participaciones no controladoras,-,USD,2019-03-31,PAMPA_CALICHERA
Patrimonio total,1.145.716,USD,2019-03-31,PAMPA_CALICHERA
Total de patrimonio y pasivos,1.854.040,USD,2019-03-31,PAMPA_CALICHERA
Efectivo y equivalentes al efectivo,52.139,USD,2019-06-30,PAMPA_CALICHERA
Otros activos financieros corrientes,20.458,USD,2019-06-30,PAMPA_CALICHERA
Otros activos no financieros corrientes,-,USD,2019-06-30,PAMPA_CALICHERA
Deudores comerciales y otras cuentas por cobrar corrientes,-,USD,2019-06-30,PAMPA_CALICHERA
"Cuentas por cobrar a entidades relacionadas, corrientes",509.347,USD,2019-06-30,PAMPA_CALICHERA
Inventarios corrientes,-,USD,2019-06-30,PAMPA_CALICHERA
Activos biológicos corrientes,-,USD,2019-06-30,PAMPA_CALICHERA
"Activos por impuestos corrientes, corrientes",17.088,USD,2019-06-30,PAMPA_CALICHERA
Total de activos corrientes distintos de los activo o grupos de activos para su disposición clasificados como mantenidos para la venta o como mantenidos para distribuir a los propietarios,599.032,USD,2019-06-30,PAMPA_CALICHERA
Activos no corrientes o grupos de activos para su disposición clasificados como mantenidos para la venta o como mantenidos para distribuir a los propietarios,-,USD,2019-06-30,PAMPA_CALICHERA
Activos corrientes totales,599.032,USD,2019-06-30,PAMPA_CALICHERA
Otros activos financieros no corrientes,-,USD,2019-06-30,PAMPA_CALICHERA
Otros activos no financieros no corrientes,-,USD,2019-06-30,PAMPA_CALICHERA
Cuentas por cobrar no corrientes,-,USD,2019-06-30,PAMPA_CALICHERA
"Cuentas por cobrar a entidades relacionadas, no corrientes",-,USD,2019-06-30,PAMPA_CALICHERA
"Inventarios, no corrientes",-,USD,2019-06-30,PAMPA_CALICHERA
Inversiones contabilizadas utilizando el método de la participación,1.243.370,USD,2019-06-30,PAMPA_CALICHERA
Activos intangibles distintos de la plusvalía,-,USD,2019-06-30,PAMPA_CALICHERA
Plusvalía,6.873,USD,2019-06-30,PAMPA_CALICHERA
"Propiedades, planta y equipo",2,USD,2019-06-30,PAMPA_CALICHERA
Activos biológicos no corrientes,-,USD,2019-06-30,PAMPA_CALICHERA
Propiedad de inversión,-,USD,2019-06-30,PAMPA_CALICHERA
"Activos por impuestos corrientes, no corrientes",-,USD,2019-06-30,PAMPA_CALICHERA
Activos por impuestos diferidos,32,USD,2019-06-30,PAMPA_CALICHERA
Total de activos no corrientes,1.250.277,USD,2019-06-30,PAMPA_CALICHERA
Total de activos,1.849.309,USD,2019-06-30,PAMPA_CALICHERA
Otros pasivos financieros corrientes,167.192,USD,2019-06-30,PAMPA_CALICHERA
Cuentas por pagar comerciales y otras cuentas por pagar,59,USD,2019-06-30,PAMPA_CALICHERA
"Cuentas por pagar a entidades relacionadas, corrientes",-,USD,2019-06-30,PAMPA_CALICHERA
Otras provisiones a corto plazo,-,USD,2019-06-30,PAMPA_CALICHERA
"Pasivos por impuestos corrientes, corrientes",449,USD,2019-06-30,PAMPA_CALICHERA
Provisiones corrientes por beneficios a los empleados,-,USD,2019-06-30,PAMPA_CALICHERA
Otros pasivos no financieros corrientes,3.726,USD,2019-06-30,PAMPA_CALICHERA
Total de pasivos corrientes distintos de los pasivos incluidos en grupos de activos para su disposición clasificados como mantenidos para la venta,171.426,USD,2019-06-30,PAMPA_CALICHERA
Pasivos incluidos en grupos de activos para su disposición clasificados como mantenidos para la venta,-,USD,2019-06-30,PAMPA_CALICHERA
Pasivos corrientes totales,171.426,USD,2019-06-30,PAMPA_CALICHERA
Otros pasivos financieros no corrientes,518.352,USD,2019-06-30,PAMPA_CALICHERA
Cuentas por pagar no corrientes,-,USD,2019-06-30,PAMPA_CALICHERA
"Cuentas por pagar a entidades relacionadas, no corrientes",-,USD,2019-06-30,PAMPA_CALICHERA
Otras provisiones a largo plazo,-,USD,2019-06-30,PAMPA_CALICHERA
Pasivo por impuestos diferidos,1.746,USD,2019-06-30,PAMPA_CALICHERA
"Pasivos por impuestos corrientes, no corrientes",-,USD,2019-06-30,PAMPA_CALICHERA
Provisiones no corrientes por beneficios a los empleados,234,USD,2019-06-30,PAMPA_CALICHERA
Otros pasivos no financieros no corrientes,-,USD,2019-06-30,PAMPA_CALICHERA
Total de pasivos no corrientes,520.332,USD,2019-06-30,PAMPA_CALICHERA
Total de pasivos,691.758,USD,2019-06-30,PAMPA_CALICHERA
Capital emitido y pagado,539.212,USD,2019-06-30,PAMPA_CALICHERA
Ganancias (pérdidas) acumuladas,511.723,USD,2019-06-30,PAMPA_CALICHERA
Prima de emisión,114.952,USD,2019-06-30,PAMPA_CALICHERA
Acciones propias en cartera,-,USD,2019-06-30,PAMPA_CALICHERA
Otras participaciones en el patrimonio,-4.795,USD,2019-06-30,PAMPA_CALICHERA
Otras reservas,-3.541,USD,2019-06-30,PAMPA_CALICHERA
Patrimonio atribuible a los propietarios de la controladora,1.157.551,USD,2019-06-30,PAMPA_CALICHERA
Participaciones no controladoras,-,USD,2019-06-30,PAMPA_CALICHERA
Patrimonio total,1.157.551,USD,2019-06-30,PAMPA_CALICHERA
Total de patrimonio y pasivos,1.849.309,USD,2019-06-30,PAMPA_CALICHERA
Efectivo y equivalentes al efectivo,43.788,USD,2019-09-30,PAMPA_CALICHERA
Otros activos financieros corrientes,118.117,USD,2019-09-30,PAMPA_CALICHERA
Otros activos no financieros corrientes,-,USD,2019-09-30,PAMPA_CALICHERA
Deudores comerciales y otras cuentas por cobrar corrientes,-,USD,2019-09-30,PAMPA_CALICHERA
"Cuentas por cobrar a entidades relacionadas, corrientes",518.289,USD,2019-09-30,PAMPA_CALICHERA
Inventarios corrientes,-,USD,2019-09-30,PAMPA_CALICHERA
Activos biológicos corrientes,-,USD,2019-09-30,PAMPA_CALICHERA
"Activos por impuestos corrientes, corrientes",17.344,USD,2019-09-30,PAMPA_CALICHERA
Total de activos corrientes distintos de los activo o grupos de activos para su disposición clasificados como mantenidos para la venta o como mantenidos para distribuir a los propietarios,697.538,USD,2019-09-30,PAMPA_CALICHERA
Activos no corrientes o grupos de activos para su disposición clasificados como mantenidos para la venta o como mantenidos para distribuir a los propietarios,-,USD,2019-09-30,PAMPA_CALICHERA
Activos corrientes totales,697.538,USD,2019-09-30,PAMPA_CALICHERA
Otros activos financieros no corrientes,-,USD,2019-09-30,PAMPA_CALICHERA
Otros activos no financieros no corrientes,-,USD,2019-09-30,PAMPA_CALICHERA
Cuentas por cobrar no corrientes,-,USD,2019-09-30,PAMPA_CALICHERA
"Cuentas por cobrar a entidades relacionadas, no corrientes",-,USD,2019-09-30,PAMPA_CALICHERA
"Inventarios, no corrientes",-,USD,2019-09-30,PAMPA_CALICHERA
Inversiones contabilizadas utilizando el método de la participación,1.244.310,USD,2019-09-30,PAMPA_CALICHERA
Activos intangibles distintos de la plusvalía,-,USD,2019-09-30,PAMPA_CALICHERA
Plusvalía,6.873,USD,2019-09-30,PAMPA_CALICHERA
"Propiedades, planta y equipo",2,USD,2019-09-30,PAMPA_CALICHERA
Activos biológicos no corrientes,-,USD,2019-09-30,PAMPA_CALICHERA
Propiedad de inversión,-,USD,2019-09-30,PAMPA_CALICHERA
"Activos por impuestos corrientes, no corrientes",-,USD,2019-09-30,PAMPA_CALICHERA
Activos por impuestos diferidos,-,USD,2019-09-30,PAMPA_CALICHERA
Total de activos no corrientes,1.251.185,USD,2019-09-30,PAMPA_CALICHERA
Total de activos,1.948.723,USD,2019-09-30,PAMPA_CALICHERA
Otros pasivos financieros corrientes,194.394,USD,2019-09-30,PAMPA_CALICHERA
Cuentas por pagar comerciales y otras cuentas por pagar,49,USD,2019-09-30,PAMPA_CALICHERA
"Cuentas por pagar a entidades relacionadas, corrientes",-,USD,2019-09-30,PAMPA_CALICHERA
Otras provisiones a corto plazo,-,USD,2019-09-30,PAMPA_CALICHERA
"Pasivos por impuestos corrientes, corrientes",574,USD,2019-09-30,PAMPA_CALICHERA
Provisiones corrientes por beneficios a los empleados,-,USD,2019-09-30,PAMPA_CALICHERA
Otros pasivos no financieros corrientes,2.311,USD,2019-09-30,PAMPA_CALICHERA
Total de pasivos corrientes distintos de los pasivos incluidos en grupos de activos para su disposición clasificados como mantenidos para la venta,197.328,USD,2019-09-30,PAMPA_CALICHERA
Pasivos incluidos en grupos de activos para su disposición clasificados como mantenidos para la venta,-,USD,2019-09-30,PAMPA_CALICHERA
Pasivos corrientes totales,197.328,USD,2019-09-30,PAMPA_CALICHERA
Otros pasivos financieros no corrientes,578.493,USD,2019-09-30,PAMPA_CALICHERA
Cuentas por pagar no corrientes,-,USD,2019-09-30,PAMPA_CALICHERA
"Cuentas por pagar a entidades relacionadas, no corrientes",-,USD,2019-09-30,PAMPA_CALICHERA
Otras provisiones a largo plazo,-,USD,2019-09-30,PAMPA_CALICHERA
Pasivo por impuestos diferidos,3.720,USD,2019-09-30,PAMPA_CALICHERA
"Pasivos por impuestos corrientes, no corrientes",-,USD,2019-09-30,PAMPA_CALICHERA
Provisiones no corrientes por beneficios a los empleados,246,USD,2019-09-30,PAMPA_CALICHERA
Otros pasivos no financieros no corrientes,-,USD,2019-09-30,PAMPA_CALICHERA
Total de pasivos no corrientes,582.459,USD,2019-09-30,PAMPA_CALICHERA
Total de pasivos,779.787,USD,2019-09-30,PAMPA_CALICHERA
Capital emitido y pagado,539.212,USD,2019-09-30,PAMPA_CALICHERA
Ganancias (pérdidas) acumuladas,517.297,USD,2019-09-30,PAMPA_CALICHERA
Prima de emisión,114.952,USD,2019-09-30,PAMPA_CALICHERA
Acciones propias en cartera,-,USD,2019-09-30,PAMPA_CALICHERA
Otras participaciones en el patrimonio,-4.795,USD,2019-09-30,PAMPA_CALICHERA
Otras reservas,2.270,USD,2019-09-30,PAMPA_CALICHERA
Patrimonio atribuible a los propietarios de la controladora,1.168.936,USD,2019-09-30,PAMPA_CALICHERA
Participaciones no controladoras,-,USD,2019-09-30,PAMPA_CALICHERA
Patrimonio total,1.168.936,USD,2019-09-30,PAMPA_CALICHERA
Total de patrimonio y pasivos,1.948.723,USD,2019-09-30,PAMPA_CALICHERA
Efectivo y equivalentes al efectivo,21.315,USD,2019-12-31,PAMPA_CALICHERA
Otros activos financieros corrientes,19.650,USD,2019-12-31,PAMPA_CALICHERA
Otros activos no financieros corrientes,-,USD,2019-12-31,PAMPA_CALICHERA
Deudores comerciales y otras cuentas por cobrar corrientes,-,USD,2019-12-31,PAMPA_CALICHERA
"Cuentas por cobrar a entidades relacionadas, corrientes",524.592,USD,2019-12-31,PAMPA_CALICHERA
Inventarios corrientes,-,USD,2019-12-31,PAMPA_CALICHERA
Activos biológicos corrientes,-,USD,2019-12-31,PAMPA_CALICHERA
"Activos por impuestos corrientes, corrientes",17.896,USD,2019-12-31,PAMPA_CALICHERA
Total de activos corrientes distintos de los activo o grupos de activos para su disposición clasificados como mantenidos para la venta o como mantenidos para distribuir a los propietarios,583.453,USD,2019-12-31,PAMPA_CALICHERA
Activos no corrientes o grupos de activos para su disposición clasificados como mantenidos para la venta o como mantenidos para distribuir a los propietarios,-,USD,2019-12-31,PAMPA_CALICHERA
Activos corrientes totales,583.453,USD,2019-12-31,PAMPA_CALICHERA
Otros activos financieros no corrientes,-,USD,2019-12-31,PAMPA_CALICHERA
Otros activos no financieros no corrientes,-,USD,2019-12-31,PAMPA_CALICHERA
Cuentas por cobrar no corrientes,-,USD,2019-12-31,PAMPA_CALICHERA
"Cuentas por cobrar a entidades relacionadas, no corrientes",-,USD,2019-12-31,PAMPA_CALICHERA
"Inventarios, no corrientes",-,USD,2019-12-31,PAMPA_CALICHERA
Inversiones contabilizadas utilizando el método de la participación,1.242.645,USD,2019-12-31,PAMPA_CALICHERA
Activos intangibles distintos de la plusvalía,-,USD,2019-12-31,PAMPA_CALICHERA
Plusvalía,6.873,USD,2019-12-31,PAMPA_CALICHERA
"Propiedades, planta y equipo",1,USD,2019-12-31,PAMPA_CALICHERA
Activos biológicos no corrientes,-,USD,2019-12-31,PAMPA_CALICHERA
Propiedad de inversión,-,USD,2019-12-31,PAMPA_CALICHERA
"Activos por impuestos corrientes, no corrientes",-,USD,2019-12-31,PAMPA_CALICHERA
Activos por impuestos diferidos,1.927,USD,2019-12-31,PAMPA_CALICHERA
Total de activos no corrientes,1.251.446,USD,2019-12-31,PAMPA_CALICHERA
Total de activos,1.834.899,USD,2019-12-31,PAMPA_CALICHERA
Otros pasivos financieros corrientes,177.707,USD,2019-12-31,PAMPA_CALICHERA
Cuentas por pagar comerciales y otras cuentas por pagar,225,USD,2019-12-31,PAMPA_CALICHERA
"Cuentas por pagar a entidades relacionadas, corrientes",-,USD,2019-12-31,PAMPA_CALICHERA
Otras provisiones a corto plazo,-,USD,2019-12-31,PAMPA_CALICHERA
"Pasivos por impuestos corrientes, corrientes",2.423,USD,2019-12-31,PAMPA_CALICHERA
Provisiones corrientes por beneficios a los empleados,-,USD,2019-12-31,PAMPA_CALICHERA
Otros pasivos no financieros corrientes,227,USD,2019-12-31,PAMPA_CALICHERA
Total de pasivos corrientes distintos de los pasivos incluidos en grupos de activos para su disposición clasificados como mantenidos para la venta,180.582,USD,2019-12-31,PAMPA_CALICHERA
Pasivos incluidos en grupos de activos para su disposición clasificados como mantenidos para la venta,-,USD,2019-12-31,PAMPA_CALICHERA
Pasivos corrientes totales,180.582,USD,2019-12-31,PAMPA_CALICHERA
Otros pasivos financieros no corrientes,500.646,USD,2019-12-31,PAMPA_CALICHERA
Cuentas por pagar no corrientes,-,USD,2019-12-31,PAMPA_CALICHERA
"Cuentas por pagar a entidades relacionadas, no corrientes",-,USD,2019-12-31,PAMPA_CALICHERA
Otras provisiones a largo plazo,-,USD,2019-12-31,PAMPA_CALICHERA
Pasivo por impuestos diferidos,-,USD,2019-12-31,PAMPA_CALICHERA
"Pasivos por impuestos corrientes, no corrientes",-,USD,2019-12-31,PAMPA_CALICHERA
Provisiones no corrientes por beneficios a los empleados,497,USD,2019-12-31,PAMPA_CALICHERA
Otros pasivos no financieros no corrientes,-,USD,2019-12-31,PAMPA_CALICHERA
Total de pasivos no corrientes,501.143,USD,2019-12-31,PAMPA_CALICHERA
Total de pasivos,681.725,USD,2019-12-31,PAMPA_CALICHERA
Capital emitido y pagado,539.212,USD,2019-12-31,PAMPA_CALICHERA
Ganancias (pérdidas) acumuladas,515.686,USD,2019-12-31,PAMPA_CALICHERA
Prima de emisión,114.952,USD,2019-12-31,PAMPA_CALICHERA
Acciones propias en cartera,-,USD,2019-12-31,PAMPA_CALICHERA
Otras participaciones en el patrimonio,-4.795,USD,2019-12-31,PAMPA_CALICHERA
Otras reservas,-11.881,USD,2019-12-31,PAMPA_CALICHERA
Patrimonio atribuible a los propietarios de la controladora,1.153.174,USD,2019-12-31,PAMPA_CALICHERA
Participaciones no controladoras,-,USD,2019-12-31,PAMPA_CALICHERA
Patrimonio total,1.153.174,USD,2019-12-31,PAMPA_CALICHERA
Total de patrimonio y pasivos,1.834.899,USD,2019-12-31,PAMPA_CALICHERA
Efectivo y equivalentes al efectivo,14.452,USD,2020-03-31,PAMPA_CALICHERA
Otros activos financieros corrientes,47.670,USD,2020-03-31,PAMPA_CALICHERA
Otros activos no financieros corrientes,-,USD,2020-03-31,PAMPA_CALICHERA
Deudores comerciales y otras cuentas por cobrar corrientes,-,USD,2020-03-31,PAMPA_CALICHERA
"Cuentas por cobrar a entidades relacionadas, corrientes",530.865,USD,2020-03-31,PAMPA_CALICHERA
Inventarios corrientes,-,USD,2020-03-31,PAMPA_CALICHERA
Activos biológicos corrientes,-,USD,2020-03-31,PAMPA_CALICHERA
"Activos por impuestos corrientes, corrientes",21.154,USD,2020-03-31,PAMPA_CALICHERA
Total de activos corrientes distintos de los activo o grupos de activos para su disposición clasificados como mantenidos para la venta o como mantenidos para distribuir a los propietarios,614.141,USD,2020-03-31,PAMPA_CALICHERA
Activos no corrientes o grupos de activos para su disposición clasificados como mantenidos para la venta o como mantenidos para distribuir a los propietarios,-,USD,2020-03-31,PAMPA_CALICHERA
Activos corrientes totales,614.141,USD,2020-03-31,PAMPA_CALICHERA
Otros activos financieros no corrientes,-,USD,2020-03-31,PAMPA_CALICHERA
Otros activos no financieros no corrientes,-,USD,2020-03-31,PAMPA_CALICHERA
Cuentas por cobrar no corrientes,-,USD,2020-03-31,PAMPA_CALICHERA
"Cuentas por cobrar a entidades relacionadas, no corrientes",-,USD,2020-03-31,PAMPA_CALICHERA
"Inventarios, no corrientes",-,USD,2020-03-31,PAMPA_CALICHERA
Inversiones contabilizadas utilizando el método de la participación,1.237.525,USD,2020-03-31,PAMPA_CALICHERA
Activos intangibles distintos de la plusvalía,-,USD,2020-03-31,PAMPA_CALICHERA
Plusvalía,6.873,USD,2020-03-31,PAMPA_CALICHERA
"Propiedades, planta y equipo",1,USD,2020-03-31,PAMPA_CALICHERA
Activos biológicos no corrientes,-,USD,2020-03-31,PAMPA_CALICHERA
Propiedad de inversión,-,USD,2020-03-31,PAMPA_CALICHERA
Activos por derecho de uso,-,USD,2020-03-31,PAMPA_CALICHERA
"Activos por impuestos corrientes, no corrientes",-,USD,2020-03-31,PAMPA_CALICHERA
Activos por impuestos diferidos,12.208,USD,2020-03-31,PAMPA_CALICHERA
Total de activos no corrientes,1.256.607,USD,2020-03-31,PAMPA_CALICHERA
Total de activos,1.870.748,USD,2020-03-31,PAMPA_CALICHERA
Otros pasivos financieros corrientes,195.136,USD,2020-03-31,PAMPA_CALICHERA
Pasivos por arrendamientos corrientes,-,USD,2020-03-31,PAMPA_CALICHERA
Cuentas por pagar comerciales y otras cuentas por pagar,326,USD,2020-03-31,PAMPA_CALICHERA
"Cuentas por pagar a entidades relacionadas, corrientes",-,USD,2020-03-31,PAMPA_CALICHERA
Otras provisiones a corto plazo,-,USD,2020-03-31,PAMPA_CALICHERA
"Pasivos por impuestos corrientes, corrientes",3.160,USD,2020-03-31,PAMPA_CALICHERA
Provisiones corrientes por beneficios a los empleados,-,USD,2020-03-31,PAMPA_CALICHERA
Otros pasivos no financieros corrientes,2.858,USD,2020-03-31,PAMPA_CALICHERA
Total de pasivos corrientes distintos de los pasivos incluidos en grupos de activos para su disposición clasificados como mantenidos para la venta,201.480,USD,2020-03-31,PAMPA_CALICHERA
Pasivos incluidos en grupos de activos para su disposición clasificados como mantenidos para la venta,-,USD,2020-03-31,PAMPA_CALICHERA
Pasivos corrientes totales,201.480,USD,2020-03-31,PAMPA_CALICHERA
Otros pasivos financieros no corrientes,542.237,USD,2020-03-31,PAMPA_CALICHERA
Pasivos por arrendamientos no corrientes,-,USD,2020-03-31,PAMPA_CALICHERA
Cuentas por pagar no corrientes,-,USD,2020-03-31,PAMPA_CALICHERA
"Cuentas por pagar a entidades relacionadas, no corrientes",-,USD,2020-03-31,PAMPA_CALICHERA
Otras provisiones a largo plazo,-,USD,2020-03-31,PAMPA_CALICHERA
Pasivo por impuestos diferidos,-,USD,2020-03-31,PAMPA_CALICHERA
"Pasivos por impuestos corrientes, no corrientes",-,USD,2020-03-31,PAMPA_CALICHERA
Provisiones no corrientes por beneficios a los empleados,437,USD,2020-03-31,PAMPA_CALICHERA
Otros pasivos no financieros no corrientes,-,USD,2020-03-31,PAMPA_CALICHERA
Total de pasivos no corrientes,542.674,USD,2020-03-31,PAMPA_CALICHERA
Total de pasivos,744.154,USD,2020-03-31,PAMPA_CALICHERA
Capital emitido y pagado,539.212,USD,2020-03-31,PAMPA_CALICHERA
Ganancias (pérdidas) acumuladas,522.018,USD,2020-03-31,PAMPA_CALICHERA
Prima de emisión,114.952,USD,2020-03-31,PAMPA_CALICHERA
Acciones propias en cartera,-,USD,2020-03-31,PAMPA_CALICHERA
Otras participaciones en el patrimonio,-4.795,USD,2020-03-31,PAMPA_CALICHERA
Otras reservas,-44.793,USD,2020-03-31,PAMPA_CALICHERA
Patrimonio atribuible a los propietarios de la controladora,1.126.594,USD,2020-03-31,PAMPA_CALICHERA
Participaciones no controladoras,-,USD,2020-03-31,PAMPA_CALICHERA
Patrimonio total,1.126.594,USD,2020-03-31,PAMPA_CALICHERA
Total de patrimonio y pasivos,1.870.748,USD,2020-03-31,PAMPA_CALICHERA
Efectivo y equivalentes al efectivo,34.504,USD,2020-06-30,PAMPA_CALICHERA
Otros activos financieros corrientes,17.946,USD,2020-06-30,PAMPA_CALICHERA
Otros activos no financieros corrientes,-,USD,2020-06-30,PAMPA_CALICHERA
Deudores comerciales y otras cuentas por cobrar corrientes,-,USD,2020-06-30,PAMPA_CALICHERA
"Cuentas por cobrar a entidades relacionadas, corrientes",535.973,USD,2020-06-30,PAMPA_CALICHERA
Inventarios corrientes,-,USD,2020-06-30,PAMPA_CALICHERA
Activos biológicos corrientes,-,USD,2020-06-30,PAMPA_CALICHERA
"Activos por impuestos corrientes, corrientes",22.217,USD,2020-06-30,PAMPA_CALICHERA
Total de activos corrientes distintos de los activo o grupos de activos para su disposición clasificados como mantenidos para la venta o como mantenidos para distribuir a los propietarios,610.640,USD,2020-06-30,PAMPA_CALICHERA
Activos no corrientes o grupos de activos para su disposición clasificados como mantenidos para la venta o como mantenidos para distribuir a los propietarios,-,USD,2020-06-30,PAMPA_CALICHERA
Activos corrientes totales,610.640,USD,2020-06-30,PAMPA_CALICHERA
Otros activos financieros no corrientes,-,USD,2020-06-30,PAMPA_CALICHERA
Otros activos no financieros no corrientes,-,USD,2020-06-30,PAMPA_CALICHERA
Cuentas por cobrar no corrientes,-,USD,2020-06-30,PAMPA_CALICHERA
"Cuentas por cobrar a entidades relacionadas, no corrientes",-,USD,2020-06-30,PAMPA_CALICHERA
"Inventarios, no corrientes",-,USD,2020-06-30,PAMPA_CALICHERA
Inversiones contabilizadas utilizando el método de la participación,1.239.892,USD,2020-06-30,PAMPA_CALICHERA
Activos intangibles distintos de la plusvalía,-,USD,2020-06-30,PAMPA_CALICHERA
Plusvalía,6.873,USD,2020-06-30,PAMPA_CALICHERA
"Propiedades, planta y equipo",-,USD,2020-06-30,PAMPA_CALICHERA
Activos biológicos no corrientes,-,USD,2020-06-30,PAMPA_CALICHERA
Propiedad de inversión,-,USD,2020-06-30,PAMPA_CALICHERA
Activos por derecho de uso,-,USD,2020-06-30,PAMPA_CALICHERA
"Activos por impuestos corrientes, no corrientes",-,USD,2020-06-30,PAMPA_CALICHERA
Activos por impuestos diferidos,9.430,USD,2020-06-30,PAMPA_CALICHERA
Total de activos no corrientes,1.256.195,USD,2020-06-30,PAMPA_CALICHERA
Total de activos,1.866.835,USD,2020-06-30,PAMPA_CALICHERA
Otros pasivos financieros corrientes,191.194,USD,2020-06-30,PAMPA_CALICHERA
Pasivos por arrendamientos corrientes,-,USD,2020-06-30,PAMPA_CALICHERA
Cuentas por pagar comerciales y otras cuentas por pagar,83,USD,2020-06-30,PAMPA_CALICHERA
"Cuentas por pagar a entidades relacionadas, corrientes",-,USD,2020-06-30,PAMPA_CALICHERA
Otras provisiones a corto plazo,-,USD,2020-06-30,PAMPA_CALICHERA
"Pasivos por impuestos corrientes, corrientes",2.638,USD,2020-06-30,PAMPA_CALICHERA
Provisiones corrientes por beneficios a los empleados,-,USD,2020-06-30,PAMPA_CALICHERA
Otros pasivos no financieros corrientes,3.906,USD,2020-06-30,PAMPA_CALICHERA
Total de pasivos corrientes distintos de los pasivos incluidos en grupos de activos para su disposición clasificados como mantenidos para la venta,197.821,USD,2020-06-30,PAMPA_CALICHERA
Pasivos incluidos en grupos de activos para su disposición clasificados como mantenidos para la venta,-,USD,2020-06-30,PAMPA_CALICHERA
Pasivos corrientes totales,197.821,USD,2020-06-30,PAMPA_CALICHERA
Otros pasivos financieros no corrientes,523.426,USD,2020-06-30,PAMPA_CALICHERA
Pasivos por arrendamientos no corrientes,-,USD,2020-06-30,PAMPA_CALICHERA
Cuentas por pagar no corrientes,-,USD,2020-06-30,PAMPA_CALICHERA
"Cuentas por pagar a entidades relacionadas, no corrientes",-,USD,2020-06-30,PAMPA_CALICHERA
Otras provisiones a largo plazo,-,USD,2020-06-30,PAMPA_CALICHERA
Pasivo por impuestos diferidos,-,USD,2020-06-30,PAMPA_CALICHERA
"Pasivos por impuestos corrientes, no corrientes",-,USD,2020-06-30,PAMPA_CALICHERA
Provisiones no corrientes por beneficios a los empleados,455,USD,2020-06-30,PAMPA_CALICHERA
Otros pasivos no financieros no corrientes,-,USD,2020-06-30,PAMPA_CALICHERA
Total de pasivos no corrientes,523.881,USD,2020-06-30,PAMPA_CALICHERA
Total de pasivos,721.702,USD,2020-06-30,PAMPA_CALICHERA
Capital emitido y pagado,539.212,USD,2020-06-30,PAMPA_CALICHERA
Ganancias (pérdidas) acumuladas,530.671,USD,2020-06-30,PAMPA_CALICHERA
Prima de emisión,114.952,USD,2020-06-30,PAMPA_CALICHERA
Acciones propias en cartera,-,USD,2020-06-30,PAMPA_CALICHERA
Otras participaciones en el patrimonio,-4.795,USD,2020-06-30,PAMPA_CALICHERA
Otras reservas,-34.907,USD,2020-06-30,PAMPA_CALICHERA
Patrimonio atribuible a los propietarios de la controladora,1.145.133,USD,2020-06-30,PAMPA_CALICHERA
Participaciones no controladoras,-,USD,2020-06-30,PAMPA_CALICHERA
Patrimonio total,1.145.133,USD,2020-06-30,PAMPA_CALICHERA
Total de patrimonio y pasivos,1.866.835,USD,2020-06-30,PAMPA_CALICHERA
Efectivo y equivalentes al efectivo,164.070,USD,2020-09-30,PAMPA_CALICHERA
Otros activos financieros corrientes,24.963,USD,2020-09-30,PAMPA_CALICHERA
Otros activos no financieros corrientes,-,USD,2020-09-30,PAMPA_CALICHERA
Deudores comerciales y otras cuentas por cobrar corrientes,-,USD,2020-09-30,PAMPA_CALICHERA
"Cuentas por cobrar a entidades relacionadas, corrientes",540.167,USD,2020-09-30,PAMPA_CALICHERA
Inventarios corrientes,-,USD,2020-09-30,PAMPA_CALICHERA
Activos biológicos corrientes,-,USD,2020-09-30,PAMPA_CALICHERA
"Activos por impuestos corrientes, corrientes",17.772,USD,2020-09-30,PAMPA_CALICHERA
Total de activos corrientes distintos de los activo o grupos de activos para su disposición clasificados como mantenidos para la venta o como mantenidos para distribuir a los propietarios,746.972,USD,2020-09-30,PAMPA_CALICHERA
Activos no corrientes o grupos de activos para su disposición clasificados como mantenidos para la venta o como mantenidos para distribuir a los propietarios,-,USD,2020-09-30,PAMPA_CALICHERA
Activos corrientes totales,746.972,USD,2020-09-30,PAMPA_CALICHERA
Otros activos financieros no corrientes,-,USD,2020-09-30,PAMPA_CALICHERA
Otros activos no financieros no corrientes,-,USD,2020-09-30,PAMPA_CALICHERA
Cuentas por cobrar no corrientes,-,USD,2020-09-30,PAMPA_CALICHERA
"Cuentas por cobrar a entidades relacionadas, no corrientes",-,USD,2020-09-30,PAMPA_CALICHERA
"Inventarios, no corrientes",-,USD,2020-09-30,PAMPA_CALICHERA
Inversiones contabilizadas utilizando el método de la participación,1.232.947,USD,2020-09-30,PAMPA_CALICHERA
Activos intangibles distintos de la plusvalía,-,USD,2020-09-30,PAMPA_CALICHERA
Plusvalía,6.873,USD,2020-09-30,PAMPA_CALICHERA
"Propiedades, planta y equipo",-,USD,2020-09-30,PAMPA_CALICHERA
Activos biológicos no corrientes,-,USD,2020-09-30,PAMPA_CALICHERA
Propiedad de inversión,-,USD,2020-09-30,PAMPA_CALICHERA
Activos por derecho de uso,-,USD,2020-09-30,PAMPA_CALICHERA
"Activos por impuestos corrientes, no corrientes",-,USD,2020-09-30,PAMPA_CALICHERA
Activos por impuestos diferidos,8.379,USD,2020-09-30,PAMPA_CALICHERA
Total de activos no corrientes,1.248.199,USD,2020-09-30,PAMPA_CALICHERA
Total de activos,1.995.171,USD,2020-09-30,PAMPA_CALICHERA
Otros pasivos financieros corrientes,38.387,USD,2020-09-30,PAMPA_CALICHERA
Pasivos por arrendamientos corrientes,-,USD,2020-09-30,PAMPA_CALICHERA
Cuentas por pagar comerciales y otras cuentas por pagar,97,USD,2020-09-30,PAMPA_CALICHERA
"Cuentas por pagar a entidades relacionadas, corrientes",-,USD,2020-09-30,PAMPA_CALICHERA
Otras provisiones a corto plazo,-,USD,2020-09-30,PAMPA_CALICHERA
"Pasivos por impuestos corrientes, corrientes",2.869,USD,2020-09-30,PAMPA_CALICHERA
Provisiones corrientes por beneficios a los empleados,-,USD,2020-09-30,PAMPA_CALICHERA
Otros pasivos no financieros corrientes,1.192,USD,2020-09-30,PAMPA_CALICHERA
Total de pasivos corrientes distintos de los pasivos incluidos en grupos de activos para su disposición clasificados como mantenidos para la venta,42.545,USD,2020-09-30,PAMPA_CALICHERA
Pasivos incluidos en grupos de activos para su disposición clasificados como mantenidos para la venta,-,USD,2020-09-30,PAMPA_CALICHERA
Pasivos corrientes totales,42.545,USD,2020-09-30,PAMPA_CALICHERA
Otros pasivos financieros no corrientes,634.540,USD,2020-09-30,PAMPA_CALICHERA
Pasivos por arrendamientos no corrientes,-,USD,2020-09-30,PAMPA_CALICHERA
Cuentas por pagar no corrientes,-,USD,2020-09-30,PAMPA_CALICHERA
"Cuentas por pagar a entidades relacionadas, no corrientes",-,USD,2020-09-30,PAMPA_CALICHERA
Otras provisiones a largo plazo,-,USD,2020-09-30,PAMPA_CALICHERA
Pasivo por impuestos diferidos,-,USD,2020-09-30,PAMPA_CALICHERA
"Pasivos por impuestos corrientes, no corrientes",-,USD,2020-09-30,PAMPA_CALICHERA
Provisiones no corrientes por beneficios a los empleados,555,USD,2020-09-30,PAMPA_CALICHERA
Otros pasivos no financieros no corrientes,-,USD,2020-09-30,PAMPA_CALICHERA
Total de pasivos no corrientes,635.095,USD,2020-09-30,PAMPA_CALICHERA
Total de pasivos,677.640,USD,2020-09-30,PAMPA_CALICHERA
Capital emitido y pagado,710.291,USD,2020-09-30,PAMPA_CALICHERA
Ganancias (pérdidas) acumuladas,524.188,USD,2020-09-30,PAMPA_CALICHERA
Prima de emisión,114.952,USD,2020-09-30,PAMPA_CALICHERA
Acciones propias en cartera,-,USD,2020-09-30,PAMPA_CALICHERA
Otras participaciones en el patrimonio,-4.795,USD,2020-09-30,PAMPA_CALICHERA
Otras reservas,-27.105,USD,2020-09-30,PAMPA_CALICHERA
Patrimonio atribuible a los propietarios de la controladora,1.317.531,USD,2020-09-30,PAMPA_CALICHERA
Participaciones no controladoras,-,USD,2020-09-30,PAMPA_CALICHERA
Patrimonio total,1.317.531,USD,2020-09-30,PAMPA_CALICHERA
Total de patrimonio y pasivos,1.995.171,USD,2020-09-30,PAMPA_CALICHERA
Efectivo y equivalentes al efectivo,134.071,USD,2020-12-31,PAMPA_CALICHERA
Otros activos financieros corrientes,20.629,USD,2020-12-31,PAMPA_CALICHERA
Otros activos no financieros corrientes,-,USD,2020-12-31,PAMPA_CALICHERA
Deudores comerciales y otras cuentas por cobrar corrientes,-,USD,2020-12-31,PAMPA_CALICHERA
"Cuentas por cobrar a entidades relacionadas, corrientes",546.421,USD,2020-12-31,PAMPA_CALICHERA
Inventarios corrientes,-,USD,2020-12-31,PAMPA_CALICHERA
Activos biológicos corrientes,-,USD,2020-12-31,PAMPA_CALICHERA
"Activos por impuestos corrientes, corrientes",16.501,USD,2020-12-31,PAMPA_CALICHERA
Total de activos corrientes distintos de los activo o grupos de activos para su disposición clasificados como mantenidos para la venta o como mantenidos para distribuir a los propietarios,717.622,USD,2020-12-31,PAMPA_CALICHERA
Activos no corrientes o grupos de activos para su disposición clasificados como mantenidos para la venta o como mantenidos para distribuir a los propietarios,-,USD,2020-12-31,PAMPA_CALICHERA
Activos corrientes totales,717.622,USD,2020-12-31,PAMPA_CALICHERA
Otros activos financieros no corrientes,-,USD,2020-12-31,PAMPA_CALICHERA
Otros activos no financieros no corrientes,-,USD,2020-12-31,PAMPA_CALICHERA
Cuentas por cobrar no corrientes,-,USD,2020-12-31,PAMPA_CALICHERA
"Cuentas por cobrar a entidades relacionadas, no corrientes",-,USD,2020-12-31,PAMPA_CALICHERA
"Inventarios, no corrientes",-,USD,2020-12-31,PAMPA_CALICHERA
Inversiones contabilizadas utilizando el método de la participación,1.251.882,USD,2020-12-31,PAMPA_CALICHERA
Activos intangibles distintos de la plusvalía,-,USD,2020-12-31,PAMPA_CALICHERA
Plusvalía,6.873,USD,2020-12-31,PAMPA_CALICHERA
"Propiedades, planta y equipo",-,USD,2020-12-31,PAMPA_CALICHERA
Activos biológicos no corrientes,-,USD,2020-12-31,PAMPA_CALICHERA
Propiedad de inversión,-,USD,2020-12-31,PAMPA_CALICHERA
Activos por derecho de uso,-,USD,2020-12-31,PAMPA_CALICHERA
"Activos por impuestos corrientes, no corrientes",-,USD,2020-12-31,PAMPA_CALICHERA
Activos por impuestos diferidos,5.555,USD,2020-12-31,PAMPA_CALICHERA
Total de activos no corrientes,1.264.310,USD,2020-12-31,PAMPA_CALICHERA
Total de activos,1.981.932,USD,2020-12-31,PAMPA_CALICHERA
Otros pasivos financieros corrientes,34.500,USD,2020-12-31,PAMPA_CALICHERA
Pasivos por arrendamientos corrientes,-,USD,2020-12-31,PAMPA_CALICHERA
Cuentas por pagar comerciales y otras cuentas por pagar,112,USD,2020-12-31,PAMPA_CALICHERA
"Cuentas por pagar a entidades relacionadas, corrientes",-,USD,2020-12-31,PAMPA_CALICHERA
Otras provisiones a corto plazo,-,USD,2020-12-31,PAMPA_CALICHERA
"Pasivos por impuestos corrientes, corrientes",3.141,USD,2020-12-31,PAMPA_CALICHERA
Provisiones corrientes por beneficios a los empleados,-,USD,2020-12-31,PAMPA_CALICHERA
Otros pasivos no financieros corrientes,3.509,USD,2020-12-31,PAMPA_CALICHERA
Total de pasivos corrientes distintos de los pasivos incluidos en grupos de activos para su disposición clasificados como mantenidos para la venta,41.262,USD,2020-12-31,PAMPA_CALICHERA
Pasivos incluidos en grupos de activos para su disposición clasificados como mantenidos para la venta,-,USD,2020-12-31,PAMPA_CALICHERA
Pasivos corrientes totales,41.262,USD,2020-12-31,PAMPA_CALICHERA
Otros pasivos financieros no corrientes,602.575,USD,2020-12-31,PAMPA_CALICHERA
Pasivos por arrendamientos no corrientes,-,USD,2020-12-31,PAMPA_CALICHERA
Cuentas por pagar no corrientes,-,USD,2020-12-31,PAMPA_CALICHERA
"Cuentas por pagar a entidades relacionadas, no corrientes",-,USD,2020-12-31,PAMPA_CALICHERA
Otras provisiones a largo plazo,-,USD,2020-12-31,PAMPA_CALICHERA
Pasivo por impuestos diferidos,-,USD,2020-12-31,PAMPA_CALICHERA
"Pasivos por impuestos corrientes, no corrientes",-,USD,2020-12-31,PAMPA_CALICHERA
Provisiones no corrientes por beneficios a los empleados,677,USD,2020-12-31,PAMPA_CALICHERA
Otros pasivos no financieros no corrientes,-,USD,2020-12-31,PAMPA_CALICHERA
Total de pasivos no corrientes,603.252,USD,2020-12-31,PAMPA_CALICHERA
Total de pasivos,644.514,USD,2020-12-31,PAMPA_CALICHERA
Capital emitido y pagado,711.658,USD,2020-12-31,PAMPA_CALICHERA
Ganancias (pérdidas) acumuladas,531.844,USD,2020-12-31,PAMPA_CALICHERA
Prima de emisión,114.952,USD,2020-12-31,PAMPA_CALICHERA
Acciones propias en cartera,-,USD,2020-12-31,PAMPA_CALICHERA
Otras participaciones en el patrimonio,-4.795,USD,2020-12-31,PAMPA_CALICHERA
Otras reservas,-16.241,USD,2020-12-31,PAMPA_CALICHERA
Patrimonio atribuible a los propietarios de la controladora,1.337.418,USD,2020-12-31,PAMPA_CALICHERA
Participaciones no controladoras,-,USD,2020-12-31,PAMPA_CALICHERA
Patrimonio total,1.337.418,USD,2020-12-31,PAMPA_CALICHERA
Total de patrimonio y pasivos,1.981.932,USD,2020-12-31,PAMPA_CALICHERA
Efectivo y equivalentes al efectivo,378.087,USD,2021-03-31,PAMPA_CALICHERA
Otros activos financieros corrientes,33.302,USD,2021-03-31,PAMPA_CALICHERA
Otros activos no financieros corrientes,-,USD,2021-03-31,PAMPA_CALICHERA
Deudores comerciales y otras cuentas por cobrar corrientes,-,USD,2021-03-31,PAMPA_CALICHERA
"Cuentas por cobrar a entidades relacionadas, corrientes",555.218,USD,2021-03-31,PAMPA_CALICHERA
Inventarios corrientes,-,USD,2021-03-31,PAMPA_CALICHERA
Activos biológicos corrientes,-,USD,2021-03-31,PAMPA_CALICHERA
"Activos por impuestos corrientes, corrientes",9.959,USD,2021-03-31,PAMPA_CALICHERA
Total de activos corrientes distintos de los activo o grupos de activos para su disposición clasificados como mantenidos para la venta o como mantenidos para distribuir a los propietarios,976.566,USD,2021-03-31,PAMPA_CALICHERA
Activos no corrientes o grupos de activos para su disposición clasificados como mantenidos para la venta o como mantenidos para distribuir a los propietarios,-,USD,2021-03-31,PAMPA_CALICHERA
Activos corrientes totales,976.566,USD,2021-03-31,PAMPA_CALICHERA
Otros activos financieros no corrientes,-,USD,2021-03-31,PAMPA_CALICHERA
Otros activos no financieros no corrientes,-,USD,2021-03-31,PAMPA_CALICHERA
Cuentas por cobrar no corrientes,-,USD,2021-03-31,PAMPA_CALICHERA
"Cuentas por cobrar a entidades relacionadas, no corrientes",-,USD,2021-03-31,PAMPA_CALICHERA
"Inventarios, no corrientes",-,USD,2021-03-31,PAMPA_CALICHERA
Inversiones contabilizadas utilizando el método de la participación,1.035.629,USD,2021-03-31,PAMPA_CALICHERA
Activos intangibles distintos de la plusvalía,-,USD,2021-03-31,PAMPA_CALICHERA
Plusvalía,6.873,USD,2021-03-31,PAMPA_CALICHERA
"Propiedades, planta y equipo",-,USD,2021-03-31,PAMPA_CALICHERA
Activos biológicos no corrientes,-,USD,2021-03-31,PAMPA_CALICHERA
Propiedad de inversión,-,USD,2021-03-31,PAMPA_CALICHERA
Activos por derecho de uso,-,USD,2021-03-31,PAMPA_CALICHERA
"Activos por impuestos corrientes, no corrientes",-,USD,2021-03-31,PAMPA_CALICHERA
Activos por impuestos diferidos,3.053,USD,2021-03-31,PAMPA_CALICHERA
Total de activos no corrientes,1.045.555,USD,2021-03-31,PAMPA_CALICHERA
Total de activos,2.022.121,USD,2021-03-31,PAMPA_CALICHERA
Otros pasivos financieros corrientes,41.501,USD,2021-03-31,PAMPA_CALICHERA
Pasivos por arrendamientos corrientes,-,USD,2021-03-31,PAMPA_CALICHERA
Cuentas por pagar comerciales y otras cuentas por pagar,115,USD,2021-03-31,PAMPA_CALICHERA
"Cuentas por pagar a entidades relacionadas, corrientes",-,USD,2021-03-31,PAMPA_CALICHERA
Otras provisiones a corto plazo,-,USD,2021-03-31,PAMPA_CALICHERA
"Pasivos por impuestos corrientes, corrientes",3.421,USD,2021-03-31,PAMPA_CALICHERA
Provisiones corrientes por beneficios a los empleados,-,USD,2021-03-31,PAMPA_CALICHERA
Otros pasivos no financieros corrientes,14.472,USD,2021-03-31,PAMPA_CALICHERA
Total de pasivos corrientes distintos de los pasivos incluidos en grupos de activos para su disposición clasificados como mantenidos para la venta,59.509,USD,2021-03-31,PAMPA_CALICHERA
Pasivos incluidos en grupos de activos para su disposición clasificados como mantenidos para la venta,-,USD,2021-03-31,PAMPA_CALICHERA
Pasivos corrientes totales,59.509,USD,2021-03-31,PAMPA_CALICHERA
Otros pasivos financieros no corrientes,589.949,USD,2021-03-31,PAMPA_CALICHERA
Pasivos por arrendamientos no corrientes,-,USD,2021-03-31,PAMPA_CALICHERA
Cuentas por pagar no corrientes,-,USD,2021-03-31,PAMPA_CALICHERA
"Cuentas por pagar a entidades relacionadas, no corrientes",-,USD,2021-03-31,PAMPA_CALICHERA
Otras provisiones a largo plazo,-,USD,2021-03-31,PAMPA_CALICHERA
Pasivo por impuestos diferidos,-,USD,2021-03-31,PAMPA_CALICHERA
"Pasivos por impuestos corrientes, no corrientes",-,USD,2021-03-31,PAMPA_CALICHERA
Provisiones no corrientes por beneficios a los empleados,346,USD,2021-03-31,PAMPA_CALICHERA
Otros pasivos no financieros no corrientes,-,USD,2021-03-31,PAMPA_CALICHERA
Total de pasivos no corrientes,590.295,USD,2021-03-31,PAMPA_CALICHERA
Total de pasivos,649.804,USD,2021-03-31,PAMPA_CALICHERA
Capital emitido y pagado,711.658,USD,2021-03-31,PAMPA_CALICHERA
Ganancias (pérdidas) acumuladas,559.608,USD,2021-03-31,PAMPA_CALICHERA
Prima de emisión,114.952,USD,2021-03-31,PAMPA_CALICHERA
Acciones propias en cartera,-,USD,2021-03-31,PAMPA_CALICHERA
Otras participaciones en el patrimonio,-4.795,USD,2021-03-31,PAMPA_CALICHERA
Otras reservas,-9.106,USD,2021-03-31,PAMPA_CALICHERA
Patrimonio atribuible a los propietarios de la controladora,1.372.317,USD,2021-03-31,PAMPA_CALICHERA
Participaciones no controladoras,-,USD,2021-03-31,PAMPA_CALICHERA
Patrimonio total,1.372.317,USD,2021-03-31,PAMPA_CALICHERA
Total de patrimonio y pasivos,2.022.121,USD,2021-03-31,PAMPA_CALICHERA
Efectivo y equivalentes al efectivo,328.462,USD,2021-06-30,PAMPA_CALICHERA
Otros activos financieros corrientes,19.649,USD,2021-06-30,PAMPA_CALICHERA
Otros activos no financieros corrientes,-,USD,2021-06-30,PAMPA_CALICHERA
Deudores comerciales y otras cuentas por cobrar corrientes,-,USD,2021-06-30,PAMPA_CALICHERA
"Cuentas por cobrar a entidades relacionadas, corrientes",560.624,USD,2021-06-30,PAMPA_CALICHERA
Inventarios corrientes,-,USD,2021-06-30,PAMPA_CALICHERA
Activos biológicos corrientes,-,USD,2021-06-30,PAMPA_CALICHERA
"Activos por impuestos corrientes, corrientes",5.105,USD,2021-06-30,PAMPA_CALICHERA
Total de activos corrientes distintos de los activo o grupos de activos para su disposición clasificados como mantenidos para la venta o como mantenidos para distribuir a los propietarios,913.840,USD,2021-06-30,PAMPA_CALICHERA
Activos no corrientes o grupos de activos para su disposición clasificados como mantenidos para la venta o como mantenidos para distribuir a los propietarios,-,USD,2021-06-30,PAMPA_CALICHERA
Activos corrientes totales,913.840,USD,2021-06-30,PAMPA_CALICHERA
Otros activos financieros no corrientes,-,USD,2021-06-30,PAMPA_CALICHERA
Otros activos no financieros no corrientes,-,USD,2021-06-30,PAMPA_CALICHERA
Cuentas por cobrar no corrientes,-,USD,2021-06-30,PAMPA_CALICHERA
"Cuentas por cobrar a entidades relacionadas, no corrientes",-,USD,2021-06-30,PAMPA_CALICHERA
"Inventarios, no corrientes",-,USD,2021-06-30,PAMPA_CALICHERA
Inversiones contabilizadas utilizando el método de la participación,1.247.257,USD,2021-06-30,PAMPA_CALICHERA
Activos intangibles distintos de la plusvalía,-,USD,2021-06-30,PAMPA_CALICHERA
Plusvalía,6.873,USD,2021-06-30,PAMPA_CALICHERA
"Propiedades, planta y equipo",-,USD,2021-06-30,PAMPA_CALICHERA
Activos biológicos no corrientes,-,USD,2021-06-30,PAMPA_CALICHERA
Propiedad de inversión,-,USD,2021-06-30,PAMPA_CALICHERA
Activos por derecho de uso,-,USD,2021-06-30,PAMPA_CALICHERA
"Activos por impuestos corrientes, no corrientes",-,USD,2021-06-30,PAMPA_CALICHERA
Activos por impuestos diferidos,9.513,USD,2021-06-30,PAMPA_CALICHERA
Total de activos no corrientes,1.263.643,USD,2021-06-30,PAMPA_CALICHERA
Total de activos,2.177.483,USD,2021-06-30,PAMPA_CALICHERA
Otros pasivos financieros corrientes,28.883,USD,2021-06-30,PAMPA_CALICHERA
Pasivos por arrendamientos corrientes,-,USD,2021-06-30,PAMPA_CALICHERA
Cuentas por pagar comerciales y otras cuentas por pagar,86,USD,2021-06-30,PAMPA_CALICHERA
"Cuentas por pagar a entidades relacionadas, corrientes",-,USD,2021-06-30,PAMPA_CALICHERA
Otras provisiones a corto plazo,-,USD,2021-06-30,PAMPA_CALICHERA
"Pasivos por impuestos corrientes, corrientes",2.677,USD,2021-06-30,PAMPA_CALICHERA
Provisiones corrientes por beneficios a los empleados,-,USD,2021-06-30,PAMPA_CALICHERA
Otros pasivos no financieros corrientes,63.078,USD,2021-06-30,PAMPA_CALICHERA
Total de pasivos corrientes distintos de los pasivos incluidos en grupos de activos para su disposición clasificados como mantenidos para la venta,94.724,USD,2021-06-30,PAMPA_CALICHERA
Pasivos incluidos en grupos de activos para su disposición clasificados como mantenidos para la venta,-,USD,2021-06-30,PAMPA_CALICHERA
Pasivos corrientes totales,94.724,USD,2021-06-30,PAMPA_CALICHERA
Otros pasivos financieros no corrientes,613.883,USD,2021-06-30,PAMPA_CALICHERA
Pasivos por arrendamientos no corrientes,-,USD,2021-06-30,PAMPA_CALICHERA
Cuentas por pagar no corrientes,-,USD,2021-06-30,PAMPA_CALICHERA
"Cuentas por pagar a entidades relacionadas, no corrientes",-,USD,2021-06-30,PAMPA_CALICHERA
Otras provisiones a largo plazo,-,USD,2021-06-30,PAMPA_CALICHERA
Pasivo por impuestos diferidos,-,USD,2021-06-30,PAMPA_CALICHERA
"Pasivos por impuestos corrientes, no corrientes",-,USD,2021-06-30,PAMPA_CALICHERA
Provisiones no corrientes por beneficios a los empleados,-,USD,2021-06-30,PAMPA_CALICHERA
Otros pasivos no financieros no corrientes,-,USD,2021-06-30,PAMPA_CALICHERA
Total de pasivos no corrientes,613.883,USD,2021-06-30,PAMPA_CALICHERA
Total de pasivos,708.607,USD,2021-06-30,PAMPA_CALICHERA
Capital emitido y pagado,711.658,USD,2021-06-30,PAMPA_CALICHERA
Ganancias (pérdidas) acumuladas,680.928,USD,2021-06-30,PAMPA_CALICHERA
Prima de emisión,114.952,USD,2021-06-30,PAMPA_CALICHERA
Acciones propias en cartera,-,USD,2021-06-30,PAMPA_CALICHERA
Otras participaciones en el patrimonio,-4.795,USD,2021-06-30,PAMPA_CALICHERA
Otras reservas,-33.867,USD,2021-06-30,PAMPA_CALICHERA
Patrimonio atribuible a los propietarios de la controladora,1.468.876,USD,2021-06-30,PAMPA_CALICHERA
Participaciones no controladoras,-,USD,2021-06-30,PAMPA_CALICHERA
Patrimonio total,1.468.876,USD,2021-06-30,PAMPA_CALICHERA
Total de patrimonio y pasivos,2.177.483,USD,2021-06-30,PAMPA_CALICHERA
Efectivo y equivalentes al efectivo,221.321,USD,2021-09-30,PAMPA_CALICHERA
Otros activos financieros corrientes,252.850,USD,2021-09-30,PAMPA_CALICHERA
Otros activos no financieros corrientes,-,USD,2021-09-30,PAMPA_CALICHERA
Deudores comerciales y otras cuentas por cobrar corrientes,23.468,USD,2021-09-30,PAMPA_CALICHERA
"Cuentas por cobrar a entidades relacionadas, corrientes",-,USD,2021-09-30,PAMPA_CALICHERA
Inventarios corrientes,-,USD,2021-09-30,PAMPA_CALICHERA
Activos biológicos corrientes,-,USD,2021-09-30,PAMPA_CALICHERA
"Activos por impuestos corrientes, corrientes",9.841,USD,2021-09-30,PAMPA_CALICHERA
Total de activos corrientes distintos de los activo o grupos de activos para su disposición clasificados como mantenidos para la venta o como mantenidos para distribuir a los propietarios,507.480,USD,2021-09-30,PAMPA_CALICHERA
Activos no corrientes o grupos de activos para su disposición clasificados como mantenidos para la venta o como mantenidos para distribuir a los propietarios,-,USD,2021-09-30,PAMPA_CALICHERA
Activos corrientes totales,507.480,USD,2021-09-30,PAMPA_CALICHERA
Otros activos financieros no corrientes,-,USD,2021-09-30,PAMPA_CALICHERA
Otros activos no financieros no corrientes,-,USD,2021-09-30,PAMPA_CALICHERA
Cuentas por cobrar no corrientes,-,USD,2021-09-30,PAMPA_CALICHERA
"Cuentas por cobrar a entidades relacionadas, no corrientes",567.050,USD,2021-09-30,PAMPA_CALICHERA
"Inventarios, no corrientes",-,USD,2021-09-30,PAMPA_CALICHERA
Inversiones contabilizadas utilizando el método de la participación,1.097.339,USD,2021-09-30,PAMPA_CALICHERA
Activos intangibles distintos de la plusvalía,-,USD,2021-09-30,PAMPA_CALICHERA
Plusvalía,6.873,USD,2021-09-30,PAMPA_CALICHERA
"Propiedades, planta y equipo",-,USD,2021-09-30,PAMPA_CALICHERA
Activos biológicos no corrientes,-,USD,2021-09-30,PAMPA_CALICHERA
Propiedad de inversión,-,USD,2021-09-30,PAMPA_CALICHERA
Activos por derecho de uso,-,USD,2021-09-30,PAMPA_CALICHERA
"Activos por impuestos corrientes, no corrientes",-,USD,2021-09-30,PAMPA_CALICHERA
Activos por impuestos diferidos,-,USD,2021-09-30,PAMPA_CALICHERA
Total de activos no corrientes,1.671.262,USD,2021-09-30,PAMPA_CALICHERA
Total de activos,2.178.742,USD,2021-09-30,PAMPA_CALICHERA
Otros pasivos financieros corrientes,198.073,USD,2021-09-30,PAMPA_CALICHERA
Pasivos por arrendamientos corrientes,-,USD,2021-09-30,PAMPA_CALICHERA
Cuentas por pagar comerciales y otras cuentas por pagar,7,USD,2021-09-30,PAMPA_CALICHERA
"Cuentas por pagar a entidades relacionadas, corrientes",90,USD,2021-09-30,PAMPA_CALICHERA
Otras provisiones a corto plazo,-,USD,2021-09-30,PAMPA_CALICHERA
"Pasivos por impuestos corrientes, corrientes",3.476,USD,2021-09-30,PAMPA_CALICHERA
Provisiones corrientes por beneficios a los empleados,-,USD,2021-09-30,PAMPA_CALICHERA
Otros pasivos no financieros corrientes,64.780,USD,2021-09-30,PAMPA_CALICHERA
Total de pasivos corrientes distintos de los pasivos incluidos en grupos de activos para su disposición clasificados como mantenidos para la venta,266.426,USD,2021-09-30,PAMPA_CALICHERA
Pasivos incluidos en grupos de activos para su disposición clasificados como mantenidos para la venta,-,USD,2021-09-30,PAMPA_CALICHERA
Pasivos corrientes totales,266.426,USD,2021-09-30,PAMPA_CALICHERA
Otros pasivos financieros no corrientes,475.488,USD,2021-09-30,PAMPA_CALICHERA
Pasivos por arrendamientos no corrientes,-,USD,2021-09-30,PAMPA_CALICHERA
Cuentas por pagar no corrientes,-,USD,2021-09-30,PAMPA_CALICHERA
"Cuentas por pagar a entidades relacionadas, no corrientes",-,USD,2021-09-30,PAMPA_CALICHERA
Otras provisiones a largo plazo,-,USD,2021-09-30,PAMPA_CALICHERA
Pasivo por impuestos diferidos,4.444,USD,2021-09-30,PAMPA_CALICHERA
"Pasivos por impuestos corrientes, no corrientes",-,USD,2021-09-30,PAMPA_CALICHERA
Provisiones no corrientes por beneficios a los empleados,-,USD,2021-09-30,PAMPA_CALICHERA
Otros pasivos no financieros no corrientes,-,USD,2021-09-30,PAMPA_CALICHERA
Total de pasivos no corrientes,479.932,USD,2021-09-30,PAMPA_CALICHERA
Total de pasivos,746.358,USD,2021-09-30,PAMPA_CALICHERA
Capital emitido y pagado,711.658,USD,2021-09-30,PAMPA_CALICHERA
Ganancias (pérdidas) acumuladas,685.269,USD,2021-09-30,PAMPA_CALICHERA
Prima de emisión,114.952,USD,2021-09-30,PAMPA_CALICHERA
Acciones propias en cartera,-,USD,2021-09-30,PAMPA_CALICHERA
Otras participaciones en el patrimonio,-4.795,USD,2021-09-30,PAMPA_CALICHERA
Otras reservas,-74.700,USD,2021-09-30,PAMPA_CALICHERA
Patrimonio atribuible a los propietarios de la controladora,1.432.384,USD,2021-09-30,PAMPA_CALICHERA
Participaciones no controladoras,-,USD,2021-09-30,PAMPA_CALICHERA
Patrimonio total,1.432.384,USD,2021-09-30,PAMPA_CALICHERA
Total de patrimonio y pasivos,2.178.742,USD,2021-09-30,PAMPA_CALICHERA
Efectivo y equivalentes al efectivo,313.085,USD,2021-12-31,PAMPA_CALICHERA
Otros activos financieros corrientes,272.928,USD,2021-12-31,PAMPA_CALICHERA
Otros activos no financieros corrientes,-,USD,2021-12-31,PAMPA_CALICHERA
Deudores comerciales y otras cuentas por cobrar corrientes,3.009,USD,2021-12-31,PAMPA_CALICHERA
"Cuentas por cobrar a entidades relacionadas, corrientes",-,USD,2021-12-31,PAMPA_CALICHERA
Inventarios corrientes,-,USD,2021-12-31,PAMPA_CALICHERA
Activos biológicos corrientes,-,USD,2021-12-31,PAMPA_CALICHERA
"Activos por impuestos corrientes, corrientes",15.256,USD,2021-12-31,PAMPA_CALICHERA
Total de activos corrientes distintos de los activo o grupos de activos para su disposición clasificados como mantenidos para la venta o como mantenidos para distribuir a los propietarios,604.278,USD,2021-12-31,PAMPA_CALICHERA
Activos no corrientes o grupos de activos para su disposición clasificados como mantenidos para la venta o como mantenidos para distribuir a los propietarios,-,USD,2021-12-31,PAMPA_CALICHERA
Activos corrientes totales,604.278,USD,2021-12-31,PAMPA_CALICHERA
Otros activos financieros no corrientes,134.363,USD,2021-12-31,PAMPA_CALICHERA
Otros activos no financieros no corrientes,-,USD,2021-12-31,PAMPA_CALICHERA
Cuentas por cobrar no corrientes,-,USD,2021-12-31,PAMPA_CALICHERA
"Cuentas por cobrar a entidades relacionadas, no corrientes",581.613,USD,2021-12-31,PAMPA_CALICHERA
"Inventarios, no corrientes",-,USD,2021-12-31,PAMPA_CALICHERA
Inversiones contabilizadas utilizando el método de la participación,917.415,USD,2021-12-31,PAMPA_CALICHERA
Activos intangibles distintos de la plusvalía,-,USD,2021-12-31,PAMPA_CALICHERA
Plusvalía,6.873,USD,2021-12-31,PAMPA_CALICHERA
"Propiedades, planta y equipo",-,USD,2021-12-31,PAMPA_CALICHERA
Activos biológicos no corrientes,-,USD,2021-12-31,PAMPA_CALICHERA
Propiedad de inversión,-,USD,2021-12-31,PAMPA_CALICHERA
Activos por derecho de uso,-,USD,2021-12-31,PAMPA_CALICHERA
"Activos por impuestos corrientes, no corrientes",-,USD,2021-12-31,PAMPA_CALICHERA
Activos por impuestos diferidos,-,USD,2021-12-31,PAMPA_CALICHERA
Total de activos no corrientes,1.640.264,USD,2021-12-31,PAMPA_CALICHERA
Total de activos,2.244.542,USD,2021-12-31,PAMPA_CALICHERA
Otros pasivos financieros corrientes,193.990,USD,2021-12-31,PAMPA_CALICHERA
Pasivos por arrendamientos corrientes,-,USD,2021-12-31,PAMPA_CALICHERA
Cuentas por pagar comerciales y otras cuentas por pagar,94,USD,2021-12-31,PAMPA_CALICHERA
"Cuentas por pagar a entidades relacionadas, corrientes",143,USD,2021-12-31,PAMPA_CALICHERA
Otras provisiones a corto plazo,-,USD,2021-12-31,PAMPA_CALICHERA
"Pasivos por impuestos corrientes, corrientes",-,USD,2021-12-31,PAMPA_CALICHERA
Provisiones corrientes por beneficios a los empleados,24.362,USD,2021-12-31,PAMPA_CALICHERA
Otros pasivos no financieros corrientes,185.072,USD,2021-12-31,PAMPA_CALICHERA
Total de pasivos corrientes distintos de los pasivos incluidos en grupos de activos para su disposición clasificados como mantenidos para la venta,403.661,USD,2021-12-31,PAMPA_CALICHERA
Pasivos incluidos en grupos de activos para su disposición clasificados como mantenidos para la venta,-,USD,2021-12-31,PAMPA_CALICHERA
Pasivos corrientes totales,403.661,USD,2021-12-31,PAMPA_CALICHERA
Otros pasivos financieros no corrientes,458.828,USD,2021-12-31,PAMPA_CALICHERA
Pasivos por arrendamientos no corrientes,-,USD,2021-12-31,PAMPA_CALICHERA
Cuentas por pagar no corrientes,-,USD,2021-12-31,PAMPA_CALICHERA
"Cuentas por pagar a entidades relacionadas, no corrientes",-,USD,2021-12-31,PAMPA_CALICHERA
Otras provisiones a largo plazo,-,USD,2021-12-31,PAMPA_CALICHERA
Pasivo por impuestos diferidos,5.832,USD,2021-12-31,PAMPA_CALICHERA
"Pasivos por impuestos corrientes, no corrientes",-,USD,2021-12-31,PAMPA_CALICHERA
Provisiones no corrientes por beneficios a los empleados,-,USD,2021-12-31,PAMPA_CALICHERA
Otros pasivos no financieros no corrientes,-,USD,2021-12-31,PAMPA_CALICHERA
Total de pasivos no corrientes,464.660,USD,2021-12-31,PAMPA_CALICHERA
Total de pasivos,868.321,USD,2021-12-31,PAMPA_CALICHERA
Capital emitido y pagado,711.658,USD,2021-12-31,PAMPA_CALICHERA
Ganancias (pérdidas) acumuladas,632.627,USD,2021-12-31,PAMPA_CALICHERA
Prima de emisión,114.952,USD,2021-12-31,PAMPA_CALICHERA
Acciones propias en cartera,-,USD,2021-12-31,PAMPA_CALICHERA
Otras participaciones en el patrimonio,-4.795,USD,2021-12-31,PAMPA_CALICHERA
Otras reservas,-78.221,USD,2021-12-31,PAMPA_CALICHERA
Patrimonio atribuible a los propietarios de la controladora,1.376.221,USD,2021-12-31,PAMPA_CALICHERA
Participaciones no controladoras,0,USD,2021-12-31,PAMPA_CALICHERA
Patrimonio total,1.376.221,USD,2021-12-31,PAMPA_CALICHERA
Total de patrimonio y pasivos,2.244.542,USD,2021-12-31,PAMPA_CALICHERA
Efectivo y equivalentes al efectivo,333.484,USD,2022-03-31,PAMPA_CALICHERA
Otros activos financieros corrientes,369.937,USD,2022-03-31,PAMPA_CALICHERA
Otros activos no financieros corrientes,-,USD,2022-03-31,PAMPA_CALICHERA
Deudores comerciales y otras cuentas por cobrar corrientes,1,USD,2022-03-31,PAMPA_CALICHERA
"Cuentas por cobrar a entidades relacionadas, corrientes",-,USD,2022-03-31,PAMPA_CALICHERA
Inventarios corrientes,-,USD,2022-03-31,PAMPA_CALICHERA
Activos biológicos corrientes,-,USD,2022-03-31,PAMPA_CALICHERA
"Activos por impuestos corrientes, corrientes",15.218,USD,2022-03-31,PAMPA_CALICHERA
Total de activos corrientes distintos de los activo o grupos de activos para su disposición clasificados como mantenidos para la venta o como mantenidos para distribuir a los propietarios,718.640,USD,2022-03-31,PAMPA_CALICHERA
Activos no corrientes o grupos de activos para su disposición clasificados como mantenidos para la venta o como mantenidos para distribuir a los propietarios,-,USD,2022-03-31,PAMPA_CALICHERA
Activos corrientes totales,718.640,USD,2022-03-31,PAMPA_CALICHERA
Otros activos financieros no corrientes,112.488,USD,2022-03-31,PAMPA_CALICHERA
Otros activos no financieros no corrientes,-,USD,2022-03-31,PAMPA_CALICHERA
Cuentas por cobrar no corrientes,-,USD,2022-03-31,PAMPA_CALICHERA
"Cuentas por cobrar a entidades relacionadas, no corrientes",589.499,USD,2022-03-31,PAMPA_CALICHERA
"Inventarios, no corrientes",-,USD,2022-03-31,PAMPA_CALICHERA
Inversiones contabilizadas utilizando el método de la participación,793.847,USD,2022-03-31,PAMPA_CALICHERA
Activos intangibles distintos de la plusvalía,-,USD,2022-03-31,PAMPA_CALICHERA
Plusvalía,6.873,USD,2022-03-31,PAMPA_CALICHERA
"Propiedades, planta y equipo",-,USD,2022-03-31,PAMPA_CALICHERA
Activos biológicos no corrientes,-,USD,2022-03-31,PAMPA_CALICHERA
Propiedad de inversión,-,USD,2022-03-31,PAMPA_CALICHERA
Activos por derecho de uso,-,USD,2022-03-31,PAMPA_CALICHERA
"Activos por impuestos corrientes, no corrientes",-,USD,2022-03-31,PAMPA_CALICHERA
Activos por impuestos diferidos,-,USD,2022-03-31,PAMPA_CALICHERA
Total de activos no corrientes,1.502.707,USD,2022-03-31,PAMPA_CALICHERA
Total de activos,2.221.347,USD,2022-03-31,PAMPA_CALICHERA
Otros pasivos financieros corrientes,196.747,USD,2022-03-31,PAMPA_CALICHERA
Pasivos por arrendamientos corrientes,-,USD,2022-03-31,PAMPA_CALICHERA
Cuentas por pagar comerciales y otras cuentas por pagar,57,USD,2022-03-31,PAMPA_CALICHERA
"Cuentas por pagar a entidades relacionadas, corrientes",125,USD,2022-03-31,PAMPA_CALICHERA
Otras provisiones a corto plazo,16.975,USD,2022-03-31,PAMPA_CALICHERA
"Pasivos por impuestos corrientes, corrientes",161,USD,2022-03-31,PAMPA_CALICHERA
Provisiones corrientes por beneficios a los empleados,-,USD,2022-03-31,PAMPA_CALICHERA
Otros pasivos no financieros corrientes,229.125,USD,2022-03-31,PAMPA_CALICHERA
Total de pasivos corrientes distintos de los pasivos incluidos en grupos de activos para su disposición clasificados como mantenidos para la venta,443.190,USD,2022-03-31,PAMPA_CALICHERA
Pasivos incluidos en grupos de activos para su disposición clasificados como mantenidos para la venta,-,USD,2022-03-31,PAMPA_CALICHERA
Pasivos corrientes totales,443.190,USD,2022-03-31,PAMPA_CALICHERA
Otros pasivos financieros no corrientes,425.720,USD,2022-03-31,PAMPA_CALICHERA
Pasivos por arrendamientos no corrientes,-,USD,2022-03-31,PAMPA_CALICHERA
Cuentas por pagar no corrientes,-,USD,2022-03-31,PAMPA_CALICHERA
"Cuentas por pagar a entidades relacionadas, no corrientes",-,USD,2022-03-31,PAMPA_CALICHERA
Otras provisiones a largo plazo,-,USD,2022-03-31,PAMPA_CALICHERA
Pasivo por impuestos diferidos,7.273,USD,2022-03-31,PAMPA_CALICHERA
"Pasivos por impuestos corrientes, no corrientes",-,USD,2022-03-31,PAMPA_CALICHERA
Provisiones no corrientes por beneficios a los empleados,-,USD,2022-03-31,PAMPA_CALICHERA
Otros pasivos no financieros no corrientes,-,USD,2022-03-31,PAMPA_CALICHERA
Total de pasivos no corrientes,432.993,USD,2022-03-31,PAMPA_CALICHERA
Total de pasivos,876.183,USD,2022-03-31,PAMPA_CALICHERA
Capital emitido y pagado,711.658,USD,2022-03-31,PAMPA_CALICHERA
Ganancias (pérdidas) acumuladas,567.033,USD,2022-03-31,PAMPA_CALICHERA
Prima de emisión,114.952,USD,2022-03-31,PAMPA_CALICHERA
Acciones propias en cartera,-,USD,2022-03-31,PAMPA_CALICHERA
Otras participaciones en el patrimonio,-4.795,USD,2022-03-31,PAMPA_CALICHERA
Otras reservas,-43.684,USD,2022-03-31,PAMPA_CALICHERA
Patrimonio atribuible a los propietarios de la controladora,1.345.164,USD,2022-03-31,PAMPA_CALICHERA
Participaciones no controladoras,-,USD,2022-03-31,PAMPA_CALICHERA
Patrimonio total,1.345.164,USD,2022-03-31,PAMPA_CALICHERA
Total de patrimonio y pasivos,2.221.347,USD,2022-03-31,PAMPA_CALICHERA
Efectivo y equivalentes al efectivo,203.900,USD,2022-06-30,PAMPA_CALICHERA
Otros activos financieros corrientes,231.870,USD,2022-06-30,PAMPA_CALICHERA
Otros activos no financieros corrientes,-,USD,2022-06-30,PAMPA_CALICHERA
Deudores comerciales y otras cuentas por cobrar corrientes,-,USD,2022-06-30,PAMPA_CALICHERA
"Cuentas por cobrar a entidades relacionadas, corrientes",-,USD,2022-06-30,PAMPA_CALICHERA
Inventarios corrientes,-,USD,2022-06-30,PAMPA_CALICHERA
Activos biológicos corrientes,-,USD,2022-06-30,PAMPA_CALICHERA
"Activos por impuestos corrientes, corrientes",16.680,USD,2022-06-30,PAMPA_CALICHERA
Total de activos corrientes distintos de los activo o grupos de activos para su disposición clasificados como mantenidos para la venta o como mantenidos para distribuir a los propietarios,452.450,USD,2022-06-30,PAMPA_CALICHERA
Activos no corrientes o grupos de activos para su disposición clasificados como mantenidos para la venta o como mantenidos para distribuir a los propietarios,-,USD,2022-06-30,PAMPA_CALICHERA
Activos corrientes totales,452.450,USD,2022-06-30,PAMPA_CALICHERA
Otros activos financieros no corrientes,107.849,USD,2022-06-30,PAMPA_CALICHERA
Otros activos no financieros no corrientes,-,USD,2022-06-30,PAMPA_CALICHERA
Cuentas por cobrar no corrientes,-,USD,2022-06-30,PAMPA_CALICHERA
"Cuentas por cobrar a entidades relacionadas, no corrientes",577.438,USD,2022-06-30,PAMPA_CALICHERA
"Inventarios, no corrientes",-,USD,2022-06-30,PAMPA_CALICHERA
Inversiones contabilizadas utilizando el método de la participación,856.492,USD,2022-06-30,PAMPA_CALICHERA
Activos intangibles distintos de la plusvalía,-,USD,2022-06-30,PAMPA_CALICHERA
Plusvalía,6.873,USD,2022-06-30,PAMPA_CALICHERA
"Propiedades, planta y equipo",-,USD,2022-06-30,PAMPA_CALICHERA
Activos biológicos no corrientes,-,USD,2022-06-30,PAMPA_CALICHERA
Propiedad de inversión,-,USD,2022-06-30,PAMPA_CALICHERA
Activos por derecho de uso,-,USD,2022-06-30,PAMPA_CALICHERA
"Activos por impuestos corrientes, no corrientes",39.953,USD,2022-06-30,PAMPA_CALICHERA
Activos por impuestos diferidos,357,USD,2022-06-30,PAMPA_CALICHERA
Total de activos no corrientes,1.588.962,USD,2022-06-30,PAMPA_CALICHERA
Total de activos,2.041.412,USD,2022-06-30,PAMPA_CALICHERA
Otros pasivos financieros corrientes,193.130,USD,2022-06-30,PAMPA_CALICHERA
Pasivos por arrendamientos corrientes,-,USD,2022-06-30,PAMPA_CALICHERA
Cuentas por pagar comerciales y otras cuentas por pagar,51,USD,2022-06-30,PAMPA_CALICHERA
"Cuentas por pagar a entidades relacionadas, corrientes",41,USD,2022-06-30,PAMPA_CALICHERA
Otras provisiones a corto plazo,14.351,USD,2022-06-30,PAMPA_CALICHERA
"Pasivos por impuestos corrientes, corrientes",-,USD,2022-06-30,PAMPA_CALICHERA
Provisiones corrientes por beneficios a los empleados,-,USD,2022-06-30,PAMPA_CALICHERA
Otros pasivos no financieros corrientes,14,USD,2022-06-30,PAMPA_CALICHERA
Total de pasivos corrientes distintos de los pasivos incluidos en grupos de activos para su disposición clasificados como mantenidos para la venta,207.587,USD,2022-06-30,PAMPA_CALICHERA
Pasivos incluidos en grupos de activos para su disposición clasificados como mantenidos para la venta,-,USD,2022-06-30,PAMPA_CALICHERA
Pasivos corrientes totales,207.587,USD,2022-06-30,PAMPA_CALICHERA
Otros pasivos financieros no corrientes,417.274,USD,2022-06-30,PAMPA_CALICHERA
Pasivos por arrendamientos no corrientes,-,USD,2022-06-30,PAMPA_CALICHERA
Cuentas por pagar no corrientes,-,USD,2022-06-30,PAMPA_CALICHERA
"Cuentas por pagar a entidades relacionadas, no corrientes",-,USD,2022-06-30,PAMPA_CALICHERA
Otras provisiones a largo plazo,-,USD,2022-06-30,PAMPA_CALICHERA
Pasivo por impuestos diferidos,8.599,USD,2022-06-30,PAMPA_CALICHERA
"Pasivos por impuestos corrientes, no corrientes",-,USD,2022-06-30,PAMPA_CALICHERA
Provisiones no corrientes por beneficios a los empleados,-,USD,2022-06-30,PAMPA_CALICHERA
Otros pasivos no financieros no corrientes,-,USD,2022-06-30,PAMPA_CALICHERA
Total de pasivos no corrientes,425.873,USD,2022-06-30,PAMPA_CALICHERA
Total de pasivos,633.460,USD,2022-06-30,PAMPA_CALICHERA
Capital emitido y pagado,711.658,USD,2022-06-30,PAMPA_CALICHERA
Ganancias (pérdidas) acumuladas,620.905,USD,2022-06-30,PAMPA_CALICHERA
Prima de emisión,114.952,USD,2022-06-30,PAMPA_CALICHERA
Acciones propias en cartera,-,USD,2022-06-30,PAMPA_CALICHERA
Otras participaciones en el patrimonio,-4.795,USD,2022-06-30,PAMPA_CALICHERA
Otras reservas,-34.768,USD,2022-06-30,PAMPA_CALICHERA
Patrimonio atribuible a los propietarios de la controladora,1.407.952,USD,2022-06-30,PAMPA_CALICHERA
Participaciones no controladoras,-,USD,2022-06-30,PAMPA_CALICHERA
Patrimonio total,1.407.952,USD,2022-06-30,PAMPA_CALICHERA
Total de patrimonio y pasivos,2.041.412,USD,2022-06-30,PAMPA_CALICHERA
Efectivo y equivalentes al efectivo,135.531,USD,2022-09-30,PAMPA_CALICHERA
Otros activos financieros corrientes,146.415,USD,2022-09-30,PAMPA_CALICHERA
Otros activos no financieros corrientes,-,USD,2022-09-30,PAMPA_CALICHERA
Deudores comerciales y otras cuentas por cobrar corrientes,2.215,USD,2022-09-30,PAMPA_CALICHERA
"Cuentas por cobrar a entidades relacionadas, corrientes",-,USD,2022-09-30,PAMPA_CALICHERA
Inventarios corrientes,-,USD,2022-09-30,PAMPA_CALICHERA
Activos biológicos corrientes,-,USD,2022-09-30,PAMPA_CALICHERA
"Activos por impuestos corrientes, corrientes",16.191,USD,2022-09-30,PAMPA_CALICHERA
Total de activos corrientes distintos de los activo o grupos de activos para su disposición clasificados como mantenidos para la venta o como mantenidos para distribuir a los propietarios,300.352,USD,2022-09-30,PAMPA_CALICHERA
Activos no corrientes o grupos de activos para su disposición clasificados como mantenidos para la venta o como mantenidos para distribuir a los propietarios,-,USD,2022-09-30,PAMPA_CALICHERA
Activos corrientes totales,300.352,USD,2022-09-30,PAMPA_CALICHERA
Otros activos financieros no corrientes,5.056,USD,2022-09-30,PAMPA_CALICHERA
Otros activos no financieros no corrientes,-,USD,2022-09-30,PAMPA_CALICHERA
Cuentas por cobrar no corrientes,-,USD,2022-09-30,PAMPA_CALICHERA
"Cuentas por cobrar a entidades relacionadas, no corrientes",647.624,USD,2022-09-30,PAMPA_CALICHERA
"Inventarios, no corrientes",-,USD,2022-09-30,PAMPA_CALICHERA
Inversiones contabilizadas utilizando el método de la participación,1.058.702,USD,2022-09-30,PAMPA_CALICHERA
Activos intangibles distintos de la plusvalía,-,USD,2022-09-30,PAMPA_CALICHERA
Plusvalía,6.873,USD,2022-09-30,PAMPA_CALICHERA
"Propiedades, planta y equipo",-,USD,2022-09-30,PAMPA_CALICHERA
Activos biológicos no corrientes,-,USD,2022-09-30,PAMPA_CALICHERA
Propiedad de inversión,-,USD,2022-09-30,PAMPA_CALICHERA
Activos por derecho de uso,-,USD,2022-09-30,PAMPA_CALICHERA
"Activos por impuestos corrientes, no corrientes",38.781,USD,2022-09-30,PAMPA_CALICHERA
Activos por impuestos diferidos,464,USD,2022-09-30,PAMPA_CALICHERA
Total de activos no corrientes,1.757.500,USD,2022-09-30,PAMPA_CALICHERA
Total de activos,2.057.852,USD,2022-09-30,PAMPA_CALICHERA
Otros pasivos financieros corrientes,31.766,USD,2022-09-30,PAMPA_CALICHERA
Pasivos por arrendamientos corrientes,-,USD,2022-09-30,PAMPA_CALICHERA
Cuentas por pagar comerciales y otras cuentas por pagar,27,USD,2022-09-30,PAMPA_CALICHERA
"Cuentas por pagar a entidades relacionadas, corrientes",34,USD,2022-09-30,PAMPA_CALICHERA
Otras provisiones a corto plazo,2.785,USD,2022-09-30,PAMPA_CALICHERA
"Pasivos por impuestos corrientes, corrientes",-,USD,2022-09-30,PAMPA_CALICHERA
Provisiones corrientes por beneficios a los empleados,-,USD,2022-09-30,PAMPA_CALICHERA
Otros pasivos no financieros corrientes,10.359,USD,2022-09-30,PAMPA_CALICHERA
Total de pasivos corrientes distintos de los pasivos incluidos en grupos de activos para su disposición clasificados como mantenidos para la venta,44.971,USD,2022-09-30,PAMPA_CALICHERA
Pasivos incluidos en grupos de activos para su disposición clasificados como mantenidos para la venta,-,USD,2022-09-30,PAMPA_CALICHERA
Pasivos corrientes totales,44.971,USD,2022-09-30,PAMPA_CALICHERA
Otros pasivos financieros no corrientes,402.491,USD,2022-09-30,PAMPA_CALICHERA
Pasivos por arrendamientos no corrientes,-,USD,2022-09-30,PAMPA_CALICHERA
Cuentas por pagar no corrientes,-,USD,2022-09-30,PAMPA_CALICHERA
"Cuentas por pagar a entidades relacionadas, no corrientes",-,USD,2022-09-30,PAMPA_CALICHERA
Otras provisiones a largo plazo,-,USD,2022-09-30,PAMPA_CALICHERA
Pasivo por impuestos diferidos,10.007,USD,2022-09-30,PAMPA_CALICHERA
"Pasivos por impuestos corrientes, no corrientes",-,USD,2022-09-30,PAMPA_CALICHERA
Provisiones no corrientes por beneficios a los empleados,-,USD,2022-09-30,PAMPA_CALICHERA
Otros pasivos no financieros no corrientes,-,USD,2022-09-30,PAMPA_CALICHERA
Total de pasivos no corrientes,412.498,USD,2022-09-30,PAMPA_CALICHERA
Total de pasivos,457.469,USD,2022-09-30,PAMPA_CALICHERA
Capital emitido y pagado,711.658,USD,2022-09-30,PAMPA_CALICHERA
Ganancias (pérdidas) acumuladas,803.441,USD,2022-09-30,PAMPA_CALICHERA
Prima de emisión,114.952,USD,2022-09-30,PAMPA_CALICHERA
Acciones propias en cartera,-,USD,2022-09-30,PAMPA_CALICHERA
Otras participaciones en el patrimonio,-4.795,USD,2022-09-30,PAMPA_CALICHERA
Otras reservas,-24.873,USD,2022-09-30,PAMPA_CALICHERA
Patrimonio atribuible a los propietarios de la controladora,1.600.383,USD,2022-09-30,PAMPA_CALICHERA
Participaciones no controladoras,0,USD,2022-09-30,PAMPA_CALICHERA
Patrimonio total,1.600.383,USD,2022-09-30,PAMPA_CALICHERA
Total de patrimonio y pasivos,2.057.852,USD,2022-09-30,PAMPA_CALICHERA
Efectivo y equivalentes al efectivo,177.684,USD,2022-12-31,PAMPA_CALICHERA
Otros activos financieros corrientes,34.888,USD,2022-12-31,PAMPA_CALICHERA
Otros activos no financieros corrientes,-,USD,2022-12-31,PAMPA_CALICHERA
Deudores comerciales y otras cuentas por cobrar corrientes,0,USD,2022-12-31,PAMPA_CALICHERA
"Cuentas por cobrar a entidades relacionadas, corrientes",50.760,USD,2022-12-31,PAMPA_CALICHERA
Inventarios corrientes,-,USD,2022-12-31,PAMPA_CALICHERA
Activos biológicos corrientes,-,USD,2022-12-31,PAMPA_CALICHERA
"Activos por impuestos corrientes, corrientes",20.849,USD,2022-12-31,PAMPA_CALICHERA
Total de activos corrientes distintos de los activo o grupos de activos para su disposición clasificados como mantenidos para la venta o como mantenidos para distribuir a los propietarios,284.181,USD,2022-12-31,PAMPA_CALICHERA
Activos no corrientes o grupos de activos para su disposición clasificados como mantenidos para la venta o como mantenidos para distribuir a los propietarios,-,USD,2022-12-31,PAMPA_CALICHERA
Activos corrientes totales,284.181,USD,2022-12-31,PAMPA_CALICHERA
Otros activos financieros no corrientes,-,USD,2022-12-31,PAMPA_CALICHERA
Otros activos no financieros no corrientes,-,USD,2022-12-31,PAMPA_CALICHERA
Cuentas por cobrar no corrientes,-,USD,2022-12-31,PAMPA_CALICHERA
"Cuentas por cobrar a entidades relacionadas, no corrientes",662.602,USD,2022-12-31,PAMPA_CALICHERA
"Inventarios, no corrientes",-,USD,2022-12-31,PAMPA_CALICHERA
Inversiones contabilizadas utilizando el método de la participación,1.265.056,USD,2022-12-31,PAMPA_CALICHERA
Activos intangibles distintos de la plusvalía,-,USD,2022-12-31,PAMPA_CALICHERA
Plusvalía,6.873,USD,2022-12-31,PAMPA_CALICHERA
"Propiedades, planta y equipo",-,USD,2022-12-31,PAMPA_CALICHERA
Activos biológicos no corrientes,-,USD,2022-12-31,PAMPA_CALICHERA
Propiedad de inversión,-,USD,2022-12-31,PAMPA_CALICHERA
Activos por derecho de uso,-,USD,2022-12-31,PAMPA_CALICHERA
"Activos por impuestos corrientes, no corrientes",43.511,USD,2022-12-31,PAMPA_CALICHERA
Activos por impuestos diferidos,76,USD,2022-12-31,PAMPA_CALICHERA
Total de activos no corrientes,1.978.118,USD,2022-12-31,PAMPA_CALICHERA
Total de activos,2.262.299,USD,2022-12-31,PAMPA_CALICHERA
Otros pasivos financieros corrientes,23.227,USD,2022-12-31,PAMPA_CALICHERA
Pasivos por arrendamientos corrientes,-,USD,2022-12-31,PAMPA_CALICHERA
Cuentas por pagar comerciales y otras cuentas por pagar,34,USD,2022-12-31,PAMPA_CALICHERA
"Cuentas por pagar a entidades relacionadas, corrientes",-,USD,2022-12-31,PAMPA_CALICHERA
Otras provisiones a corto plazo,-,USD,2022-12-31,PAMPA_CALICHERA
"Pasivos por impuestos corrientes, corrientes",-,USD,2022-12-31,PAMPA_CALICHERA
Provisiones corrientes por beneficios a los empleados,-,USD,2022-12-31,PAMPA_CALICHERA
Otros pasivos no financieros corrientes,79.924,USD,2022-12-31,PAMPA_CALICHERA
Total de pasivos corrientes distintos de los pasivos incluidos en grupos de activos para su disposición clasificados como mantenidos para la venta,103.185,USD,2022-12-31,PAMPA_CALICHERA
Pasivos incluidos en grupos de activos para su disposición clasificados como mantenidos para la venta,-,USD,2022-12-31,PAMPA_CALICHERA
Pasivos corrientes totales,103.185,USD,2022-12-31,PAMPA_CALICHERA
Otros pasivos financieros no corrientes,366.685,USD,2022-12-31,PAMPA_CALICHERA
Pasivos por arrendamientos no corrientes,-,USD,2022-12-31,PAMPA_CALICHERA
Cuentas por pagar no corrientes,-,USD,2022-12-31,PAMPA_CALICHERA
"Cuentas por pagar a entidades relacionadas, no corrientes",-,USD,2022-12-31,PAMPA_CALICHERA
Otras provisiones a largo plazo,-,USD,2022-12-31,PAMPA_CALICHERA
Pasivo por impuestos diferidos,11.789,USD,2022-12-31,PAMPA_CALICHERA
"Pasivos por impuestos corrientes, no corrientes",-,USD,2022-12-31,PAMPA_CALICHERA
Provisiones no corrientes por beneficios a los empleados,-,USD,2022-12-31,PAMPA_CALICHERA
Otros pasivos no financieros no corrientes,-,USD,2022-12-31,PAMPA_CALICHERA
Total de pasivos no corrientes,378.474,USD,2022-12-31,PAMPA_CALICHERA
Total de pasivos,481.659,USD,2022-12-31,PAMPA_CALICHERA
Capital emitido y pagado,711.658,USD,2022-12-31,PAMPA_CALICHERA
Ganancias (pérdidas) acumuladas,965.753,USD,2022-12-31,PAMPA_CALICHERA
Prima de emisión,114.952,USD,2022-12-31,PAMPA_CALICHERA
Acciones propias en cartera,-,USD,2022-12-31,PAMPA_CALICHERA
Otras participaciones en el patrimonio,-4.795,USD,2022-12-31,PAMPA_CALICHERA
Otras reservas,-6.928,USD,2022-12-31,PAMPA_CALICHERA
Patrimonio atribuible a los propietarios de la controladora,1.780.640,USD,2022-12-31,PAMPA_CALICHERA
Participaciones no controladoras,0,USD,2022-12-31,PAMPA_CALICHERA
Patrimonio total,1.780.640,USD,2022-12-31,PAMPA_CALICHERA
Total de patrimonio y pasivos,2.262.299,USD,2022-12-31,PAMPA_CALICHERA
Efectivo y equivalentes al efectivo,178.160,USD,2023-03-31,PAMPA_CALICHERA
Otros activos financieros corrientes,79.076,USD,2023-03-31,PAMPA_CALICHERA
Otros activos no financieros corrientes,-,USD,2023-03-31,PAMPA_CALICHERA
Deudores comerciales y otras cuentas por cobrar corrientes,-,USD,2023-03-31,PAMPA_CALICHERA
"Cuentas por cobrar a entidades relacionadas, corrientes",51.673,USD,2023-03-31,PAMPA_CALICHERA
Inventarios corrientes,-,USD,2023-03-31,PAMPA_CALICHERA
Activos biológicos corrientes,-,USD,2023-03-31,PAMPA_CALICHERA
"Activos por impuestos corrientes, corrientes",24.118,USD,2023-03-31,PAMPA_CALICHERA
Total de activos corrientes distintos de los activo o grupos de activos para su disposición clasificados como mantenidos para la venta o como mantenidos para distribuir a los propietarios,333.027,USD,2023-03-31,PAMPA_CALICHERA
Activos no corrientes o grupos de activos para su disposición clasificados como mantenidos para la venta o como mantenidos para distribuir a los propietarios,-,USD,2023-03-31,PAMPA_CALICHERA
Activos corrientes totales,333.027,USD,2023-03-31,PAMPA_CALICHERA
Otros activos financieros no corrientes,-,USD,2023-03-31,PAMPA_CALICHERA
Otros activos no financieros no corrientes,-,USD,2023-03-31,PAMPA_CALICHERA
Cuentas por cobrar no corrientes,-,USD,2023-03-31,PAMPA_CALICHERA
"Cuentas por cobrar a entidades relacionadas, no corrientes",670.392,USD,2023-03-31,PAMPA_CALICHERA
"Inventarios, no corrientes",-,USD,2023-03-31,PAMPA_CALICHERA
Inversiones contabilizadas utilizando el método de la participación,1.368.401,USD,2023-03-31,PAMPA_CALICHERA
Activos intangibles distintos de la plusvalía,-,USD,2023-03-31,PAMPA_CALICHERA
Plusvalía,6.873,USD,2023-03-31,PAMPA_CALICHERA
"Propiedades, planta y equipo",-,USD,2023-03-31,PAMPA_CALICHERA
Activos biológicos no corrientes,-,USD,2023-03-31,PAMPA_CALICHERA
Propiedad de inversión,-,USD,2023-03-31,PAMPA_CALICHERA
Activos por derecho de uso,-,USD,2023-03-31,PAMPA_CALICHERA
"Activos por impuestos corrientes, no corrientes",47.114,USD,2023-03-31,PAMPA_CALICHERA
Activos por impuestos diferidos,-,USD,2023-03-31,PAMPA_CALICHERA
Total de activos no corrientes,2.092.780,USD,2023-03-31,PAMPA_CALICHERA
Total de activos,2.425.807,USD,2023-03-31,PAMPA_CALICHERA
Otros pasivos financieros corrientes,27.882,USD,2023-03-31,PAMPA_CALICHERA
Pasivos por arrendamientos corrientes,-,USD,2023-03-31,PAMPA_CALICHERA
Cuentas por pagar comerciales y otras cuentas por pagar,29,USD,2023-03-31,PAMPA_CALICHERA
"Cuentas por pagar a entidades relacionadas, corrientes",-,USD,2023-03-31,PAMPA_CALICHERA
Otras provisiones a corto plazo,-,USD,2023-03-31,PAMPA_CALICHERA
"Pasivos por impuestos corrientes, corrientes",879,USD,2023-03-31,PAMPA_CALICHERA
Provisiones corrientes por beneficios a los empleados,-,USD,2023-03-31,PAMPA_CALICHERA
Otros pasivos no financieros corrientes,126.227,USD,2023-03-31,PAMPA_CALICHERA
Total de pasivos corrientes distintos de los pasivos incluidos en grupos de activos para su disposición clasificados como mantenidos para la venta,155.017,USD,2023-03-31,PAMPA_CALICHERA
Pasivos incluidos en grupos de activos para su disposición clasificados como mantenidos para la venta,-,USD,2023-03-31,PAMPA_CALICHERA
Pasivos corrientes totales,155.017,USD,2023-03-31,PAMPA_CALICHERA
Otros pasivos financieros no corrientes,373.845,USD,2023-03-31,PAMPA_CALICHERA
Pasivos por arrendamientos no corrientes,-,USD,2023-03-31,PAMPA_CALICHERA
Cuentas por pagar no corrientes,-,USD,2023-03-31,PAMPA_CALICHERA
"Cuentas por pagar a entidades relacionadas, no corrientes",-,USD,2023-03-31,PAMPA_CALICHERA
Otras provisiones a largo plazo,-,USD,2023-03-31,PAMPA_CALICHERA
Pasivo por impuestos diferidos,14.138,USD,2023-03-31,PAMPA_CALICHERA
"Pasivos por impuestos corrientes, no corrientes",-,USD,2023-03-31,PAMPA_CALICHERA
Provisiones no corrientes por beneficios a los empleados,-,USD,2023-03-31,PAMPA_CALICHERA
Otros pasivos no financieros no corrientes,-,USD,2023-03-31,PAMPA_CALICHERA
Total de pasivos no corrientes,387.983,USD,2023-03-31,PAMPA_CALICHERA
Total de pasivos,543.000,USD,2023-03-31,PAMPA_CALICHERA
Capital emitido y pagado,711.658,USD,2023-03-31,PAMPA_CALICHERA
Ganancias (pérdidas) acumuladas,1.073.780,USD,2023-03-31,PAMPA_CALICHERA
Prima de emisión,114.952,USD,2023-03-31,PAMPA_CALICHERA
Acciones propias en cartera,-,USD,2023-03-31,PAMPA_CALICHERA
Otras participaciones en el patrimonio,-4.795,USD,2023-03-31,PAMPA_CALICHERA
Otras reservas,-12.788,USD,2023-03-31,PAMPA_CALICHERA
Patrimonio atribuible a los propietarios de la controladora,1.882.807,USD,2023-03-31,PAMPA_CALICHERA
Participaciones no controladoras,-,USD,2023-03-31,PAMPA_CALICHERA
Patrimonio total,1.882.807,USD,2023-03-31,PAMPA_CALICHERA
Total de patrimonio y pasivos,2.425.807,USD,2023-03-31,PAMPA_CALICHERA
Efectivo y equivalentes al efectivo,72.715,USD,2023-06-30,PAMPA_CALICHERA
Otros activos financieros corrientes,79.585,USD,2023-06-30,PAMPA_CALICHERA
Otros activos no financieros corrientes,-,USD,2023-06-30,PAMPA_CALICHERA
Deudores comerciales y otras cuentas por cobrar corrientes,-,USD,2023-06-30,PAMPA_CALICHERA
"Cuentas por cobrar a entidades relacionadas, corrientes",-,USD,2023-06-30,PAMPA_CALICHERA
Inventarios corrientes,-,USD,2023-06-30,PAMPA_CALICHERA
Activos biológicos corrientes,-,USD,2023-06-30,PAMPA_CALICHERA
"Activos por impuestos corrientes, corrientes",4.277,USD,2023-06-30,PAMPA_CALICHERA
Total de activos corrientes distintos de los activo o grupos de activos para su disposición clasificados como mantenidos para la venta o como mantenidos para distribuir a los propietarios,156.577,USD,2023-06-30,PAMPA_CALICHERA
Activos no corrientes o grupos de activos para su disposición clasificados como mantenidos para la venta o como mantenidos para distribuir a los propietarios,-,USD,2023-06-30,PAMPA_CALICHERA
Activos corrientes totales,156.577,USD,2023-06-30,PAMPA_CALICHERA
Otros activos financieros no corrientes,2,USD,2023-06-30,PAMPA_CALICHERA
Otros activos no financieros no corrientes,-,USD,2023-06-30,PAMPA_CALICHERA
Cuentas por cobrar no corrientes,-,USD,2023-06-30,PAMPA_CALICHERA
"Cuentas por cobrar a entidades relacionadas, no corrientes",677.204,USD,2023-06-30,PAMPA_CALICHERA
"Inventarios, no corrientes",-,USD,2023-06-30,PAMPA_CALICHERA
Inversiones contabilizadas utilizando el método de la participación,1.268.474,USD,2023-06-30,PAMPA_CALICHERA
Activos intangibles distintos de la plusvalía,-,USD,2023-06-30,PAMPA_CALICHERA
Plusvalía,6.873,USD,2023-06-30,PAMPA_CALICHERA
"Propiedades, planta y equipo",130,USD,2023-06-30,PAMPA_CALICHERA
Activos biológicos no corrientes,-,USD,2023-06-30,PAMPA_CALICHERA
Propiedad de inversión,-,USD,2023-06-30,PAMPA_CALICHERA
Activos por derecho de uso,-,USD,2023-06-30,PAMPA_CALICHERA
"Activos por impuestos corrientes, no corrientes",46.452,USD,2023-06-30,PAMPA_CALICHERA
Activos por impuestos diferidos,-,USD,2023-06-30,PAMPA_CALICHERA
Total de activos no corrientes,1.999.135,USD,2023-06-30,PAMPA_CALICHERA
Total de activos,2.155.712,USD,2023-06-30,PAMPA_CALICHERA
Otros pasivos financieros corrientes,23.435,USD,2023-06-30,PAMPA_CALICHERA
Pasivos por arrendamientos corrientes,16,USD,2023-06-30,PAMPA_CALICHERA
Cuentas por pagar comerciales y otras cuentas por pagar,39,USD,2023-06-30,PAMPA_CALICHERA
"Cuentas por pagar a entidades relacionadas, corrientes",-,USD,2023-06-30,PAMPA_CALICHERA
Otras provisiones a corto plazo,-,USD,2023-06-30,PAMPA_CALICHERA
"Pasivos por impuestos corrientes, corrientes",612,USD,2023-06-30,PAMPA_CALICHERA
Provisiones corrientes por beneficios a los empleados,-,USD,2023-06-30,PAMPA_CALICHERA
Otros pasivos no financieros corrientes,80.011,USD,2023-06-30,PAMPA_CALICHERA
Total de pasivos corrientes distintos de los pasivos incluidos en grupos de activos para su disposición clasificados como mantenidos para la venta,104.113,USD,2023-06-30,PAMPA_CALICHERA
Pasivos incluidos en grupos de activos para su disposición clasificados como mantenidos para la venta,-,USD,2023-06-30,PAMPA_CALICHERA
Pasivos corrientes totales,104.113,USD,2023-06-30,PAMPA_CALICHERA
Otros pasivos financieros no corrientes,366.028,USD,2023-06-30,PAMPA_CALICHERA
Pasivos por arrendamientos no corrientes,111,USD,2023-06-30,PAMPA_CALICHERA
Cuentas por pagar no corrientes,-,USD,2023-06-30,PAMPA_CALICHERA
"Cuentas por pagar a entidades relacionadas, no corrientes",-,USD,2023-06-30,PAMPA_CALICHERA
Otras provisiones a largo plazo,-,USD,2023-06-30,PAMPA_CALICHERA
Pasivo por impuestos diferidos,16.451,USD,2023-06-30,PAMPA_CALICHERA
"Pasivos por impuestos corrientes, no corrientes",-,USD,2023-06-30,PAMPA_CALICHERA
Provisiones no corrientes por beneficios a los empleados,-,USD,2023-06-30,PAMPA_CALICHERA
Otros pasivos no financieros no corrientes,-,USD,2023-06-30,PAMPA_CALICHERA
Total de pasivos no corrientes,382.590,USD,2023-06-30,PAMPA_CALICHERA
Total de pasivos,486.703,USD,2023-06-30,PAMPA_CALICHERA
Capital emitido y pagado,711.658,USD,2023-06-30,PAMPA_CALICHERA
Ganancias (pérdidas) acumuladas,852.312,USD,2023-06-30,PAMPA_CALICHERA
Prima de emisión,114.952,USD,2023-06-30,PAMPA_CALICHERA
Acciones propias en cartera,-,USD,2023-06-30,PAMPA_CALICHERA
Otras participaciones en el patrimonio,-4.795,USD,2023-06-30,PAMPA_CALICHERA
Otras reservas,-5.118,USD,2023-06-30,PAMPA_CALICHERA
Patrimonio atribuible a los propietarios de la controladora,1.669.009,USD,2023-06-30,PAMPA_CALICHERA
Participaciones no controladoras,-,USD,2023-06-30,PAMPA_CALICHERA
Patrimonio total,1.669.009,USD,2023-06-30,PAMPA_CALICHERA
Total de patrimonio y pasivos,2.155.712,USD,2023-06-30,PAMPA_CALICHERA
Efectivo y equivalentes al efectivo,118.490,USD,2023-09-30,PAMPA_CALICHERA
Otros activos financieros corrientes,61.652,USD,2023-09-30,PAMPA_CALICHERA
Otros activos no financieros corrientes,-,USD,2023-09-30,PAMPA_CALICHERA
Deudores comerciales y otras cuentas por cobrar corrientes,-,USD,2023-09-30,PAMPA_CALICHERA
"Cuentas por cobrar a entidades relacionadas, corrientes",-,USD,2023-09-30,PAMPA_CALICHERA
Inventarios corrientes,-,USD,2023-09-30,PAMPA_CALICHERA
Activos biológicos corrientes,-,USD,2023-09-30,PAMPA_CALICHERA
"Activos por impuestos corrientes, corrientes",2.626,USD,2023-09-30,PAMPA_CALICHERA
Total de activos corrientes distintos de los activo o grupos de activos para su disposición clasificados como mantenidos para la venta o como mantenidos para distribuir a los propietarios,182.768,USD,2023-09-30,PAMPA_CALICHERA
Activos no corrientes o grupos de activos para su disposición clasificados como mantenidos para la venta o como mantenidos para distribuir a los propietarios,-,USD,2023-09-30,PAMPA_CALICHERA
Activos corrientes totales,182.768,USD,2023-09-30,PAMPA_CALICHERA
Otros activos financieros no corrientes,2,USD,2023-09-30,PAMPA_CALICHERA
Otros activos no financieros no corrientes,-,USD,2023-09-30,PAMPA_CALICHERA
Cuentas por cobrar no corrientes,-,USD,2023-09-30,PAMPA_CALICHERA
"Cuentas por cobrar a entidades relacionadas, no corrientes",685.151,USD,2023-09-30,PAMPA_CALICHERA
"Inventarios, no corrientes",-,USD,2023-09-30,PAMPA_CALICHERA
Inversiones contabilizadas utilizando el método de la participación,1.332.759,USD,2023-09-30,PAMPA_CALICHERA
Activos intangibles distintos de la plusvalía,-,USD,2023-09-30,PAMPA_CALICHERA
Plusvalía,6.873,USD,2023-09-30,PAMPA_CALICHERA
"Propiedades, planta y equipo",125,USD,2023-09-30,PAMPA_CALICHERA
Activos biológicos no corrientes,-,USD,2023-09-30,PAMPA_CALICHERA
Propiedad de inversión,-,USD,2023-09-30,PAMPA_CALICHERA
Activos por derecho de uso,-,USD,2023-09-30,PAMPA_CALICHERA
"Activos por impuestos corrientes, no corrientes",41.580,USD,2023-09-30,PAMPA_CALICHERA
Activos por impuestos diferidos,752,USD,2023-09-30,PAMPA_CALICHERA
Total de activos no corrientes,2.067.242,USD,2023-09-30,PAMPA_CALICHERA
Total de activos,2.250.010,USD,2023-09-30,PAMPA_CALICHERA
Otros pasivos financieros corrientes,27.877,USD,2023-09-30,PAMPA_CALICHERA
Pasivos por arrendamientos corrientes,14,USD,2023-09-30,PAMPA_CALICHERA
Cuentas por pagar comerciales y otras cuentas por pagar,52,USD,2023-09-30,PAMPA_CALICHERA
"Cuentas por pagar a entidades relacionadas, corrientes",-,USD,2023-09-30,PAMPA_CALICHERA
Otras provisiones a corto plazo,-,USD,2023-09-30,PAMPA_CALICHERA
"Pasivos por impuestos corrientes, corrientes",-,USD,2023-09-30,PAMPA_CALICHERA
Provisiones corrientes por beneficios a los empleados,-,USD,2023-09-30,PAMPA_CALICHERA
Otros pasivos no financieros corrientes,106.716,USD,2023-09-30,PAMPA_CALICHERA
Total de pasivos corrientes distintos de los pasivos incluidos en grupos de activos para su disposición clasificados como mantenidos para la venta,134.659,USD,2023-09-30,PAMPA_CALICHERA
Pasivos incluidos en grupos de activos para su disposición clasificados como mantenidos para la venta,-,USD,2023-09-30,PAMPA_CALICHERA
Pasivos corrientes totales,134.659,USD,2023-09-30,PAMPA_CALICHERA
Otros pasivos financieros no corrientes,380.284,USD,2023-09-30,PAMPA_CALICHERA
Pasivos por arrendamientos no corrientes,96,USD,2023-09-30,PAMPA_CALICHERA
Cuentas por pagar no corrientes,-,USD,2023-09-30,PAMPA_CALICHERA
"Cuentas por pagar a entidades relacionadas, no corrientes",-,USD,2023-09-30,PAMPA_CALICHERA
Otras provisiones a largo plazo,-,USD,2023-09-30,PAMPA_CALICHERA
Pasivo por impuestos diferidos,18.600,USD,2023-09-30,PAMPA_CALICHERA
"Pasivos por impuestos corrientes, no corrientes",-,USD,2023-09-30,PAMPA_CALICHERA
Provisiones no corrientes por beneficios a los empleados,-,USD,2023-09-30,PAMPA_CALICHERA
Otros pasivos no financieros no corrientes,-,USD,2023-09-30,PAMPA_CALICHERA
Total de pasivos no corrientes,398.980,USD,2023-09-30,PAMPA_CALICHERA
Total de pasivos,533.639,USD,2023-09-30,PAMPA_CALICHERA
Capital emitido y pagado,711.658,USD,2023-09-30,PAMPA_CALICHERA
Ganancias (pérdidas) acumuladas,914.626,USD,2023-09-30,PAMPA_CALICHERA
Prima de emisión,114.952,USD,2023-09-30,PAMPA_CALICHERA
Acciones propias en cartera,-,USD,2023-09-30,PAMPA_CALICHERA
Otras participaciones en el patrimonio,-4.795,USD,2023-09-30,PAMPA_CALICHERA
Otras reservas,-20.070,USD,2023-09-30,PAMPA_CALICHERA
Patrimonio atribuible a los propietarios de la controladora,1.716.371,USD,2023-09-30,PAMPA_CALICHERA
Participaciones no controladoras,-,USD,2023-09-30,PAMPA_CALICHERA
Patrimonio total,1.716.371,USD,2023-09-30,PAMPA_CALICHERA
Total de patrimonio y pasivos,2.250.010,USD,2023-09-30,PAMPA_CALICHERA
Efectivo y equivalentes al efectivo,84.520,USD,2023-12-31,PAMPA_CALICHERA
Otros activos financieros corrientes,11.822,USD,2023-12-31,PAMPA_CALICHERA
Otros activos no financieros corrientes,-,USD,2023-12-31,PAMPA_CALICHERA
Deudores comerciales y otras cuentas por cobrar corrientes,-,USD,2023-12-31,PAMPA_CALICHERA
"Cuentas por cobrar a entidades relacionadas, corrientes",-,USD,2023-12-31,PAMPA_CALICHERA
Inventarios corrientes,-,USD,2023-12-31,PAMPA_CALICHERA
Activos biológicos corrientes,-,USD,2023-12-31,PAMPA_CALICHERA
"Activos por impuestos corrientes, corrientes",4.615,USD,2023-12-31,PAMPA_CALICHERA
Total de activos corrientes distintos de los activo o grupos de activos para su disposición clasificados como mantenidos para la venta o como mantenidos para distribuir a los propietarios,100.957,USD,2023-12-31,PAMPA_CALICHERA
Activos no corrientes o grupos de activos para su disposición clasificados como mantenidos para la venta o como mantenidos para distribuir a los propietarios,-,USD,2023-12-31,PAMPA_CALICHERA
Activos corrientes totales,100.957,USD,2023-12-31,PAMPA_CALICHERA
Otros activos financieros no corrientes,2,USD,2023-12-31,PAMPA_CALICHERA
Otros activos no financieros no corrientes,-,USD,2023-12-31,PAMPA_CALICHERA
Cuentas por cobrar no corrientes,-,USD,2023-12-31,PAMPA_CALICHERA
"Cuentas por cobrar a entidades relacionadas, no corrientes",677.797,USD,2023-12-31,PAMPA_CALICHERA
"Inventarios, no corrientes",-,USD,2023-12-31,PAMPA_CALICHERA
Inversiones contabilizadas utilizando el método de la participación,1.388.027,USD,2023-12-31,PAMPA_CALICHERA
Activos intangibles distintos de la plusvalía,-,USD,2023-12-31,PAMPA_CALICHERA
Plusvalía,6.873,USD,2023-12-31,PAMPA_CALICHERA
"Propiedades, planta y equipo",122,USD,2023-12-31,PAMPA_CALICHERA
Activos biológicos no corrientes,-,USD,2023-12-31,PAMPA_CALICHERA
Propiedad de inversión,-,USD,2023-12-31,PAMPA_CALICHERA
Activos por derecho de uso,-,USD,2023-12-31,PAMPA_CALICHERA
"Activos por impuestos corrientes, no corrientes",42.456,USD,2023-12-31,PAMPA_CALICHERA
Activos por impuestos diferidos,236,USD,2023-12-31,PAMPA_CALICHERA
Total de activos no corrientes,2.115.513,USD,2023-12-31,PAMPA_CALICHERA
Total de activos,2.216.470,USD,2023-12-31,PAMPA_CALICHERA
Otros pasivos financieros corrientes,2.069,USD,2023-12-31,PAMPA_CALICHERA
Pasivos por arrendamientos corrientes,15,USD,2023-12-31,PAMPA_CALICHERA
Cuentas por pagar comerciales y otras cuentas por pagar,42,USD,2023-12-31,PAMPA_CALICHERA
"Cuentas por pagar a entidades relacionadas, corrientes",-,USD,2023-12-31,PAMPA_CALICHERA
Otras provisiones a corto plazo,-,USD,2023-12-31,PAMPA_CALICHERA
"Pasivos por impuestos corrientes, corrientes",-,USD,2023-12-31,PAMPA_CALICHERA
Provisiones corrientes por beneficios a los empleados,-,USD,2023-12-31,PAMPA_CALICHERA
Otros pasivos no financieros corrientes,40.608,USD,2023-12-31,PAMPA_CALICHERA
Total de pasivos corrientes distintos de los pasivos incluidos en grupos de activos para su disposición clasificados como mantenidos para la venta,42.734,USD,2023-12-31,PAMPA_CALICHERA
Pasivos incluidos en grupos de activos para su disposición clasificados como mantenidos para la venta,-,USD,2023-12-31,PAMPA_CALICHERA
Pasivos corrientes totales,42.734,USD,2023-12-31,PAMPA_CALICHERA
Otros pasivos financieros no corrientes,371.771,USD,2023-12-31,PAMPA_CALICHERA
Pasivos por arrendamientos no corrientes,96,USD,2023-12-31,PAMPA_CALICHERA
Cuentas por pagar no corrientes,-,USD,2023-12-31,PAMPA_CALICHERA
"Cuentas por pagar a entidades relacionadas, no corrientes",-,USD,2023-12-31,PAMPA_CALICHERA
Otras provisiones a largo plazo,-,USD,2023-12-31,PAMPA_CALICHERA
Pasivo por impuestos diferidos,17.092,USD,2023-12-31,PAMPA_CALICHERA
"Pasivos por impuestos corrientes, no corrientes",-,USD,2023-12-31,PAMPA_CALICHERA
Provisiones no corrientes por beneficios a los empleados,-,USD,2023-12-31,PAMPA_CALICHERA
Otros pasivos no financieros no corrientes,-,USD,2023-12-31,PAMPA_CALICHERA
Total de pasivos no corrientes,388.959,USD,2023-12-31,PAMPA_CALICHERA
Total de pasivos,431.693,USD,2023-12-31,PAMPA_CALICHERA
Capital emitido y pagado,711.658,USD,2023-12-31,PAMPA_CALICHERA
Ganancias (pérdidas) acumuladas,947.031,USD,2023-12-31,PAMPA_CALICHERA
Prima de emisión,114.952,USD,2023-12-31,PAMPA_CALICHERA
Acciones propias en cartera,-,USD,2023-12-31,PAMPA_CALICHERA
Otras participaciones en el patrimonio,-4.795,USD,2023-12-31,PAMPA_CALICHERA
Otras reservas,15.931,USD,2023-12-31,PAMPA_CALICHERA
Patrimonio atribuible a los propietarios de la controladora,1.784.777,USD,2023-12-31,PAMPA_CALICHERA
Participaciones no controladoras,-,USD,2023-12-31,PAMPA_CALICHERA
Patrimonio total,1.784.777,USD,2023-12-31,PAMPA_CALICHERA
Total de patrimonio y pasivos,2.216.470,USD,2023-12-31,PAMPA_CALICHERA
Efectivo y equivalentes al efectivo,85.954,USD,2024-03-31,PAMPA_CALICHERA
Otros activos financieros corrientes,11.822,USD,2024-03-31,PAMPA_CALICHERA
Otros activos no financieros corrientes,-,USD,2024-03-31,PAMPA_CALICHERA
Deudores comerciales y otras cuentas por cobrar corrientes,-,USD,2024-03-31,PAMPA_CALICHERA
"Cuentas por cobrar a entidades relacionadas, corrientes",-,USD,2024-03-31,PAMPA_CALICHERA
Inventarios corrientes,-,USD,2024-03-31,PAMPA_CALICHERA
Activos biológicos corrientes,-,USD,2024-03-31,PAMPA_CALICHERA
"Activos por impuestos corrientes, corrientes",1.564,USD,2024-03-31,PAMPA_CALICHERA
Total de activos corrientes distintos de los activo o grupos de activos para su disposición clasificados como mantenidos para la venta o como mantenidos para distribuir a los propietarios,99.340,USD,2024-03-31,PAMPA_CALICHERA
Activos no corrientes o grupos de activos para su disposición clasificados como mantenidos para la venta o como mantenidos para distribuir a los propietarios,-,USD,2024-03-31,PAMPA_CALICHERA
Activos corrientes totales,99.340,USD,2024-03-31,PAMPA_CALICHERA
Otros activos financieros no corrientes,1,USD,2024-03-31,PAMPA_CALICHERA
Otros activos no financieros no corrientes,-,USD,2024-03-31,PAMPA_CALICHERA
Cuentas por cobrar no corrientes,-,USD,2024-03-31,PAMPA_CALICHERA
"Cuentas por cobrar a entidades relacionadas, no corrientes",688.828,USD,2024-03-31,PAMPA_CALICHERA
"Inventarios, no corrientes",-,USD,2024-03-31,PAMPA_CALICHERA
Inversiones contabilizadas utilizando el método de la participación,1.217.501,USD,2024-03-31,PAMPA_CALICHERA
Activos intangibles distintos de la plusvalía,-,USD,2024-03-31,PAMPA_CALICHERA
Plusvalía,6.873,USD,2024-03-31,PAMPA_CALICHERA
"Propiedades, planta y equipo",118,USD,2024-03-31,PAMPA_CALICHERA
Activos biológicos no corrientes,-,USD,2024-03-31,PAMPA_CALICHERA
Propiedad de inversión,-,USD,2024-03-31,PAMPA_CALICHERA
Activos por derecho de uso,-,USD,2024-03-31,PAMPA_CALICHERA
"Activos por impuestos corrientes, no corrientes",37.933,USD,2024-03-31,PAMPA_CALICHERA
Activos por impuestos diferidos,1.323,USD,2024-03-31,PAMPA_CALICHERA
Total de activos no corrientes,1.952.577,USD,2024-03-31,PAMPA_CALICHERA
Total de activos,2.051.917,USD,2024-03-31,PAMPA_CALICHERA
Otros pasivos financieros corrientes,6.253,USD,2024-03-31,PAMPA_CALICHERA
Pasivos por arrendamientos corrientes,14,USD,2024-03-31,PAMPA_CALICHERA
Cuentas por pagar comerciales y otras cuentas por pagar,19,USD,2024-03-31,PAMPA_CALICHERA
"Cuentas por pagar a entidades relacionadas, corrientes",-,USD,2024-03-31,PAMPA_CALICHERA
Otras provisiones a corto plazo,-,USD,2024-03-31,PAMPA_CALICHERA
"Pasivos por impuestos corrientes, corrientes",-,USD,2024-03-31,PAMPA_CALICHERA
Provisiones corrientes por beneficios a los empleados,-,USD,2024-03-31,PAMPA_CALICHERA
Otros pasivos no financieros corrientes,40.604,USD,2024-03-31,PAMPA_CALICHERA
Total de pasivos corrientes distintos de los pasivos incluidos en grupos de activos para su disposición clasificados como mantenidos para la venta,46.890,USD,2024-03-31,PAMPA_CALICHERA
Pasivos incluidos en grupos de activos para su disposición clasificados como mantenidos para la venta,-,USD,2024-03-31,PAMPA_CALICHERA
Pasivos corrientes totales,46.890,USD,2024-03-31,PAMPA_CALICHERA
Otros pasivos financieros no corrientes,368.905,USD,2024-03-31,PAMPA_CALICHERA
Pasivos por arrendamientos no corrientes,83,USD,2024-03-31,PAMPA_CALICHERA
Cuentas por pagar no corrientes,-,USD,2024-03-31,PAMPA_CALICHERA
"Cuentas por pagar a entidades relacionadas, no corrientes",-,USD,2024-03-31,PAMPA_CALICHERA
Otras provisiones a largo plazo,-,USD,2024-03-31,PAMPA_CALICHERA
Pasivo por impuestos diferidos,20.074,USD,2024-03-31,PAMPA_CALICHERA
"Pasivos por impuestos corrientes, no corrientes",-,USD,2024-03-31,PAMPA_CALICHERA
Provisiones no corrientes por beneficios a los empleados,-,USD,2024-03-31,PAMPA_CALICHERA
Otros pasivos no financieros no corrientes,-,USD,2024-03-31,PAMPA_CALICHERA
Total de pasivos no corrientes,389.062,USD,2024-03-31,PAMPA_CALICHERA
Total de pasivos,435.952,USD,2024-03-31,PAMPA_CALICHERA
Capital emitido y pagado,711.658,USD,2024-03-31,PAMPA_CALICHERA
Ganancias (pérdidas) acumuladas,777.240,USD,2024-03-31,PAMPA_CALICHERA
Prima de emisión,114.952,USD,2024-03-31,PAMPA_CALICHERA
Acciones propias en cartera,-,USD,2024-03-31,PAMPA_CALICHERA
Otras participaciones en el patrimonio,-4.795,USD,2024-03-31,PAMPA_CALICHERA
Otras reservas,16.910,USD,2024-03-31,PAMPA_CALICHERA
Patrimonio atribuible a los propietarios de la controladora,1.615.965,USD,2024-03-31,PAMPA_CALICHERA
Participaciones no controladoras,-,USD,2024-03-31,PAMPA_CALICHERA
Patrimonio total,1.615.965,USD,2024-03-31,PAMPA_CALICHERA
Total de patrimonio y pasivos,2.051.917,USD,2024-03-31,PAMPA_CALICHERA
Efectivo y equivalentes al efectivo,30.528,USD,2024-06-30,PAMPA_CALICHERA
Otros activos financieros corrientes,1,USD,2024-06-30,PAMPA_CALICHERA
Otros activos no financieros corrientes,-,USD,2024-06-30,PAMPA_CALICHERA
Deudores comerciales y otras cuentas por cobrar corrientes,-,USD,2024-06-30,PAMPA_CALICHERA
"Cuentas por cobrar a entidades relacionadas, corrientes",-,USD,2024-06-30,PAMPA_CALICHERA
Inventarios corrientes,-,USD,2024-06-30,PAMPA_CALICHERA
Activos biológicos corrientes,-,USD,2024-06-30,PAMPA_CALICHERA
"Activos por impuestos corrientes, corrientes",1.489,USD,2024-06-30,PAMPA_CALICHERA
Total de activos corrientes distintos de los activo o grupos de activos para su disposición clasificados como mantenidos para la venta o como mantenidos para distribuir a los propietarios,32.018,USD,2024-06-30,PAMPA_CALICHERA
Activos no corrientes o grupos de activos para su disposición clasificados como mantenidos para la venta o como mantenidos para distribuir a los propietarios,-,USD,2024-06-30,PAMPA_CALICHERA
Activos corrientes totales,32.018,USD,2024-06-30,PAMPA_CALICHERA
Otros activos financieros no corrientes,2,USD,2024-06-30,PAMPA_CALICHERA
Otros activos no financieros no corrientes,-,USD,2024-06-30,PAMPA_CALICHERA
Cuentas por cobrar no corrientes,-,USD,2024-06-30,PAMPA_CALICHERA
"Cuentas por cobrar a entidades relacionadas, no corrientes",691.816,USD,2024-06-30,PAMPA_CALICHERA
"Inventarios, no corrientes",-,USD,2024-06-30,PAMPA_CALICHERA
Inversiones contabilizadas utilizando el método de la participación,1.270.608,USD,2024-06-30,PAMPA_CALICHERA
Activos intangibles distintos de la plusvalía,-,USD,2024-06-30,PAMPA_CALICHERA
Plusvalía,6.873,USD,2024-06-30,PAMPA_CALICHERA
"Propiedades, planta y equipo",115,USD,2024-06-30,PAMPA_CALICHERA
Activos biológicos no corrientes,-,USD,2024-06-30,PAMPA_CALICHERA
Propiedad de inversión,-,USD,2024-06-30,PAMPA_CALICHERA
Activos por derecho de uso,-,USD,2024-06-30,PAMPA_CALICHERA
"Activos por impuestos corrientes, no corrientes",39.434,USD,2024-06-30,PAMPA_CALICHERA
Activos por impuestos diferidos,882,USD,2024-06-30,PAMPA_CALICHERA
Total de activos no corrientes,2.009.730,USD,2024-06-30,PAMPA_CALICHERA
Total de activos,2.041.748,USD,2024-06-30,PAMPA_CALICHERA
Otros pasivos financieros corrientes,2.016,USD,2024-06-30,PAMPA_CALICHERA
Pasivos por arrendamientos corrientes,15,USD,2024-06-30,PAMPA_CALICHERA
Cuentas por pagar comerciales y otras cuentas por pagar,34,USD,2024-06-30,PAMPA_CALICHERA
"Cuentas por pagar a entidades relacionadas, corrientes",-,USD,2024-06-30,PAMPA_CALICHERA
Otras provisiones a corto plazo,-,USD,2024-06-30,PAMPA_CALICHERA
"Pasivos por impuestos corrientes, corrientes",-,USD,2024-06-30,PAMPA_CALICHERA
Provisiones corrientes por beneficios a los empleados,-,USD,2024-06-30,PAMPA_CALICHERA
Otros pasivos no financieros corrientes,22,USD,2024-06-30,PAMPA_CALICHERA
Total de pasivos corrientes distintos de los pasivos incluidos en grupos de activos para su disposición clasificados como mantenidos para la venta,2.087,USD,2024-06-30,PAMPA_CALICHERA
Pasivos incluidos en grupos de activos para su disposición clasificados como mantenidos para la venta,-,USD,2024-06-30,PAMPA_CALICHERA
Pasivos corrientes totales,2.087,USD,2024-06-30,PAMPA_CALICHERA
Otros pasivos financieros no corrientes,369.246,USD,2024-06-30,PAMPA_CALICHERA
Pasivos por arrendamientos no corrientes,83,USD,2024-06-30,PAMPA_CALICHERA
Cuentas por pagar no corrientes,-,USD,2024-06-30,PAMPA_CALICHERA
"Cuentas por pagar a entidades relacionadas, no corrientes",-,USD,2024-06-30,PAMPA_CALICHERA
Otras provisiones a largo plazo,-,USD,2024-06-30,PAMPA_CALICHERA
Pasivo por impuestos diferidos,22.769,USD,2024-06-30,PAMPA_CALICHERA
"Pasivos por impuestos corrientes, no corrientes",-,USD,2024-06-30,PAMPA_CALICHERA
Provisiones no corrientes por beneficios a los empleados,-,USD,2024-06-30,PAMPA_CALICHERA
Otros pasivos no financieros no corrientes,-,USD,2024-06-30,PAMPA_CALICHERA
Total de pasivos no corrientes,392.098,USD,2024-06-30,PAMPA_CALICHERA
Total de pasivos,394.185,USD,2024-06-30,PAMPA_CALICHERA
Capital emitido y pagado,711.658,USD,2024-06-30,PAMPA_CALICHERA
Ganancias (pérdidas) acumuladas,831.466,USD,2024-06-30,PAMPA_CALICHERA
Prima de emisión,114.952,USD,2024-06-30,PAMPA_CALICHERA
Acciones propias en cartera,-,USD,2024-06-30,PAMPA_CALICHERA
Otras participaciones en el patrimonio,-4.795,USD,2024-06-30,PAMPA_CALICHERA
Otras reservas,-5.718,USD,2024-06-30,PAMPA_CALICHERA
Patrimonio atribuible a los propietarios de la controladora,1.647.563,USD,2024-06-30,PAMPA_CALICHERA
Participaciones no controladoras,-,USD,2024-06-30,PAMPA_CALICHERA
Patrimonio total,1.647.563,USD,2024-06-30,PAMPA_CALICHERA
Total de patrimonio y pasivos,2.041.748,USD,2024-06-30,PAMPA_CALICHERA
Efectivo y equivalentes al efectivo,28.774,USD,2024-09-30,PAMPA_CALICHERA
Otros activos financieros corrientes,-,USD,2024-09-30,PAMPA_CALICHERA
Otros activos no financieros corrientes,-,USD,2024-09-30,PAMPA_CALICHERA
Deudores comerciales y otras cuentas por cobrar corrientes,-,USD,2024-09-30,PAMPA_CALICHERA
"Cuentas por cobrar a entidades relacionadas, corrientes",-,USD,2024-09-30,PAMPA_CALICHERA
Inventarios corrientes,-,USD,2024-09-30,PAMPA_CALICHERA
Activos biológicos corrientes,-,USD,2024-09-30,PAMPA_CALICHERA
"Activos por impuestos corrientes, corrientes",1.548,USD,2024-09-30,PAMPA_CALICHERA
Total de activos corrientes distintos de los activo o grupos de activos para su disposición clasificados como mantenidos para la venta o como mantenidos para distribuir a los propietarios,30.322,USD,2024-09-30,PAMPA_CALICHERA
Activos no corrientes o grupos de activos para su disposición clasificados como mantenidos para la venta o como mantenidos para distribuir a los propietarios,-,USD,2024-09-30,PAMPA_CALICHERA
Activos corrientes totales,30.322,USD,2024-09-30,PAMPA_CALICHERA
Otros activos financieros no corrientes,2,USD,2024-09-30,PAMPA_CALICHERA
Otros activos no financieros no corrientes,-,USD,2024-09-30,PAMPA_CALICHERA
Cuentas por cobrar no corrientes,-,USD,2024-09-30,PAMPA_CALICHERA
"Cuentas por cobrar a entidades relacionadas, no corrientes",701.854,USD,2024-09-30,PAMPA_CALICHERA
"Inventarios, no corrientes",-,USD,2024-09-30,PAMPA_CALICHERA
Inversiones contabilizadas utilizando el método de la participación,1.298.086,USD,2024-09-30,PAMPA_CALICHERA
Activos intangibles distintos de la plusvalía,-,USD,2024-09-30,PAMPA_CALICHERA
Plusvalía,6.873,USD,2024-09-30,PAMPA_CALICHERA
"Propiedades, planta y equipo",111,USD,2024-09-30,PAMPA_CALICHERA
Activos biológicos no corrientes,-,USD,2024-09-30,PAMPA_CALICHERA
Propiedad de inversión,-,USD,2024-09-30,PAMPA_CALICHERA
Activos por derecho de uso,-,USD,2024-09-30,PAMPA_CALICHERA
"Activos por impuestos corrientes, no corrientes",41.484,USD,2024-09-30,PAMPA_CALICHERA
Activos por impuestos diferidos,321,USD,2024-09-30,PAMPA_CALICHERA
Total de activos no corrientes,2.048.731,USD,2024-09-30,PAMPA_CALICHERA
Total de activos,2.079.053,USD,2024-09-30,PAMPA_CALICHERA
Otros pasivos financieros corrientes,68.394,USD,2024-09-30,PAMPA_CALICHERA
Pasivos por arrendamientos corrientes,16,USD,2024-09-30,PAMPA_CALICHERA
Cuentas por pagar comerciales y otras cuentas por pagar,33,USD,2024-09-30,PAMPA_CALICHERA
"Cuentas por pagar a entidades relacionadas, corrientes",-,USD,2024-09-30,PAMPA_CALICHERA
Otras provisiones a corto plazo,-,USD,2024-09-30,PAMPA_CALICHERA
"Pasivos por impuestos corrientes, corrientes",-,USD,2024-09-30,PAMPA_CALICHERA
Provisiones corrientes por beneficios a los empleados,-,USD,2024-09-30,PAMPA_CALICHERA
Otros pasivos no financieros corrientes,26,USD,2024-09-30,PAMPA_CALICHERA
Total de pasivos corrientes distintos de los pasivos incluidos en grupos de activos para su disposición clasificados como mantenidos para la venta,68.469,USD,2024-09-30,PAMPA_CALICHERA
Pasivos incluidos en grupos de activos para su disposición clasificados como mantenidos para la venta,-,USD,2024-09-30,PAMPA_CALICHERA
Pasivos corrientes totales,68.469,USD,2024-09-30,PAMPA_CALICHERA
Otros pasivos financieros no corrientes,307.080,USD,2024-09-30,PAMPA_CALICHERA
Pasivos por arrendamientos no corrientes,84,USD,2024-09-30,PAMPA_CALICHERA
Cuentas por pagar no corrientes,-,USD,2024-09-30,PAMPA_CALICHERA
"Cuentas por pagar a entidades relacionadas, no corrientes",-,USD,2024-09-30,PAMPA_CALICHERA
Otras provisiones a largo plazo,-,USD,2024-09-30,PAMPA_CALICHERA
Pasivo por impuestos diferidos,25.477,USD,2024-09-30,PAMPA_CALICHERA
"Pasivos por impuestos corrientes, no corrientes",-,USD,2024-09-30,PAMPA_CALICHERA
Provisiones no corrientes por beneficios a los empleados,-,USD,2024-09-30,PAMPA_CALICHERA
Otros pasivos no financieros no corrientes,-,USD,2024-09-30,PAMPA_CALICHERA
Total de pasivos no corrientes,332.641,USD,2024-09-30,PAMPA_CALICHERA
Total de pasivos,401.110,USD,2024-09-30,PAMPA_CALICHERA
Capital emitido y pagado,711.658,USD,2024-09-30,PAMPA_CALICHERA
Ganancias (pérdidas) acumuladas,858.687,USD,2024-09-30,PAMPA_CALICHERA
Prima de emisión,114.952,USD,2024-09-30,PAMPA_CALICHERA
Acciones propias en cartera,-,USD,2024-09-30,PAMPA_CALICHERA
Otras participaciones en el patrimonio,-4.795,USD,2024-09-30,PAMPA_CALICHERA
Otras reservas,-2.559,USD,2024-09-30,PAMPA_CALICHERA
Patrimonio atribuible a los propietarios de la controladora,1.677.943,USD,2024-09-30,PAMPA_CALICHERA
Participaciones no controladoras,-,USD,2024-09-30,PAMPA_CALICHERA
Patrimonio total,1.677.943,USD,2024-09-30,PAMPA_CALICHERA
Total de patrimonio y pasivos,2.079.053,USD,2024-09-30,PAMPA_CALICHERA
Efectivo y equivalentes al efectivo,20.014,USD,2024-12-31,PAMPA_CALICHERA
Otros activos financieros corrientes,-,USD,2024-12-31,PAMPA_CALICHERA
Otros activos no financieros corrientes,-,USD,2024-12-31,PAMPA_CALICHERA
Deudores comerciales y otras cuentas por cobrar corrientes,-,USD,2024-12-31,PAMPA_CALICHERA
"Cuentas por cobrar a entidades relacionadas, corrientes",-,USD,2024-12-31,PAMPA_CALICHERA
Inventarios corrientes,-,USD,2024-12-31,PAMPA_CALICHERA
Activos biológicos corrientes,-,USD,2024-12-31,PAMPA_CALICHERA
"Activos por impuestos corrientes, corrientes",47,USD,2024-12-31,PAMPA_CALICHERA
Total de activos corrientes distintos de los activo o grupos de activos para su disposición clasificados como mantenidos para la venta o como mantenidos para distribuir a los propietarios,20.061,USD,2024-12-31,PAMPA_CALICHERA
Activos no corrientes o grupos de activos para su disposición clasificados como mantenidos para la venta o como mantenidos para distribuir a los propietarios,-,USD,2024-12-31,PAMPA_CALICHERA
Activos corrientes totales,20.061,USD,2024-12-31,PAMPA_CALICHERA
Otros activos financieros no corrientes,2,USD,2024-12-31,PAMPA_CALICHERA
Otros activos no financieros no corrientes,-,USD,2024-12-31,PAMPA_CALICHERA
Cuentas por cobrar no corrientes,-,USD,2024-12-31,PAMPA_CALICHERA
"Cuentas por cobrar a entidades relacionadas, no corrientes",711.793,USD,2024-12-31,PAMPA_CALICHERA
"Inventarios, no corrientes",-,USD,2024-12-31,PAMPA_CALICHERA
Inversiones contabilizadas utilizando el método de la participación,1.311.770,USD,2024-12-31,PAMPA_CALICHERA
Activos intangibles distintos de la plusvalía,-,USD,2024-12-31,PAMPA_CALICHERA
Plusvalía,6.873,USD,2024-12-31,PAMPA_CALICHERA
"Propiedades, planta y equipo",107,USD,2024-12-31,PAMPA_CALICHERA
Activos biológicos no corrientes,-,USD,2024-12-31,PAMPA_CALICHERA
Propiedad de inversión,-,USD,2024-12-31,PAMPA_CALICHERA
Activos por derecho de uso,-,USD,2024-12-31,PAMPA_CALICHERA
"Activos por impuestos corrientes, no corrientes",37.371,USD,2024-12-31,PAMPA_CALICHERA
Activos por impuestos diferidos,1.427,USD,2024-12-31,PAMPA_CALICHERA
Total de activos no corrientes,2.069.343,USD,2024-12-31,PAMPA_CALICHERA
Total de activos,2.089.404,USD,2024-12-31,PAMPA_CALICHERA
Otros pasivos financieros corrientes,64.566,USD,2024-12-31,PAMPA_CALICHERA
Pasivos por arrendamientos corrientes,15,USD,2024-12-31,PAMPA_CALICHERA
Cuentas por pagar comerciales y otras cuentas por pagar,29,USD,2024-12-31,PAMPA_CALICHERA
"Cuentas por pagar a entidades relacionadas, corrientes",-,USD,2024-12-31,PAMPA_CALICHERA
Otras provisiones a corto plazo,-,USD,2024-12-31,PAMPA_CALICHERA
"Pasivos por impuestos corrientes, corrientes",-,USD,2024-12-31,PAMPA_CALICHERA
Provisiones corrientes por beneficios a los empleados,-,USD,2024-12-31,PAMPA_CALICHERA
Otros pasivos no financieros corrientes,24,USD,2024-12-31,PAMPA_CALICHERA
Total de pasivos corrientes distintos de los pasivos incluidos en grupos de activos para su disposición clasificados como mantenidos para la venta,64.634,USD,2024-12-31,PAMPA_CALICHERA
Pasivos incluidos en grupos de activos para su disposición clasificados como mantenidos para la venta,-,USD,2024-12-31,PAMPA_CALICHERA
Pasivos corrientes totales,64.634,USD,2024-12-31,PAMPA_CALICHERA
Otros pasivos financieros no corrientes,305.666,USD,2024-12-31,PAMPA_CALICHERA
Pasivos por arrendamientos no corrientes,73,USD,2024-12-31,PAMPA_CALICHERA
Cuentas por pagar no corrientes,-,USD,2024-12-31,PAMPA_CALICHERA
"Cuentas por pagar a entidades relacionadas, no corrientes",-,USD,2024-12-31,PAMPA_CALICHERA
Otras provisiones a largo plazo,-,USD,2024-12-31,PAMPA_CALICHERA
Pasivo por impuestos diferidos,28.189,USD,2024-12-31,PAMPA_CALICHERA
"Pasivos por impuestos corrientes, no corrientes",-,USD,2024-12-31,PAMPA_CALICHERA
Provisiones no corrientes por beneficios a los empleados,-,USD,2024-12-31,PAMPA_CALICHERA
Otros pasivos no financieros no corrientes,-,USD,2024-12-31,PAMPA_CALICHERA
Total de pasivos no corrientes,333.928,USD,2024-12-31,PAMPA_CALICHERA
Total de pasivos,398.562,USD,2024-12-31,PAMPA_CALICHERA
Capital emitido y pagado,711.658,USD,2024-12-31,PAMPA_CALICHERA
Ganancias (pérdidas) acumuladas,879.006,USD,2024-12-31,PAMPA_CALICHERA
Prima de emisión,114.952,USD,2024-12-31,PAMPA_CALICHERA
Acciones propias en cartera,-,USD,2024-12-31,PAMPA_CALICHERA
Otras participaciones en el patrimonio,-4.795,USD,2024-12-31,PAMPA_CALICHERA
Otras reservas,-9.979,USD,2024-12-31,PAMPA_CALICHERA
Patrimonio atribuible a los propietarios de la controladora,1.690.842,USD,2024-12-31,PAMPA_CALICHERA
Participaciones no controladoras,-,USD,2024-12-31,PAMPA_CALICHERA
Patrimonio total,1.690.842,USD,2024-12-31,PAMPA_CALICHERA
Total de patrimonio y pasivos,2.089.404,USD,2024-12-31,PAMPA_CALICHERA
Efectivo y equivalentes al efectivo,18.042,USD,2025-03-31,PAMPA_CALICHERA
Otros activos financieros corrientes,8.002,USD,2025-03-31,PAMPA_CALICHERA
Otros activos no financieros corrientes,-,USD,2025-03-31,PAMPA_CALICHERA
Deudores comerciales y otras cuentas por cobrar corrientes,-,USD,2025-03-31,PAMPA_CALICHERA
"Cuentas por cobrar a entidades relacionadas, corrientes",-,USD,2025-03-31,PAMPA_CALICHERA
Inventarios corrientes,-,USD,2025-03-31,PAMPA_CALICHERA
Activos biológicos corrientes,-,USD,2025-03-31,PAMPA_CALICHERA
"Activos por impuestos corrientes, corrientes",50,USD,2025-03-31,PAMPA_CALICHERA
Total de activos corrientes distintos de los activo o grupos de activos para su disposición clasificados como mantenidos para la venta o como mantenidos para distribuir a los propietarios,26.094,USD,2025-03-31,PAMPA_CALICHERA
Activos no corrientes o grupos de activos para su disposición clasificados como mantenidos para la venta o como mantenidos para distribuir a los propietarios,-,USD,2025-03-31,PAMPA_CALICHERA
Activos corrientes totales,26.094,USD,2025-03-31,PAMPA_CALICHERA
Otros activos financieros no corrientes,2,USD,2025-03-31,PAMPA_CALICHERA
Otros activos no financieros no corrientes,-,USD,2025-03-31,PAMPA_CALICHERA
Cuentas por cobrar no corrientes,-,USD,2025-03-31,PAMPA_CALICHERA
"Cuentas por cobrar a entidades relacionadas, no corrientes",721.178,USD,2025-03-31,PAMPA_CALICHERA
"Inventarios, no corrientes",-,USD,2025-03-31,PAMPA_CALICHERA
Inversiones contabilizadas utilizando el método de la participación,1.328.617,USD,2025-03-31,PAMPA_CALICHERA
Activos intangibles distintos de la plusvalía,-,USD,2025-03-31,PAMPA_CALICHERA
Plusvalía,6.873,USD,2025-03-31,PAMPA_CALICHERA
"Propiedades, planta y equipo",103,USD,2025-03-31,PAMPA_CALICHERA
Activos biológicos no corrientes,-,USD,2025-03-31,PAMPA_CALICHERA
Propiedad de inversión,-,USD,2025-03-31,PAMPA_CALICHERA
Activos por derecho de uso,-,USD,2025-03-31,PAMPA_CALICHERA
"Activos por impuestos corrientes, no corrientes",39.073,USD,2025-03-31,PAMPA_CALICHERA
Activos por impuestos diferidos,957,USD,2025-03-31,PAMPA_CALICHERA
Total de activos no corrientes,2.096.803,USD,2025-03-31,PAMPA_CALICHERA
Total de activos,2.122.897,USD,2025-03-31,PAMPA_CALICHERA
Otros pasivos financieros corrientes,69.295,USD,2025-03-31,PAMPA_CALICHERA
Pasivos por arrendamientos corrientes,16,USD,2025-03-31,PAMPA_CALICHERA
Cuentas por pagar comerciales y otras cuentas por pagar,18,USD,2025-03-31,PAMPA_CALICHERA
"Cuentas por pagar a entidades relacionadas, corrientes",-,USD,2025-03-31,PAMPA_CALICHERA
Otras provisiones a corto plazo,-,USD,2025-03-31,PAMPA_CALICHERA
"Pasivos por impuestos corrientes, corrientes",-,USD,2025-03-31,PAMPA_CALICHERA
Provisiones corrientes por beneficios a los empleados,-,USD,2025-03-31,PAMPA_CALICHERA
Otros pasivos no financieros corrientes,8.294,USD,2025-03-31,PAMPA_CALICHERA
Total de pasivos corrientes distintos de los pasivos incluidos en grupos de activos para su disposición clasificados como mantenidos para la venta,77.623,USD,2025-03-31,PAMPA_CALICHERA
Pasivos incluidos en grupos de activos para su disposición clasificados como mantenidos para la venta,-,USD,2025-03-31,PAMPA_CALICHERA
Pasivos corrientes totales,77.623,USD,2025-03-31,PAMPA_CALICHERA
Otros pasivos financieros no corrientes,305.653,USD,2025-03-31,PAMPA_CALICHERA
Pasivos por arrendamientos no corrientes,73,USD,2025-03-31,PAMPA_CALICHERA
Cuentas por pagar no corrientes,-,USD,2025-03-31,PAMPA_CALICHERA
"Cuentas por pagar a entidades relacionadas, no corrientes",-,USD,2025-03-31,PAMPA_CALICHERA
Otras provisiones a largo plazo,-,USD,2025-03-31,PAMPA_CALICHERA
Pasivo por impuestos diferidos,30.722,USD,2025-03-31,PAMPA_CALICHERA
"Pasivos por impuestos corrientes, no corrientes",-,USD,2025-03-31,PAMPA_CALICHERA
Provisiones no corrientes por beneficios a los empleados,-,USD,2025-03-31,PAMPA_CALICHERA
Otros pasivos no financieros no corrientes,-,USD,2025-03-31,PAMPA_CALICHERA
Total de pasivos no corrientes,336.448,USD,2025-03-31,PAMPA_CALICHERA
Total de pasivos,414.071,USD,2025-03-31,PAMPA_CALICHERA
Capital emitido y pagado,711.658,USD,2025-03-31,PAMPA_CALICHERA
Ganancias (pérdidas) acumuladas,898.293,USD,2025-03-31,PAMPA_CALICHERA
Prima de emisión,114.952,USD,2025-03-31,PAMPA_CALICHERA
Acciones propias en cartera,-,USD,2025-03-31,PAMPA_CALICHERA
Otras participaciones en el patrimonio,-4.795,USD,2025-03-31,PAMPA_CALICHERA
Otras reservas,-11.282,USD,2025-03-31,PAMPA_CALICHERA
Patrimonio atribuible a los propietarios de la controladora,1.708.826,USD,2025-03-31,PAMPA_CALICHERA
Participaciones no controladoras,-,USD,2025-03-31,PAMPA_CALICHERA
Patrimonio total,1.708.826,USD,2025-03-31,PAMPA_CALICHERA
Total de patrimonio y pasivos,2.122.897,USD,2025-03-31,PAMPA_CALICHERA
Efectivo y equivalentes al efectivo,7.950,USD,2025-06-30,PAMPA_CALICHERA
Otros activos financieros corrientes,13.147,USD,2025-06-30,PAMPA_CALICHERA
Otros activos no financieros corrientes,-,USD,2025-06-30,PAMPA_CALICHERA
Deudores comerciales y otras cuentas por cobrar corrientes,-,USD,2025-06-30,PAMPA_CALICHERA
"Cuentas por cobrar a entidades relacionadas, corrientes",-,USD,2025-06-30,PAMPA_CALICHERA
Inventarios corrientes,-,USD,2025-06-30,PAMPA_CALICHERA
Activos biológicos corrientes,-,USD,2025-06-30,PAMPA_CALICHERA
"Activos por impuestos corrientes, corrientes",-,USD,2025-06-30,PAMPA_CALICHERA
Total de activos corrientes distintos de los activo o grupos de activos para su disposición clasificados como mantenidos para la venta o como mantenidos para distribuir a los propietarios,21.097,USD,2025-06-30,PAMPA_CALICHERA
Activos no corrientes o grupos de activos para su disposición clasificados como mantenidos para la venta o como mantenidos para distribuir a los propietarios,-,USD,2025-06-30,PAMPA_CALICHERA
Activos corrientes totales,21.097,USD,2025-06-30,PAMPA_CALICHERA
Otros activos financieros no corrientes,2,USD,2025-06-30,PAMPA_CALICHERA
Otros activos no financieros no corrientes,-,USD,2025-06-30,PAMPA_CALICHERA
Cuentas por cobrar no corrientes,-,USD,2025-06-30,PAMPA_CALICHERA
"Cuentas por cobrar a entidades relacionadas, no corrientes",730.668,USD,2025-06-30,PAMPA_CALICHERA
"Inventarios, no corrientes",-,USD,2025-06-30,PAMPA_CALICHERA
Inversiones contabilizadas utilizando el método de la participación,1.346.963,USD,2025-06-30,PAMPA_CALICHERA
Activos intangibles distintos de la plusvalía,-,USD,2025-06-30,PAMPA_CALICHERA
Plusvalía,6.873,USD,2025-06-30,PAMPA_CALICHERA
"Propiedades, planta y equipo",99,USD,2025-06-30,PAMPA_CALICHERA
Activos biológicos no corrientes,-,USD,2025-06-30,PAMPA_CALICHERA
Propiedad de inversión,-,USD,2025-06-30,PAMPA_CALICHERA
Activos por derecho de uso,-,USD,2025-06-30,PAMPA_CALICHERA
"Activos por impuestos corrientes, no corrientes",39.895,USD,2025-06-30,PAMPA_CALICHERA
Activos por impuestos diferidos,728,USD,2025-06-30,PAMPA_CALICHERA
Total de activos no corrientes,2.125.228,USD,2025-06-30,PAMPA_CALICHERA
Total de activos,2.146.325,USD,2025-06-30,PAMPA_CALICHERA
Otros pasivos financieros corrientes,126.497,USD,2025-06-30,PAMPA_CALICHERA
Pasivos por arrendamientos corrientes,17,USD,2025-06-30,PAMPA_CALICHERA
Cuentas por pagar comerciales y otras cuentas por pagar,36,USD,2025-06-30,PAMPA_CALICHERA
"Cuentas por pagar a entidades relacionadas, corrientes",-,USD,2025-06-30,PAMPA_CALICHERA
Otras provisiones a corto plazo,-,USD,2025-06-30,PAMPA_CALICHERA
"Pasivos por impuestos corrientes, corrientes",-,USD,2025-06-30,PAMPA_CALICHERA
Provisiones corrientes por beneficios a los empleados,-,USD,2025-06-30,PAMPA_CALICHERA
Otros pasivos no financieros corrientes,13.567,USD,2025-06-30,PAMPA_CALICHERA
Total de pasivos corrientes distintos de los pasivos incluidos en grupos de activos para su disposición clasificados como mantenidos para la venta,140.117,USD,2025-06-30,PAMPA_CALICHERA
Pasivos incluidos en grupos de activos para su disposición clasificados como mantenidos para la venta,-,USD,2025-06-30,PAMPA_CALICHERA
Pasivos corrientes totales,140.117,USD,2025-06-30,PAMPA_CALICHERA
Otros pasivos financieros no corrientes,244.078,USD,2025-06-30,PAMPA_CALICHERA
Pasivos por arrendamientos no corrientes,72,USD,2025-06-30,PAMPA_CALICHERA
Cuentas por pagar no corrientes,-,USD,2025-06-30,PAMPA_CALICHERA
"Cuentas por pagar a entidades relacionadas, no corrientes",-,USD,2025-06-30,PAMPA_CALICHERA
Otras provisiones a largo plazo,-,USD,2025-06-30,PAMPA_CALICHERA
Pasivo por impuestos diferidos,33.282,USD,2025-06-30,PAMPA_CALICHERA
"Pasivos por impuestos corrientes, no corrientes",-,USD,2025-06-30,PAMPA_CALICHERA
Provisiones no corrientes por beneficios a los empleados,-,USD,2025-06-30,PAMPA_CALICHERA
Otros pasivos no financieros no corrientes,-,USD,2025-06-30,PAMPA_CALICHERA
Total de pasivos no corrientes,277.432,USD,2025-06-30,PAMPA_CALICHERA
Total de pasivos,417.549,USD,2025-06-30,PAMPA_CALICHERA
Capital emitido y pagado,711.658,USD,2025-06-30,PAMPA_CALICHERA
Ganancias (pérdidas) acumuladas,910.579,USD,2025-06-30,PAMPA_CALICHERA
Prima de emisión,114.952,USD,2025-06-30,PAMPA_CALICHERA
Acciones propias en cartera,-,USD,2025-06-30,PAMPA_CALICHERA
Otras participaciones en el patrimonio,-4.795,USD,2025-06-30,PAMPA_CALICHERA
Otras reservas,-3.618,USD,2025-06-30,PAMPA_CALICHERA
Patrimonio atribuible a los propietarios de la controladora,1.728.776,USD,2025-06-30,PAMPA_CALICHERA
Participaciones no controladoras,-,USD,2025-06-30,PAMPA_CALICHERA
Patrimonio total,1.728.776,USD,2025-06-30,PAMPA_CALICHERA
Total de patrimonio y pasivos,2.146.325,USD,2025-06-30,PAMPA_CALICHERA
