Description,Value,Curncy,Date,ID
Efectivo y equivalentes al efectivo,101.575.334,CLP,2017-03-31,ALMENDRAL
Otros activos financieros corrientes,4.994.860,CLP,2017-03-31,ALMENDRAL
Otros activos no financieros corrientes,33.422.763,CLP,2017-03-31,ALMENDRAL
Deudores comerciales y otras cuentas por cobrar corrientes,308.308.241,CLP,2017-03-31,ALMENDRAL
"Cuentas por cobrar a entidades relacionadas, corrientes",597.354,CLP,2017-03-31,ALMENDRAL
Inventarios corrientes,108.875.575,CLP,2017-03-31,ALMENDRAL
Activos biológicos corrientes,-,CLP,2017-03-31,ALMENDRAL
"Activos por impuestos corrientes, corrientes",227.011.369,CLP,2017-03-31,ALMENDRAL
Total de activos corrientes distintos de los activo o grupos de activos para su disposición clasificados como mantenidos para la venta o como mantenidos para distribuir a los propietarios,784.785.496,CLP,2017-03-31,ALMENDRAL
Activos no corrientes o grupos de activos para su disposición clasificados como mantenidos para la venta o como mantenidos para distribuir a los propietarios,-,CLP,2017-03-31,ALMENDRAL
Activos corrientes totales,784.785.496,CLP,2017-03-31,ALMENDRAL
Otros activos financieros no corrientes,87.154.200,CLP,2017-03-31,ALMENDRAL
Otros activos no financieros no corrientes,4.785.009,CLP,2017-03-31,ALMENDRAL
Cuentas por cobrar no corrientes,12.844.061,CLP,2017-03-31,ALMENDRAL
"Cuentas por cobrar a entidades relacionadas, no corrientes",-,CLP,2017-03-31,ALMENDRAL
"Inventarios, no corrientes",-,CLP,2017-03-31,ALMENDRAL
Inversiones contabilizadas utilizando el método de la participación,-,CLP,2017-03-31,ALMENDRAL
Activos intangibles distintos de la plusvalía,526.946.749,CLP,2017-03-31,ALMENDRAL
Plusvalía,92.471.842,CLP,2017-03-31,ALMENDRAL
"Propiedades, planta y equipo",1.845.814.476,CLP,2017-03-31,ALMENDRAL
Activos biológicos no corrientes,-,CLP,2017-03-31,ALMENDRAL
Propiedad de inversión,1.925.954,CLP,2017-03-31,ALMENDRAL
"Activos por impuestos corrientes, no corrientes",-,CLP,2017-03-31,ALMENDRAL
Activos por impuestos diferidos,394.438.293,CLP,2017-03-31,ALMENDRAL
Total de activos no corrientes,2.966.380.584,CLP,2017-03-31,ALMENDRAL
Total de activos,3.751.166.080,CLP,2017-03-31,ALMENDRAL
Otros pasivos financieros corrientes,30.202.034,CLP,2017-03-31,ALMENDRAL
Cuentas por pagar comerciales y otras cuentas por pagar,484.836.890,CLP,2017-03-31,ALMENDRAL
"Cuentas por pagar a entidades relacionadas, corrientes",-,CLP,2017-03-31,ALMENDRAL
Otras provisiones a corto plazo,5.166.138,CLP,2017-03-31,ALMENDRAL
"Pasivos por impuestos corrientes, corrientes",5.093.582,CLP,2017-03-31,ALMENDRAL
Provisiones corrientes por beneficios a los empleados,-,CLP,2017-03-31,ALMENDRAL
Otros pasivos no financieros corrientes,32.696.081,CLP,2017-03-31,ALMENDRAL
Total de pasivos corrientes distintos de los pasivos incluidos en grupos de activos para su disposición clasificados como mantenidos para la venta,557.994.725,CLP,2017-03-31,ALMENDRAL
Pasivos incluidos en grupos de activos para su disposición clasificados como mantenidos para la venta,-,CLP,2017-03-31,ALMENDRAL
Pasivos corrientes totales,557.994.725,CLP,2017-03-31,ALMENDRAL
Otros pasivos financieros no corrientes,1.637.613.488,CLP,2017-03-31,ALMENDRAL
Cuentas por pagar no corrientes,-,CLP,2017-03-31,ALMENDRAL
"Cuentas por pagar a entidades relacionadas, no corrientes",400.576,CLP,2017-03-31,ALMENDRAL
Otras provisiones a largo plazo,35.562.446,CLP,2017-03-31,ALMENDRAL
Pasivo por impuestos diferidos,52.717.272,CLP,2017-03-31,ALMENDRAL
"Pasivos por impuestos corrientes, no corrientes",-,CLP,2017-03-31,ALMENDRAL
Provisiones no corrientes por beneficios a los empleados,10.546.201,CLP,2017-03-31,ALMENDRAL
Otros pasivos no financieros no corrientes,5.018.652,CLP,2017-03-31,ALMENDRAL
Total de pasivos no corrientes,1.741.858.635,CLP,2017-03-31,ALMENDRAL
Total de pasivos,2.299.853.360,CLP,2017-03-31,ALMENDRAL
Capital emitido,550.889.625,CLP,2017-03-31,ALMENDRAL
Ganancias (pérdidas) acumuladas,366.021.539,CLP,2017-03-31,ALMENDRAL
Prima de emisión,-,CLP,2017-03-31,ALMENDRAL
Acciones propias en cartera,-,CLP,2017-03-31,ALMENDRAL
Otras participaciones en el patrimonio,-,CLP,2017-03-31,ALMENDRAL
Otras reservas,-46.277.365,CLP,2017-03-31,ALMENDRAL
Patrimonio atribuible a los propietarios de la controladora,870.633.799,CLP,2017-03-31,ALMENDRAL
Participaciones no controladoras,580.678.921,CLP,2017-03-31,ALMENDRAL
Patrimonio total,1.451.312.720,CLP,2017-03-31,ALMENDRAL
Total de patrimonio y pasivos,3.751.166.080,CLP,2017-03-31,ALMENDRAL
Efectivo y equivalentes al efectivo,129.783.835,CLP,2017-06-30,ALMENDRAL
Otros activos financieros corrientes,4.396.278,CLP,2017-06-30,ALMENDRAL
Otros activos no financieros corrientes,35.122.406,CLP,2017-06-30,ALMENDRAL
Deudores comerciales y otras cuentas por cobrar corrientes,321.272.774,CLP,2017-06-30,ALMENDRAL
"Cuentas por cobrar a entidades relacionadas, corrientes",723.390,CLP,2017-06-30,ALMENDRAL
Inventarios corrientes,108.898.217,CLP,2017-06-30,ALMENDRAL
Activos biológicos corrientes,-,CLP,2017-06-30,ALMENDRAL
"Activos por impuestos corrientes, corrientes",130.744.367,CLP,2017-06-30,ALMENDRAL
Total de activos corrientes distintos de los activo o grupos de activos para su disposición clasificados como mantenidos para la venta o como mantenidos para distribuir a los propietarios,730.941.267,CLP,2017-06-30,ALMENDRAL
Activos no corrientes o grupos de activos para su disposición clasificados como mantenidos para la venta o como mantenidos para distribuir a los propietarios,-,CLP,2017-06-30,ALMENDRAL
Activos corrientes totales,730.941.267,CLP,2017-06-30,ALMENDRAL
Otros activos financieros no corrientes,105.685.570,CLP,2017-06-30,ALMENDRAL
Otros activos no financieros no corrientes,5.323.360,CLP,2017-06-30,ALMENDRAL
Cuentas por cobrar no corrientes,6.997.252,CLP,2017-06-30,ALMENDRAL
"Cuentas por cobrar a entidades relacionadas, no corrientes",-,CLP,2017-06-30,ALMENDRAL
"Inventarios, no corrientes",-,CLP,2017-06-30,ALMENDRAL
Inversiones contabilizadas utilizando el método de la participación,-,CLP,2017-06-30,ALMENDRAL
Activos intangibles distintos de la plusvalía,524.634.513,CLP,2017-06-30,ALMENDRAL
Plusvalía,92.467.938,CLP,2017-06-30,ALMENDRAL
"Propiedades, planta y equipo",1.849.054.911,CLP,2017-06-30,ALMENDRAL
Activos biológicos no corrientes,-,CLP,2017-06-30,ALMENDRAL
Propiedad de inversión,1.925.954,CLP,2017-06-30,ALMENDRAL
"Activos por impuestos corrientes, no corrientes",103.603.013,CLP,2017-06-30,ALMENDRAL
Activos por impuestos diferidos,412.661.029,CLP,2017-06-30,ALMENDRAL
Total de activos no corrientes,3.102.353.540,CLP,2017-06-30,ALMENDRAL
Total de activos,3.833.294.807,CLP,2017-06-30,ALMENDRAL
Otros pasivos financieros corrientes,26.413.925,CLP,2017-06-30,ALMENDRAL
Cuentas por pagar comerciales y otras cuentas por pagar,465.354.163,CLP,2017-06-30,ALMENDRAL
"Cuentas por pagar a entidades relacionadas, corrientes",-,CLP,2017-06-30,ALMENDRAL
Otras provisiones a corto plazo,5.165.643,CLP,2017-06-30,ALMENDRAL
"Pasivos por impuestos corrientes, corrientes",832.971,CLP,2017-06-30,ALMENDRAL
Provisiones corrientes por beneficios a los empleados,-,CLP,2017-06-30,ALMENDRAL
Otros pasivos no financieros corrientes,31.081.012,CLP,2017-06-30,ALMENDRAL
Total de pasivos corrientes distintos de los pasivos incluidos en grupos de activos para su disposición clasificados como mantenidos para la venta,528.847.714,CLP,2017-06-30,ALMENDRAL
Pasivos incluidos en grupos de activos para su disposición clasificados como mantenidos para la venta,-,CLP,2017-06-30,ALMENDRAL
Pasivos corrientes totales,528.847.714,CLP,2017-06-30,ALMENDRAL
Otros pasivos financieros no corrientes,1.735.965.700,CLP,2017-06-30,ALMENDRAL
Cuentas por pagar no corrientes,403.499,CLP,2017-06-30,ALMENDRAL
"Cuentas por pagar a entidades relacionadas, no corrientes",-,CLP,2017-06-30,ALMENDRAL
Otras provisiones a largo plazo,36.394.480,CLP,2017-06-30,ALMENDRAL
Pasivo por impuestos diferidos,52.723.088,CLP,2017-06-30,ALMENDRAL
"Pasivos por impuestos corrientes, no corrientes",-,CLP,2017-06-30,ALMENDRAL
Provisiones no corrientes por beneficios a los empleados,9.998.108,CLP,2017-06-30,ALMENDRAL
Otros pasivos no financieros no corrientes,7.234.688,CLP,2017-06-30,ALMENDRAL
Total de pasivos no corrientes,1.842.719.563,CLP,2017-06-30,ALMENDRAL
Total de pasivos,2.371.567.277,CLP,2017-06-30,ALMENDRAL
Capital emitido,550.889.625,CLP,2017-06-30,ALMENDRAL
Ganancias (pérdidas) acumuladas,363.543.358,CLP,2017-06-30,ALMENDRAL
Prima de emisión,-,CLP,2017-06-30,ALMENDRAL
Acciones propias en cartera,-,CLP,2017-06-30,ALMENDRAL
Otras participaciones en el patrimonio,-,CLP,2017-06-30,ALMENDRAL
Otras reservas,-38.545.327,CLP,2017-06-30,ALMENDRAL
Patrimonio atribuible a los propietarios de la controladora,875.887.656,CLP,2017-06-30,ALMENDRAL
Participaciones no controladoras,585.839.874,CLP,2017-06-30,ALMENDRAL
Patrimonio total,1.461.727.530,CLP,2017-06-30,ALMENDRAL
Total de patrimonio y pasivos,3.833.294.807,CLP,2017-06-30,ALMENDRAL
Efectivo y equivalentes al efectivo,159.116.009,CLP,2017-09-30,ALMENDRAL
Otros activos financieros corrientes,3.417.881,CLP,2017-09-30,ALMENDRAL
Otros activos no financieros corrientes,41.707.986,CLP,2017-09-30,ALMENDRAL
Deudores comerciales y otras cuentas por cobrar corrientes,322.540.632,CLP,2017-09-30,ALMENDRAL
"Cuentas por cobrar a entidades relacionadas, corrientes",357.209,CLP,2017-09-30,ALMENDRAL
Inventarios corrientes,103.748.308,CLP,2017-09-30,ALMENDRAL
Activos biológicos corrientes,-,CLP,2017-09-30,ALMENDRAL
"Activos por impuestos corrientes, corrientes",108.501.513,CLP,2017-09-30,ALMENDRAL
Total de activos corrientes distintos de los activo o grupos de activos para su disposición clasificados como mantenidos para la venta o como mantenidos para distribuir a los propietarios,739.389.538,CLP,2017-09-30,ALMENDRAL
Activos no corrientes o grupos de activos para su disposición clasificados como mantenidos para la venta o como mantenidos para distribuir a los propietarios,-,CLP,2017-09-30,ALMENDRAL
Activos corrientes totales,739.389.538,CLP,2017-09-30,ALMENDRAL
Otros activos financieros no corrientes,60.957.846,CLP,2017-09-30,ALMENDRAL
Otros activos no financieros no corrientes,5.652.886,CLP,2017-09-30,ALMENDRAL
Cuentas por cobrar no corrientes,6.975.070,CLP,2017-09-30,ALMENDRAL
"Cuentas por cobrar a entidades relacionadas, no corrientes",-,CLP,2017-09-30,ALMENDRAL
"Inventarios, no corrientes",-,CLP,2017-09-30,ALMENDRAL
Inversiones contabilizadas utilizando el método de la participación,-,CLP,2017-09-30,ALMENDRAL
Activos intangibles distintos de la plusvalía,509.293.672,CLP,2017-09-30,ALMENDRAL
Plusvalía,92.410.666,CLP,2017-09-30,ALMENDRAL
"Propiedades, planta y equipo",1.850.632.880,CLP,2017-09-30,ALMENDRAL
Activos biológicos no corrientes,-,CLP,2017-09-30,ALMENDRAL
Propiedad de inversión,1.925.954,CLP,2017-09-30,ALMENDRAL
"Activos por impuestos corrientes, no corrientes",107.676.008,CLP,2017-09-30,ALMENDRAL
Activos por impuestos diferidos,411.083.164,CLP,2017-09-30,ALMENDRAL
Total de activos no corrientes,3.046.608.146,CLP,2017-09-30,ALMENDRAL
Total de activos,3.785.997.684,CLP,2017-09-30,ALMENDRAL
Otros pasivos financieros corrientes,33.127.088,CLP,2017-09-30,ALMENDRAL
Cuentas por pagar comerciales y otras cuentas por pagar,487.316.955,CLP,2017-09-30,ALMENDRAL
"Cuentas por pagar a entidades relacionadas, corrientes",-,CLP,2017-09-30,ALMENDRAL
Otras provisiones a corto plazo,6.379.376,CLP,2017-09-30,ALMENDRAL
"Pasivos por impuestos corrientes, corrientes",254.957,CLP,2017-09-30,ALMENDRAL
Provisiones corrientes por beneficios a los empleados,-,CLP,2017-09-30,ALMENDRAL
Otros pasivos no financieros corrientes,32.334.090,CLP,2017-09-30,ALMENDRAL
Total de pasivos corrientes distintos de los pasivos incluidos en grupos de activos para su disposición clasificados como mantenidos para la venta,559.412.466,CLP,2017-09-30,ALMENDRAL
Pasivos incluidos en grupos de activos para su disposición clasificados como mantenidos para la venta,-,CLP,2017-09-30,ALMENDRAL
Pasivos corrientes totales,559.412.466,CLP,2017-09-30,ALMENDRAL
Otros pasivos financieros no corrientes,1.690.317.225,CLP,2017-09-30,ALMENDRAL
Cuentas por pagar no corrientes,-,CLP,2017-09-30,ALMENDRAL
"Cuentas por pagar a entidades relacionadas, no corrientes",403.372,CLP,2017-09-30,ALMENDRAL
Otras provisiones a largo plazo,35.978.762,CLP,2017-09-30,ALMENDRAL
Pasivo por impuestos diferidos,51.837.267,CLP,2017-09-30,ALMENDRAL
"Pasivos por impuestos corrientes, no corrientes",-,CLP,2017-09-30,ALMENDRAL
Provisiones no corrientes por beneficios a los empleados,10.196.859,CLP,2017-09-30,ALMENDRAL
Otros pasivos no financieros no corrientes,6.735.596,CLP,2017-09-30,ALMENDRAL
Total de pasivos no corrientes,1.795.469.081,CLP,2017-09-30,ALMENDRAL
Total de pasivos,2.354.881.547,CLP,2017-09-30,ALMENDRAL
Capital emitido,550.889.625,CLP,2017-09-30,ALMENDRAL
Ganancias (pérdidas) acumuladas,372.313.107,CLP,2017-09-30,ALMENDRAL
Prima de emisión,-,CLP,2017-09-30,ALMENDRAL
Acciones propias en cartera,-,CLP,2017-09-30,ALMENDRAL
Otras participaciones en el patrimonio,-,CLP,2017-09-30,ALMENDRAL
Otras reservas,-64.522.445,CLP,2017-09-30,ALMENDRAL
Patrimonio atribuible a los propietarios de la controladora,858.680.287,CLP,2017-09-30,ALMENDRAL
Participaciones no controladoras,572.435.850,CLP,2017-09-30,ALMENDRAL
Patrimonio total,1.431.116.137,CLP,2017-09-30,ALMENDRAL
Total de patrimonio y pasivos,3.785.997.684,CLP,2017-09-30,ALMENDRAL
Efectivo y equivalentes al efectivo,165.227.965,CLP,2017-12-31,ALMENDRAL
Otros activos financieros corrientes,2.118.672,CLP,2017-12-31,ALMENDRAL
Otros activos no financieros corrientes,33.995.013,CLP,2017-12-31,ALMENDRAL
Deudores comerciales y otras cuentas por cobrar corrientes,346.477.465,CLP,2017-12-31,ALMENDRAL
"Cuentas por cobrar a entidades relacionadas, corrientes",428.685,CLP,2017-12-31,ALMENDRAL
Inventarios corrientes,96.928.834,CLP,2017-12-31,ALMENDRAL
Activos biológicos corrientes,-,CLP,2017-12-31,ALMENDRAL
"Activos por impuestos corrientes, corrientes",120.128.325,CLP,2017-12-31,ALMENDRAL
Total de activos corrientes distintos de los activo o grupos de activos para su disposición clasificados como mantenidos para la venta o como mantenidos para distribuir a los propietarios,765.304.959,CLP,2017-12-31,ALMENDRAL
Activos no corrientes o grupos de activos para su disposición clasificados como mantenidos para la venta o como mantenidos para distribuir a los propietarios,-,CLP,2017-12-31,ALMENDRAL
Activos corrientes totales,765.304.959,CLP,2017-12-31,ALMENDRAL
Otros activos financieros no corrientes,36.517.409,CLP,2017-12-31,ALMENDRAL
Otros activos no financieros no corrientes,5.899.514,CLP,2017-12-31,ALMENDRAL
Cuentas por cobrar no corrientes,5.140.856,CLP,2017-12-31,ALMENDRAL
"Cuentas por cobrar a entidades relacionadas, no corrientes",-,CLP,2017-12-31,ALMENDRAL
"Inventarios, no corrientes",-,CLP,2017-12-31,ALMENDRAL
Inversiones contabilizadas utilizando el método de la participación,-,CLP,2017-12-31,ALMENDRAL
Activos intangibles distintos de la plusvalía,498.177.681,CLP,2017-12-31,ALMENDRAL
Plusvalía,92.373.742,CLP,2017-12-31,ALMENDRAL
"Propiedades, planta y equipo",1.876.557.437,CLP,2017-12-31,ALMENDRAL
Activos biológicos no corrientes,-,CLP,2017-12-31,ALMENDRAL
Propiedad de inversión,1.925.955,CLP,2017-12-31,ALMENDRAL
"Activos por impuestos corrientes, no corrientes",111.376.114,CLP,2017-12-31,ALMENDRAL
Activos por impuestos diferidos,403.703.851,CLP,2017-12-31,ALMENDRAL
Total de activos no corrientes,3.031.672.559,CLP,2017-12-31,ALMENDRAL
Total de activos,3.796.977.518,CLP,2017-12-31,ALMENDRAL
Otros pasivos financieros corrientes,36.661.367,CLP,2017-12-31,ALMENDRAL
Cuentas por pagar comerciales y otras cuentas por pagar,544.114.685,CLP,2017-12-31,ALMENDRAL
"Cuentas por pagar a entidades relacionadas, corrientes",-,CLP,2017-12-31,ALMENDRAL
Otras provisiones a corto plazo,7.475.858,CLP,2017-12-31,ALMENDRAL
"Pasivos por impuestos corrientes, corrientes",355.884,CLP,2017-12-31,ALMENDRAL
Provisiones corrientes por beneficios a los empleados,-,CLP,2017-12-31,ALMENDRAL
Otros pasivos no financieros corrientes,33.988.534,CLP,2017-12-31,ALMENDRAL
Total de pasivos corrientes distintos de los pasivos incluidos en grupos de activos para su disposición clasificados como mantenidos para la venta,622.596.328,CLP,2017-12-31,ALMENDRAL
Pasivos incluidos en grupos de activos para su disposición clasificados como mantenidos para la venta,-,CLP,2017-12-31,ALMENDRAL
Pasivos corrientes totales,622.596.328,CLP,2017-12-31,ALMENDRAL
Otros pasivos financieros no corrientes,1.660.324.141,CLP,2017-12-31,ALMENDRAL
Cuentas por pagar no corrientes,-,CLP,2017-12-31,ALMENDRAL
"Cuentas por pagar a entidades relacionadas, no corrientes",405.512,CLP,2017-12-31,ALMENDRAL
Otras provisiones a largo plazo,36.481.730,CLP,2017-12-31,ALMENDRAL
Pasivo por impuestos diferidos,57.577.464,CLP,2017-12-31,ALMENDRAL
"Pasivos por impuestos corrientes, no corrientes",-,CLP,2017-12-31,ALMENDRAL
Provisiones no corrientes por beneficios a los empleados,12.171.468,CLP,2017-12-31,ALMENDRAL
Otros pasivos no financieros no corrientes,5.684.388,CLP,2017-12-31,ALMENDRAL
Total de pasivos no corrientes,1.772.644.703,CLP,2017-12-31,ALMENDRAL
Total de pasivos,2.395.241.031,CLP,2017-12-31,ALMENDRAL
Capital emitido,550.889.625,CLP,2017-12-31,ALMENDRAL
Ganancias (pérdidas) acumuladas,373.280.177,CLP,2017-12-31,ALMENDRAL
Prima de emisión,-,CLP,2017-12-31,ALMENDRAL
Acciones propias en cartera,-,CLP,2017-12-31,ALMENDRAL
Otras participaciones en el patrimonio,-,CLP,2017-12-31,ALMENDRAL
Otras reservas,-81.476.230,CLP,2017-12-31,ALMENDRAL
Patrimonio atribuible a los propietarios de la controladora,842.693.572,CLP,2017-12-31,ALMENDRAL
Participaciones no controladoras,559.042.915,CLP,2017-12-31,ALMENDRAL
Patrimonio total,1.401.736.487,CLP,2017-12-31,ALMENDRAL
Total de patrimonio y pasivos,3.796.977.518,CLP,2017-12-31,ALMENDRAL
Efectivo y equivalentes al efectivo,69.019.520,CLP,2018-03-31,ALMENDRAL
Otros activos financieros corrientes,1.520.074,CLP,2018-03-31,ALMENDRAL
Otros activos no financieros corrientes,97.613.254,CLP,2018-03-31,ALMENDRAL
Deudores comerciales y otras cuentas por cobrar corrientes,394.106.095,CLP,2018-03-31,ALMENDRAL
"Cuentas por cobrar a entidades relacionadas, corrientes",286.120,CLP,2018-03-31,ALMENDRAL
Inventarios corrientes,100.329.379,CLP,2018-03-31,ALMENDRAL
Activos biológicos corrientes,-,CLP,2018-03-31,ALMENDRAL
"Activos por impuestos corrientes, corrientes",144.453.051,CLP,2018-03-31,ALMENDRAL
Total de activos corrientes distintos de los activo o grupos de activos para su disposición clasificados como mantenidos para la venta o como mantenidos para distribuir a los propietarios,807.327.493,CLP,2018-03-31,ALMENDRAL
Activos no corrientes o grupos de activos para su disposición clasificados como mantenidos para la venta o como mantenidos para distribuir a los propietarios,-,CLP,2018-03-31,ALMENDRAL
Activos corrientes totales,807.327.493,CLP,2018-03-31,ALMENDRAL
Otros activos financieros no corrientes,20.890.930,CLP,2018-03-31,ALMENDRAL
Otros activos no financieros no corrientes,14.867.191,CLP,2018-03-31,ALMENDRAL
Cuentas por cobrar no corrientes,10.327.956,CLP,2018-03-31,ALMENDRAL
"Cuentas por cobrar a entidades relacionadas, no corrientes",-,CLP,2018-03-31,ALMENDRAL
"Inventarios, no corrientes",-,CLP,2018-03-31,ALMENDRAL
Inversiones contabilizadas utilizando el método de la participación,-,CLP,2018-03-31,ALMENDRAL
Activos intangibles distintos de la plusvalía,492.238.053,CLP,2018-03-31,ALMENDRAL
Plusvalía,92.357.935,CLP,2018-03-31,ALMENDRAL
"Propiedades, planta y equipo",1.880.228.952,CLP,2018-03-31,ALMENDRAL
Activos biológicos no corrientes,-,CLP,2018-03-31,ALMENDRAL
Propiedad de inversión,1.925.954,CLP,2018-03-31,ALMENDRAL
"Activos por impuestos corrientes, no corrientes",112.995.568,CLP,2018-03-31,ALMENDRAL
Activos por impuestos diferidos,408.901.436,CLP,2018-03-31,ALMENDRAL
Total de activos no corrientes,3.034.733.975,CLP,2018-03-31,ALMENDRAL
Total de activos,3.842.061.468,CLP,2018-03-31,ALMENDRAL
Otros pasivos financieros corrientes,39.156.836,CLP,2018-03-31,ALMENDRAL
Cuentas por pagar comerciales y otras cuentas por pagar,465.165.139,CLP,2018-03-31,ALMENDRAL
"Cuentas por pagar a entidades relacionadas, corrientes",-,CLP,2018-03-31,ALMENDRAL
Otras provisiones a corto plazo,7.380.643,CLP,2018-03-31,ALMENDRAL
"Pasivos por impuestos corrientes, corrientes",1.537.698,CLP,2018-03-31,ALMENDRAL
Provisiones corrientes por beneficios a los empleados,-,CLP,2018-03-31,ALMENDRAL
Otros pasivos no financieros corrientes,33.502.124,CLP,2018-03-31,ALMENDRAL
Total de pasivos corrientes distintos de los pasivos incluidos en grupos de activos para su disposición clasificados como mantenidos para la venta,546.742.440,CLP,2018-03-31,ALMENDRAL
Pasivos incluidos en grupos de activos para su disposición clasificados como mantenidos para la venta,-,CLP,2018-03-31,ALMENDRAL
Pasivos corrientes totales,546.742.440,CLP,2018-03-31,ALMENDRAL
Otros pasivos financieros no corrientes,1.680.588.278,CLP,2018-03-31,ALMENDRAL
Cuentas por pagar no corrientes,-,CLP,2018-03-31,ALMENDRAL
"Cuentas por pagar a entidades relacionadas, no corrientes",408.063,CLP,2018-03-31,ALMENDRAL
Otras provisiones a largo plazo,37.054.437,CLP,2018-03-31,ALMENDRAL
Pasivo por impuestos diferidos,98.850.844,CLP,2018-03-31,ALMENDRAL
"Pasivos por impuestos corrientes, no corrientes",-,CLP,2018-03-31,ALMENDRAL
Provisiones no corrientes por beneficios a los empleados,12.323.164,CLP,2018-03-31,ALMENDRAL
Otros pasivos no financieros no corrientes,4.775.861,CLP,2018-03-31,ALMENDRAL
Total de pasivos no corrientes,1.834.000.647,CLP,2018-03-31,ALMENDRAL
Total de pasivos,2.380.743.087,CLP,2018-03-31,ALMENDRAL
Capital emitido,550.889.625,CLP,2018-03-31,ALMENDRAL
Ganancias (pérdidas) acumuladas,427.615.752,CLP,2018-03-31,ALMENDRAL
Prima de emisión,-,CLP,2018-03-31,ALMENDRAL
Acciones propias en cartera,-,CLP,2018-03-31,ALMENDRAL
Otras participaciones en el patrimonio,-,CLP,2018-03-31,ALMENDRAL
Otras reservas,-103.561.291,CLP,2018-03-31,ALMENDRAL
Patrimonio atribuible a los propietarios de la controladora,874.944.086,CLP,2018-03-31,ALMENDRAL
Participaciones no controladoras,586.374.295,CLP,2018-03-31,ALMENDRAL
Patrimonio total,1.461.318.381,CLP,2018-03-31,ALMENDRAL
Total de patrimonio y pasivos,3.842.061.468,CLP,2018-03-31,ALMENDRAL
Efectivo y equivalentes al efectivo,50.811.598,CLP,2018-06-30,ALMENDRAL
Otros activos financieros corrientes,9.093.351,CLP,2018-06-30,ALMENDRAL
Otros activos no financieros corrientes,98.861.064,CLP,2018-06-30,ALMENDRAL
Deudores comerciales y otras cuentas por cobrar corrientes,408.712.105,CLP,2018-06-30,ALMENDRAL
"Cuentas por cobrar a entidades relacionadas, corrientes",412.216,CLP,2018-06-30,ALMENDRAL
Inventarios corrientes,109.569.695,CLP,2018-06-30,ALMENDRAL
Activos biológicos corrientes,-,CLP,2018-06-30,ALMENDRAL
"Activos por impuestos corrientes, corrientes",75.176.053,CLP,2018-06-30,ALMENDRAL
Total de activos corrientes distintos de los activo o grupos de activos para su disposición clasificados como mantenidos para la venta o como mantenidos para distribuir a los propietarios,752.636.082,CLP,2018-06-30,ALMENDRAL
Activos no corrientes o grupos de activos para su disposición clasificados como mantenidos para la venta o como mantenidos para distribuir a los propietarios,-,CLP,2018-06-30,ALMENDRAL
Activos corrientes totales,752.636.082,CLP,2018-06-30,ALMENDRAL
Otros activos financieros no corrientes,41.267.222,CLP,2018-06-30,ALMENDRAL
Otros activos no financieros no corrientes,16.171.732,CLP,2018-06-30,ALMENDRAL
Cuentas por cobrar no corrientes,11.048.016,CLP,2018-06-30,ALMENDRAL
"Cuentas por cobrar a entidades relacionadas, no corrientes",-,CLP,2018-06-30,ALMENDRAL
"Inventarios, no corrientes",-,CLP,2018-06-30,ALMENDRAL
Inversiones contabilizadas utilizando el método de la participación,-,CLP,2018-06-30,ALMENDRAL
Activos intangibles distintos de la plusvalía,507.850.939,CLP,2018-06-30,ALMENDRAL
Plusvalía,92.429.094,CLP,2018-06-30,ALMENDRAL
"Propiedades, planta y equipo",1.944.999.469,CLP,2018-06-30,ALMENDRAL
Activos biológicos no corrientes,-,CLP,2018-06-30,ALMENDRAL
Propiedad de inversión,1.932.184,CLP,2018-06-30,ALMENDRAL
"Activos por impuestos corrientes, no corrientes",125.428.961,CLP,2018-06-30,ALMENDRAL
Activos por impuestos diferidos,439.202.735,CLP,2018-06-30,ALMENDRAL
Total de activos no corrientes,3.180.330.352,CLP,2018-06-30,ALMENDRAL
Total de activos,3.932.966.434,CLP,2018-06-30,ALMENDRAL
Otros pasivos financieros corrientes,22.031.646,CLP,2018-06-30,ALMENDRAL
Cuentas por pagar comerciales y otras cuentas por pagar,480.763.948,CLP,2018-06-30,ALMENDRAL
"Cuentas por pagar a entidades relacionadas, corrientes",207.234,CLP,2018-06-30,ALMENDRAL
Otras provisiones a corto plazo,7.473.084,CLP,2018-06-30,ALMENDRAL
"Pasivos por impuestos corrientes, corrientes",1.871.356,CLP,2018-06-30,ALMENDRAL
Provisiones corrientes por beneficios a los empleados,-,CLP,2018-06-30,ALMENDRAL
Otros pasivos no financieros corrientes,33.115.031,CLP,2018-06-30,ALMENDRAL
Total de pasivos corrientes distintos de los pasivos incluidos en grupos de activos para su disposición clasificados como mantenidos para la venta,545.462.299,CLP,2018-06-30,ALMENDRAL
Pasivos incluidos en grupos de activos para su disposición clasificados como mantenidos para la venta,-,CLP,2018-06-30,ALMENDRAL
Pasivos corrientes totales,545.462.299,CLP,2018-06-30,ALMENDRAL
Otros pasivos financieros no corrientes,1.742.515.297,CLP,2018-06-30,ALMENDRAL
Cuentas por pagar no corrientes,-,CLP,2018-06-30,ALMENDRAL
"Cuentas por pagar a entidades relacionadas, no corrientes",410.967,CLP,2018-06-30,ALMENDRAL
Otras provisiones a largo plazo,40.677.181,CLP,2018-06-30,ALMENDRAL
Pasivo por impuestos diferidos,98.973.810,CLP,2018-06-30,ALMENDRAL
"Pasivos por impuestos corrientes, no corrientes",-,CLP,2018-06-30,ALMENDRAL
Provisiones no corrientes por beneficios a los empleados,12.336.876,CLP,2018-06-30,ALMENDRAL
Otros pasivos no financieros no corrientes,4.920.463,CLP,2018-06-30,ALMENDRAL
Total de pasivos no corrientes,1.899.834.594,CLP,2018-06-30,ALMENDRAL
Total de pasivos,2.445.296.893,CLP,2018-06-30,ALMENDRAL
Capital emitido,550.889.625,CLP,2018-06-30,ALMENDRAL
Ganancias (pérdidas) acumuladas,413.611.676,CLP,2018-06-30,ALMENDRAL
Prima de emisión,-,CLP,2018-06-30,ALMENDRAL
Acciones propias en cartera,-,CLP,2018-06-30,ALMENDRAL
Otras participaciones en el patrimonio,-,CLP,2018-06-30,ALMENDRAL
Otras reservas,-75.504.577,CLP,2018-06-30,ALMENDRAL
Patrimonio atribuible a los propietarios de la controladora,888.996.724,CLP,2018-06-30,ALMENDRAL
Participaciones no controladoras,598.672.817,CLP,2018-06-30,ALMENDRAL
Patrimonio total,1.487.669.541,CLP,2018-06-30,ALMENDRAL
Total de patrimonio y pasivos,3.932.966.434,CLP,2018-06-30,ALMENDRAL
Efectivo y equivalentes al efectivo,27.444.524,CLP,2018-09-30,ALMENDRAL
Otros activos financieros corrientes,9.713.472,CLP,2018-09-30,ALMENDRAL
Otros activos no financieros corrientes,101.701.060,CLP,2018-09-30,ALMENDRAL
Deudores comerciales y otras cuentas por cobrar corrientes,432.893.340,CLP,2018-09-30,ALMENDRAL
"Cuentas por cobrar a entidades relacionadas, corrientes",316.903,CLP,2018-09-30,ALMENDRAL
Inventarios corrientes,97.852.007,CLP,2018-09-30,ALMENDRAL
Activos biológicos corrientes,-,CLP,2018-09-30,ALMENDRAL
"Activos por impuestos corrientes, corrientes",80.928.634,CLP,2018-09-30,ALMENDRAL
Total de activos corrientes distintos de los activo o grupos de activos para su disposición clasificados como mantenidos para la venta o como mantenidos para distribuir a los propietarios,750.849.940,CLP,2018-09-30,ALMENDRAL
Activos no corrientes o grupos de activos para su disposición clasificados como mantenidos para la venta o como mantenidos para distribuir a los propietarios,-,CLP,2018-09-30,ALMENDRAL
Activos corrientes totales,750.849.940,CLP,2018-09-30,ALMENDRAL
Otros activos financieros no corrientes,41.663.127,CLP,2018-09-30,ALMENDRAL
Otros activos no financieros no corrientes,16.572.113,CLP,2018-09-30,ALMENDRAL
Cuentas por cobrar no corrientes,14.173.406,CLP,2018-09-30,ALMENDRAL
"Cuentas por cobrar a entidades relacionadas, no corrientes",-,CLP,2018-09-30,ALMENDRAL
"Inventarios, no corrientes",-,CLP,2018-09-30,ALMENDRAL
Inversiones contabilizadas utilizando el método de la participación,-,CLP,2018-09-30,ALMENDRAL
Activos intangibles distintos de la plusvalía,508.006.190,CLP,2018-09-30,ALMENDRAL
Plusvalía,92.441.189,CLP,2018-09-30,ALMENDRAL
"Propiedades, planta y equipo",1.981.687.419,CLP,2018-09-30,ALMENDRAL
Activos biológicos no corrientes,-,CLP,2018-09-30,ALMENDRAL
Propiedad de inversión,1.932.183,CLP,2018-09-30,ALMENDRAL
"Activos por impuestos corrientes, no corrientes",130.085.904,CLP,2018-09-30,ALMENDRAL
Activos por impuestos diferidos,447.902.435,CLP,2018-09-30,ALMENDRAL
Total de activos no corrientes,3.234.463.966,CLP,2018-09-30,ALMENDRAL
Total de activos,3.985.313.906,CLP,2018-09-30,ALMENDRAL
Otros pasivos financieros corrientes,25.753.079,CLP,2018-09-30,ALMENDRAL
Cuentas por pagar comerciales y otras cuentas por pagar,516.546.056,CLP,2018-09-30,ALMENDRAL
"Cuentas por pagar a entidades relacionadas, corrientes",162.198,CLP,2018-09-30,ALMENDRAL
Otras provisiones a corto plazo,7.505.669,CLP,2018-09-30,ALMENDRAL
"Pasivos por impuestos corrientes, corrientes",5.939.566,CLP,2018-09-30,ALMENDRAL
Provisiones corrientes por beneficios a los empleados,-,CLP,2018-09-30,ALMENDRAL
Otros pasivos no financieros corrientes,31.902.889,CLP,2018-09-30,ALMENDRAL
Total de pasivos corrientes distintos de los pasivos incluidos en grupos de activos para su disposición clasificados como mantenidos para la venta,587.809.457,CLP,2018-09-30,ALMENDRAL
Pasivos incluidos en grupos de activos para su disposición clasificados como mantenidos para la venta,-,CLP,2018-09-30,ALMENDRAL
Pasivos corrientes totales,587.809.457,CLP,2018-09-30,ALMENDRAL
Otros pasivos financieros no corrientes,1.767.275.252,CLP,2018-09-30,ALMENDRAL
Cuentas por pagar no corrientes,-,CLP,2018-09-30,ALMENDRAL
"Cuentas por pagar a entidades relacionadas, no corrientes",413.973,CLP,2018-09-30,ALMENDRAL
Otras provisiones a largo plazo,41.102.314,CLP,2018-09-30,ALMENDRAL
Pasivo por impuestos diferidos,97.057.503,CLP,2018-09-30,ALMENDRAL
"Pasivos por impuestos corrientes, no corrientes",-,CLP,2018-09-30,ALMENDRAL
Provisiones no corrientes por beneficios a los empleados,8.758.889,CLP,2018-09-30,ALMENDRAL
Otros pasivos no financieros no corrientes,4.287.281,CLP,2018-09-30,ALMENDRAL
Total de pasivos no corrientes,1.918.895.212,CLP,2018-09-30,ALMENDRAL
Total de pasivos,2.506.704.669,CLP,2018-09-30,ALMENDRAL
Capital emitido,550.889.625,CLP,2018-09-30,ALMENDRAL
Ganancias (pérdidas) acumuladas,409.890.586,CLP,2018-09-30,ALMENDRAL
Prima de emisión,-,CLP,2018-09-30,ALMENDRAL
Acciones propias en cartera,-,CLP,2018-09-30,ALMENDRAL
Otras participaciones en el patrimonio,-,CLP,2018-09-30,ALMENDRAL
Otras reservas,-77.128.953,CLP,2018-09-30,ALMENDRAL
Patrimonio atribuible a los propietarios de la controladora,883.651.258,CLP,2018-09-30,ALMENDRAL
Participaciones no controladoras,594.957.979,CLP,2018-09-30,ALMENDRAL
Patrimonio total,1.478.609.237,CLP,2018-09-30,ALMENDRAL
Total de patrimonio y pasivos,3.985.313.906,CLP,2018-09-30,ALMENDRAL
Efectivo y equivalentes al efectivo,89.681.760,CLP,2018-12-31,ALMENDRAL
Otros activos financieros corrientes,17.161.830,CLP,2018-12-31,ALMENDRAL
Otros activos no financieros corrientes,108.929.263,CLP,2018-12-31,ALMENDRAL
Deudores comerciales y otras cuentas por cobrar corrientes,439.959.684,CLP,2018-12-31,ALMENDRAL
"Cuentas por cobrar a entidades relacionadas, corrientes",404.516,CLP,2018-12-31,ALMENDRAL
Inventarios corrientes,120.229.703,CLP,2018-12-31,ALMENDRAL
Activos biológicos corrientes,-,CLP,2018-12-31,ALMENDRAL
"Activos por impuestos corrientes, corrientes",52.889.078,CLP,2018-12-31,ALMENDRAL
Total de activos corrientes distintos de los activo o grupos de activos para su disposición clasificados como mantenidos para la venta o como mantenidos para distribuir a los propietarios,829.255.834,CLP,2018-12-31,ALMENDRAL
Activos no corrientes o grupos de activos para su disposición clasificados como mantenidos para la venta o como mantenidos para distribuir a los propietarios,-,CLP,2018-12-31,ALMENDRAL
Activos corrientes totales,829.255.834,CLP,2018-12-31,ALMENDRAL
Otros activos financieros no corrientes,87.538.958,CLP,2018-12-31,ALMENDRAL
Otros activos no financieros no corrientes,159.630.557,CLP,2018-12-31,ALMENDRAL
Cuentas por cobrar no corrientes,11.966.529,CLP,2018-12-31,ALMENDRAL
"Cuentas por cobrar a entidades relacionadas, no corrientes",-,CLP,2018-12-31,ALMENDRAL
"Inventarios, no corrientes",-,CLP,2018-12-31,ALMENDRAL
Inversiones contabilizadas utilizando el método de la participación,-,CLP,2018-12-31,ALMENDRAL
Activos intangibles distintos de la plusvalía,514.223.105,CLP,2018-12-31,ALMENDRAL
Plusvalía,92.480.417,CLP,2018-12-31,ALMENDRAL
"Propiedades, planta y equipo",2.035.157.709,CLP,2018-12-31,ALMENDRAL
Activos biológicos no corrientes,-,CLP,2018-12-31,ALMENDRAL
Propiedad de inversión,1.420.939,CLP,2018-12-31,ALMENDRAL
"Activos por impuestos corrientes, no corrientes",2.366.841,CLP,2018-12-31,ALMENDRAL
Activos por impuestos diferidos,495.713.674,CLP,2018-12-31,ALMENDRAL
Total de activos no corrientes,3.400.498.729,CLP,2018-12-31,ALMENDRAL
Total de activos,4.229.754.563,CLP,2018-12-31,ALMENDRAL
Otros pasivos financieros corrientes,20.739.206,CLP,2018-12-31,ALMENDRAL
Cuentas por pagar comerciales y otras cuentas por pagar,553.820.000,CLP,2018-12-31,ALMENDRAL
"Cuentas por pagar a entidades relacionadas, corrientes",298.309,CLP,2018-12-31,ALMENDRAL
Otras provisiones a corto plazo,8.571.929,CLP,2018-12-31,ALMENDRAL
"Pasivos por impuestos corrientes, corrientes",43.435.700,CLP,2018-12-31,ALMENDRAL
Provisiones corrientes por beneficios a los empleados,-,CLP,2018-12-31,ALMENDRAL
Otros pasivos no financieros corrientes,32.238.501,CLP,2018-12-31,ALMENDRAL
Total de pasivos corrientes distintos de los pasivos incluidos en grupos de activos para su disposición clasificados como mantenidos para la venta,659.103.645,CLP,2018-12-31,ALMENDRAL
Pasivos incluidos en grupos de activos para su disposición clasificados como mantenidos para la venta,-,CLP,2018-12-31,ALMENDRAL
Pasivos corrientes totales,659.103.645,CLP,2018-12-31,ALMENDRAL
Otros pasivos financieros no corrientes,1.864.445.261,CLP,2018-12-31,ALMENDRAL
Cuentas por pagar no corrientes,-,CLP,2018-12-31,ALMENDRAL
"Cuentas por pagar a entidades relacionadas, no corrientes",417.125,CLP,2018-12-31,ALMENDRAL
Otras provisiones a largo plazo,44.054.481,CLP,2018-12-31,ALMENDRAL
Pasivo por impuestos diferidos,117.722.682,CLP,2018-12-31,ALMENDRAL
"Pasivos por impuestos corrientes, no corrientes",-,CLP,2018-12-31,ALMENDRAL
Provisiones no corrientes por beneficios a los empleados,13.189.192,CLP,2018-12-31,ALMENDRAL
Otros pasivos no financieros no corrientes,4.565.159,CLP,2018-12-31,ALMENDRAL
Total de pasivos no corrientes,2.044.393.900,CLP,2018-12-31,ALMENDRAL
Total de pasivos,2.703.497.545,CLP,2018-12-31,ALMENDRAL
Capital emitido,550.889.625,CLP,2018-12-31,ALMENDRAL
Ganancias (pérdidas) acumuladas,411.913.860,CLP,2018-12-31,ALMENDRAL
Prima de emisión,-,CLP,2018-12-31,ALMENDRAL
Acciones propias en cartera,-,CLP,2018-12-31,ALMENDRAL
Otras participaciones en el patrimonio,-,CLP,2018-12-31,ALMENDRAL
Otras reservas,-53.405.831,CLP,2018-12-31,ALMENDRAL
Patrimonio atribuible a los propietarios de la controladora,909.397.654,CLP,2018-12-31,ALMENDRAL
Participaciones no controladoras,616.859.364,CLP,2018-12-31,ALMENDRAL
Patrimonio total,1.526.257.018,CLP,2018-12-31,ALMENDRAL
Total de patrimonio y pasivos,4.229.754.563,CLP,2018-12-31,ALMENDRAL
Efectivo y equivalentes al efectivo,52.287.861,CLP,2019-03-31,ALMENDRAL
Otros activos financieros corrientes,11.686.201,CLP,2019-03-31,ALMENDRAL
Otros activos no financieros corrientes,96.573.538,CLP,2019-03-31,ALMENDRAL
Deudores comerciales y otras cuentas por cobrar corrientes,420.796.970,CLP,2019-03-31,ALMENDRAL
"Cuentas por cobrar a entidades relacionadas, corrientes",578.963,CLP,2019-03-31,ALMENDRAL
Inventarios corrientes,113.361.158,CLP,2019-03-31,ALMENDRAL
Activos biológicos corrientes,-,CLP,2019-03-31,ALMENDRAL
"Activos por impuestos corrientes, corrientes",52.427.562,CLP,2019-03-31,ALMENDRAL
Total de activos corrientes distintos de los activo o grupos de activos para su disposición clasificados como mantenidos para la venta o como mantenidos para distribuir a los propietarios,747.712.253,CLP,2019-03-31,ALMENDRAL
Activos no corrientes o grupos de activos para su disposición clasificados como mantenidos para la venta o como mantenidos para distribuir a los propietarios,-,CLP,2019-03-31,ALMENDRAL
Activos corrientes totales,747.712.253,CLP,2019-03-31,ALMENDRAL
Otros activos financieros no corrientes,71.034.869,CLP,2019-03-31,ALMENDRAL
Otros activos no financieros no corrientes,156.576.465,CLP,2019-03-31,ALMENDRAL
Cuentas por cobrar no corrientes,10.081.204,CLP,2019-03-31,ALMENDRAL
"Cuentas por cobrar a entidades relacionadas, no corrientes",-,CLP,2019-03-31,ALMENDRAL
"Inventarios, no corrientes",-,CLP,2019-03-31,ALMENDRAL
Inversiones contabilizadas utilizando el método de la participación,-,CLP,2019-03-31,ALMENDRAL
Activos intangibles distintos de la plusvalía,509.124.986,CLP,2019-03-31,ALMENDRAL
Plusvalía,92.468.385,CLP,2019-03-31,ALMENDRAL
"Propiedades, planta y equipo",2.414.543.048,CLP,2019-03-31,ALMENDRAL
Activos biológicos no corrientes,-,CLP,2019-03-31,ALMENDRAL
Propiedad de inversión,1.420.939,CLP,2019-03-31,ALMENDRAL
"Activos por impuestos corrientes, no corrientes",1.025.677,CLP,2019-03-31,ALMENDRAL
Activos por impuestos diferidos,583.023.827,CLP,2019-03-31,ALMENDRAL
Total de activos no corrientes,3.839.299.400,CLP,2019-03-31,ALMENDRAL
Total de activos,4.587.011.653,CLP,2019-03-31,ALMENDRAL
Otros pasivos financieros corrientes,25.250.195,CLP,2019-03-31,ALMENDRAL
Cuentas por pagar comerciales y otras cuentas por pagar,533.015.105,CLP,2019-03-31,ALMENDRAL
"Cuentas por pagar a entidades relacionadas, corrientes",391.703,CLP,2019-03-31,ALMENDRAL
Otras provisiones a corto plazo,8.500.520,CLP,2019-03-31,ALMENDRAL
"Pasivos por impuestos corrientes, corrientes",45.357.635,CLP,2019-03-31,ALMENDRAL
Provisiones corrientes por beneficios a los empleados,-,CLP,2019-03-31,ALMENDRAL
Otros pasivos no financieros corrientes,30.706.997,CLP,2019-03-31,ALMENDRAL
Total de pasivos corrientes distintos de los pasivos incluidos en grupos de activos para su disposición clasificados como mantenidos para la venta,643.222.155,CLP,2019-03-31,ALMENDRAL
Pasivos incluidos en grupos de activos para su disposición clasificados como mantenidos para la venta,-,CLP,2019-03-31,ALMENDRAL
Pasivos corrientes totales,643.222.155,CLP,2019-03-31,ALMENDRAL
Otros pasivos financieros no corrientes,1.834.784.542,CLP,2019-03-31,ALMENDRAL
Cuentas por pagar no corrientes,300.256.319,CLP,2019-03-31,ALMENDRAL
"Cuentas por pagar a entidades relacionadas, no corrientes",417.125,CLP,2019-03-31,ALMENDRAL
Otras provisiones a largo plazo,42.246.619,CLP,2019-03-31,ALMENDRAL
Pasivo por impuestos diferidos,213.101.203,CLP,2019-03-31,ALMENDRAL
"Pasivos por impuestos corrientes, no corrientes",-,CLP,2019-03-31,ALMENDRAL
Provisiones no corrientes por beneficios a los empleados,13.288.363,CLP,2019-03-31,ALMENDRAL
Otros pasivos no financieros no corrientes,4.741.326,CLP,2019-03-31,ALMENDRAL
Total de pasivos no corrientes,2.408.835.497,CLP,2019-03-31,ALMENDRAL
Total de pasivos,3.052.057.652,CLP,2019-03-31,ALMENDRAL
Capital emitido y pagado,550.889.625,CLP,2019-03-31,ALMENDRAL
Ganancias (pérdidas) acumuladas,416.652.628,CLP,2019-03-31,ALMENDRAL
Prima de emisión,-,CLP,2019-03-31,ALMENDRAL
Acciones propias en cartera,-,CLP,2019-03-31,ALMENDRAL
Otras participaciones en el patrimonio,-,CLP,2019-03-31,ALMENDRAL
Otras reservas,-53.745.082,CLP,2019-03-31,ALMENDRAL
Patrimonio atribuible a los propietarios de la controladora,913.797.171,CLP,2019-03-31,ALMENDRAL
Participaciones no controladoras,621.156.830,CLP,2019-03-31,ALMENDRAL
Patrimonio total,1.534.954.001,CLP,2019-03-31,ALMENDRAL
Total de patrimonio y pasivos,4.587.011.653,CLP,2019-03-31,ALMENDRAL
Efectivo y equivalentes al efectivo,42.827.358,CLP,2019-06-30,ALMENDRAL
Otros activos financieros corrientes,9.321.125,CLP,2019-06-30,ALMENDRAL
Otros activos no financieros corrientes,90.920.226,CLP,2019-06-30,ALMENDRAL
Deudores comerciales y otras cuentas por cobrar corrientes,425.463.783,CLP,2019-06-30,ALMENDRAL
"Cuentas por cobrar a entidades relacionadas, corrientes",696.758,CLP,2019-06-30,ALMENDRAL
Inventarios corrientes,106.915.692,CLP,2019-06-30,ALMENDRAL
Activos biológicos corrientes,-,CLP,2019-06-30,ALMENDRAL
"Activos por impuestos corrientes, corrientes",43.914.422,CLP,2019-06-30,ALMENDRAL
Total de activos corrientes distintos de los activo o grupos de activos para su disposición clasificados como mantenidos para la venta o como mantenidos para distribuir a los propietarios,720.059.364,CLP,2019-06-30,ALMENDRAL
Activos no corrientes o grupos de activos para su disposición clasificados como mantenidos para la venta o como mantenidos para distribuir a los propietarios,-,CLP,2019-06-30,ALMENDRAL
Activos corrientes totales,720.059.364,CLP,2019-06-30,ALMENDRAL
Otros activos financieros no corrientes,68.419.593,CLP,2019-06-30,ALMENDRAL
Otros activos no financieros no corrientes,155.504.950,CLP,2019-06-30,ALMENDRAL
Cuentas por cobrar no corrientes,8.975.185,CLP,2019-06-30,ALMENDRAL
"Cuentas por cobrar a entidades relacionadas, no corrientes",-,CLP,2019-06-30,ALMENDRAL
"Inventarios, no corrientes",-,CLP,2019-06-30,ALMENDRAL
Inversiones contabilizadas utilizando el método de la participación,-,CLP,2019-06-30,ALMENDRAL
Activos intangibles distintos de la plusvalía,509.121.329,CLP,2019-06-30,ALMENDRAL
Plusvalía,92.479.712,CLP,2019-06-30,ALMENDRAL
"Propiedades, planta y equipo",2.453.803.011,CLP,2019-06-30,ALMENDRAL
Activos biológicos no corrientes,-,CLP,2019-06-30,ALMENDRAL
Propiedad de inversión,627.791,CLP,2019-06-30,ALMENDRAL
"Activos por impuestos corrientes, no corrientes",1.376.812,CLP,2019-06-30,ALMENDRAL
Activos por impuestos diferidos,594.859.213,CLP,2019-06-30,ALMENDRAL
Total de activos no corrientes,3.885.167.596,CLP,2019-06-30,ALMENDRAL
Total de activos,4.605.226.960,CLP,2019-06-30,ALMENDRAL
Otros pasivos financieros corrientes,58.831.884,CLP,2019-06-30,ALMENDRAL
Cuentas por pagar comerciales y otras cuentas por pagar,548.619.349,CLP,2019-06-30,ALMENDRAL
"Cuentas por pagar a entidades relacionadas, corrientes",237.547,CLP,2019-06-30,ALMENDRAL
Otras provisiones a corto plazo,8.531.447,CLP,2019-06-30,ALMENDRAL
"Pasivos por impuestos corrientes, corrientes",3.080.008,CLP,2019-06-30,ALMENDRAL
Provisiones corrientes por beneficios a los empleados,-,CLP,2019-06-30,ALMENDRAL
Otros pasivos no financieros corrientes,30.467.624,CLP,2019-06-30,ALMENDRAL
Total de pasivos corrientes distintos de los pasivos incluidos en grupos de activos para su disposición clasificados como mantenidos para la venta,649.767.859,CLP,2019-06-30,ALMENDRAL
Pasivos incluidos en grupos de activos para su disposición clasificados como mantenidos para la venta,-,CLP,2019-06-30,ALMENDRAL
Pasivos corrientes totales,649.767.859,CLP,2019-06-30,ALMENDRAL
Otros pasivos financieros no corrientes,1.844.307.315,CLP,2019-06-30,ALMENDRAL
Cuentas por pagar no corrientes,282.266.011,CLP,2019-06-30,ALMENDRAL
"Cuentas por pagar a entidades relacionadas, no corrientes",420.103,CLP,2019-06-30,ALMENDRAL
Otras provisiones a largo plazo,43.462.096,CLP,2019-06-30,ALMENDRAL
Pasivo por impuestos diferidos,220.323.960,CLP,2019-06-30,ALMENDRAL
"Pasivos por impuestos corrientes, no corrientes",-,CLP,2019-06-30,ALMENDRAL
Provisiones no corrientes por beneficios a los empleados,13.201.379,CLP,2019-06-30,ALMENDRAL
Otros pasivos no financieros no corrientes,5.626.276,CLP,2019-06-30,ALMENDRAL
Total de pasivos no corrientes,2.409.607.140,CLP,2019-06-30,ALMENDRAL
Total de pasivos,3.059.374.999,CLP,2019-06-30,ALMENDRAL
Capital emitido y pagado,550.889.625,CLP,2019-06-30,ALMENDRAL
Ganancias (pérdidas) acumuladas,418.276.727,CLP,2019-06-30,ALMENDRAL
Prima de emisión,-,CLP,2019-06-30,ALMENDRAL
Acciones propias en cartera,-,CLP,2019-06-30,ALMENDRAL
Otras participaciones en el patrimonio,-,CLP,2019-06-30,ALMENDRAL
Otras reservas,-49.741.674,CLP,2019-06-30,ALMENDRAL
Patrimonio atribuible a los propietarios de la controladora,919.424.678,CLP,2019-06-30,ALMENDRAL
Participaciones no controladoras,626.427.283,CLP,2019-06-30,ALMENDRAL
Patrimonio total,1.545.851.961,CLP,2019-06-30,ALMENDRAL
Total de patrimonio y pasivos,4.605.226.960,CLP,2019-06-30,ALMENDRAL
Efectivo y equivalentes al efectivo,51.151.456,CLP,2019-09-30,ALMENDRAL
Otros activos financieros corrientes,15.412.001,CLP,2019-09-30,ALMENDRAL
Otros activos no financieros corrientes,83.853.501,CLP,2019-09-30,ALMENDRAL
Deudores comerciales y otras cuentas por cobrar corrientes,443.445.575,CLP,2019-09-30,ALMENDRAL
"Cuentas por cobrar a entidades relacionadas, corrientes",330.077,CLP,2019-09-30,ALMENDRAL
Inventarios corrientes,101.965.201,CLP,2019-09-30,ALMENDRAL
Activos biológicos corrientes,-,CLP,2019-09-30,ALMENDRAL
"Activos por impuestos corrientes, corrientes",26.802.256,CLP,2019-09-30,ALMENDRAL
Total de activos corrientes distintos de los activo o grupos de activos para su disposición clasificados como mantenidos para la venta o como mantenidos para distribuir a los propietarios,722.960.067,CLP,2019-09-30,ALMENDRAL
Activos no corrientes o grupos de activos para su disposición clasificados como mantenidos para la venta o como mantenidos para distribuir a los propietarios,-,CLP,2019-09-30,ALMENDRAL
Activos corrientes totales,722.960.067,CLP,2019-09-30,ALMENDRAL
Otros activos financieros no corrientes,118.409.682,CLP,2019-09-30,ALMENDRAL
Otros activos no financieros no corrientes,166.071.660,CLP,2019-09-30,ALMENDRAL
Cuentas por cobrar no corrientes,7.645.628,CLP,2019-09-30,ALMENDRAL
"Cuentas por cobrar a entidades relacionadas, no corrientes",-,CLP,2019-09-30,ALMENDRAL
"Inventarios, no corrientes",-,CLP,2019-09-30,ALMENDRAL
Inversiones contabilizadas utilizando el método de la participación,-,CLP,2019-09-30,ALMENDRAL
Activos intangibles distintos de la plusvalía,520.004.200,CLP,2019-09-30,ALMENDRAL
Plusvalía,92.540.696,CLP,2019-09-30,ALMENDRAL
"Propiedades, planta y equipo",2.495.192.193,CLP,2019-09-30,ALMENDRAL
Activos biológicos no corrientes,-,CLP,2019-09-30,ALMENDRAL
Propiedad de inversión,627.791,CLP,2019-09-30,ALMENDRAL
"Activos por impuestos corrientes, no corrientes",1.745.342,CLP,2019-09-30,ALMENDRAL
Activos por impuestos diferidos,619.746.773,CLP,2019-09-30,ALMENDRAL
Total de activos no corrientes,4.021.983.965,CLP,2019-09-30,ALMENDRAL
Total de activos,4.744.944.032,CLP,2019-09-30,ALMENDRAL
Otros pasivos financieros corrientes,55.513.094,CLP,2019-09-30,ALMENDRAL
Cuentas por pagar comerciales y otras cuentas por pagar,557.975.522,CLP,2019-09-30,ALMENDRAL
"Cuentas por pagar a entidades relacionadas, corrientes",398.431,CLP,2019-09-30,ALMENDRAL
Otras provisiones a corto plazo,8.578.747,CLP,2019-09-30,ALMENDRAL
"Pasivos por impuestos corrientes, corrientes",25.857.082,CLP,2019-09-30,ALMENDRAL
Provisiones corrientes por beneficios a los empleados,-,CLP,2019-09-30,ALMENDRAL
Otros pasivos no financieros corrientes,29.877.290,CLP,2019-09-30,ALMENDRAL
Total de pasivos corrientes distintos de los pasivos incluidos en grupos de activos para su disposición clasificados como mantenidos para la venta,678.200.166,CLP,2019-09-30,ALMENDRAL
Pasivos incluidos en grupos de activos para su disposición clasificados como mantenidos para la venta,-,CLP,2019-09-30,ALMENDRAL
Pasivos corrientes totales,678.200.166,CLP,2019-09-30,ALMENDRAL
Otros pasivos financieros no corrientes,1.921.783.549,CLP,2019-09-30,ALMENDRAL
Cuentas por pagar no corrientes,280.680.185,CLP,2019-09-30,ALMENDRAL
"Cuentas por pagar a entidades relacionadas, no corrientes",424.430,CLP,2019-09-30,ALMENDRAL
Otras provisiones a largo plazo,45.524.950,CLP,2019-09-30,ALMENDRAL
Pasivo por impuestos diferidos,227.262.320,CLP,2019-09-30,ALMENDRAL
"Pasivos por impuestos corrientes, no corrientes",-,CLP,2019-09-30,ALMENDRAL
Provisiones no corrientes por beneficios a los empleados,13.465.834,CLP,2019-09-30,ALMENDRAL
Otros pasivos no financieros no corrientes,7.231.608,CLP,2019-09-30,ALMENDRAL
Total de pasivos no corrientes,2.496.372.876,CLP,2019-09-30,ALMENDRAL
Total de pasivos,3.174.573.042,CLP,2019-09-30,ALMENDRAL
Capital emitido y pagado,550.889.625,CLP,2019-09-30,ALMENDRAL
Ganancias (pérdidas) acumuladas,409.261.194,CLP,2019-09-30,ALMENDRAL
Prima de emisión,-,CLP,2019-09-30,ALMENDRAL
Acciones propias en cartera,-,CLP,2019-09-30,ALMENDRAL
Otras participaciones en el patrimonio,-,CLP,2019-09-30,ALMENDRAL
Otras reservas,-27.692.848,CLP,2019-09-30,ALMENDRAL
Patrimonio atribuible a los propietarios de la controladora,932.457.971,CLP,2019-09-30,ALMENDRAL
Participaciones no controladoras,637.913.019,CLP,2019-09-30,ALMENDRAL
Patrimonio total,1.570.370.990,CLP,2019-09-30,ALMENDRAL
Total de patrimonio y pasivos,4.744.944.032,CLP,2019-09-30,ALMENDRAL
Efectivo y equivalentes al efectivo,462.122.656,CLP,2019-12-31,ALMENDRAL
Otros activos financieros corrientes,162.711.744,CLP,2019-12-31,ALMENDRAL
Otros activos no financieros corrientes,88.446.287,CLP,2019-12-31,ALMENDRAL
Deudores comerciales y otras cuentas por cobrar corrientes,508.587.996,CLP,2019-12-31,ALMENDRAL
"Cuentas por cobrar a entidades relacionadas, corrientes",464.522,CLP,2019-12-31,ALMENDRAL
Inventarios corrientes,82.615.111,CLP,2019-12-31,ALMENDRAL
Activos biológicos corrientes,-,CLP,2019-12-31,ALMENDRAL
"Activos por impuestos corrientes, corrientes",26.398.142,CLP,2019-12-31,ALMENDRAL
Total de activos corrientes distintos de los activo o grupos de activos para su disposición clasificados como mantenidos para la venta o como mantenidos para distribuir a los propietarios,1.331.346.458,CLP,2019-12-31,ALMENDRAL
Activos no corrientes o grupos de activos para su disposición clasificados como mantenidos para la venta o como mantenidos para distribuir a los propietarios,34.071.100,CLP,2019-12-31,ALMENDRAL
Activos corrientes totales,1.365.417.558,CLP,2019-12-31,ALMENDRAL
Otros activos financieros no corrientes,175.816.161,CLP,2019-12-31,ALMENDRAL
Otros activos no financieros no corrientes,143.785.001,CLP,2019-12-31,ALMENDRAL
Cuentas por cobrar no corrientes,8.008.847,CLP,2019-12-31,ALMENDRAL
"Cuentas por cobrar a entidades relacionadas, no corrientes",-,CLP,2019-12-31,ALMENDRAL
"Inventarios, no corrientes",-,CLP,2019-12-31,ALMENDRAL
Inversiones contabilizadas utilizando el método de la participación,-,CLP,2019-12-31,ALMENDRAL
Activos intangibles distintos de la plusvalía,531.529.395,CLP,2019-12-31,ALMENDRAL
Plusvalía,92.607.056,CLP,2019-12-31,ALMENDRAL
"Propiedades, planta y equipo",2.428.734.952,CLP,2019-12-31,ALMENDRAL
Activos biológicos no corrientes,-,CLP,2019-12-31,ALMENDRAL
Propiedad de inversión,627.791,CLP,2019-12-31,ALMENDRAL
"Activos por impuestos corrientes, no corrientes",995.171,CLP,2019-12-31,ALMENDRAL
Activos por impuestos diferidos,683.656.679,CLP,2019-12-31,ALMENDRAL
Total de activos no corrientes,4.065.761.053,CLP,2019-12-31,ALMENDRAL
Total de activos,5.431.178.611,CLP,2019-12-31,ALMENDRAL
Otros pasivos financieros corrientes,28.936.558,CLP,2019-12-31,ALMENDRAL
Cuentas por pagar comerciales y otras cuentas por pagar,728.350.212,CLP,2019-12-31,ALMENDRAL
"Cuentas por pagar a entidades relacionadas, corrientes",170.385,CLP,2019-12-31,ALMENDRAL
Otras provisiones a corto plazo,1.970.331,CLP,2019-12-31,ALMENDRAL
"Pasivos por impuestos corrientes, corrientes",99.278.386,CLP,2019-12-31,ALMENDRAL
Provisiones corrientes por beneficios a los empleados,-,CLP,2019-12-31,ALMENDRAL
Otros pasivos no financieros corrientes,31.561.938,CLP,2019-12-31,ALMENDRAL
Total de pasivos corrientes distintos de los pasivos incluidos en grupos de activos para su disposición clasificados como mantenidos para la venta,890.267.810,CLP,2019-12-31,ALMENDRAL
Pasivos incluidos en grupos de activos para su disposición clasificados como mantenidos para la venta,-,CLP,2019-12-31,ALMENDRAL
Pasivos corrientes totales,890.267.810,CLP,2019-12-31,ALMENDRAL
Otros pasivos financieros no corrientes,2.038.693.333,CLP,2019-12-31,ALMENDRAL
Cuentas por pagar no corrientes,432.945.770,CLP,2019-12-31,ALMENDRAL
"Cuentas por pagar a entidades relacionadas, no corrientes",428.386,CLP,2019-12-31,ALMENDRAL
Otras provisiones a largo plazo,37.285.161,CLP,2019-12-31,ALMENDRAL
Pasivo por impuestos diferidos,239.455.574,CLP,2019-12-31,ALMENDRAL
"Pasivos por impuestos corrientes, no corrientes",-,CLP,2019-12-31,ALMENDRAL
Provisiones no corrientes por beneficios a los empleados,15.045.267,CLP,2019-12-31,ALMENDRAL
Otros pasivos no financieros no corrientes,11.032.290,CLP,2019-12-31,ALMENDRAL
Total de pasivos no corrientes,2.774.885.781,CLP,2019-12-31,ALMENDRAL
Total de pasivos,3.665.153.591,CLP,2019-12-31,ALMENDRAL
Capital emitido y pagado,550.889.625,CLP,2019-12-31,ALMENDRAL
Ganancias (pérdidas) acumuladas,468.622.456,CLP,2019-12-31,ALMENDRAL
Prima de emisión,-,CLP,2019-12-31,ALMENDRAL
Acciones propias en cartera,-,CLP,2019-12-31,ALMENDRAL
Otras participaciones en el patrimonio,-,CLP,2019-12-31,ALMENDRAL
Otras reservas,20.290.811,CLP,2019-12-31,ALMENDRAL
Patrimonio atribuible a los propietarios de la controladora,1.039.802.892,CLP,2019-12-31,ALMENDRAL
Participaciones no controladoras,726.222.128,CLP,2019-12-31,ALMENDRAL
Patrimonio total,1.766.025.020,CLP,2019-12-31,ALMENDRAL
Total de patrimonio y pasivos,5.431.178.611,CLP,2019-12-31,ALMENDRAL
Efectivo y equivalentes al efectivo,314.382.604,CLP,2020-03-31,ALMENDRAL
Otros activos financieros corrientes,191.399.022,CLP,2020-03-31,ALMENDRAL
Otros activos no financieros corrientes,109.036.790,CLP,2020-03-31,ALMENDRAL
Deudores comerciales y otras cuentas por cobrar corrientes,514.716.768,CLP,2020-03-31,ALMENDRAL
"Cuentas por cobrar a entidades relacionadas, corrientes",387.789,CLP,2020-03-31,ALMENDRAL
Inventarios corrientes,103.170.661,CLP,2020-03-31,ALMENDRAL
Activos biológicos corrientes,-,CLP,2020-03-31,ALMENDRAL
"Activos por impuestos corrientes, corrientes",22.054.052,CLP,2020-03-31,ALMENDRAL
Total de activos corrientes distintos de los activo o grupos de activos para su disposición clasificados como mantenidos para la venta o como mantenidos para distribuir a los propietarios,1.255.147.686,CLP,2020-03-31,ALMENDRAL
Activos no corrientes o grupos de activos para su disposición clasificados como mantenidos para la venta o como mantenidos para distribuir a los propietarios,30.240.355,CLP,2020-03-31,ALMENDRAL
Activos corrientes totales,1.285.388.041,CLP,2020-03-31,ALMENDRAL
Otros activos financieros no corrientes,408.268.972,CLP,2020-03-31,ALMENDRAL
Otros activos no financieros no corrientes,156.795.844,CLP,2020-03-31,ALMENDRAL
Cuentas por cobrar no corrientes,8.053.779,CLP,2020-03-31,ALMENDRAL
"Cuentas por cobrar a entidades relacionadas, no corrientes",-,CLP,2020-03-31,ALMENDRAL
"Inventarios, no corrientes",-,CLP,2020-03-31,ALMENDRAL
Inversiones contabilizadas utilizando el método de la participación,-,CLP,2020-03-31,ALMENDRAL
Activos intangibles distintos de la plusvalía,558.689.461,CLP,2020-03-31,ALMENDRAL
Plusvalía,92.747.389,CLP,2020-03-31,ALMENDRAL
"Propiedades, planta y equipo",2.126.134.952,CLP,2020-03-31,ALMENDRAL
Activos biológicos no corrientes,-,CLP,2020-03-31,ALMENDRAL
Propiedad de inversión,627.791,CLP,2020-03-31,ALMENDRAL
Activos por derecho de uso,408.083.010,CLP,2020-03-31,ALMENDRAL
"Activos por impuestos corrientes, no corrientes",1.569.915,CLP,2020-03-31,ALMENDRAL
Activos por impuestos diferidos,744.773.397,CLP,2020-03-31,ALMENDRAL
Total de activos no corrientes,4.505.744.510,CLP,2020-03-31,ALMENDRAL
Total de activos,5.791.132.551,CLP,2020-03-31,ALMENDRAL
Otros pasivos financieros corrientes,33.304.770,CLP,2020-03-31,ALMENDRAL
Pasivos por arrendamientos corrientes,80.078.368,CLP,2020-03-31,ALMENDRAL
Cuentas por pagar comerciales y otras cuentas por pagar,592.149.928,CLP,2020-03-31,ALMENDRAL
"Cuentas por pagar a entidades relacionadas, corrientes",269.865,CLP,2020-03-31,ALMENDRAL
Otras provisiones a corto plazo,2.116.180,CLP,2020-03-31,ALMENDRAL
"Pasivos por impuestos corrientes, corrientes",169.785.565,CLP,2020-03-31,ALMENDRAL
Provisiones corrientes por beneficios a los empleados,-,CLP,2020-03-31,ALMENDRAL
Otros pasivos no financieros corrientes,34.153.536,CLP,2020-03-31,ALMENDRAL
Total de pasivos corrientes distintos de los pasivos incluidos en grupos de activos para su disposición clasificados como mantenidos para la venta,911.858.212,CLP,2020-03-31,ALMENDRAL
Pasivos incluidos en grupos de activos para su disposición clasificados como mantenidos para la venta,-,CLP,2020-03-31,ALMENDRAL
Pasivos corrientes totales,911.858.212,CLP,2020-03-31,ALMENDRAL
Otros pasivos financieros no corrientes,2.175.070.728,CLP,2020-03-31,ALMENDRAL
Pasivos por arrendamientos no corrientes,463.234.787,CLP,2020-03-31,ALMENDRAL
Cuentas por pagar no corrientes,432.737,CLP,2020-03-31,ALMENDRAL
"Cuentas por pagar a entidades relacionadas, no corrientes",-,CLP,2020-03-31,ALMENDRAL
Otras provisiones a largo plazo,39.800.942,CLP,2020-03-31,ALMENDRAL
Pasivo por impuestos diferidos,260.141.992,CLP,2020-03-31,ALMENDRAL
"Pasivos por impuestos corrientes, no corrientes",-,CLP,2020-03-31,ALMENDRAL
Provisiones no corrientes por beneficios a los empleados,14.691.679,CLP,2020-03-31,ALMENDRAL
Otros pasivos no financieros no corrientes,12.891.452,CLP,2020-03-31,ALMENDRAL
Total de pasivos no corrientes,2.966.264.317,CLP,2020-03-31,ALMENDRAL
Total de pasivos,3.878.122.529,CLP,2020-03-31,ALMENDRAL
Capital emitido y pagado,550.889.625,CLP,2020-03-31,ALMENDRAL
Ganancias (pérdidas) acumuladas,455.284.670,CLP,2020-03-31,ALMENDRAL
Prima de emisión,-,CLP,2020-03-31,ALMENDRAL
Acciones propias en cartera,-,CLP,2020-03-31,ALMENDRAL
Otras participaciones en el patrimonio,-,CLP,2020-03-31,ALMENDRAL
Otras reservas,113.800.440,CLP,2020-03-31,ALMENDRAL
Patrimonio atribuible a los propietarios de la controladora,1.119.974.735,CLP,2020-03-31,ALMENDRAL
Participaciones no controladoras,793.035.287,CLP,2020-03-31,ALMENDRAL
Patrimonio total,1.913.010.022,CLP,2020-03-31,ALMENDRAL
Total de patrimonio y pasivos,5.791.132.551,CLP,2020-03-31,ALMENDRAL
Efectivo y equivalentes al efectivo,354.529.805,CLP,2020-06-30,ALMENDRAL
Otros activos financieros corrientes,77.859.319,CLP,2020-06-30,ALMENDRAL
Otros activos no financieros corrientes,98.229.847,CLP,2020-06-30,ALMENDRAL
Deudores comerciales y otras cuentas por cobrar corrientes,478.440.825,CLP,2020-06-30,ALMENDRAL
"Cuentas por cobrar a entidades relacionadas, corrientes",713.455,CLP,2020-06-30,ALMENDRAL
Inventarios corrientes,86.894.804,CLP,2020-06-30,ALMENDRAL
Activos biológicos corrientes,-,CLP,2020-06-30,ALMENDRAL
"Activos por impuestos corrientes, corrientes",22.229.526,CLP,2020-06-30,ALMENDRAL
Total de activos corrientes distintos de los activo o grupos de activos para su disposición clasificados como mantenidos para la venta o como mantenidos para distribuir a los propietarios,1.118.897.581,CLP,2020-06-30,ALMENDRAL
Activos no corrientes o grupos de activos para su disposición clasificados como mantenidos para la venta o como mantenidos para distribuir a los propietarios,24.572.118,CLP,2020-06-30,ALMENDRAL
Activos corrientes totales,1.143.469.699,CLP,2020-06-30,ALMENDRAL
Otros activos financieros no corrientes,354.495.024,CLP,2020-06-30,ALMENDRAL
Otros activos no financieros no corrientes,139.805.449,CLP,2020-06-30,ALMENDRAL
Cuentas por cobrar no corrientes,6.993.693,CLP,2020-06-30,ALMENDRAL
"Cuentas por cobrar a entidades relacionadas, no corrientes",-,CLP,2020-06-30,ALMENDRAL
"Inventarios, no corrientes",-,CLP,2020-06-30,ALMENDRAL
Inversiones contabilizadas utilizando el método de la participación,-,CLP,2020-06-30,ALMENDRAL
Activos intangibles distintos de la plusvalía,533.537.994,CLP,2020-06-30,ALMENDRAL
Plusvalía,92.644.490,CLP,2020-06-30,ALMENDRAL
"Propiedades, planta y equipo",2.075.256.160,CLP,2020-06-30,ALMENDRAL
Activos biológicos no corrientes,-,CLP,2020-06-30,ALMENDRAL
Propiedad de inversión,627.791,CLP,2020-06-30,ALMENDRAL
Activos por derecho de uso,388.644.477,CLP,2020-06-30,ALMENDRAL
"Activos por impuestos corrientes, no corrientes",1.167.689,CLP,2020-06-30,ALMENDRAL
Activos por impuestos diferidos,715.122.574,CLP,2020-06-30,ALMENDRAL
Total de activos no corrientes,4.308.295.341,CLP,2020-06-30,ALMENDRAL
Total de activos,5.451.765.040,CLP,2020-06-30,ALMENDRAL
Otros pasivos financieros corrientes,42.743.067,CLP,2020-06-30,ALMENDRAL
Pasivos por arrendamientos corrientes,80.380.435,CLP,2020-06-30,ALMENDRAL
Cuentas por pagar comerciales y otras cuentas por pagar,508.981.056,CLP,2020-06-30,ALMENDRAL
"Cuentas por pagar a entidades relacionadas, corrientes",417.210,CLP,2020-06-30,ALMENDRAL
Otras provisiones a corto plazo,2.264.640,CLP,2020-06-30,ALMENDRAL
"Pasivos por impuestos corrientes, corrientes",66.116.484,CLP,2020-06-30,ALMENDRAL
Provisiones corrientes por beneficios a los empleados,-,CLP,2020-06-30,ALMENDRAL
Otros pasivos no financieros corrientes,33.854.761,CLP,2020-06-30,ALMENDRAL
Total de pasivos corrientes distintos de los pasivos incluidos en grupos de activos para su disposición clasificados como mantenidos para la venta,734.757.653,CLP,2020-06-30,ALMENDRAL
Pasivos incluidos en grupos de activos para su disposición clasificados como mantenidos para la venta,-,CLP,2020-06-30,ALMENDRAL
Pasivos corrientes totales,734.757.653,CLP,2020-06-30,ALMENDRAL
Otros pasivos financieros no corrientes,2.103.854.907,CLP,2020-06-30,ALMENDRAL
Pasivos por arrendamientos no corrientes,451.437.496,CLP,2020-06-30,ALMENDRAL
Cuentas por pagar no corrientes,-,CLP,2020-06-30,ALMENDRAL
"Cuentas por pagar a entidades relacionadas, no corrientes",434.234,CLP,2020-06-30,ALMENDRAL
Otras provisiones a largo plazo,38.080.726,CLP,2020-06-30,ALMENDRAL
Pasivo por impuestos diferidos,254.417.795,CLP,2020-06-30,ALMENDRAL
"Pasivos por impuestos corrientes, no corrientes",-,CLP,2020-06-30,ALMENDRAL
Provisiones no corrientes por beneficios a los empleados,14.886.183,CLP,2020-06-30,ALMENDRAL
Otros pasivos no financieros no corrientes,13.049.443,CLP,2020-06-30,ALMENDRAL
Total de pasivos no corrientes,2.876.160.784,CLP,2020-06-30,ALMENDRAL
Total de pasivos,3.610.918.437,CLP,2020-06-30,ALMENDRAL
Capital emitido y pagado,550.889.625,CLP,2020-06-30,ALMENDRAL
Ganancias (pérdidas) acumuladas,466.650.043,CLP,2020-06-30,ALMENDRAL
Prima de emisión,-,CLP,2020-06-30,ALMENDRAL
Acciones propias en cartera,-,CLP,2020-06-30,ALMENDRAL
Otras participaciones en el patrimonio,-,CLP,2020-06-30,ALMENDRAL
Otras reservas,62.468.966,CLP,2020-06-30,ALMENDRAL
Patrimonio atribuible a los propietarios de la controladora,1.080.008.634,CLP,2020-06-30,ALMENDRAL
Participaciones no controladoras,760.837.969,CLP,2020-06-30,ALMENDRAL
Patrimonio total,1.840.846.603,CLP,2020-06-30,ALMENDRAL
Total de patrimonio y pasivos,5.451.765.040,CLP,2020-06-30,ALMENDRAL
Efectivo y equivalentes al efectivo,316.641.362,CLP,2020-09-30,ALMENDRAL
Otros activos financieros corrientes,249.802.410,CLP,2020-09-30,ALMENDRAL
Otros activos no financieros corrientes,92.946.597,CLP,2020-09-30,ALMENDRAL
Deudores comerciales y otras cuentas por cobrar corrientes,462.466.789,CLP,2020-09-30,ALMENDRAL
"Cuentas por cobrar a entidades relacionadas, corrientes",305.573,CLP,2020-09-30,ALMENDRAL
Inventarios corrientes,81.924.814,CLP,2020-09-30,ALMENDRAL
Activos biológicos corrientes,-,CLP,2020-09-30,ALMENDRAL
"Activos por impuestos corrientes, corrientes",17.711.005,CLP,2020-09-30,ALMENDRAL
Total de activos corrientes distintos de los activo o grupos de activos para su disposición clasificados como mantenidos para la venta o como mantenidos para distribuir a los propietarios,1.221.798.550,CLP,2020-09-30,ALMENDRAL
Activos no corrientes o grupos de activos para su disposición clasificados como mantenidos para la venta o como mantenidos para distribuir a los propietarios,20.717.614,CLP,2020-09-30,ALMENDRAL
Activos corrientes totales,1.242.516.164,CLP,2020-09-30,ALMENDRAL
Otros activos financieros no corrientes,278.147.414,CLP,2020-09-30,ALMENDRAL
Otros activos no financieros no corrientes,128.347.116,CLP,2020-09-30,ALMENDRAL
Cuentas por cobrar no corrientes,8.594.676,CLP,2020-09-30,ALMENDRAL
"Cuentas por cobrar a entidades relacionadas, no corrientes",-,CLP,2020-09-30,ALMENDRAL
"Inventarios, no corrientes",-,CLP,2020-09-30,ALMENDRAL
Inversiones contabilizadas utilizando el método de la participación,-,CLP,2020-09-30,ALMENDRAL
Activos intangibles distintos de la plusvalía,513.202.213,CLP,2020-09-30,ALMENDRAL
Plusvalía,92.561.749,CLP,2020-09-30,ALMENDRAL
"Propiedades, planta y equipo",2.029.718.165,CLP,2020-09-30,ALMENDRAL
Activos biológicos no corrientes,-,CLP,2020-09-30,ALMENDRAL
Propiedad de inversión,627.791,CLP,2020-09-30,ALMENDRAL
Activos por derecho de uso,377.882.486,CLP,2020-09-30,ALMENDRAL
"Activos por impuestos corrientes, no corrientes",1.148.513,CLP,2020-09-30,ALMENDRAL
Activos por impuestos diferidos,697.164.913,CLP,2020-09-30,ALMENDRAL
Total de activos no corrientes,4.127.395.036,CLP,2020-09-30,ALMENDRAL
Total de activos,5.369.911.200,CLP,2020-09-30,ALMENDRAL
Otros pasivos financieros corrientes,45.276.633,CLP,2020-09-30,ALMENDRAL
Pasivos por arrendamientos corrientes,78.266.734,CLP,2020-09-30,ALMENDRAL
Cuentas por pagar comerciales y otras cuentas por pagar,603.889.222,CLP,2020-09-30,ALMENDRAL
"Cuentas por pagar a entidades relacionadas, corrientes",858.568,CLP,2020-09-30,ALMENDRAL
Otras provisiones a corto plazo,1.703.132,CLP,2020-09-30,ALMENDRAL
"Pasivos por impuestos corrientes, corrientes",23.670.852,CLP,2020-09-30,ALMENDRAL
Provisiones corrientes por beneficios a los empleados,-,CLP,2020-09-30,ALMENDRAL
Otros pasivos no financieros corrientes,34.044.335,CLP,2020-09-30,ALMENDRAL
Total de pasivos corrientes distintos de los pasivos incluidos en grupos de activos para su disposición clasificados como mantenidos para la venta,787.709.476,CLP,2020-09-30,ALMENDRAL
Pasivos incluidos en grupos de activos para su disposición clasificados como mantenidos para la venta,-,CLP,2020-09-30,ALMENDRAL
Pasivos corrientes totales,787.709.476,CLP,2020-09-30,ALMENDRAL
Otros pasivos financieros no corrientes,2.041.708.467,CLP,2020-09-30,ALMENDRAL
Pasivos por arrendamientos no corrientes,441.885.347,CLP,2020-09-30,ALMENDRAL
Cuentas por pagar no corrientes,-,CLP,2020-09-30,ALMENDRAL
"Cuentas por pagar a entidades relacionadas, no corrientes",434.407,CLP,2020-09-30,ALMENDRAL
Otras provisiones a largo plazo,38.890.080,CLP,2020-09-30,ALMENDRAL
Pasivo por impuestos diferidos,253.869.429,CLP,2020-09-30,ALMENDRAL
"Pasivos por impuestos corrientes, no corrientes",-,CLP,2020-09-30,ALMENDRAL
Provisiones no corrientes por beneficios a los empleados,15.151.214,CLP,2020-09-30,ALMENDRAL
Otros pasivos no financieros no corrientes,16.015.879,CLP,2020-09-30,ALMENDRAL
Total de pasivos no corrientes,2.807.954.823,CLP,2020-09-30,ALMENDRAL
Total de pasivos,3.595.664.299,CLP,2020-09-30,ALMENDRAL
Capital emitido y pagado,550.889.625,CLP,2020-09-30,ALMENDRAL
Ganancias (pérdidas) acumuladas,480.758.719,CLP,2020-09-30,ALMENDRAL
Prima de emisión,-,CLP,2020-09-30,ALMENDRAL
Acciones propias en cartera,-,CLP,2020-09-30,ALMENDRAL
Otras participaciones en el patrimonio,-,CLP,2020-09-30,ALMENDRAL
Otras reservas,11.444.047,CLP,2020-09-30,ALMENDRAL
Patrimonio atribuible a los propietarios de la controladora,1.043.092.391,CLP,2020-09-30,ALMENDRAL
Participaciones no controladoras,731.154.510,CLP,2020-09-30,ALMENDRAL
Patrimonio total,1.774.246.901,CLP,2020-09-30,ALMENDRAL
Total de patrimonio y pasivos,5.369.911.200,CLP,2020-09-30,ALMENDRAL
Efectivo y equivalentes al efectivo,220.737.623,CLP,2020-12-31,ALMENDRAL
Otros activos financieros corrientes,389.290.088,CLP,2020-12-31,ALMENDRAL
Otros activos no financieros corrientes,85.960.301,CLP,2020-12-31,ALMENDRAL
Deudores comerciales y otras cuentas por cobrar corrientes,489.279.383,CLP,2020-12-31,ALMENDRAL
"Cuentas por cobrar a entidades relacionadas, corrientes",315.734,CLP,2020-12-31,ALMENDRAL
Inventarios corrientes,77.736.315,CLP,2020-12-31,ALMENDRAL
Activos biológicos corrientes,-,CLP,2020-12-31,ALMENDRAL
"Activos por impuestos corrientes, corrientes",119.400.336,CLP,2020-12-31,ALMENDRAL
Total de activos corrientes distintos de los activo o grupos de activos para su disposición clasificados como mantenidos para la venta o como mantenidos para distribuir a los propietarios,1.382.719.780,CLP,2020-12-31,ALMENDRAL
Activos no corrientes o grupos de activos para su disposición clasificados como mantenidos para la venta o como mantenidos para distribuir a los propietarios,14.144.897,CLP,2020-12-31,ALMENDRAL
Activos corrientes totales,1.396.864.677,CLP,2020-12-31,ALMENDRAL
Otros activos financieros no corrientes,130.512.601,CLP,2020-12-31,ALMENDRAL
Otros activos no financieros no corrientes,106.739.218,CLP,2020-12-31,ALMENDRAL
Cuentas por cobrar no corrientes,7.606.937,CLP,2020-12-31,ALMENDRAL
"Cuentas por cobrar a entidades relacionadas, no corrientes",-,CLP,2020-12-31,ALMENDRAL
"Inventarios, no corrientes",-,CLP,2020-12-31,ALMENDRAL
Inversiones contabilizadas utilizando el método de la participación,-,CLP,2020-12-31,ALMENDRAL
Activos intangibles distintos de la plusvalía,480.138.352,CLP,2020-12-31,ALMENDRAL
Plusvalía,92.416.488,CLP,2020-12-31,ALMENDRAL
"Propiedades, planta y equipo",1.940.356.208,CLP,2020-12-31,ALMENDRAL
Activos biológicos no corrientes,-,CLP,2020-12-31,ALMENDRAL
Propiedad de inversión,627.791,CLP,2020-12-31,ALMENDRAL
Activos por derecho de uso,362.410.839,CLP,2020-12-31,ALMENDRAL
"Activos por impuestos corrientes, no corrientes",1.078.992,CLP,2020-12-31,ALMENDRAL
Activos por impuestos diferidos,635.214.589,CLP,2020-12-31,ALMENDRAL
Total de activos no corrientes,3.757.102.015,CLP,2020-12-31,ALMENDRAL
Total de activos,5.153.966.692,CLP,2020-12-31,ALMENDRAL
Otros pasivos financieros corrientes,46.799.456,CLP,2020-12-31,ALMENDRAL
Pasivos por arrendamientos corrientes,75.453.147,CLP,2020-12-31,ALMENDRAL
Cuentas por pagar comerciales y otras cuentas por pagar,661.358.413,CLP,2020-12-31,ALMENDRAL
"Cuentas por pagar a entidades relacionadas, corrientes",332.181,CLP,2020-12-31,ALMENDRAL
Otras provisiones a corto plazo,1.610.440,CLP,2020-12-31,ALMENDRAL
"Pasivos por impuestos corrientes, corrientes",14.702.017,CLP,2020-12-31,ALMENDRAL
Provisiones corrientes por beneficios a los empleados,-,CLP,2020-12-31,ALMENDRAL
Otros pasivos no financieros corrientes,37.009.101,CLP,2020-12-31,ALMENDRAL
Total de pasivos corrientes distintos de los pasivos incluidos en grupos de activos para su disposición clasificados como mantenidos para la venta,837.264.755,CLP,2020-12-31,ALMENDRAL
Pasivos incluidos en grupos de activos para su disposición clasificados como mantenidos para la venta,-,CLP,2020-12-31,ALMENDRAL
Pasivos corrientes totales,837.264.755,CLP,2020-12-31,ALMENDRAL
Otros pasivos financieros no corrientes,1.908.808.500,CLP,2020-12-31,ALMENDRAL
Pasivos por arrendamientos no corrientes,428.773.709,CLP,2020-12-31,ALMENDRAL
Cuentas por pagar no corrientes,-,CLP,2020-12-31,ALMENDRAL
"Cuentas por pagar a entidades relacionadas, no corrientes",439.893,CLP,2020-12-31,ALMENDRAL
Otras provisiones a largo plazo,37.718.865,CLP,2020-12-31,ALMENDRAL
Pasivo por impuestos diferidos,245.142.704,CLP,2020-12-31,ALMENDRAL
"Pasivos por impuestos corrientes, no corrientes",-,CLP,2020-12-31,ALMENDRAL
Provisiones no corrientes por beneficios a los empleados,16.071.303,CLP,2020-12-31,ALMENDRAL
Otros pasivos no financieros no corrientes,16.554.068,CLP,2020-12-31,ALMENDRAL
Total de pasivos no corrientes,2.653.509.042,CLP,2020-12-31,ALMENDRAL
Total de pasivos,3.490.773.797,CLP,2020-12-31,ALMENDRAL
Capital emitido y pagado,550.889.625,CLP,2020-12-31,ALMENDRAL
Ganancias (pérdidas) acumuladas,498.263.217,CLP,2020-12-31,ALMENDRAL
Prima de emisión,-,CLP,2020-12-31,ALMENDRAL
Acciones propias en cartera,-,CLP,2020-12-31,ALMENDRAL
Otras participaciones en el patrimonio,-,CLP,2020-12-31,ALMENDRAL
Otras reservas,-66.954.890,CLP,2020-12-31,ALMENDRAL
Patrimonio atribuible a los propietarios de la controladora,982.197.952,CLP,2020-12-31,ALMENDRAL
Participaciones no controladoras,680.994.943,CLP,2020-12-31,ALMENDRAL
Patrimonio total,1.663.192.895,CLP,2020-12-31,ALMENDRAL
Total de patrimonio y pasivos,5.153.966.692,CLP,2020-12-31,ALMENDRAL
Efectivo y equivalentes al efectivo,62.047.789,CLP,2021-03-31,ALMENDRAL
Otros activos financieros corrientes,422.777.407,CLP,2021-03-31,ALMENDRAL
Otros activos no financieros corrientes,95.158.076,CLP,2021-03-31,ALMENDRAL
Deudores comerciales y otras cuentas por cobrar corrientes,491.268.707,CLP,2021-03-31,ALMENDRAL
"Cuentas por cobrar a entidades relacionadas, corrientes",456.058,CLP,2021-03-31,ALMENDRAL
Inventarios corrientes,110.294.056,CLP,2021-03-31,ALMENDRAL
Activos biológicos corrientes,-,CLP,2021-03-31,ALMENDRAL
"Activos por impuestos corrientes, corrientes",126.610.607,CLP,2021-03-31,ALMENDRAL
Total de activos corrientes distintos de los activo o grupos de activos para su disposición clasificados como mantenidos para la venta o como mantenidos para distribuir a los propietarios,1.308.612.700,CLP,2021-03-31,ALMENDRAL
Activos no corrientes o grupos de activos para su disposición clasificados como mantenidos para la venta o como mantenidos para distribuir a los propietarios,12.580.271,CLP,2021-03-31,ALMENDRAL
Activos corrientes totales,1.321.192.971,CLP,2021-03-31,ALMENDRAL
Otros activos financieros no corrientes,151.546.503,CLP,2021-03-31,ALMENDRAL
Otros activos no financieros no corrientes,105.485.917,CLP,2021-03-31,ALMENDRAL
Cuentas por cobrar no corrientes,6.694.008,CLP,2021-03-31,ALMENDRAL
"Cuentas por cobrar a entidades relacionadas, no corrientes",-,CLP,2021-03-31,ALMENDRAL
"Inventarios, no corrientes",-,CLP,2021-03-31,ALMENDRAL
Inversiones contabilizadas utilizando el método de la participación,-,CLP,2021-03-31,ALMENDRAL
Activos intangibles distintos de la plusvalía,573.309.680,CLP,2021-03-31,ALMENDRAL
Plusvalía,92.393.451,CLP,2021-03-31,ALMENDRAL
"Propiedades, planta y equipo",1.934.272.199,CLP,2021-03-31,ALMENDRAL
Activos biológicos no corrientes,-,CLP,2021-03-31,ALMENDRAL
Propiedad de inversión,627.791,CLP,2021-03-31,ALMENDRAL
Activos por derecho de uso,352.384.193,CLP,2021-03-31,ALMENDRAL
"Activos por impuestos corrientes, no corrientes",712.992,CLP,2021-03-31,ALMENDRAL
Activos por impuestos diferidos,603.943.423,CLP,2021-03-31,ALMENDRAL
Total de activos no corrientes,3.821.370.157,CLP,2021-03-31,ALMENDRAL
Total de activos,5.142.563.128,CLP,2021-03-31,ALMENDRAL
Otros pasivos financieros corrientes,44.787.511,CLP,2021-03-31,ALMENDRAL
Pasivos por arrendamientos corrientes,79.474.096,CLP,2021-03-31,ALMENDRAL
Cuentas por pagar comerciales y otras cuentas por pagar,659.023.456,CLP,2021-03-31,ALMENDRAL
"Cuentas por pagar a entidades relacionadas, corrientes",477.901,CLP,2021-03-31,ALMENDRAL
Otras provisiones a corto plazo,1.658.405,CLP,2021-03-31,ALMENDRAL
"Pasivos por impuestos corrientes, corrientes",11.214.090,CLP,2021-03-31,ALMENDRAL
Provisiones corrientes por beneficios a los empleados,-,CLP,2021-03-31,ALMENDRAL
Otros pasivos no financieros corrientes,37.780.611,CLP,2021-03-31,ALMENDRAL
Total de pasivos corrientes distintos de los pasivos incluidos en grupos de activos para su disposición clasificados como mantenidos para la venta,834.416.070,CLP,2021-03-31,ALMENDRAL
Pasivos incluidos en grupos de activos para su disposición clasificados como mantenidos para la venta,-,CLP,2021-03-31,ALMENDRAL
Pasivos corrientes totales,834.416.070,CLP,2021-03-31,ALMENDRAL
Otros pasivos financieros no corrientes,1.933.292.622,CLP,2021-03-31,ALMENDRAL
Pasivos por arrendamientos no corrientes,417.200.043,CLP,2021-03-31,ALMENDRAL
Cuentas por pagar no corrientes,-,CLP,2021-03-31,ALMENDRAL
"Cuentas por pagar a entidades relacionadas, no corrientes",444.802,CLP,2021-03-31,ALMENDRAL
Otras provisiones a largo plazo,37.817.876,CLP,2021-03-31,ALMENDRAL
Pasivo por impuestos diferidos,230.718.892,CLP,2021-03-31,ALMENDRAL
"Pasivos por impuestos corrientes, no corrientes",-,CLP,2021-03-31,ALMENDRAL
Provisiones no corrientes por beneficios a los empleados,16.391.382,CLP,2021-03-31,ALMENDRAL
Otros pasivos no financieros no corrientes,19.245.259,CLP,2021-03-31,ALMENDRAL
Total de pasivos no corrientes,2.655.110.876,CLP,2021-03-31,ALMENDRAL
Total de pasivos,3.489.526.946,CLP,2021-03-31,ALMENDRAL
Capital emitido y pagado,550.889.625,CLP,2021-03-31,ALMENDRAL
Ganancias (pérdidas) acumuladas,506.769.245,CLP,2021-03-31,ALMENDRAL
Prima de emisión,-,CLP,2021-03-31,ALMENDRAL
Acciones propias en cartera,-,CLP,2021-03-31,ALMENDRAL
Otras participaciones en el patrimonio,-,CLP,2021-03-31,ALMENDRAL
Otras reservas,-81.482.491,CLP,2021-03-31,ALMENDRAL
Patrimonio atribuible a los propietarios de la controladora,976.176.379,CLP,2021-03-31,ALMENDRAL
Participaciones no controladoras,676.859.803,CLP,2021-03-31,ALMENDRAL
Patrimonio total,1.653.036.182,CLP,2021-03-31,ALMENDRAL
Total de patrimonio y pasivos,5.142.563.128,CLP,2021-03-31,ALMENDRAL
Efectivo y equivalentes al efectivo,118.920.941,CLP,2021-06-30,ALMENDRAL
Otros activos financieros corrientes,426.775.643,CLP,2021-06-30,ALMENDRAL
Otros activos no financieros corrientes,86.197.095,CLP,2021-06-30,ALMENDRAL
Deudores comerciales y otras cuentas por cobrar corrientes,548.235.783,CLP,2021-06-30,ALMENDRAL
"Cuentas por cobrar a entidades relacionadas, corrientes",503.809,CLP,2021-06-30,ALMENDRAL
Inventarios corrientes,107.066.201,CLP,2021-06-30,ALMENDRAL
Activos biológicos corrientes,-,CLP,2021-06-30,ALMENDRAL
"Activos por impuestos corrientes, corrientes",38.267.105,CLP,2021-06-30,ALMENDRAL
Total de activos corrientes distintos de los activo o grupos de activos para su disposición clasificados como mantenidos para la venta o como mantenidos para distribuir a los propietarios,1.325.966.577,CLP,2021-06-30,ALMENDRAL
Activos no corrientes o grupos de activos para su disposición clasificados como mantenidos para la venta o como mantenidos para distribuir a los propietarios,10.928.383,CLP,2021-06-30,ALMENDRAL
Activos corrientes totales,1.336.894.960,CLP,2021-06-30,ALMENDRAL
Otros activos financieros no corrientes,194.640.842,CLP,2021-06-30,ALMENDRAL
Otros activos no financieros no corrientes,104.672.443,CLP,2021-06-30,ALMENDRAL
Cuentas por cobrar no corrientes,6.716.314,CLP,2021-06-30,ALMENDRAL
"Cuentas por cobrar a entidades relacionadas, no corrientes",-,CLP,2021-06-30,ALMENDRAL
"Inventarios, no corrientes",-,CLP,2021-06-30,ALMENDRAL
Inversiones contabilizadas utilizando el método de la participación,-,CLP,2021-06-30,ALMENDRAL
Activos intangibles distintos de la plusvalía,565.061.046,CLP,2021-06-30,ALMENDRAL
Plusvalía,92.364.974,CLP,2021-06-30,ALMENDRAL
"Propiedades, planta y equipo",1.932.956.746,CLP,2021-06-30,ALMENDRAL
Activos biológicos no corrientes,-,CLP,2021-06-30,ALMENDRAL
Propiedad de inversión,627.791,CLP,2021-06-30,ALMENDRAL
Activos por derecho de uso,339.898.311,CLP,2021-06-30,ALMENDRAL
"Activos por impuestos corrientes, no corrientes",620.099,CLP,2021-06-30,ALMENDRAL
Activos por impuestos diferidos,589.730.198,CLP,2021-06-30,ALMENDRAL
Total de activos no corrientes,3.827.288.764,CLP,2021-06-30,ALMENDRAL
Total de activos,5.164.183.724,CLP,2021-06-30,ALMENDRAL
Otros pasivos financieros corrientes,62.591.809,CLP,2021-06-30,ALMENDRAL
Pasivos por arrendamientos corrientes,79.945.016,CLP,2021-06-30,ALMENDRAL
Cuentas por pagar comerciales y otras cuentas por pagar,662.165.747,CLP,2021-06-30,ALMENDRAL
"Cuentas por pagar a entidades relacionadas, corrientes",540.578,CLP,2021-06-30,ALMENDRAL
Otras provisiones a corto plazo,1.634.497,CLP,2021-06-30,ALMENDRAL
"Pasivos por impuestos corrientes, corrientes",8.768.805,CLP,2021-06-30,ALMENDRAL
Provisiones corrientes por beneficios a los empleados,-,CLP,2021-06-30,ALMENDRAL
Otros pasivos no financieros corrientes,38.161.692,CLP,2021-06-30,ALMENDRAL
Total de pasivos corrientes distintos de los pasivos incluidos en grupos de activos para su disposición clasificados como mantenidos para la venta,853.808.144,CLP,2021-06-30,ALMENDRAL
Pasivos incluidos en grupos de activos para su disposición clasificados como mantenidos para la venta,-,CLP,2021-06-30,ALMENDRAL
Pasivos corrientes totales,853.808.144,CLP,2021-06-30,ALMENDRAL
Otros pasivos financieros no corrientes,1.912.950.715,CLP,2021-06-30,ALMENDRAL
Pasivos por arrendamientos no corrientes,403.539.480,CLP,2021-06-30,ALMENDRAL
Cuentas por pagar no corrientes,-,CLP,2021-06-30,ALMENDRAL
"Cuentas por pagar a entidades relacionadas, no corrientes",449.569,CLP,2021-06-30,ALMENDRAL
Otras provisiones a largo plazo,37.641.181,CLP,2021-06-30,ALMENDRAL
Pasivo por impuestos diferidos,228.014.320,CLP,2021-06-30,ALMENDRAL
"Pasivos por impuestos corrientes, no corrientes",-,CLP,2021-06-30,ALMENDRAL
Provisiones no corrientes por beneficios a los empleados,16.608.007,CLP,2021-06-30,ALMENDRAL
Otros pasivos no financieros no corrientes,20.513.365,CLP,2021-06-30,ALMENDRAL
Total de pasivos no corrientes,2.619.716.637,CLP,2021-06-30,ALMENDRAL
Total de pasivos,3.473.524.781,CLP,2021-06-30,ALMENDRAL
Capital emitido y pagado,550.889.625,CLP,2021-06-30,ALMENDRAL
Ganancias (pérdidas) acumuladas,530.199.513,CLP,2021-06-30,ALMENDRAL
Prima de emisión,-,CLP,2021-06-30,ALMENDRAL
Acciones propias en cartera,-,CLP,2021-06-30,ALMENDRAL
Otras participaciones en el patrimonio,-,CLP,2021-06-30,ALMENDRAL
Otras reservas,-80.639.095,CLP,2021-06-30,ALMENDRAL
Patrimonio atribuible a los propietarios de la controladora,1.000.450.043,CLP,2021-06-30,ALMENDRAL
Participaciones no controladoras,690.208.900,CLP,2021-06-30,ALMENDRAL
Patrimonio total,1.690.658.943,CLP,2021-06-30,ALMENDRAL
Total de patrimonio y pasivos,5.164.183.724,CLP,2021-06-30,ALMENDRAL
Efectivo y equivalentes al efectivo,127.736.258,CLP,2021-09-30,ALMENDRAL
Otros activos financieros corrientes,425.585.950,CLP,2021-09-30,ALMENDRAL
Otros activos no financieros corrientes,93.836.102,CLP,2021-09-30,ALMENDRAL
Deudores comerciales y otras cuentas por cobrar corrientes,578.990.134,CLP,2021-09-30,ALMENDRAL
"Cuentas por cobrar a entidades relacionadas, corrientes",230.048,CLP,2021-09-30,ALMENDRAL
Inventarios corrientes,109.462.314,CLP,2021-09-30,ALMENDRAL
Activos biológicos corrientes,-,CLP,2021-09-30,ALMENDRAL
"Activos por impuestos corrientes, corrientes",23.160.063,CLP,2021-09-30,ALMENDRAL
Total de activos corrientes distintos de los activo o grupos de activos para su disposición clasificados como mantenidos para la venta o como mantenidos para distribuir a los propietarios,1.359.000.869,CLP,2021-09-30,ALMENDRAL
Activos no corrientes o grupos de activos para su disposición clasificados como mantenidos para la venta o como mantenidos para distribuir a los propietarios,7.561.360,CLP,2021-09-30,ALMENDRAL
Activos corrientes totales,1.366.562.229,CLP,2021-09-30,ALMENDRAL
Otros activos financieros no corrientes,416.963.054,CLP,2021-09-30,ALMENDRAL
Otros activos no financieros no corrientes,97.080.176,CLP,2021-09-30,ALMENDRAL
Cuentas por cobrar no corrientes,6.767.872,CLP,2021-09-30,ALMENDRAL
"Cuentas por cobrar a entidades relacionadas, no corrientes",-,CLP,2021-09-30,ALMENDRAL
"Inventarios, no corrientes",-,CLP,2021-09-30,ALMENDRAL
Inversiones contabilizadas utilizando el método de la participación,-,CLP,2021-09-30,ALMENDRAL
Activos intangibles distintos de la plusvalía,573.136.677,CLP,2021-09-30,ALMENDRAL
Plusvalía,92.416.296,CLP,2021-09-30,ALMENDRAL
"Propiedades, planta y equipo",1.967.399.078,CLP,2021-09-30,ALMENDRAL
Activos biológicos no corrientes,-,CLP,2021-09-30,ALMENDRAL
Propiedad de inversión,627.791,CLP,2021-09-30,ALMENDRAL
Activos por derecho de uso,381.086.875,CLP,2021-09-30,ALMENDRAL
"Activos por impuestos corrientes, no corrientes",545.773,CLP,2021-09-30,ALMENDRAL
Activos por impuestos diferidos,626.810.852,CLP,2021-09-30,ALMENDRAL
Total de activos no corrientes,4.162.834.444,CLP,2021-09-30,ALMENDRAL
Total de activos,5.529.396.673,CLP,2021-09-30,ALMENDRAL
Otros pasivos financieros corrientes,76.295.812,CLP,2021-09-30,ALMENDRAL
Pasivos por arrendamientos corrientes,93.476.001,CLP,2021-09-30,ALMENDRAL
Cuentas por pagar comerciales y otras cuentas por pagar,667.903.577,CLP,2021-09-30,ALMENDRAL
"Cuentas por pagar a entidades relacionadas, corrientes",596.205,CLP,2021-09-30,ALMENDRAL
Otras provisiones a corto plazo,1.506.607,CLP,2021-09-30,ALMENDRAL
"Pasivos por impuestos corrientes, corrientes",56.001.697,CLP,2021-09-30,ALMENDRAL
Provisiones corrientes por beneficios a los empleados,-,CLP,2021-09-30,ALMENDRAL
Otros pasivos no financieros corrientes,44.306.200,CLP,2021-09-30,ALMENDRAL
Total de pasivos corrientes distintos de los pasivos incluidos en grupos de activos para su disposición clasificados como mantenidos para la venta,940.086.099,CLP,2021-09-30,ALMENDRAL
Pasivos incluidos en grupos de activos para su disposición clasificados como mantenidos para la venta,-,CLP,2021-09-30,ALMENDRAL
Pasivos corrientes totales,940.086.099,CLP,2021-09-30,ALMENDRAL
Otros pasivos financieros no corrientes,2.026.716.107,CLP,2021-09-30,ALMENDRAL
Pasivos por arrendamientos no corrientes,438.374.523,CLP,2021-09-30,ALMENDRAL
Cuentas por pagar no corrientes,-,CLP,2021-09-30,ALMENDRAL
"Cuentas por pagar a entidades relacionadas, no corrientes",455.297,CLP,2021-09-30,ALMENDRAL
Otras provisiones a largo plazo,38.913.493,CLP,2021-09-30,ALMENDRAL
Pasivo por impuestos diferidos,265.796.138,CLP,2021-09-30,ALMENDRAL
"Pasivos por impuestos corrientes, no corrientes",-,CLP,2021-09-30,ALMENDRAL
Provisiones no corrientes por beneficios a los empleados,17.008.410,CLP,2021-09-30,ALMENDRAL
Otros pasivos no financieros no corrientes,17.017.203,CLP,2021-09-30,ALMENDRAL
Total de pasivos no corrientes,2.804.281.171,CLP,2021-09-30,ALMENDRAL
Total de pasivos,3.744.367.270,CLP,2021-09-30,ALMENDRAL
Capital emitido y pagado,550.889.625,CLP,2021-09-30,ALMENDRAL
Ganancias (pérdidas) acumuladas,530.478.313,CLP,2021-09-30,ALMENDRAL
Prima de emisión,-,CLP,2021-09-30,ALMENDRAL
Acciones propias en cartera,-,CLP,2021-09-30,ALMENDRAL
Otras participaciones en el patrimonio,-,CLP,2021-09-30,ALMENDRAL
Otras reservas,-29.568.220,CLP,2021-09-30,ALMENDRAL
Patrimonio atribuible a los propietarios de la controladora,1.051.799.718,CLP,2021-09-30,ALMENDRAL
Participaciones no controladoras,733.229.685,CLP,2021-09-30,ALMENDRAL
Patrimonio total,1.785.029.403,CLP,2021-09-30,ALMENDRAL
Total de patrimonio y pasivos,5.529.396.673,CLP,2021-09-30,ALMENDRAL
Efectivo y equivalentes al efectivo,112.882.660,CLP,2021-12-31,ALMENDRAL
Otros activos financieros corrientes,326.830.155,CLP,2021-12-31,ALMENDRAL
Otros activos no financieros corrientes,95.311.610,CLP,2021-12-31,ALMENDRAL
Deudores comerciales y otras cuentas por cobrar corrientes,620.464.332,CLP,2021-12-31,ALMENDRAL
"Cuentas por cobrar a entidades relacionadas, corrientes",210.818,CLP,2021-12-31,ALMENDRAL
Inventarios corrientes,121.126.311,CLP,2021-12-31,ALMENDRAL
Activos biológicos corrientes,-,CLP,2021-12-31,ALMENDRAL
"Activos por impuestos corrientes, corrientes",25.193.404,CLP,2021-12-31,ALMENDRAL
Total de activos corrientes distintos de los activo o grupos de activos para su disposición clasificados como mantenidos para la venta o como mantenidos para distribuir a los propietarios,1.302.019.290,CLP,2021-12-31,ALMENDRAL
Activos no corrientes o grupos de activos para su disposición clasificados como mantenidos para la venta o como mantenidos para distribuir a los propietarios,-,CLP,2021-12-31,ALMENDRAL
Activos corrientes totales,1.302.019.290,CLP,2021-12-31,ALMENDRAL
Otros activos financieros no corrientes,397.088.066,CLP,2021-12-31,ALMENDRAL
Otros activos no financieros no corrientes,98.561.186,CLP,2021-12-31,ALMENDRAL
Cuentas por cobrar no corrientes,8.678.034,CLP,2021-12-31,ALMENDRAL
"Cuentas por cobrar a entidades relacionadas, no corrientes",-,CLP,2021-12-31,ALMENDRAL
"Inventarios, no corrientes",-,CLP,2021-12-31,ALMENDRAL
Inversiones contabilizadas utilizando el método de la participación,-,CLP,2021-12-31,ALMENDRAL
Activos intangibles distintos de la plusvalía,587.297.526,CLP,2021-12-31,ALMENDRAL
Plusvalía,92.515.803,CLP,2021-12-31,ALMENDRAL
"Propiedades, planta y equipo",2.050.009.050,CLP,2021-12-31,ALMENDRAL
Activos biológicos no corrientes,-,CLP,2021-12-31,ALMENDRAL
Propiedad de inversión,627.791,CLP,2021-12-31,ALMENDRAL
Activos por derecho de uso,442.122.455,CLP,2021-12-31,ALMENDRAL
"Activos por impuestos corrientes, no corrientes",640.498,CLP,2021-12-31,ALMENDRAL
Activos por impuestos diferidos,688.762.027,CLP,2021-12-31,ALMENDRAL
Total de activos no corrientes,4.366.302.436,CLP,2021-12-31,ALMENDRAL
Total de activos,5.668.321.726,CLP,2021-12-31,ALMENDRAL
Otros pasivos financieros corrientes,196.915.375,CLP,2021-12-31,ALMENDRAL
Pasivos por arrendamientos corrientes,105.314.134,CLP,2021-12-31,ALMENDRAL
Cuentas por pagar comerciales y otras cuentas por pagar,744.961.140,CLP,2021-12-31,ALMENDRAL
"Cuentas por pagar a entidades relacionadas, corrientes",607.794,CLP,2021-12-31,ALMENDRAL
Otras provisiones a corto plazo,1.680.304,CLP,2021-12-31,ALMENDRAL
"Pasivos por impuestos corrientes, corrientes",57.614.835,CLP,2021-12-31,ALMENDRAL
Provisiones corrientes por beneficios a los empleados,-,CLP,2021-12-31,ALMENDRAL
Otros pasivos no financieros corrientes,51.739.943,CLP,2021-12-31,ALMENDRAL
Total de pasivos corrientes distintos de los pasivos incluidos en grupos de activos para su disposición clasificados como mantenidos para la venta,1.158.833.525,CLP,2021-12-31,ALMENDRAL
Pasivos incluidos en grupos de activos para su disposición clasificados como mantenidos para la venta,-,CLP,2021-12-31,ALMENDRAL
Pasivos corrientes totales,1.158.833.525,CLP,2021-12-31,ALMENDRAL
Otros pasivos financieros no corrientes,1.978.931.835,CLP,2021-12-31,ALMENDRAL
Pasivos por arrendamientos no corrientes,486.102.565,CLP,2021-12-31,ALMENDRAL
Cuentas por pagar no corrientes,-,CLP,2021-12-31,ALMENDRAL
"Cuentas por pagar a entidades relacionadas, no corrientes",468.967,CLP,2021-12-31,ALMENDRAL
Otras provisiones a largo plazo,40.770.581,CLP,2021-12-31,ALMENDRAL
Pasivo por impuestos diferidos,295.811.272,CLP,2021-12-31,ALMENDRAL
"Pasivos por impuestos corrientes, no corrientes",-,CLP,2021-12-31,ALMENDRAL
Provisiones no corrientes por beneficios a los empleados,14.731.566,CLP,2021-12-31,ALMENDRAL
Otros pasivos no financieros no corrientes,17.640.205,CLP,2021-12-31,ALMENDRAL
Total de pasivos no corrientes,2.834.456.991,CLP,2021-12-31,ALMENDRAL
Total de pasivos,3.993.290.516,CLP,2021-12-31,ALMENDRAL
Capital emitido y pagado,550.889.625,CLP,2021-12-31,ALMENDRAL
Ganancias (pérdidas) acumuladas,419.236.277,CLP,2021-12-31,ALMENDRAL
Prima de emisión,-,CLP,2021-12-31,ALMENDRAL
Acciones propias en cartera,-,CLP,2021-12-31,ALMENDRAL
Otras participaciones en el patrimonio,-,CLP,2021-12-31,ALMENDRAL
Otras reservas,26.368.492,CLP,2021-12-31,ALMENDRAL
Patrimonio atribuible a los propietarios de la controladora,996.494.394,CLP,2021-12-31,ALMENDRAL
Participaciones no controladoras,678.536.816,CLP,2021-12-31,ALMENDRAL
Patrimonio total,1.675.031.210,CLP,2021-12-31,ALMENDRAL
Total de patrimonio y pasivos,5.668.321.726,CLP,2021-12-31,ALMENDRAL
Efectivo y equivalentes al efectivo,115.474.033,CLP,2022-03-31,ALMENDRAL
Otros activos financieros corrientes,264.268.312,CLP,2022-03-31,ALMENDRAL
Otros activos no financieros corrientes,103.635.375,CLP,2022-03-31,ALMENDRAL
Deudores comerciales y otras cuentas por cobrar corrientes,639.691.533,CLP,2022-03-31,ALMENDRAL
"Cuentas por cobrar a entidades relacionadas, corrientes",464.513,CLP,2022-03-31,ALMENDRAL
Inventarios corrientes,163.986.246,CLP,2022-03-31,ALMENDRAL
Activos biológicos corrientes,-,CLP,2022-03-31,ALMENDRAL
"Activos por impuestos corrientes, corrientes",27.713.015,CLP,2022-03-31,ALMENDRAL
Total de activos corrientes distintos de los activo o grupos de activos para su disposición clasificados como mantenidos para la venta o como mantenidos para distribuir a los propietarios,1.315.233.027,CLP,2022-03-31,ALMENDRAL
Activos no corrientes o grupos de activos para su disposición clasificados como mantenidos para la venta o como mantenidos para distribuir a los propietarios,39.710.338,CLP,2022-03-31,ALMENDRAL
Activos corrientes totales,1.354.943.365,CLP,2022-03-31,ALMENDRAL
Otros activos financieros no corrientes,330.485.284,CLP,2022-03-31,ALMENDRAL
Otros activos no financieros no corrientes,101.038.850,CLP,2022-03-31,ALMENDRAL
Cuentas por cobrar no corrientes,6.871.269,CLP,2022-03-31,ALMENDRAL
"Cuentas por cobrar a entidades relacionadas, no corrientes",-,CLP,2022-03-31,ALMENDRAL
"Inventarios, no corrientes",-,CLP,2022-03-31,ALMENDRAL
Inversiones contabilizadas utilizando el método de la participación,-,CLP,2022-03-31,ALMENDRAL
Activos intangibles distintos de la plusvalía,587.090.663,CLP,2022-03-31,ALMENDRAL
Plusvalía,92.532.249,CLP,2022-03-31,ALMENDRAL
"Propiedades, planta y equipo",2.025.661.741,CLP,2022-03-31,ALMENDRAL
Activos biológicos no corrientes,-,CLP,2022-03-31,ALMENDRAL
Propiedad de inversión,627.791,CLP,2022-03-31,ALMENDRAL
Activos por derecho de uso,430.287.928,CLP,2022-03-31,ALMENDRAL
"Activos por impuestos corrientes, no corrientes",547.008,CLP,2022-03-31,ALMENDRAL
Activos por impuestos diferidos,758.382.759,CLP,2022-03-31,ALMENDRAL
Total de activos no corrientes,4.333.525.542,CLP,2022-03-31,ALMENDRAL
Total de activos,5.688.468.907,CLP,2022-03-31,ALMENDRAL
Otros pasivos financieros corrientes,240.284.842,CLP,2022-03-31,ALMENDRAL
Pasivos por arrendamientos corrientes,106.538.963,CLP,2022-03-31,ALMENDRAL
Cuentas por pagar comerciales y otras cuentas por pagar,729.548.056,CLP,2022-03-31,ALMENDRAL
"Cuentas por pagar a entidades relacionadas, corrientes",371.446,CLP,2022-03-31,ALMENDRAL
Otras provisiones a corto plazo,1.825.866,CLP,2022-03-31,ALMENDRAL
"Pasivos por impuestos corrientes, corrientes",60.287.687,CLP,2022-03-31,ALMENDRAL
Provisiones corrientes por beneficios a los empleados,-,CLP,2022-03-31,ALMENDRAL
Otros pasivos no financieros corrientes,52.312.893,CLP,2022-03-31,ALMENDRAL
Total de pasivos corrientes distintos de los pasivos incluidos en grupos de activos para su disposición clasificados como mantenidos para la venta,1.191.169.753,CLP,2022-03-31,ALMENDRAL
Pasivos incluidos en grupos de activos para su disposición clasificados como mantenidos para la venta,-,CLP,2022-03-31,ALMENDRAL
Pasivos corrientes totales,1.191.169.753,CLP,2022-03-31,ALMENDRAL
Otros pasivos financieros no corrientes,1.939.354.811,CLP,2022-03-31,ALMENDRAL
Pasivos por arrendamientos no corrientes,465.348.852,CLP,2022-03-31,ALMENDRAL
Cuentas por pagar no corrientes,-,CLP,2022-03-31,ALMENDRAL
"Cuentas por pagar a entidades relacionadas, no corrientes",480.104,CLP,2022-03-31,ALMENDRAL
Otras provisiones a largo plazo,42.080.830,CLP,2022-03-31,ALMENDRAL
Pasivo por impuestos diferidos,299.362.581,CLP,2022-03-31,ALMENDRAL
"Pasivos por impuestos corrientes, no corrientes",-,CLP,2022-03-31,ALMENDRAL
Provisiones no corrientes por beneficios a los empleados,13.229.697,CLP,2022-03-31,ALMENDRAL
Otros pasivos no financieros no corrientes,18.371.330,CLP,2022-03-31,ALMENDRAL
Total de pasivos no corrientes,2.778.228.205,CLP,2022-03-31,ALMENDRAL
Total de pasivos,3.969.397.958,CLP,2022-03-31,ALMENDRAL
Capital emitido y pagado,550.889.625,CLP,2022-03-31,ALMENDRAL
Ganancias (pérdidas) acumuladas,447.006.857,CLP,2022-03-31,ALMENDRAL
Prima de emisión,-,CLP,2022-03-31,ALMENDRAL
Acciones propias en cartera,-,CLP,2022-03-31,ALMENDRAL
Otras participaciones en el patrimonio,-,CLP,2022-03-31,ALMENDRAL
Otras reservas,22.339.554,CLP,2022-03-31,ALMENDRAL
Patrimonio atribuible a los propietarios de la controladora,1.020.236.036,CLP,2022-03-31,ALMENDRAL
Participaciones no controladoras,698.834.913,CLP,2022-03-31,ALMENDRAL
Patrimonio total,1.719.070.949,CLP,2022-03-31,ALMENDRAL
Total de patrimonio y pasivos,5.688.468.907,CLP,2022-03-31,ALMENDRAL
Efectivo y equivalentes al efectivo,376.331.552,CLP,2022-06-30,ALMENDRAL
Otros activos financieros corrientes,321.727.176,CLP,2022-06-30,ALMENDRAL
Otros activos no financieros corrientes,114.323.755,CLP,2022-06-30,ALMENDRAL
Deudores comerciales y otras cuentas por cobrar corrientes,711.871.051,CLP,2022-06-30,ALMENDRAL
"Cuentas por cobrar a entidades relacionadas, corrientes",391.506,CLP,2022-06-30,ALMENDRAL
Inventarios corrientes,171.328.100,CLP,2022-06-30,ALMENDRAL
Activos biológicos corrientes,-,CLP,2022-06-30,ALMENDRAL
"Activos por impuestos corrientes, corrientes",22.787.583,CLP,2022-06-30,ALMENDRAL
Total de activos corrientes distintos de los activo o grupos de activos para su disposición clasificados como mantenidos para la venta o como mantenidos para distribuir a los propietarios,1.718.760.723,CLP,2022-06-30,ALMENDRAL
Activos no corrientes o grupos de activos para su disposición clasificados como mantenidos para la venta o como mantenidos para distribuir a los propietarios,2.824.327,CLP,2022-06-30,ALMENDRAL
Activos corrientes totales,1.721.585.050,CLP,2022-06-30,ALMENDRAL
Otros activos financieros no corrientes,566.977.387,CLP,2022-06-30,ALMENDRAL
Otros activos no financieros no corrientes,99.369.150,CLP,2022-06-30,ALMENDRAL
Cuentas por cobrar no corrientes,7.760.562,CLP,2022-06-30,ALMENDRAL
"Cuentas por cobrar a entidades relacionadas, no corrientes",-,CLP,2022-06-30,ALMENDRAL
"Inventarios, no corrientes",-,CLP,2022-06-30,ALMENDRAL
Inversiones contabilizadas utilizando el método de la participación,-,CLP,2022-06-30,ALMENDRAL
Activos intangibles distintos de la plusvalía,620.774.408,CLP,2022-06-30,ALMENDRAL
Plusvalía,92.719.681,CLP,2022-06-30,ALMENDRAL
"Propiedades, planta y equipo",2.134.009.984,CLP,2022-06-30,ALMENDRAL
Activos biológicos no corrientes,-,CLP,2022-06-30,ALMENDRAL
Propiedad de inversión,627.791,CLP,2022-06-30,ALMENDRAL
Activos por derecho de uso,462.301.697,CLP,2022-06-30,ALMENDRAL
"Activos por impuestos corrientes, no corrientes",514.918,CLP,2022-06-30,ALMENDRAL
Activos por impuestos diferidos,847.972.698,CLP,2022-06-30,ALMENDRAL
Total de activos no corrientes,4.833.028.276,CLP,2022-06-30,ALMENDRAL
Total de activos,6.554.613.326,CLP,2022-06-30,ALMENDRAL
Otros pasivos financieros corrientes,326.181.719,CLP,2022-06-30,ALMENDRAL
Pasivos por arrendamientos corrientes,115.751.154,CLP,2022-06-30,ALMENDRAL
Cuentas por pagar comerciales y otras cuentas por pagar,860.494.741,CLP,2022-06-30,ALMENDRAL
"Cuentas por pagar a entidades relacionadas, corrientes",807.601,CLP,2022-06-30,ALMENDRAL
Otras provisiones a corto plazo,1.321.129,CLP,2022-06-30,ALMENDRAL
"Pasivos por impuestos corrientes, corrientes",122.147.505,CLP,2022-06-30,ALMENDRAL
Provisiones corrientes por beneficios a los empleados,-,CLP,2022-06-30,ALMENDRAL
Otros pasivos no financieros corrientes,37.422.580,CLP,2022-06-30,ALMENDRAL
Total de pasivos corrientes distintos de los pasivos incluidos en grupos de activos para su disposición clasificados como mantenidos para la venta,1.464.126.429,CLP,2022-06-30,ALMENDRAL
Pasivos incluidos en grupos de activos para su disposición clasificados como mantenidos para la venta,-,CLP,2022-06-30,ALMENDRAL
Pasivos corrientes totales,1.464.126.429,CLP,2022-06-30,ALMENDRAL
Otros pasivos financieros no corrientes,2.226.321.394,CLP,2022-06-30,ALMENDRAL
Pasivos por arrendamientos no corrientes,494.228.111,CLP,2022-06-30,ALMENDRAL
Cuentas por pagar no corrientes,-,CLP,2022-06-30,ALMENDRAL
"Cuentas por pagar a entidades relacionadas, no corrientes",500.670,CLP,2022-06-30,ALMENDRAL
Otras provisiones a largo plazo,46.739.858,CLP,2022-06-30,ALMENDRAL
Pasivo por impuestos diferidos,412.822.107,CLP,2022-06-30,ALMENDRAL
"Pasivos por impuestos corrientes, no corrientes",-,CLP,2022-06-30,ALMENDRAL
Provisiones no corrientes por beneficios a los empleados,13.930.797,CLP,2022-06-30,ALMENDRAL
Otros pasivos no financieros no corrientes,19.192.736,CLP,2022-06-30,ALMENDRAL
Total de pasivos no corrientes,3.213.735.673,CLP,2022-06-30,ALMENDRAL
Total de pasivos,4.677.862.102,CLP,2022-06-30,ALMENDRAL
Capital emitido y pagado,550.889.625,CLP,2022-06-30,ALMENDRAL
Ganancias (pérdidas) acumuladas,467.162.244,CLP,2022-06-30,ALMENDRAL
Prima de emisión,-,CLP,2022-06-30,ALMENDRAL
Acciones propias en cartera,-,CLP,2022-06-30,ALMENDRAL
Otras participaciones en el patrimonio,-,CLP,2022-06-30,ALMENDRAL
Otras reservas,101.038.713,CLP,2022-06-30,ALMENDRAL
Patrimonio atribuible a los propietarios de la controladora,1.119.090.582,CLP,2022-06-30,ALMENDRAL
Participaciones no controladoras,757.660.642,CLP,2022-06-30,ALMENDRAL
Patrimonio total,1.876.751.224,CLP,2022-06-30,ALMENDRAL
Total de patrimonio y pasivos,6.554.613.326,CLP,2022-06-30,ALMENDRAL
Efectivo y equivalentes al efectivo,288.835.076,CLP,2022-09-30,ALMENDRAL
Otros activos financieros corrientes,254.340.253,CLP,2022-09-30,ALMENDRAL
Otros activos no financieros corrientes,118.127.434,CLP,2022-09-30,ALMENDRAL
Deudores comerciales y otras cuentas por cobrar corrientes,697.269.796,CLP,2022-09-30,ALMENDRAL
"Cuentas por cobrar a entidades relacionadas, corrientes",516.863,CLP,2022-09-30,ALMENDRAL
Inventarios corrientes,152.667.718,CLP,2022-09-30,ALMENDRAL
Activos biológicos corrientes,-,CLP,2022-09-30,ALMENDRAL
"Activos por impuestos corrientes, corrientes",28.282.347,CLP,2022-09-30,ALMENDRAL
Total de activos corrientes distintos de los activo o grupos de activos para su disposición clasificados como mantenidos para la venta o como mantenidos para distribuir a los propietarios,1.540.039.487,CLP,2022-09-30,ALMENDRAL
Activos no corrientes o grupos de activos para su disposición clasificados como mantenidos para la venta o como mantenidos para distribuir a los propietarios,-,CLP,2022-09-30,ALMENDRAL
Activos corrientes totales,1.540.039.487,CLP,2022-09-30,ALMENDRAL
Otros activos financieros no corrientes,565.086.520,CLP,2022-09-30,ALMENDRAL
Otros activos no financieros no corrientes,95.787.817,CLP,2022-09-30,ALMENDRAL
Cuentas por cobrar no corrientes,13.909.783,CLP,2022-09-30,ALMENDRAL
"Cuentas por cobrar a entidades relacionadas, no corrientes",-,CLP,2022-09-30,ALMENDRAL
"Inventarios, no corrientes",-,CLP,2022-09-30,ALMENDRAL
Inversiones contabilizadas utilizando el método de la participación,-,CLP,2022-09-30,ALMENDRAL
Activos intangibles distintos de la plusvalía,613.258.442,CLP,2022-09-30,ALMENDRAL
Plusvalía,92.700.739,CLP,2022-09-30,ALMENDRAL
"Propiedades, planta y equipo",2.150.936.551,CLP,2022-09-30,ALMENDRAL
Activos biológicos no corrientes,-,CLP,2022-09-30,ALMENDRAL
Propiedad de inversión,627.791,CLP,2022-09-30,ALMENDRAL
Activos por derecho de uso,466.371.464,CLP,2022-09-30,ALMENDRAL
"Activos por impuestos corrientes, no corrientes",1.596.588,CLP,2022-09-30,ALMENDRAL
Activos por impuestos diferidos,847.596.279,CLP,2022-09-30,ALMENDRAL
Total de activos no corrientes,4.847.871.974,CLP,2022-09-30,ALMENDRAL
Total de activos,6.387.911.461,CLP,2022-09-30,ALMENDRAL
Otros pasivos financieros corrientes,350.444.210,CLP,2022-09-30,ALMENDRAL
Pasivos por arrendamientos corrientes,118.733.641,CLP,2022-09-30,ALMENDRAL
Cuentas por pagar comerciales y otras cuentas por pagar,642.648.896,CLP,2022-09-30,ALMENDRAL
"Cuentas por pagar a entidades relacionadas, corrientes",498.655,CLP,2022-09-30,ALMENDRAL
Otras provisiones a corto plazo,1.617.558,CLP,2022-09-30,ALMENDRAL
"Pasivos por impuestos corrientes, corrientes",84.877.861,CLP,2022-09-30,ALMENDRAL
Provisiones corrientes por beneficios a los empleados,-,CLP,2022-09-30,ALMENDRAL
Otros pasivos no financieros corrientes,36.672.942,CLP,2022-09-30,ALMENDRAL
Total de pasivos corrientes distintos de los pasivos incluidos en grupos de activos para su disposición clasificados como mantenidos para la venta,1.235.493.763,CLP,2022-09-30,ALMENDRAL
Pasivos incluidos en grupos de activos para su disposición clasificados como mantenidos para la venta,-,CLP,2022-09-30,ALMENDRAL
Pasivos corrientes totales,1.235.493.763,CLP,2022-09-30,ALMENDRAL
Otros pasivos financieros no corrientes,2.297.036.530,CLP,2022-09-30,ALMENDRAL
Pasivos por arrendamientos no corrientes,495.372.711,CLP,2022-09-30,ALMENDRAL
Cuentas por pagar no corrientes,-,CLP,2022-09-30,ALMENDRAL
"Cuentas por pagar a entidades relacionadas, no corrientes",518.396,CLP,2022-09-30,ALMENDRAL
Otras provisiones a largo plazo,47.377.510,CLP,2022-09-30,ALMENDRAL
Pasivo por impuestos diferidos,417.944.189,CLP,2022-09-30,ALMENDRAL
"Pasivos por impuestos corrientes, no corrientes",-,CLP,2022-09-30,ALMENDRAL
Provisiones no corrientes por beneficios a los empleados,14.576.189,CLP,2022-09-30,ALMENDRAL
Otros pasivos no financieros no corrientes,18.522.991,CLP,2022-09-30,ALMENDRAL
Total de pasivos no corrientes,3.291.348.516,CLP,2022-09-30,ALMENDRAL
Total de pasivos,4.526.842.279,CLP,2022-09-30,ALMENDRAL
Capital emitido y pagado,550.889.625,CLP,2022-09-30,ALMENDRAL
Ganancias (pérdidas) acumuladas,487.009.319,CLP,2022-09-30,ALMENDRAL
Prima de emisión,-,CLP,2022-09-30,ALMENDRAL
Acciones propias en cartera,-,CLP,2022-09-30,ALMENDRAL
Otras participaciones en el patrimonio,-,CLP,2022-09-30,ALMENDRAL
Otras reservas,70.949.383,CLP,2022-09-30,ALMENDRAL
Patrimonio atribuible a los propietarios de la controladora,1.108.848.327,CLP,2022-09-30,ALMENDRAL
Participaciones no controladoras,752.220.855,CLP,2022-09-30,ALMENDRAL
Patrimonio total,1.861.069.182,CLP,2022-09-30,ALMENDRAL
Total de patrimonio y pasivos,6.387.911.461,CLP,2022-09-30,ALMENDRAL
Efectivo y equivalentes al efectivo,199.735.925,CLP,2022-12-31,ALMENDRAL
Otros activos financieros corrientes,185.557.202,CLP,2022-12-31,ALMENDRAL
Otros activos no financieros corrientes,108.418.665,CLP,2022-12-31,ALMENDRAL
Deudores comerciales y otras cuentas por cobrar corrientes,645.460.034,CLP,2022-12-31,ALMENDRAL
"Cuentas por cobrar a entidades relacionadas, corrientes",724.641,CLP,2022-12-31,ALMENDRAL
Inventarios corrientes,120.441.247,CLP,2022-12-31,ALMENDRAL
Activos biológicos corrientes,-,CLP,2022-12-31,ALMENDRAL
"Activos por impuestos corrientes, corrientes",130.281.105,CLP,2022-12-31,ALMENDRAL
Total de activos corrientes distintos de los activo o grupos de activos para su disposición clasificados como mantenidos para la venta o como mantenidos para distribuir a los propietarios,1.390.618.819,CLP,2022-12-31,ALMENDRAL
Activos no corrientes o grupos de activos para su disposición clasificados como mantenidos para la venta o como mantenidos para distribuir a los propietarios,125.706.283,CLP,2022-12-31,ALMENDRAL
Activos corrientes totales,1.516.325.102,CLP,2022-12-31,ALMENDRAL
Otros activos financieros no corrientes,268.795.778,CLP,2022-12-31,ALMENDRAL
Otros activos no financieros no corrientes,77.280.999,CLP,2022-12-31,ALMENDRAL
Cuentas por cobrar no corrientes,12.634.870,CLP,2022-12-31,ALMENDRAL
"Cuentas por cobrar a entidades relacionadas, no corrientes",-,CLP,2022-12-31,ALMENDRAL
"Inventarios, no corrientes",-,CLP,2022-12-31,ALMENDRAL
Inversiones contabilizadas utilizando el método de la participación,-,CLP,2022-12-31,ALMENDRAL
Activos intangibles distintos de la plusvalía,589.050.983,CLP,2022-12-31,ALMENDRAL
Plusvalía,92.595.793,CLP,2022-12-31,ALMENDRAL
"Propiedades, planta y equipo",2.017.218.334,CLP,2022-12-31,ALMENDRAL
Activos biológicos no corrientes,-,CLP,2022-12-31,ALMENDRAL
Propiedad de inversión,627.791,CLP,2022-12-31,ALMENDRAL
Activos por derecho de uso,472.818.691,CLP,2022-12-31,ALMENDRAL
"Activos por impuestos corrientes, no corrientes",1.593.767,CLP,2022-12-31,ALMENDRAL
Activos por impuestos diferidos,823.549.862,CLP,2022-12-31,ALMENDRAL
Total de activos no corrientes,4.356.166.868,CLP,2022-12-31,ALMENDRAL
Total de activos,5.872.491.970,CLP,2022-12-31,ALMENDRAL
Otros pasivos financieros corrientes,292.687.995,CLP,2022-12-31,ALMENDRAL
Pasivos por arrendamientos corrientes,109.048.285,CLP,2022-12-31,ALMENDRAL
Cuentas por pagar comerciales y otras cuentas por pagar,695.128.404,CLP,2022-12-31,ALMENDRAL
"Cuentas por pagar a entidades relacionadas, corrientes",813.773,CLP,2022-12-31,ALMENDRAL
Otras provisiones a corto plazo,2.275.644,CLP,2022-12-31,ALMENDRAL
"Pasivos por impuestos corrientes, corrientes",22.915.289,CLP,2022-12-31,ALMENDRAL
Provisiones corrientes por beneficios a los empleados,-,CLP,2022-12-31,ALMENDRAL
Otros pasivos no financieros corrientes,34.917.378,CLP,2022-12-31,ALMENDRAL
Total de pasivos corrientes distintos de los pasivos incluidos en grupos de activos para su disposición clasificados como mantenidos para la venta,1.157.786.768,CLP,2022-12-31,ALMENDRAL
Pasivos incluidos en grupos de activos para su disposición clasificados como mantenidos para la venta,-,CLP,2022-12-31,ALMENDRAL
Pasivos corrientes totales,1.157.786.768,CLP,2022-12-31,ALMENDRAL
Otros pasivos financieros no corrientes,1.971.778.497,CLP,2022-12-31,ALMENDRAL
Pasivos por arrendamientos no corrientes,500.043.082,CLP,2022-12-31,ALMENDRAL
Cuentas por pagar no corrientes,-,CLP,2022-12-31,ALMENDRAL
"Cuentas por pagar a entidades relacionadas, no corrientes",531.299,CLP,2022-12-31,ALMENDRAL
Otras provisiones a largo plazo,47.636.807,CLP,2022-12-31,ALMENDRAL
Pasivo por impuestos diferidos,414.482.063,CLP,2022-12-31,ALMENDRAL
"Pasivos por impuestos corrientes, no corrientes",-,CLP,2022-12-31,ALMENDRAL
Provisiones no corrientes por beneficios a los empleados,17.094.154,CLP,2022-12-31,ALMENDRAL
Otros pasivos no financieros no corrientes,18.621.495,CLP,2022-12-31,ALMENDRAL
Total de pasivos no corrientes,2.970.187.397,CLP,2022-12-31,ALMENDRAL
Total de pasivos,4.127.974.165,CLP,2022-12-31,ALMENDRAL
Capital emitido y pagado,550.889.625,CLP,2022-12-31,ALMENDRAL
Ganancias (pérdidas) acumuladas,494.729.725,CLP,2022-12-31,ALMENDRAL
Prima de emisión,-,CLP,2022-12-31,ALMENDRAL
Acciones propias en cartera,-,CLP,2022-12-31,ALMENDRAL
Otras participaciones en el patrimonio,-,CLP,2022-12-31,ALMENDRAL
Otras reservas,-2.874.234,CLP,2022-12-31,ALMENDRAL
Patrimonio atribuible a los propietarios de la controladora,1.042.745.116,CLP,2022-12-31,ALMENDRAL
Participaciones no controladoras,701.772.689,CLP,2022-12-31,ALMENDRAL
Patrimonio total,1.744.517.805,CLP,2022-12-31,ALMENDRAL
Total de patrimonio y pasivos,5.872.491.970,CLP,2022-12-31,ALMENDRAL
Efectivo y equivalentes al efectivo,114.202.451,CLP,2023-03-31,ALMENDRAL
Otros activos financieros corrientes,168.610.106,CLP,2023-03-31,ALMENDRAL
Otros activos no financieros corrientes,112.352.410,CLP,2023-03-31,ALMENDRAL
Deudores comerciales y otras cuentas por cobrar corrientes,568.747.764,CLP,2023-03-31,ALMENDRAL
"Cuentas por cobrar a entidades relacionadas, corrientes",383.589,CLP,2023-03-31,ALMENDRAL
Inventarios corrientes,126.613.121,CLP,2023-03-31,ALMENDRAL
Activos biológicos corrientes,-,CLP,2023-03-31,ALMENDRAL
"Activos por impuestos corrientes, corrientes",163.191.653,CLP,2023-03-31,ALMENDRAL
Total de activos corrientes distintos de los activo o grupos de activos para su disposición clasificados como mantenidos para la venta o como mantenidos para distribuir a los propietarios,1.254.101.094,CLP,2023-03-31,ALMENDRAL
Activos no corrientes o grupos de activos para su disposición clasificados como mantenidos para la venta o como mantenidos para distribuir a los propietarios,126.990.692,CLP,2023-03-31,ALMENDRAL
Activos corrientes totales,1.381.091.786,CLP,2023-03-31,ALMENDRAL
Otros activos financieros no corrientes,217.885.587,CLP,2023-03-31,ALMENDRAL
Otros activos no financieros no corrientes,73.875.127,CLP,2023-03-31,ALMENDRAL
Cuentas por cobrar no corrientes,11.426.170,CLP,2023-03-31,ALMENDRAL
"Cuentas por cobrar a entidades relacionadas, no corrientes",-,CLP,2023-03-31,ALMENDRAL
"Inventarios, no corrientes",-,CLP,2023-03-31,ALMENDRAL
Inversiones contabilizadas utilizando el método de la participación,-,CLP,2023-03-31,ALMENDRAL
Activos intangibles distintos de la plusvalía,567.800.548,CLP,2023-03-31,ALMENDRAL
Plusvalía,92.504.156,CLP,2023-03-31,ALMENDRAL
"Propiedades, planta y equipo",1.985.281.625,CLP,2023-03-31,ALMENDRAL
Activos biológicos no corrientes,-,CLP,2023-03-31,ALMENDRAL
Propiedad de inversión,627.791,CLP,2023-03-31,ALMENDRAL
Activos por derecho de uso,447.184.664,CLP,2023-03-31,ALMENDRAL
"Activos por impuestos corrientes, no corrientes",-,CLP,2023-03-31,ALMENDRAL
Activos por impuestos diferidos,802.407.538,CLP,2023-03-31,ALMENDRAL
Total de activos no corrientes,4.198.993.206,CLP,2023-03-31,ALMENDRAL
Total de activos,5.580.084.992,CLP,2023-03-31,ALMENDRAL
Otros pasivos financieros corrientes,268.924.866,CLP,2023-03-31,ALMENDRAL
Pasivos por arrendamientos corrientes,108.335.931,CLP,2023-03-31,ALMENDRAL
Cuentas por pagar comerciales y otras cuentas por pagar,636.457.209,CLP,2023-03-31,ALMENDRAL
"Cuentas por pagar a entidades relacionadas, corrientes",640.483,CLP,2023-03-31,ALMENDRAL
Otras provisiones a corto plazo,2.154.287,CLP,2023-03-31,ALMENDRAL
"Pasivos por impuestos corrientes, corrientes",26.036.682,CLP,2023-03-31,ALMENDRAL
Provisiones corrientes por beneficios a los empleados,-,CLP,2023-03-31,ALMENDRAL
Otros pasivos no financieros corrientes,17.703.561,CLP,2023-03-31,ALMENDRAL
Total de pasivos corrientes distintos de los pasivos incluidos en grupos de activos para su disposición clasificados como mantenidos para la venta,1.060.253.019,CLP,2023-03-31,ALMENDRAL
Pasivos incluidos en grupos de activos para su disposición clasificados como mantenidos para la venta,-,CLP,2023-03-31,ALMENDRAL
Pasivos corrientes totales,1.060.253.019,CLP,2023-03-31,ALMENDRAL
Otros pasivos financieros no corrientes,1.893.085.961,CLP,2023-03-31,ALMENDRAL
Pasivos por arrendamientos no corrientes,469.876.007,CLP,2023-03-31,ALMENDRAL
Cuentas por pagar no corrientes,-,CLP,2023-03-31,ALMENDRAL
"Cuentas por pagar a entidades relacionadas, no corrientes",538.328,CLP,2023-03-31,ALMENDRAL
Otras provisiones a largo plazo,46.232.240,CLP,2023-03-31,ALMENDRAL
Pasivo por impuestos diferidos,389.464.473,CLP,2023-03-31,ALMENDRAL
"Pasivos por impuestos corrientes, no corrientes",-,CLP,2023-03-31,ALMENDRAL
Provisiones no corrientes por beneficios a los empleados,17.148.971,CLP,2023-03-31,ALMENDRAL
Otros pasivos no financieros no corrientes,18.160.019,CLP,2023-03-31,ALMENDRAL
Total de pasivos no corrientes,2.834.505.999,CLP,2023-03-31,ALMENDRAL
Total de pasivos,3.894.759.018,CLP,2023-03-31,ALMENDRAL
Capital emitido y pagado,550.889.625,CLP,2023-03-31,ALMENDRAL
Ganancias (pérdidas) acumuladas,496.355.340,CLP,2023-03-31,ALMENDRAL
Prima de emisión,-,CLP,2023-03-31,ALMENDRAL
Acciones propias en cartera,-,CLP,2023-03-31,ALMENDRAL
Otras participaciones en el patrimonio,-,CLP,2023-03-31,ALMENDRAL
Otras reservas,-36.987.114,CLP,2023-03-31,ALMENDRAL
Patrimonio atribuible a los propietarios de la controladora,1.010.257.851,CLP,2023-03-31,ALMENDRAL
Participaciones no controladoras,675.068.123,CLP,2023-03-31,ALMENDRAL
Patrimonio total,1.685.325.974,CLP,2023-03-31,ALMENDRAL
Total de patrimonio y pasivos,5.580.084.992,CLP,2023-03-31,ALMENDRAL
Efectivo y equivalentes al efectivo,89.173.246,CLP,2023-06-30,ALMENDRAL
Otros activos financieros corrientes,130.023.052,CLP,2023-06-30,ALMENDRAL
Otros activos no financieros corrientes,102.344.816,CLP,2023-06-30,ALMENDRAL
Deudores comerciales y otras cuentas por cobrar corrientes,572.372.766,CLP,2023-06-30,ALMENDRAL
"Cuentas por cobrar a entidades relacionadas, corrientes",417.630,CLP,2023-06-30,ALMENDRAL
Inventarios corrientes,105.618.896,CLP,2023-06-30,ALMENDRAL
Activos biológicos corrientes,-,CLP,2023-06-30,ALMENDRAL
"Activos por impuestos corrientes, corrientes",184.119.099,CLP,2023-06-30,ALMENDRAL
Total de activos corrientes distintos de los activo o grupos de activos para su disposición clasificados como mantenidos para la venta o como mantenidos para distribuir a los propietarios,1.184.069.505,CLP,2023-06-30,ALMENDRAL
Activos no corrientes o grupos de activos para su disposición clasificados como mantenidos para la venta o como mantenidos para distribuir a los propietarios,131.155.257,CLP,2023-06-30,ALMENDRAL
Activos corrientes totales,1.315.224.762,CLP,2023-06-30,ALMENDRAL
Otros activos financieros no corrientes,195.639.004,CLP,2023-06-30,ALMENDRAL
Otros activos no financieros no corrientes,65.671.571,CLP,2023-06-30,ALMENDRAL
Cuentas por cobrar no corrientes,11.440.546,CLP,2023-06-30,ALMENDRAL
"Cuentas por cobrar a entidades relacionadas, no corrientes",-,CLP,2023-06-30,ALMENDRAL
"Inventarios, no corrientes",-,CLP,2023-06-30,ALMENDRAL
Inversiones contabilizadas utilizando el método de la participación,-,CLP,2023-06-30,ALMENDRAL
Activos intangibles distintos de la plusvalía,578.043.078,CLP,2023-06-30,ALMENDRAL
Plusvalía,92.575.766,CLP,2023-06-30,ALMENDRAL
"Propiedades, planta y equipo",2.047.896.618,CLP,2023-06-30,ALMENDRAL
Activos biológicos no corrientes,-,CLP,2023-06-30,ALMENDRAL
Propiedad de inversión,627.791,CLP,2023-06-30,ALMENDRAL
Activos por derecho de uso,464.212.168,CLP,2023-06-30,ALMENDRAL
"Activos por impuestos corrientes, no corrientes",-,CLP,2023-06-30,ALMENDRAL
Activos por impuestos diferidos,841.449.313,CLP,2023-06-30,ALMENDRAL
Total de activos no corrientes,4.297.555.855,CLP,2023-06-30,ALMENDRAL
Total de activos,5.612.780.617,CLP,2023-06-30,ALMENDRAL
Otros pasivos financieros corrientes,310.984.145,CLP,2023-06-30,ALMENDRAL
Pasivos por arrendamientos corrientes,113.149.861,CLP,2023-06-30,ALMENDRAL
Cuentas por pagar comerciales y otras cuentas por pagar,616.128.666,CLP,2023-06-30,ALMENDRAL
"Cuentas por pagar a entidades relacionadas, corrientes",2.789.522,CLP,2023-06-30,ALMENDRAL
Otras provisiones a corto plazo,2.066.845,CLP,2023-06-30,ALMENDRAL
"Pasivos por impuestos corrientes, corrientes",5.829.413,CLP,2023-06-30,ALMENDRAL
Provisiones corrientes por beneficios a los empleados,-,CLP,2023-06-30,ALMENDRAL
Otros pasivos no financieros corrientes,17.740.960,CLP,2023-06-30,ALMENDRAL
Total de pasivos corrientes distintos de los pasivos incluidos en grupos de activos para su disposición clasificados como mantenidos para la venta,1.068.689.412,CLP,2023-06-30,ALMENDRAL
Pasivos incluidos en grupos de activos para su disposición clasificados como mantenidos para la venta,-,CLP,2023-06-30,ALMENDRAL
Pasivos corrientes totales,1.068.689.412,CLP,2023-06-30,ALMENDRAL
Otros pasivos financieros no corrientes,1.875.353.755,CLP,2023-06-30,ALMENDRAL
Pasivos por arrendamientos no corrientes,467.032.080,CLP,2023-06-30,ALMENDRAL
Cuentas por pagar no corrientes,-,CLP,2023-06-30,ALMENDRAL
"Cuentas por pagar a entidades relacionadas, no corrientes",546.106,CLP,2023-06-30,ALMENDRAL
Otras provisiones a largo plazo,48.659.865,CLP,2023-06-30,ALMENDRAL
Pasivo por impuestos diferidos,402.788.666,CLP,2023-06-30,ALMENDRAL
"Pasivos por impuestos corrientes, no corrientes",-,CLP,2023-06-30,ALMENDRAL
Provisiones no corrientes por beneficios a los empleados,15.100.479,CLP,2023-06-30,ALMENDRAL
Otros pasivos no financieros no corrientes,17.543.149,CLP,2023-06-30,ALMENDRAL
Total de pasivos no corrientes,2.827.024.100,CLP,2023-06-30,ALMENDRAL
Total de pasivos,3.895.713.512,CLP,2023-06-30,ALMENDRAL
Capital emitido y pagado,550.889.625,CLP,2023-06-30,ALMENDRAL
Ganancias (pérdidas) acumuladas,490.434.504,CLP,2023-06-30,ALMENDRAL
Prima de emisión,-,CLP,2023-06-30,ALMENDRAL
Acciones propias en cartera,-,CLP,2023-06-30,ALMENDRAL
Otras participaciones en el patrimonio,-,CLP,2023-06-30,ALMENDRAL
Otras reservas,-14.873.924,CLP,2023-06-30,ALMENDRAL
Patrimonio atribuible a los propietarios de la controladora,1.026.450.205,CLP,2023-06-30,ALMENDRAL
Participaciones no controladoras,690.616.900,CLP,2023-06-30,ALMENDRAL
Patrimonio total,1.717.067.105,CLP,2023-06-30,ALMENDRAL
Total de patrimonio y pasivos,5.612.780.617,CLP,2023-06-30,ALMENDRAL
Efectivo y equivalentes al efectivo,209.811.976,CLP,2023-09-30,ALMENDRAL
Otros activos financieros corrientes,178.950.703,CLP,2023-09-30,ALMENDRAL
Otros activos no financieros corrientes,101.231.347,CLP,2023-09-30,ALMENDRAL
Deudores comerciales y otras cuentas por cobrar corrientes,587.216.102,CLP,2023-09-30,ALMENDRAL
"Cuentas por cobrar a entidades relacionadas, corrientes",306.915,CLP,2023-09-30,ALMENDRAL
Inventarios corrientes,100.933.034,CLP,2023-09-30,ALMENDRAL
Activos biológicos corrientes,-,CLP,2023-09-30,ALMENDRAL
"Activos por impuestos corrientes, corrientes",57.395.235,CLP,2023-09-30,ALMENDRAL
Total de activos corrientes distintos de los activo o grupos de activos para su disposición clasificados como mantenidos para la venta o como mantenidos para distribuir a los propietarios,1.235.845.312,CLP,2023-09-30,ALMENDRAL
Activos no corrientes o grupos de activos para su disposición clasificados como mantenidos para la venta o como mantenidos para distribuir a los propietarios,133.492.423,CLP,2023-09-30,ALMENDRAL
Activos corrientes totales,1.369.337.735,CLP,2023-09-30,ALMENDRAL
Otros activos financieros no corrientes,319.256.425,CLP,2023-09-30,ALMENDRAL
Otros activos no financieros no corrientes,61.225.918,CLP,2023-09-30,ALMENDRAL
Cuentas por cobrar no corrientes,8.742.976,CLP,2023-09-30,ALMENDRAL
"Cuentas por cobrar a entidades relacionadas, no corrientes",-,CLP,2023-09-30,ALMENDRAL
"Inventarios, no corrientes",-,CLP,2023-09-30,ALMENDRAL
Inversiones contabilizadas utilizando el método de la participación,-,CLP,2023-09-30,ALMENDRAL
Activos intangibles distintos de la plusvalía,592.269.968,CLP,2023-09-30,ALMENDRAL
Plusvalía,92.669.322,CLP,2023-09-30,ALMENDRAL
"Propiedades, planta y equipo",2.104.920.163,CLP,2023-09-30,ALMENDRAL
Activos biológicos no corrientes,-,CLP,2023-09-30,ALMENDRAL
Propiedad de inversión,627.791,CLP,2023-09-30,ALMENDRAL
Activos por derecho de uso,484.905.371,CLP,2023-09-30,ALMENDRAL
"Activos por impuestos corrientes, no corrientes",-,CLP,2023-09-30,ALMENDRAL
Activos por impuestos diferidos,857.662.198,CLP,2023-09-30,ALMENDRAL
Total de activos no corrientes,4.522.280.132,CLP,2023-09-30,ALMENDRAL
Total de activos,5.891.617.867,CLP,2023-09-30,ALMENDRAL
Otros pasivos financieros corrientes,330.566.875,CLP,2023-09-30,ALMENDRAL
Pasivos por arrendamientos corrientes,127.357.469,CLP,2023-09-30,ALMENDRAL
Cuentas por pagar comerciales y otras cuentas por pagar,631.265.225,CLP,2023-09-30,ALMENDRAL
"Cuentas por pagar a entidades relacionadas, corrientes",2.442.001,CLP,2023-09-30,ALMENDRAL
Otras provisiones a corto plazo,3.102.041,CLP,2023-09-30,ALMENDRAL
"Pasivos por impuestos corrientes, corrientes",7.903.836,CLP,2023-09-30,ALMENDRAL
Provisiones corrientes por beneficios a los empleados,-,CLP,2023-09-30,ALMENDRAL
Otros pasivos no financieros corrientes,16.143.304,CLP,2023-09-30,ALMENDRAL
Total de pasivos corrientes distintos de los pasivos incluidos en grupos de activos para su disposición clasificados como mantenidos para la venta,1.118.780.751,CLP,2023-09-30,ALMENDRAL
Pasivos incluidos en grupos de activos para su disposición clasificados como mantenidos para la venta,-,CLP,2023-09-30,ALMENDRAL
Pasivos corrientes totales,1.118.780.751,CLP,2023-09-30,ALMENDRAL
Otros pasivos financieros no corrientes,1.992.197.465,CLP,2023-09-30,ALMENDRAL
Pasivos por arrendamientos no corrientes,474.697.802,CLP,2023-09-30,ALMENDRAL
Cuentas por pagar no corrientes,-,CLP,2023-09-30,ALMENDRAL
"Cuentas por pagar a entidades relacionadas, no corrientes",547.953,CLP,2023-09-30,ALMENDRAL
Otras provisiones a largo plazo,52.487.304,CLP,2023-09-30,ALMENDRAL
Pasivo por impuestos diferidos,421.724.679,CLP,2023-09-30,ALMENDRAL
"Pasivos por impuestos corrientes, no corrientes",-,CLP,2023-09-30,ALMENDRAL
Provisiones no corrientes por beneficios a los empleados,15.326.499,CLP,2023-09-30,ALMENDRAL
Otros pasivos no financieros no corrientes,17.299.102,CLP,2023-09-30,ALMENDRAL
Total de pasivos no corrientes,2.974.280.804,CLP,2023-09-30,ALMENDRAL
Total de pasivos,4.093.061.555,CLP,2023-09-30,ALMENDRAL
Capital emitido y pagado,550.889.625,CLP,2023-09-30,ALMENDRAL
Ganancias (pérdidas) acumuladas,483.280.211,CLP,2023-09-30,ALMENDRAL
Prima de emisión,-,CLP,2023-09-30,ALMENDRAL
Acciones propias en cartera,-,CLP,2023-09-30,ALMENDRAL
Otras participaciones en el patrimonio,-,CLP,2023-09-30,ALMENDRAL
Otras reservas,36.747.461,CLP,2023-09-30,ALMENDRAL
Patrimonio atribuible a los propietarios de la controladora,1.070.917.297,CLP,2023-09-30,ALMENDRAL
Participaciones no controladoras,727.639.015,CLP,2023-09-30,ALMENDRAL
Patrimonio total,1.798.556.312,CLP,2023-09-30,ALMENDRAL
Total de patrimonio y pasivos,5.891.617.867,CLP,2023-09-30,ALMENDRAL
Efectivo y equivalentes al efectivo,533.330.369,CLP,2023-12-31,ALMENDRAL
Otros activos financieros corrientes,170.911.805,CLP,2023-12-31,ALMENDRAL
Otros activos no financieros corrientes,126.043.428,CLP,2023-12-31,ALMENDRAL
Deudores comerciales y otras cuentas por cobrar corrientes,633.268.417,CLP,2023-12-31,ALMENDRAL
"Cuentas por cobrar a entidades relacionadas, corrientes",696.098,CLP,2023-12-31,ALMENDRAL
Inventarios corrientes,107.545.480,CLP,2023-12-31,ALMENDRAL
Activos biológicos corrientes,-,CLP,2023-12-31,ALMENDRAL
"Activos por impuestos corrientes, corrientes",22.948.728,CLP,2023-12-31,ALMENDRAL
Total de activos corrientes distintos de los activo o grupos de activos para su disposición clasificados como mantenidos para la venta o como mantenidos para distribuir a los propietarios,1.594.744.325,CLP,2023-12-31,ALMENDRAL
Activos no corrientes o grupos de activos para su disposición clasificados como mantenidos para la venta o como mantenidos para distribuir a los propietarios,3.940.905,CLP,2023-12-31,ALMENDRAL
Activos corrientes totales,1.598.685.230,CLP,2023-12-31,ALMENDRAL
Otros activos financieros no corrientes,264.148.776,CLP,2023-12-31,ALMENDRAL
Otros activos no financieros no corrientes,39.301.891,CLP,2023-12-31,ALMENDRAL
Cuentas por cobrar no corrientes,7.643.918,CLP,2023-12-31,ALMENDRAL
"Cuentas por cobrar a entidades relacionadas, no corrientes",-,CLP,2023-12-31,ALMENDRAL
"Inventarios, no corrientes",-,CLP,2023-12-31,ALMENDRAL
Inversiones contabilizadas utilizando el método de la participación,-,CLP,2023-12-31,ALMENDRAL
Activos intangibles distintos de la plusvalía,589.824.913,CLP,2023-12-31,ALMENDRAL
Plusvalía,92.676.297,CLP,2023-12-31,ALMENDRAL
"Propiedades, planta y equipo",2.136.968.725,CLP,2023-12-31,ALMENDRAL
Activos biológicos no corrientes,-,CLP,2023-12-31,ALMENDRAL
Propiedad de inversión,627.791,CLP,2023-12-31,ALMENDRAL
Activos por derecho de uso,485.851.073,CLP,2023-12-31,ALMENDRAL
"Activos por impuestos corrientes, no corrientes",-,CLP,2023-12-31,ALMENDRAL
Activos por impuestos diferidos,731.012.679,CLP,2023-12-31,ALMENDRAL
Total de activos no corrientes,4.348.056.063,CLP,2023-12-31,ALMENDRAL
Total de activos,5.946.741.293,CLP,2023-12-31,ALMENDRAL
Otros pasivos financieros corrientes,352.851.934,CLP,2023-12-31,ALMENDRAL
Pasivos por arrendamientos corrientes,120.979.892,CLP,2023-12-31,ALMENDRAL
Cuentas por pagar comerciales y otras cuentas por pagar,791.421.336,CLP,2023-12-31,ALMENDRAL
"Cuentas por pagar a entidades relacionadas, corrientes",2.509.437,CLP,2023-12-31,ALMENDRAL
Otras provisiones a corto plazo,4.025.576,CLP,2023-12-31,ALMENDRAL
"Pasivos por impuestos corrientes, corrientes",46.692.235,CLP,2023-12-31,ALMENDRAL
Provisiones corrientes por beneficios a los empleados,-,CLP,2023-12-31,ALMENDRAL
Otros pasivos no financieros corrientes,33.898.895,CLP,2023-12-31,ALMENDRAL
Total de pasivos corrientes distintos de los pasivos incluidos en grupos de activos para su disposición clasificados como mantenidos para la venta,1.352.379.305,CLP,2023-12-31,ALMENDRAL
Pasivos incluidos en grupos de activos para su disposición clasificados como mantenidos para la venta,-,CLP,2023-12-31,ALMENDRAL
Pasivos corrientes totales,1.352.379.305,CLP,2023-12-31,ALMENDRAL
Otros pasivos financieros no corrientes,1.786.727.295,CLP,2023-12-31,ALMENDRAL
Pasivos por arrendamientos no corrientes,471.903.079,CLP,2023-12-31,ALMENDRAL
Cuentas por pagar no corrientes,-,CLP,2023-12-31,ALMENDRAL
"Cuentas por pagar a entidades relacionadas, no corrientes",557.129,CLP,2023-12-31,ALMENDRAL
Otras provisiones a largo plazo,53.255.027,CLP,2023-12-31,ALMENDRAL
Pasivo por impuestos diferidos,233.607.464,CLP,2023-12-31,ALMENDRAL
"Pasivos por impuestos corrientes, no corrientes",-,CLP,2023-12-31,ALMENDRAL
Provisiones no corrientes por beneficios a los empleados,14.856.299,CLP,2023-12-31,ALMENDRAL
Otros pasivos no financieros no corrientes,190.702.127,CLP,2023-12-31,ALMENDRAL
Total de pasivos no corrientes,2.751.608.420,CLP,2023-12-31,ALMENDRAL
Total de pasivos,4.103.987.725,CLP,2023-12-31,ALMENDRAL
Capital emitido y pagado,550.889.625,CLP,2023-12-31,ALMENDRAL
Ganancias (pérdidas) acumuladas,490.681.850,CLP,2023-12-31,ALMENDRAL
Prima de emisión,-,CLP,2023-12-31,ALMENDRAL
Acciones propias en cartera,-,CLP,2023-12-31,ALMENDRAL
Otras participaciones en el patrimonio,-,CLP,2023-12-31,ALMENDRAL
Otras reservas,44.813.358,CLP,2023-12-31,ALMENDRAL
Patrimonio atribuible a los propietarios de la controladora,1.086.384.833,CLP,2023-12-31,ALMENDRAL
Participaciones no controladoras,756.368.735,CLP,2023-12-31,ALMENDRAL
Patrimonio total,1.842.753.568,CLP,2023-12-31,ALMENDRAL
Total de patrimonio y pasivos,5.946.741.293,CLP,2023-12-31,ALMENDRAL
Efectivo y equivalentes al efectivo,286.777.782,CLP,2024-03-31,ALMENDRAL
Otros activos financieros corrientes,372.531.107,CLP,2024-03-31,ALMENDRAL
Otros activos no financieros corrientes,125.680.909,CLP,2024-03-31,ALMENDRAL
Deudores comerciales y otras cuentas por cobrar corrientes,642.321.251,CLP,2024-03-31,ALMENDRAL
"Cuentas por cobrar a entidades relacionadas, corrientes",411.251,CLP,2024-03-31,ALMENDRAL
Inventarios corrientes,121.357.956,CLP,2024-03-31,ALMENDRAL
Activos biológicos corrientes,-,CLP,2024-03-31,ALMENDRAL
"Activos por impuestos corrientes, corrientes",26.719.938,CLP,2024-03-31,ALMENDRAL
Total de activos corrientes distintos de los activo o grupos de activos para su disposición clasificados como mantenidos para la venta o como mantenidos para distribuir a los propietarios,1.575.800.194,CLP,2024-03-31,ALMENDRAL
Activos no corrientes o grupos de activos para su disposición clasificados como mantenidos para la venta o como mantenidos para distribuir a los propietarios,4.808.070,CLP,2024-03-31,ALMENDRAL
Activos corrientes totales,1.580.608.264,CLP,2024-03-31,ALMENDRAL
Otros activos financieros no corrientes,379.088.274,CLP,2024-03-31,ALMENDRAL
Otros activos no financieros no corrientes,45.579.427,CLP,2024-03-31,ALMENDRAL
Cuentas por cobrar no corrientes,5.559.996,CLP,2024-03-31,ALMENDRAL
"Cuentas por cobrar a entidades relacionadas, no corrientes",-,CLP,2024-03-31,ALMENDRAL
"Inventarios, no corrientes",-,CLP,2024-03-31,ALMENDRAL
Inversiones contabilizadas utilizando el método de la participación,-,CLP,2024-03-31,ALMENDRAL
Activos intangibles distintos de la plusvalía,617.926.415,CLP,2024-03-31,ALMENDRAL
Plusvalía,92.852.274,CLP,2024-03-31,ALMENDRAL
"Propiedades, planta y equipo",2.236.291.177,CLP,2024-03-31,ALMENDRAL
Activos biológicos no corrientes,-,CLP,2024-03-31,ALMENDRAL
Propiedad de inversión,627.791,CLP,2024-03-31,ALMENDRAL
Activos por derecho de uso,504.591.654,CLP,2024-03-31,ALMENDRAL
"Activos por impuestos corrientes, no corrientes",-,CLP,2024-03-31,ALMENDRAL
Activos por impuestos diferidos,782.035.395,CLP,2024-03-31,ALMENDRAL
Total de activos no corrientes,4.664.552.403,CLP,2024-03-31,ALMENDRAL
Total de activos,6.245.160.667,CLP,2024-03-31,ALMENDRAL
Otros pasivos financieros corrientes,348.929.200,CLP,2024-03-31,ALMENDRAL
Pasivos por arrendamientos corrientes,126.171.946,CLP,2024-03-31,ALMENDRAL
Cuentas por pagar comerciales y otras cuentas por pagar,756.934.734,CLP,2024-03-31,ALMENDRAL
"Cuentas por pagar a entidades relacionadas, corrientes",3.064.738,CLP,2024-03-31,ALMENDRAL
Otras provisiones a corto plazo,5.240.513,CLP,2024-03-31,ALMENDRAL
"Pasivos por impuestos corrientes, corrientes",82.905.491,CLP,2024-03-31,ALMENDRAL
Provisiones corrientes por beneficios a los empleados,-,CLP,2024-03-31,ALMENDRAL
Otros pasivos no financieros corrientes,33.707.907,CLP,2024-03-31,ALMENDRAL
Total de pasivos corrientes distintos de los pasivos incluidos en grupos de activos para su disposición clasificados como mantenidos para la venta,1.356.954.529,CLP,2024-03-31,ALMENDRAL
Pasivos incluidos en grupos de activos para su disposición clasificados como mantenidos para la venta,-,CLP,2024-03-31,ALMENDRAL
Pasivos corrientes totales,1.356.954.529,CLP,2024-03-31,ALMENDRAL
Otros pasivos financieros no corrientes,1.921.818.165,CLP,2024-03-31,ALMENDRAL
Pasivos por arrendamientos no corrientes,487.983.377,CLP,2024-03-31,ALMENDRAL
Cuentas por pagar no corrientes,-,CLP,2024-03-31,ALMENDRAL
"Cuentas por pagar a entidades relacionadas, no corrientes",563.953,CLP,2024-03-31,ALMENDRAL
Otras provisiones a largo plazo,55.674.624,CLP,2024-03-31,ALMENDRAL
Pasivo por impuestos diferidos,245.361.406,CLP,2024-03-31,ALMENDRAL
"Pasivos por impuestos corrientes, no corrientes",-,CLP,2024-03-31,ALMENDRAL
Provisiones no corrientes por beneficios a los empleados,15.213.011,CLP,2024-03-31,ALMENDRAL
Otros pasivos no financieros no corrientes,187.750.406,CLP,2024-03-31,ALMENDRAL
Total de pasivos no corrientes,2.914.364.942,CLP,2024-03-31,ALMENDRAL
Total de pasivos,4.271.319.471,CLP,2024-03-31,ALMENDRAL
Capital emitido y pagado,550.889.625,CLP,2024-03-31,ALMENDRAL
Ganancias (pérdidas) acumuladas,478.424.930,CLP,2024-03-31,ALMENDRAL
Prima de emisión,-,CLP,2024-03-31,ALMENDRAL
Acciones propias en cartera,-,CLP,2024-03-31,ALMENDRAL
Otras participaciones en el patrimonio,-,CLP,2024-03-31,ALMENDRAL
Otras reservas,128.505.954,CLP,2024-03-31,ALMENDRAL
Patrimonio atribuible a los propietarios de la controladora,1.157.820.509,CLP,2024-03-31,ALMENDRAL
Participaciones no controladoras,816.020.687,CLP,2024-03-31,ALMENDRAL
Patrimonio total,1.973.841.196,CLP,2024-03-31,ALMENDRAL
Total de patrimonio y pasivos,6.245.160.667,CLP,2024-03-31,ALMENDRAL
Efectivo y equivalentes al efectivo,89.716.272,CLP,2024-06-30,ALMENDRAL
Otros activos financieros corrientes,393.138.748,CLP,2024-06-30,ALMENDRAL
Otros activos no financieros corrientes,143.564.246,CLP,2024-06-30,ALMENDRAL
Deudores comerciales y otras cuentas por cobrar corrientes,637.216.439,CLP,2024-06-30,ALMENDRAL
"Cuentas por cobrar a entidades relacionadas, corrientes",519.481,CLP,2024-06-30,ALMENDRAL
Inventarios corrientes,101.706.796,CLP,2024-06-30,ALMENDRAL
Activos biológicos corrientes,-,CLP,2024-06-30,ALMENDRAL
"Activos por impuestos corrientes, corrientes",21.642.853,CLP,2024-06-30,ALMENDRAL
Total de activos corrientes distintos de los activo o grupos de activos para su disposición clasificados como mantenidos para la venta o como mantenidos para distribuir a los propietarios,1.387.504.835,CLP,2024-06-30,ALMENDRAL
Activos no corrientes o grupos de activos para su disposición clasificados como mantenidos para la venta o como mantenidos para distribuir a los propietarios,4.395.647,CLP,2024-06-30,ALMENDRAL
Activos corrientes totales,1.391.900.482,CLP,2024-06-30,ALMENDRAL
Otros activos financieros no corrientes,336.085.903,CLP,2024-06-30,ALMENDRAL
Otros activos no financieros no corrientes,47.620.163,CLP,2024-06-30,ALMENDRAL
Cuentas por cobrar no corrientes,8.275.368,CLP,2024-06-30,ALMENDRAL
"Cuentas por cobrar a entidades relacionadas, no corrientes",-,CLP,2024-06-30,ALMENDRAL
"Inventarios, no corrientes",-,CLP,2024-06-30,ALMENDRAL
Inversiones contabilizadas utilizando el método de la participación,-,CLP,2024-06-30,ALMENDRAL
Activos intangibles distintos de la plusvalía,591.176.193,CLP,2024-06-30,ALMENDRAL
Plusvalía,92.734.210,CLP,2024-06-30,ALMENDRAL
"Propiedades, planta y equipo",2.207.211.351,CLP,2024-06-30,ALMENDRAL
Activos biológicos no corrientes,-,CLP,2024-06-30,ALMENDRAL
Propiedad de inversión,627.791,CLP,2024-06-30,ALMENDRAL
Activos por derecho de uso,545.062.100,CLP,2024-06-30,ALMENDRAL
"Activos por impuestos corrientes, no corrientes",-,CLP,2024-06-30,ALMENDRAL
Activos por impuestos diferidos,751.139.781,CLP,2024-06-30,ALMENDRAL
Total de activos no corrientes,4.579.932.860,CLP,2024-06-30,ALMENDRAL
Total de activos,5.971.833.342,CLP,2024-06-30,ALMENDRAL
Otros pasivos financieros corrientes,331.957.085,CLP,2024-06-30,ALMENDRAL
Pasivos por arrendamientos corrientes,132.432.212,CLP,2024-06-30,ALMENDRAL
Cuentas por pagar comerciales y otras cuentas por pagar,715.517.942,CLP,2024-06-30,ALMENDRAL
"Cuentas por pagar a entidades relacionadas, corrientes",2.179.279,CLP,2024-06-30,ALMENDRAL
Otras provisiones a corto plazo,5.883.827,CLP,2024-06-30,ALMENDRAL
"Pasivos por impuestos corrientes, corrientes",22.720.447,CLP,2024-06-30,ALMENDRAL
Provisiones corrientes por beneficios a los empleados,-,CLP,2024-06-30,ALMENDRAL
Otros pasivos no financieros corrientes,33.712.572,CLP,2024-06-30,ALMENDRAL
Total de pasivos corrientes distintos de los pasivos incluidos en grupos de activos para su disposición clasificados como mantenidos para la venta,1.244.403.364,CLP,2024-06-30,ALMENDRAL
Pasivos incluidos en grupos de activos para su disposición clasificados como mantenidos para la venta,-,CLP,2024-06-30,ALMENDRAL
Pasivos corrientes totales,1.244.403.364,CLP,2024-06-30,ALMENDRAL
Otros pasivos financieros no corrientes,1.833.542.685,CLP,2024-06-30,ALMENDRAL
Pasivos por arrendamientos no corrientes,517.023.268,CLP,2024-06-30,ALMENDRAL
Cuentas por pagar no corrientes,-,CLP,2024-06-30,ALMENDRAL
"Cuentas por pagar a entidades relacionadas, no corrientes",571.191,CLP,2024-06-30,ALMENDRAL
Otras provisiones a largo plazo,54.838.540,CLP,2024-06-30,ALMENDRAL
Pasivo por impuestos diferidos,237.045.483,CLP,2024-06-30,ALMENDRAL
"Pasivos por impuestos corrientes, no corrientes",-,CLP,2024-06-30,ALMENDRAL
Provisiones no corrientes por beneficios a los empleados,15.008.307,CLP,2024-06-30,ALMENDRAL
Otros pasivos no financieros no corrientes,184.972.535,CLP,2024-06-30,ALMENDRAL
Total de pasivos no corrientes,2.843.002.009,CLP,2024-06-30,ALMENDRAL
Total de pasivos,4.087.405.373,CLP,2024-06-30,ALMENDRAL
Capital emitido y pagado,550.889.625,CLP,2024-06-30,ALMENDRAL
Ganancias (pérdidas) acumuladas,492.747.103,CLP,2024-06-30,ALMENDRAL
Prima de emisión,-,CLP,2024-06-30,ALMENDRAL
Acciones propias en cartera,-,CLP,2024-06-30,ALMENDRAL
Otras participaciones en el patrimonio,-,CLP,2024-06-30,ALMENDRAL
Otras reservas,71.689.212,CLP,2024-06-30,ALMENDRAL
Patrimonio atribuible a los propietarios de la controladora,1.115.325.940,CLP,2024-06-30,ALMENDRAL
Participaciones no controladoras,769.102.029,CLP,2024-06-30,ALMENDRAL
Patrimonio total,1.884.427.969,CLP,2024-06-30,ALMENDRAL
Total de patrimonio y pasivos,5.971.833.342,CLP,2024-06-30,ALMENDRAL
Efectivo y equivalentes al efectivo,221.176.721,CLP,2024-09-30,ALMENDRAL
Otros activos financieros corrientes,283.400.543,CLP,2024-09-30,ALMENDRAL
Otros activos no financieros corrientes,157.695.580,CLP,2024-09-30,ALMENDRAL
Deudores comerciales y otras cuentas por cobrar corrientes,640.641.180,CLP,2024-09-30,ALMENDRAL
"Cuentas por cobrar a entidades relacionadas, corrientes",452.205,CLP,2024-09-30,ALMENDRAL
Inventarios corrientes,112.304.903,CLP,2024-09-30,ALMENDRAL
Activos biológicos corrientes,-,CLP,2024-09-30,ALMENDRAL
"Activos por impuestos corrientes, corrientes",26.925.747,CLP,2024-09-30,ALMENDRAL
Total de activos corrientes distintos de los activo o grupos de activos para su disposición clasificados como mantenidos para la venta o como mantenidos para distribuir a los propietarios,1.442.596.879,CLP,2024-09-30,ALMENDRAL
Activos no corrientes o grupos de activos para su disposición clasificados como mantenidos para la venta o como mantenidos para distribuir a los propietarios,4.334.720,CLP,2024-09-30,ALMENDRAL
Activos corrientes totales,1.446.931.599,CLP,2024-09-30,ALMENDRAL
Otros activos financieros no corrientes,234.520.035,CLP,2024-09-30,ALMENDRAL
Otros activos no financieros no corrientes,30.218.641,CLP,2024-09-30,ALMENDRAL
Cuentas por cobrar no corrientes,19.685.600,CLP,2024-09-30,ALMENDRAL
"Cuentas por cobrar a entidades relacionadas, no corrientes",-,CLP,2024-09-30,ALMENDRAL
"Inventarios, no corrientes",-,CLP,2024-09-30,ALMENDRAL
Inversiones contabilizadas utilizando el método de la participación,-,CLP,2024-09-30,ALMENDRAL
Activos intangibles distintos de la plusvalía,582.495.845,CLP,2024-09-30,ALMENDRAL
Plusvalía,92.712.389,CLP,2024-09-30,ALMENDRAL
"Propiedades, planta y equipo",2.200.711.322,CLP,2024-09-30,ALMENDRAL
Activos biológicos no corrientes,-,CLP,2024-09-30,ALMENDRAL
Propiedad de inversión,627.791,CLP,2024-09-30,ALMENDRAL
Activos por derecho de uso,559.639.640,CLP,2024-09-30,ALMENDRAL
"Activos por impuestos corrientes, no corrientes",-,CLP,2024-09-30,ALMENDRAL
Activos por impuestos diferidos,747.556.566,CLP,2024-09-30,ALMENDRAL
Total de activos no corrientes,4.468.167.829,CLP,2024-09-30,ALMENDRAL
Total de activos,5.915.099.428,CLP,2024-09-30,ALMENDRAL
Otros pasivos financieros corrientes,569.947.633,CLP,2024-09-30,ALMENDRAL
Pasivos por arrendamientos corrientes,136.880.683,CLP,2024-09-30,ALMENDRAL
Cuentas por pagar comerciales y otras cuentas por pagar,700.801.498,CLP,2024-09-30,ALMENDRAL
"Cuentas por pagar a entidades relacionadas, corrientes",2.392.384,CLP,2024-09-30,ALMENDRAL
Otras provisiones a corto plazo,6.011.953,CLP,2024-09-30,ALMENDRAL
"Pasivos por impuestos corrientes, corrientes",7.780.989,CLP,2024-09-30,ALMENDRAL
Provisiones corrientes por beneficios a los empleados,-,CLP,2024-09-30,ALMENDRAL
Otros pasivos no financieros corrientes,30.833.997,CLP,2024-09-30,ALMENDRAL
Total de pasivos corrientes distintos de los pasivos incluidos en grupos de activos para su disposición clasificados como mantenidos para la venta,1.454.649.137,CLP,2024-09-30,ALMENDRAL
Pasivos incluidos en grupos de activos para su disposición clasificados como mantenidos para la venta,-,CLP,2024-09-30,ALMENDRAL
Pasivos corrientes totales,1.454.649.137,CLP,2024-09-30,ALMENDRAL
Otros pasivos financieros no corrientes,1.531.205.487,CLP,2024-09-30,ALMENDRAL
Pasivos por arrendamientos no corrientes,522.847.791,CLP,2024-09-30,ALMENDRAL
Cuentas por pagar no corrientes,-,CLP,2024-09-30,ALMENDRAL
"Cuentas por pagar a entidades relacionadas, no corrientes",576.315,CLP,2024-09-30,ALMENDRAL
Otras provisiones a largo plazo,54.875.041,CLP,2024-09-30,ALMENDRAL
Pasivo por impuestos diferidos,237.834.650,CLP,2024-09-30,ALMENDRAL
"Pasivos por impuestos corrientes, no corrientes",-,CLP,2024-09-30,ALMENDRAL
Provisiones no corrientes por beneficios a los empleados,15.312.083,CLP,2024-09-30,ALMENDRAL
Otros pasivos no financieros no corrientes,182.153.606,CLP,2024-09-30,ALMENDRAL
Total de pasivos no corrientes,2.544.804.973,CLP,2024-09-30,ALMENDRAL
Total de pasivos,3.999.454.110,CLP,2024-09-30,ALMENDRAL
Capital emitido y pagado,550.889.625,CLP,2024-09-30,ALMENDRAL
Ganancias (pérdidas) acumuladas,514.411.492,CLP,2024-09-30,ALMENDRAL
Prima de emisión,-,CLP,2024-09-30,ALMENDRAL
Acciones propias en cartera,-,CLP,2024-09-30,ALMENDRAL
Otras participaciones en el patrimonio,-,CLP,2024-09-30,ALMENDRAL
Otras reservas,66.726.803,CLP,2024-09-30,ALMENDRAL
Patrimonio atribuible a los propietarios de la controladora,1.132.027.920,CLP,2024-09-30,ALMENDRAL
Participaciones no controladoras,783.617.398,CLP,2024-09-30,ALMENDRAL
Patrimonio total,1.915.645.318,CLP,2024-09-30,ALMENDRAL
Total de patrimonio y pasivos,5.915.099.428,CLP,2024-09-30,ALMENDRAL
Efectivo y equivalentes al efectivo,89.747.310,CLP,2024-12-31,ALMENDRAL
Otros activos financieros corrientes,302.676.836,CLP,2024-12-31,ALMENDRAL
Otros activos no financieros corrientes,150.843.470,CLP,2024-12-31,ALMENDRAL
Deudores comerciales y otras cuentas por cobrar corrientes,681.576.921,CLP,2024-12-31,ALMENDRAL
"Cuentas por cobrar a entidades relacionadas, corrientes",1.357.022,CLP,2024-12-31,ALMENDRAL
Inventarios corrientes,108.113.748,CLP,2024-12-31,ALMENDRAL
Activos biológicos corrientes,-,CLP,2024-12-31,ALMENDRAL
"Activos por impuestos corrientes, corrientes",29.767.249,CLP,2024-12-31,ALMENDRAL
Total de activos corrientes distintos de los activo o grupos de activos para su disposición clasificados como mantenidos para la venta o como mantenidos para distribuir a los propietarios,1.364.082.556,CLP,2024-12-31,ALMENDRAL
Activos no corrientes o grupos de activos para su disposición clasificados como mantenidos para la venta o como mantenidos para distribuir a los propietarios,-,CLP,2024-12-31,ALMENDRAL
Activos corrientes totales,1.364.082.556,CLP,2024-12-31,ALMENDRAL
Otros activos financieros no corrientes,312.643.931,CLP,2024-12-31,ALMENDRAL
Otros activos no financieros no corrientes,33.145.751,CLP,2024-12-31,ALMENDRAL
Cuentas por cobrar no corrientes,17.728.992,CLP,2024-12-31,ALMENDRAL
"Cuentas por cobrar a entidades relacionadas, no corrientes",-,CLP,2024-12-31,ALMENDRAL
"Inventarios, no corrientes",-,CLP,2024-12-31,ALMENDRAL
Inversiones contabilizadas utilizando el método de la participación,-,CLP,2024-12-31,ALMENDRAL
Activos intangibles distintos de la plusvalía,603.339.082,CLP,2024-12-31,ALMENDRAL
Plusvalía,92.852.722,CLP,2024-12-31,ALMENDRAL
"Propiedades, planta y equipo",2.290.986.654,CLP,2024-12-31,ALMENDRAL
Activos biológicos no corrientes,-,CLP,2024-12-31,ALMENDRAL
Propiedad de inversión,627.791,CLP,2024-12-31,ALMENDRAL
Activos por derecho de uso,580.796.729,CLP,2024-12-31,ALMENDRAL
"Activos por impuestos corrientes, no corrientes",-,CLP,2024-12-31,ALMENDRAL
Activos por impuestos diferidos,794.937.692,CLP,2024-12-31,ALMENDRAL
Total de activos no corrientes,4.727.059.344,CLP,2024-12-31,ALMENDRAL
Total de activos,6.091.141.900,CLP,2024-12-31,ALMENDRAL
Otros pasivos financieros corrientes,393.574.931,CLP,2024-12-31,ALMENDRAL
Pasivos por arrendamientos corrientes,143.981.550,CLP,2024-12-31,ALMENDRAL
Cuentas por pagar comerciales y otras cuentas por pagar,798.515.167,CLP,2024-12-31,ALMENDRAL
"Cuentas por pagar a entidades relacionadas, corrientes",3.496.644,CLP,2024-12-31,ALMENDRAL
Otras provisiones a corto plazo,6.373.894,CLP,2024-12-31,ALMENDRAL
"Pasivos por impuestos corrientes, corrientes",36.210.238,CLP,2024-12-31,ALMENDRAL
Provisiones corrientes por beneficios a los empleados,-,CLP,2024-12-31,ALMENDRAL
Otros pasivos no financieros corrientes,25.018.090,CLP,2024-12-31,ALMENDRAL
Total de pasivos corrientes distintos de los pasivos incluidos en grupos de activos para su disposición clasificados como mantenidos para la venta,1.407.170.514,CLP,2024-12-31,ALMENDRAL
Pasivos incluidos en grupos de activos para su disposición clasificados como mantenidos para la venta,-,CLP,2024-12-31,ALMENDRAL
Pasivos corrientes totales,1.407.170.514,CLP,2024-12-31,ALMENDRAL
Otros pasivos financieros no corrientes,1.635.384.445,CLP,2024-12-31,ALMENDRAL
Pasivos por arrendamientos no corrientes,538.029.076,CLP,2024-12-31,ALMENDRAL
Cuentas por pagar no corrientes,-,CLP,2024-12-31,ALMENDRAL
"Cuentas por pagar a entidades relacionadas, no corrientes",583.976,CLP,2024-12-31,ALMENDRAL
Otras provisiones a largo plazo,48.353.417,CLP,2024-12-31,ALMENDRAL
Pasivo por impuestos diferidos,256.162.511,CLP,2024-12-31,ALMENDRAL
"Pasivos por impuestos corrientes, no corrientes",-,CLP,2024-12-31,ALMENDRAL
Provisiones no corrientes por beneficios a los empleados,17.416.331,CLP,2024-12-31,ALMENDRAL
Otros pasivos no financieros no corrientes,172.226.101,CLP,2024-12-31,ALMENDRAL
Total de pasivos no corrientes,2.668.155.857,CLP,2024-12-31,ALMENDRAL
Total de pasivos,4.075.326.371,CLP,2024-12-31,ALMENDRAL
Capital emitido y pagado,550.889.625,CLP,2024-12-31,ALMENDRAL
Ganancias (pérdidas) acumuladas,504.783.490,CLP,2024-12-31,ALMENDRAL
Prima de emisión,-,CLP,2024-12-31,ALMENDRAL
Acciones propias en cartera,-,CLP,2024-12-31,ALMENDRAL
Otras participaciones en el patrimonio,-,CLP,2024-12-31,ALMENDRAL
Otras reservas,131.287.243,CLP,2024-12-31,ALMENDRAL
Patrimonio atribuible a los propietarios de la controladora,1.186.960.358,CLP,2024-12-31,ALMENDRAL
Participaciones no controladoras,828.855.171,CLP,2024-12-31,ALMENDRAL
Patrimonio total,2.015.815.529,CLP,2024-12-31,ALMENDRAL
Total de patrimonio y pasivos,6.091.141.900,CLP,2024-12-31,ALMENDRAL
Efectivo y equivalentes al efectivo,189.833.660,CLP,2025-03-31,ALMENDRAL
Otros activos financieros corrientes,166.199.387,CLP,2025-03-31,ALMENDRAL
Otros activos no financieros corrientes,161.363.214,CLP,2025-03-31,ALMENDRAL
Deudores comerciales y otras cuentas por cobrar corrientes,661.854.383,CLP,2025-03-31,ALMENDRAL
"Cuentas por cobrar a entidades relacionadas, corrientes",832.083,CLP,2025-03-31,ALMENDRAL
Inventarios corrientes,127.606.012,CLP,2025-03-31,ALMENDRAL
Activos biológicos corrientes,-,CLP,2025-03-31,ALMENDRAL
"Activos por impuestos corrientes, corrientes",33.231.298,CLP,2025-03-31,ALMENDRAL
Total de activos corrientes distintos de los activo o grupos de activos para su disposición clasificados como mantenidos para la venta o como mantenidos para distribuir a los propietarios,1.340.920.037,CLP,2025-03-31,ALMENDRAL
Activos no corrientes o grupos de activos para su disposición clasificados como mantenidos para la venta o como mantenidos para distribuir a los propietarios,-,CLP,2025-03-31,ALMENDRAL
Activos corrientes totales,1.340.920.037,CLP,2025-03-31,ALMENDRAL
Otros activos financieros no corrientes,282.241.349,CLP,2025-03-31,ALMENDRAL
Otros activos no financieros no corrientes,37.254.078,CLP,2025-03-31,ALMENDRAL
Cuentas por cobrar no corrientes,16.049.940,CLP,2025-03-31,ALMENDRAL
"Cuentas por cobrar a entidades relacionadas, no corrientes",-,CLP,2025-03-31,ALMENDRAL
"Inventarios, no corrientes",-,CLP,2025-03-31,ALMENDRAL
Inversiones contabilizadas utilizando el método de la participación,-,CLP,2025-03-31,ALMENDRAL
Activos intangibles distintos de la plusvalía,592.775.194,CLP,2025-03-31,ALMENDRAL
Plusvalía,92.820.599,CLP,2025-03-31,ALMENDRAL
"Propiedades, planta y equipo",2.286.182.872,CLP,2025-03-31,ALMENDRAL
Activos biológicos no corrientes,-,CLP,2025-03-31,ALMENDRAL
Propiedad de inversión,627.791,CLP,2025-03-31,ALMENDRAL
Activos por derecho de uso,576.492.441,CLP,2025-03-31,ALMENDRAL
"Activos por impuestos corrientes, no corrientes",-,CLP,2025-03-31,ALMENDRAL
Activos por impuestos diferidos,811.794.442,CLP,2025-03-31,ALMENDRAL
Total de activos no corrientes,4.696.238.706,CLP,2025-03-31,ALMENDRAL
Total de activos,6.037.158.743,CLP,2025-03-31,ALMENDRAL
Otros pasivos financieros corrientes,403.874.612,CLP,2025-03-31,ALMENDRAL
Pasivos por arrendamientos corrientes,145.493.662,CLP,2025-03-31,ALMENDRAL
Cuentas por pagar comerciales y otras cuentas por pagar,781.848.576,CLP,2025-03-31,ALMENDRAL
"Cuentas por pagar a entidades relacionadas, corrientes",2.946.770,CLP,2025-03-31,ALMENDRAL
Otras provisiones a corto plazo,7.580.373,CLP,2025-03-31,ALMENDRAL
"Pasivos por impuestos corrientes, corrientes",38.195.362,CLP,2025-03-31,ALMENDRAL
Provisiones corrientes por beneficios a los empleados,-,CLP,2025-03-31,ALMENDRAL
Otros pasivos no financieros corrientes,23.403.767,CLP,2025-03-31,ALMENDRAL
Total de pasivos corrientes distintos de los pasivos incluidos en grupos de activos para su disposición clasificados como mantenidos para la venta,1.403.343.122,CLP,2025-03-31,ALMENDRAL
Pasivos incluidos en grupos de activos para su disposición clasificados como mantenidos para la venta,-,CLP,2025-03-31,ALMENDRAL
Pasivos corrientes totales,1.403.343.122,CLP,2025-03-31,ALMENDRAL
Otros pasivos financieros no corrientes,1.599.333.182,CLP,2025-03-31,ALMENDRAL
Pasivos por arrendamientos no corrientes,530.568.321,CLP,2025-03-31,ALMENDRAL
Cuentas por pagar no corrientes,591.200,CLP,2025-03-31,ALMENDRAL
"Cuentas por pagar a entidades relacionadas, no corrientes",-,CLP,2025-03-31,ALMENDRAL
Otras provisiones a largo plazo,48.485.377,CLP,2025-03-31,ALMENDRAL
Pasivo por impuestos diferidos,252.645.322,CLP,2025-03-31,ALMENDRAL
"Pasivos por impuestos corrientes, no corrientes",-,CLP,2025-03-31,ALMENDRAL
Provisiones no corrientes por beneficios a los empleados,17.173.493,CLP,2025-03-31,ALMENDRAL
Otros pasivos no financieros no corrientes,169.280.989,CLP,2025-03-31,ALMENDRAL
Total de pasivos no corrientes,2.618.077.884,CLP,2025-03-31,ALMENDRAL
Total de pasivos,4.021.421.006,CLP,2025-03-31,ALMENDRAL
Capital emitido y pagado,550.889.625,CLP,2025-03-31,ALMENDRAL
Ganancias (pérdidas) acumuladas,516.498.915,CLP,2025-03-31,ALMENDRAL
Prima de emisión,-,CLP,2025-03-31,ALMENDRAL
Acciones propias en cartera,-,CLP,2025-03-31,ALMENDRAL
Otras participaciones en el patrimonio,-,CLP,2025-03-31,ALMENDRAL
Otras reservas,119.121.968,CLP,2025-03-31,ALMENDRAL
Patrimonio atribuible a los propietarios de la controladora,1.186.510.508,CLP,2025-03-31,ALMENDRAL
Participaciones no controladoras,829.227.229,CLP,2025-03-31,ALMENDRAL
Patrimonio total,2.015.737.737,CLP,2025-03-31,ALMENDRAL
Total de patrimonio y pasivos,6.037.158.743,CLP,2025-03-31,ALMENDRAL
Efectivo y equivalentes al efectivo,276.332.624,CLP,2025-06-30,ALMENDRAL
Otros activos financieros corrientes,71.989.856,CLP,2025-06-30,ALMENDRAL
Otros activos no financieros corrientes,160.379.539,CLP,2025-06-30,ALMENDRAL
Deudores comerciales y otras cuentas por cobrar corrientes,650.247.771,CLP,2025-06-30,ALMENDRAL
"Cuentas por cobrar a entidades relacionadas, corrientes",644.487,CLP,2025-06-30,ALMENDRAL
Inventarios corrientes,124.712.873,CLP,2025-06-30,ALMENDRAL
Activos biológicos corrientes,-,CLP,2025-06-30,ALMENDRAL
"Activos por impuestos corrientes, corrientes",25.193.328,CLP,2025-06-30,ALMENDRAL
Total de activos corrientes distintos de los activo o grupos de activos para su disposición clasificados como mantenidos para la venta o como mantenidos para distribuir a los propietarios,1.309.500.478,CLP,2025-06-30,ALMENDRAL
Activos no corrientes o grupos de activos para su disposición clasificados como mantenidos para la venta o como mantenidos para distribuir a los propietarios,-,CLP,2025-06-30,ALMENDRAL
Activos corrientes totales,1.309.500.478,CLP,2025-06-30,ALMENDRAL
Otros activos financieros no corrientes,264.645.266,CLP,2025-06-30,ALMENDRAL
Otros activos no financieros no corrientes,30.676.279,CLP,2025-06-30,ALMENDRAL
Cuentas por cobrar no corrientes,14.969.087,CLP,2025-06-30,ALMENDRAL
"Cuentas por cobrar a entidades relacionadas, no corrientes",-,CLP,2025-06-30,ALMENDRAL
"Inventarios, no corrientes",-,CLP,2025-06-30,ALMENDRAL
Inversiones contabilizadas utilizando el método de la participación,-,CLP,2025-06-30,ALMENDRAL
Activos intangibles distintos de la plusvalía,592.832.818,CLP,2025-06-30,ALMENDRAL
Plusvalía,92.847.603,CLP,2025-06-30,ALMENDRAL
"Propiedades, planta y equipo",2.300.378.269,CLP,2025-06-30,ALMENDRAL
Activos biológicos no corrientes,-,CLP,2025-06-30,ALMENDRAL
Propiedad de inversión,627.791,CLP,2025-06-30,ALMENDRAL
Activos por derecho de uso,587.537.844,CLP,2025-06-30,ALMENDRAL
"Activos por impuestos corrientes, no corrientes",-,CLP,2025-06-30,ALMENDRAL
Activos por impuestos diferidos,832.425.945,CLP,2025-06-30,ALMENDRAL
Total de activos no corrientes,4.716.940.902,CLP,2025-06-30,ALMENDRAL
Total de activos,6.026.441.380,CLP,2025-06-30,ALMENDRAL
Otros pasivos financieros corrientes,371.912.288,CLP,2025-06-30,ALMENDRAL
Pasivos por arrendamientos corrientes,139.559.906,CLP,2025-06-30,ALMENDRAL
Cuentas por pagar comerciales y otras cuentas por pagar,744.130.679,CLP,2025-06-30,ALMENDRAL
"Cuentas por pagar a entidades relacionadas, corrientes",4.239.886,CLP,2025-06-30,ALMENDRAL
Otras provisiones a corto plazo,9.136.572,CLP,2025-06-30,ALMENDRAL
"Pasivos por impuestos corrientes, corrientes",3.863.456,CLP,2025-06-30,ALMENDRAL
Provisiones corrientes por beneficios a los empleados,-,CLP,2025-06-30,ALMENDRAL
Otros pasivos no financieros corrientes,22.933.761,CLP,2025-06-30,ALMENDRAL
Total de pasivos corrientes distintos de los pasivos incluidos en grupos de activos para su disposición clasificados como mantenidos para la venta,1.295.776.548,CLP,2025-06-30,ALMENDRAL
Pasivos incluidos en grupos de activos para su disposición clasificados como mantenidos para la venta,-,CLP,2025-06-30,ALMENDRAL
Pasivos corrientes totales,1.295.776.548,CLP,2025-06-30,ALMENDRAL
Otros pasivos financieros no corrientes,1.662.431.010,CLP,2025-06-30,ALMENDRAL
Pasivos por arrendamientos no corrientes,538.907.676,CLP,2025-06-30,ALMENDRAL
Cuentas por pagar no corrientes,-,CLP,2025-06-30,ALMENDRAL
"Cuentas por pagar a entidades relacionadas, no corrientes",596.843,CLP,2025-06-30,ALMENDRAL
Otras provisiones a largo plazo,49.962.016,CLP,2025-06-30,ALMENDRAL
Pasivo por impuestos diferidos,257.884.632,CLP,2025-06-30,ALMENDRAL
"Pasivos por impuestos corrientes, no corrientes",-,CLP,2025-06-30,ALMENDRAL
Provisiones no corrientes por beneficios a los empleados,16.756.537,CLP,2025-06-30,ALMENDRAL
Otros pasivos no financieros no corrientes,166.657.958,CLP,2025-06-30,ALMENDRAL
Total de pasivos no corrientes,2.693.196.672,CLP,2025-06-30,ALMENDRAL
Total de pasivos,3.988.973.220,CLP,2025-06-30,ALMENDRAL
Capital emitido y pagado,550.889.625,CLP,2025-06-30,ALMENDRAL
Ganancias (pérdidas) acumuladas,517.609.462,CLP,2025-06-30,ALMENDRAL
Prima de emisión,-,CLP,2025-06-30,ALMENDRAL
Acciones propias en cartera,-,CLP,2025-06-30,ALMENDRAL
Otras participaciones en el patrimonio,-,CLP,2025-06-30,ALMENDRAL
Otras reservas,134.194.619,CLP,2025-06-30,ALMENDRAL
Patrimonio atribuible a los propietarios de la controladora,1.202.693.706,CLP,2025-06-30,ALMENDRAL
Participaciones no controladoras,834.774.454,CLP,2025-06-30,ALMENDRAL
Patrimonio total,2.037.468.160,CLP,2025-06-30,ALMENDRAL
Total de patrimonio y pasivos,6.026.441.380,CLP,2025-06-30,ALMENDRAL
Efectivo y equivalentes al efectivo,52.963.712,CLP,2017-03-31,IAM
Otros activos financieros corrientes,8.189.290,CLP,2017-03-31,IAM
Otros activos no financieros corrientes,3.076.782,CLP,2017-03-31,IAM
Deudores comerciales y otras cuentas por cobrar corrientes,112.759.901,CLP,2017-03-31,IAM
"Cuentas por cobrar a entidades relacionadas, corrientes",1.188.272,CLP,2017-03-31,IAM
Inventarios corrientes,3.274.933,CLP,2017-03-31,IAM
Activos biológicos corrientes,-,CLP,2017-03-31,IAM
"Activos por impuestos corrientes, corrientes",6.380.980,CLP,2017-03-31,IAM
Total de activos corrientes distintos de los activo o grupos de activos para su disposición clasificados como mantenidos para la venta o como mantenidos para distribuir a los propietarios,187.833.870,CLP,2017-03-31,IAM
Activos no corrientes o grupos de activos para su disposición clasificados como mantenidos para la venta o como mantenidos para distribuir a los propietarios,-,CLP,2017-03-31,IAM
Activos corrientes totales,187.833.870,CLP,2017-03-31,IAM
Otros activos financieros no corrientes,7.792.445,CLP,2017-03-31,IAM
Otros activos no financieros no corrientes,892.533,CLP,2017-03-31,IAM
Cuentas por cobrar no corrientes,2.091.376,CLP,2017-03-31,IAM
"Cuentas por cobrar a entidades relacionadas, no corrientes",-,CLP,2017-03-31,IAM
"Inventarios, no corrientes",-,CLP,2017-03-31,IAM
Inversiones contabilizadas utilizando el método de la participación,-,CLP,2017-03-31,IAM
Activos intangibles distintos de la plusvalía,227.625.228,CLP,2017-03-31,IAM
Plusvalía,307.581.431,CLP,2017-03-31,IAM
"Propiedades, planta y equipo",1.298.235.601,CLP,2017-03-31,IAM
Activos biológicos no corrientes,-,CLP,2017-03-31,IAM
Propiedad de inversión,-,CLP,2017-03-31,IAM
"Activos por impuestos corrientes, no corrientes",-,CLP,2017-03-31,IAM
Activos por impuestos diferidos,21.188.332,CLP,2017-03-31,IAM
Total de activos no corrientes,1.865.406.946,CLP,2017-03-31,IAM
Total de activos,2.053.240.816,CLP,2017-03-31,IAM
Otros pasivos financieros corrientes,44.846.393,CLP,2017-03-31,IAM
Cuentas por pagar comerciales y otras cuentas por pagar,74.801.100,CLP,2017-03-31,IAM
"Cuentas por pagar a entidades relacionadas, corrientes",13.578.953,CLP,2017-03-31,IAM
Otras provisiones a corto plazo,2.762.510,CLP,2017-03-31,IAM
"Pasivos por impuestos corrientes, corrientes",6.718.298,CLP,2017-03-31,IAM
Provisiones corrientes por beneficios a los empleados,2.057.193,CLP,2017-03-31,IAM
Otros pasivos no financieros corrientes,18.293.224,CLP,2017-03-31,IAM
Total de pasivos corrientes distintos de los pasivos incluidos en grupos de activos para su disposición clasificados como mantenidos para la venta,163.057.671,CLP,2017-03-31,IAM
Pasivos incluidos en grupos de activos para su disposición clasificados como mantenidos para la venta,-,CLP,2017-03-31,IAM
Pasivos corrientes totales,163.057.671,CLP,2017-03-31,IAM
Otros pasivos financieros no corrientes,814.819.113,CLP,2017-03-31,IAM
Cuentas por pagar no corrientes,935.110,CLP,2017-03-31,IAM
"Cuentas por pagar a entidades relacionadas, no corrientes",-,CLP,2017-03-31,IAM
Otras provisiones a largo plazo,1.284.054,CLP,2017-03-31,IAM
Pasivo por impuestos diferidos,38.320.912,CLP,2017-03-31,IAM
"Pasivos por impuestos corrientes, no corrientes",-,CLP,2017-03-31,IAM
Provisiones no corrientes por beneficios a los empleados,15.840.820,CLP,2017-03-31,IAM
Otros pasivos no financieros no corrientes,8.598.108,CLP,2017-03-31,IAM
Total de pasivos no corrientes,879.798.117,CLP,2017-03-31,IAM
Total de pasivos,1.042.855.788,CLP,2017-03-31,IAM
Capital emitido,468.358.402,CLP,2017-03-31,IAM
Ganancias (pérdidas) acumuladas,183.683.487,CLP,2017-03-31,IAM
Prima de emisión,-,CLP,2017-03-31,IAM
Acciones propias en cartera,-,CLP,2017-03-31,IAM
Otras participaciones en el patrimonio,-37.268.417,CLP,2017-03-31,IAM
Otras reservas,-,CLP,2017-03-31,IAM
Patrimonio atribuible a los propietarios de la controladora,614.773.472,CLP,2017-03-31,IAM
Participaciones no controladoras,395.611.556,CLP,2017-03-31,IAM
Patrimonio total,1.010.385.028,CLP,2017-03-31,IAM
Total de patrimonio y pasivos,2.053.240.816,CLP,2017-03-31,IAM
Efectivo y equivalentes al efectivo,6.501.671,CLP,2017-06-30,IAM
Otros activos financieros corrientes,-,CLP,2017-06-30,IAM
Otros activos no financieros corrientes,2.628.309,CLP,2017-06-30,IAM
Deudores comerciales y otras cuentas por cobrar corrientes,93.259.562,CLP,2017-06-30,IAM
"Cuentas por cobrar a entidades relacionadas, corrientes",110.085,CLP,2017-06-30,IAM
Inventarios corrientes,3.345.342,CLP,2017-06-30,IAM
Activos biológicos corrientes,-,CLP,2017-06-30,IAM
"Activos por impuestos corrientes, corrientes",6.406.976,CLP,2017-06-30,IAM
Total de activos corrientes distintos de los activo o grupos de activos para su disposición clasificados como mantenidos para la venta o como mantenidos para distribuir a los propietarios,112.251.945,CLP,2017-06-30,IAM
Activos no corrientes o grupos de activos para su disposición clasificados como mantenidos para la venta o como mantenidos para distribuir a los propietarios,-,CLP,2017-06-30,IAM
Activos corrientes totales,112.251.945,CLP,2017-06-30,IAM
Otros activos financieros no corrientes,7.807.734,CLP,2017-06-30,IAM
Otros activos no financieros no corrientes,904.843,CLP,2017-06-30,IAM
Cuentas por cobrar no corrientes,2.105.464,CLP,2017-06-30,IAM
"Cuentas por cobrar a entidades relacionadas, no corrientes",-,CLP,2017-06-30,IAM
"Inventarios, no corrientes",-,CLP,2017-06-30,IAM
Inversiones contabilizadas utilizando el método de la participación,-,CLP,2017-06-30,IAM
Activos intangibles distintos de la plusvalía,227.759.656,CLP,2017-06-30,IAM
Plusvalía,307.581.431,CLP,2017-06-30,IAM
"Propiedades, planta y equipo",1.304.541.491,CLP,2017-06-30,IAM
Activos biológicos no corrientes,-,CLP,2017-06-30,IAM
Propiedad de inversión,-,CLP,2017-06-30,IAM
"Activos por impuestos corrientes, no corrientes",-,CLP,2017-06-30,IAM
Activos por impuestos diferidos,22.376.651,CLP,2017-06-30,IAM
Total de activos no corrientes,1.873.077.270,CLP,2017-06-30,IAM
Total de activos,1.985.329.215,CLP,2017-06-30,IAM
Otros pasivos financieros corrientes,46.552.731,CLP,2017-06-30,IAM
Cuentas por pagar comerciales y otras cuentas por pagar,69.416.659,CLP,2017-06-30,IAM
"Cuentas por pagar a entidades relacionadas, corrientes",19.093.950,CLP,2017-06-30,IAM
Otras provisiones a corto plazo,2.664.747,CLP,2017-06-30,IAM
"Pasivos por impuestos corrientes, corrientes",569.776,CLP,2017-06-30,IAM
Provisiones corrientes por beneficios a los empleados,2.931.066,CLP,2017-06-30,IAM
Otros pasivos no financieros corrientes,12.528.459,CLP,2017-06-30,IAM
Total de pasivos corrientes distintos de los pasivos incluidos en grupos de activos para su disposición clasificados como mantenidos para la venta,153.757.388,CLP,2017-06-30,IAM
Pasivos incluidos en grupos de activos para su disposición clasificados como mantenidos para la venta,-,CLP,2017-06-30,IAM
Pasivos corrientes totales,153.757.388,CLP,2017-06-30,IAM
Otros pasivos financieros no corrientes,825.118.598,CLP,2017-06-30,IAM
Cuentas por pagar no corrientes,976.145,CLP,2017-06-30,IAM
"Cuentas por pagar a entidades relacionadas, no corrientes",-,CLP,2017-06-30,IAM
Otras provisiones a largo plazo,1.294.150,CLP,2017-06-30,IAM
Pasivo por impuestos diferidos,37.707.133,CLP,2017-06-30,IAM
"Pasivos por impuestos corrientes, no corrientes",-,CLP,2017-06-30,IAM
Provisiones no corrientes por beneficios a los empleados,16.592.754,CLP,2017-06-30,IAM
Otros pasivos no financieros no corrientes,8.408.910,CLP,2017-06-30,IAM
Total de pasivos no corrientes,890.097.690,CLP,2017-06-30,IAM
Total de pasivos,1.043.855.078,CLP,2017-06-30,IAM
Capital emitido,468.358.402,CLP,2017-06-30,IAM
Ganancias (pérdidas) acumuladas,151.084.994,CLP,2017-06-30,IAM
Prima de emisión,-,CLP,2017-06-30,IAM
Acciones propias en cartera,-,CLP,2017-06-30,IAM
Otras participaciones en el patrimonio,-37.268.417,CLP,2017-06-30,IAM
Otras reservas,-,CLP,2017-06-30,IAM
Patrimonio atribuible a los propietarios de la controladora,582.174.979,CLP,2017-06-30,IAM
Participaciones no controladoras,359.299.158,CLP,2017-06-30,IAM
Patrimonio total,941.474.137,CLP,2017-06-30,IAM
Total de patrimonio y pasivos,1.985.329.215,CLP,2017-06-30,IAM
Efectivo y equivalentes al efectivo,6.606.987,CLP,2017-09-30,IAM
Otros activos financieros corrientes,8.003.338,CLP,2017-09-30,IAM
Otros activos no financieros corrientes,2.155.223,CLP,2017-09-30,IAM
Deudores comerciales y otras cuentas por cobrar corrientes,97.324.459,CLP,2017-09-30,IAM
"Cuentas por cobrar a entidades relacionadas, corrientes",131.609,CLP,2017-09-30,IAM
Inventarios corrientes,4.028.284,CLP,2017-09-30,IAM
Activos biológicos corrientes,-,CLP,2017-09-30,IAM
"Activos por impuestos corrientes, corrientes",8.601.658,CLP,2017-09-30,IAM
Total de activos corrientes distintos de los activo o grupos de activos para su disposición clasificados como mantenidos para la venta o como mantenidos para distribuir a los propietarios,126.851.558,CLP,2017-09-30,IAM
Activos no corrientes o grupos de activos para su disposición clasificados como mantenidos para la venta o como mantenidos para distribuir a los propietarios,-,CLP,2017-09-30,IAM
Activos corrientes totales,126.851.558,CLP,2017-09-30,IAM
Otros activos financieros no corrientes,7.807.734,CLP,2017-09-30,IAM
Otros activos no financieros no corrientes,906.722,CLP,2017-09-30,IAM
Cuentas por cobrar no corrientes,2.704.030,CLP,2017-09-30,IAM
"Cuentas por cobrar a entidades relacionadas, no corrientes",-,CLP,2017-09-30,IAM
"Inventarios, no corrientes",-,CLP,2017-09-30,IAM
Inversiones contabilizadas utilizando el método de la participación,-,CLP,2017-09-30,IAM
Activos intangibles distintos de la plusvalía,227.268.867,CLP,2017-09-30,IAM
Plusvalía,307.581.431,CLP,2017-09-30,IAM
"Propiedades, planta y equipo",1.318.163.136,CLP,2017-09-30,IAM
Activos biológicos no corrientes,-,CLP,2017-09-30,IAM
Propiedad de inversión,-,CLP,2017-09-30,IAM
"Activos por impuestos corrientes, no corrientes",-,CLP,2017-09-30,IAM
Activos por impuestos diferidos,21.339.558,CLP,2017-09-30,IAM
Total de activos no corrientes,1.885.771.478,CLP,2017-09-30,IAM
Total de activos,2.012.623.036,CLP,2017-09-30,IAM
Otros pasivos financieros corrientes,56.329.055,CLP,2017-09-30,IAM
Cuentas por pagar comerciales y otras cuentas por pagar,71.298.922,CLP,2017-09-30,IAM
"Cuentas por pagar a entidades relacionadas, corrientes",19.167.684,CLP,2017-09-30,IAM
Otras provisiones a corto plazo,2.636.573,CLP,2017-09-30,IAM
"Pasivos por impuestos corrientes, corrientes",66.761,CLP,2017-09-30,IAM
Provisiones corrientes por beneficios a los empleados,3.597.100,CLP,2017-09-30,IAM
Otros pasivos no financieros corrientes,11.995.504,CLP,2017-09-30,IAM
Total de pasivos corrientes distintos de los pasivos incluidos en grupos de activos para su disposición clasificados como mantenidos para la venta,165.091.599,CLP,2017-09-30,IAM
Pasivos incluidos en grupos de activos para su disposición clasificados como mantenidos para la venta,-,CLP,2017-09-30,IAM
Pasivos corrientes totales,165.091.599,CLP,2017-09-30,IAM
Otros pasivos financieros no corrientes,813.401.324,CLP,2017-09-30,IAM
Cuentas por pagar no corrientes,998.107,CLP,2017-09-30,IAM
"Cuentas por pagar a entidades relacionadas, no corrientes",-,CLP,2017-09-30,IAM
Otras provisiones a largo plazo,1.293.716,CLP,2017-09-30,IAM
Pasivo por impuestos diferidos,38.053.313,CLP,2017-09-30,IAM
"Pasivos por impuestos corrientes, no corrientes",-,CLP,2017-09-30,IAM
Provisiones no corrientes por beneficios a los empleados,17.105.506,CLP,2017-09-30,IAM
Otros pasivos no financieros no corrientes,8.137.494,CLP,2017-09-30,IAM
Total de pasivos no corrientes,878.989.460,CLP,2017-09-30,IAM
Total de pasivos,1.044.081.059,CLP,2017-09-30,IAM
Capital emitido,468.358.402,CLP,2017-09-30,IAM
Ganancias (pérdidas) acumuladas,164.002.119,CLP,2017-09-30,IAM
Prima de emisión,-,CLP,2017-09-30,IAM
Acciones propias en cartera,37.268.417,CLP,2017-09-30,IAM
Otras participaciones en el patrimonio,-,CLP,2017-09-30,IAM
Otras reservas,-,CLP,2017-09-30,IAM
Patrimonio atribuible a los propietarios de la controladora,595.092.104,CLP,2017-09-30,IAM
Participaciones no controladoras,373.449.873,CLP,2017-09-30,IAM
Patrimonio total,968.541.977,CLP,2017-09-30,IAM
Total de patrimonio y pasivos,2.012.623.036,CLP,2017-09-30,IAM
Efectivo y equivalentes al efectivo,19.803.208,CLP,2017-12-31,IAM
Otros activos financieros corrientes,-,CLP,2017-12-31,IAM
Otros activos no financieros corrientes,1.373.386,CLP,2017-12-31,IAM
Deudores comerciales y otras cuentas por cobrar corrientes,113.532.427,CLP,2017-12-31,IAM
"Cuentas por cobrar a entidades relacionadas, corrientes",560.234,CLP,2017-12-31,IAM
Inventarios corrientes,3.925.378,CLP,2017-12-31,IAM
Activos biológicos corrientes,-,CLP,2017-12-31,IAM
"Activos por impuestos corrientes, corrientes",12.542.440,CLP,2017-12-31,IAM
Total de activos corrientes distintos de los activo o grupos de activos para su disposición clasificados como mantenidos para la venta o como mantenidos para distribuir a los propietarios,151.737.073,CLP,2017-12-31,IAM
Activos no corrientes o grupos de activos para su disposición clasificados como mantenidos para la venta o como mantenidos para distribuir a los propietarios,-,CLP,2017-12-31,IAM
Activos corrientes totales,151.737.073,CLP,2017-12-31,IAM
Otros activos financieros no corrientes,7.807.734,CLP,2017-12-31,IAM
Otros activos no financieros no corrientes,895.341,CLP,2017-12-31,IAM
Cuentas por cobrar no corrientes,2.276.380,CLP,2017-12-31,IAM
"Cuentas por cobrar a entidades relacionadas, no corrientes",-,CLP,2017-12-31,IAM
"Inventarios, no corrientes",-,CLP,2017-12-31,IAM
Inversiones contabilizadas utilizando el método de la participación,-,CLP,2017-12-31,IAM
Activos intangibles distintos de la plusvalía,227.084.499,CLP,2017-12-31,IAM
Plusvalía,307.581.431,CLP,2017-12-31,IAM
"Propiedades, planta y equipo",1.351.787.934,CLP,2017-12-31,IAM
Activos biológicos no corrientes,-,CLP,2017-12-31,IAM
Propiedad de inversión,-,CLP,2017-12-31,IAM
"Activos por impuestos corrientes, no corrientes",-,CLP,2017-12-31,IAM
Activos por impuestos diferidos,20.200.593,CLP,2017-12-31,IAM
Total de activos no corrientes,1.917.633.912,CLP,2017-12-31,IAM
Total de activos,2.069.370.985,CLP,2017-12-31,IAM
Otros pasivos financieros corrientes,63.045.352,CLP,2017-12-31,IAM
Cuentas por pagar comerciales y otras cuentas por pagar,115.876.089,CLP,2017-12-31,IAM
"Cuentas por pagar a entidades relacionadas, corrientes",34.482.682,CLP,2017-12-31,IAM
Otras provisiones a corto plazo,2.603.819,CLP,2017-12-31,IAM
"Pasivos por impuestos corrientes, corrientes",12.088,CLP,2017-12-31,IAM
Provisiones corrientes por beneficios a los empleados,5.531.516,CLP,2017-12-31,IAM
Otros pasivos no financieros corrientes,16.267.599,CLP,2017-12-31,IAM
Total de pasivos corrientes distintos de los pasivos incluidos en grupos de activos para su disposición clasificados como mantenidos para la venta,237.819.145,CLP,2017-12-31,IAM
Pasivos incluidos en grupos de activos para su disposición clasificados como mantenidos para la venta,-,CLP,2017-12-31,IAM
Pasivos corrientes totales,237.819.145,CLP,2017-12-31,IAM
Otros pasivos financieros no corrientes,802.978.167,CLP,2017-12-31,IAM
Cuentas por pagar no corrientes,982.075,CLP,2017-12-31,IAM
"Cuentas por pagar a entidades relacionadas, no corrientes",-,CLP,2017-12-31,IAM
Otras provisiones a largo plazo,1.301.105,CLP,2017-12-31,IAM
Pasivo por impuestos diferidos,38.089.361,CLP,2017-12-31,IAM
"Pasivos por impuestos corrientes, no corrientes",-,CLP,2017-12-31,IAM
Provisiones no corrientes por beneficios a los empleados,15.328.801,CLP,2017-12-31,IAM
Otros pasivos no financieros no corrientes,8.057.759,CLP,2017-12-31,IAM
Total de pasivos no corrientes,866.737.268,CLP,2017-12-31,IAM
Total de pasivos,1.104.556.413,CLP,2017-12-31,IAM
Capital emitido,468.358.402,CLP,2017-12-31,IAM
Ganancias (pérdidas) acumuladas,162.398.166,CLP,2017-12-31,IAM
Prima de emisión,-,CLP,2017-12-31,IAM
Acciones propias en cartera,37.268.417,CLP,2017-12-31,IAM
Otras participaciones en el patrimonio,-,CLP,2017-12-31,IAM
Otras reservas,-,CLP,2017-12-31,IAM
Patrimonio atribuible a los propietarios de la controladora,593.488.151,CLP,2017-12-31,IAM
Participaciones no controladoras,371.326.421,CLP,2017-12-31,IAM
Patrimonio total,964.814.572,CLP,2017-12-31,IAM
Total de patrimonio y pasivos,2.069.370.985,CLP,2017-12-31,IAM
Efectivo y equivalentes al efectivo,24.696.798,CLP,2018-03-31,IAM
Otros activos financieros corrientes,8.047.633,CLP,2018-03-31,IAM
Otros activos no financieros corrientes,1.529.665,CLP,2018-03-31,IAM
Deudores comerciales y otras cuentas por cobrar corrientes,119.036.408,CLP,2018-03-31,IAM
"Cuentas por cobrar a entidades relacionadas, corrientes",415.278,CLP,2018-03-31,IAM
Inventarios corrientes,4.100.867,CLP,2018-03-31,IAM
Activos biológicos corrientes,-,CLP,2018-03-31,IAM
"Activos por impuestos corrientes, corrientes",11.347.686,CLP,2018-03-31,IAM
Total de activos corrientes distintos de los activo o grupos de activos para su disposición clasificados como mantenidos para la venta o como mantenidos para distribuir a los propietarios,169.174.335,CLP,2018-03-31,IAM
Activos no corrientes o grupos de activos para su disposición clasificados como mantenidos para la venta o como mantenidos para distribuir a los propietarios,-,CLP,2018-03-31,IAM
Activos corrientes totales,169.174.335,CLP,2018-03-31,IAM
Otros activos financieros no corrientes,7.852.912,CLP,2018-03-31,IAM
Otros activos no financieros no corrientes,910.005,CLP,2018-03-31,IAM
Cuentas por cobrar no corrientes,4.718.843,CLP,2018-03-31,IAM
"Cuentas por cobrar a entidades relacionadas, no corrientes",-,CLP,2018-03-31,IAM
"Inventarios, no corrientes",-,CLP,2018-03-31,IAM
Inversiones contabilizadas utilizando el método de la participación,-,CLP,2018-03-31,IAM
Activos intangibles distintos de la plusvalía,226.758.042,CLP,2018-03-31,IAM
Plusvalía,307.581.431,CLP,2018-03-31,IAM
"Propiedades, planta y equipo",1.360.026.422,CLP,2018-03-31,IAM
Activos biológicos no corrientes,-,CLP,2018-03-31,IAM
Propiedad de inversión,-,CLP,2018-03-31,IAM
"Activos por impuestos corrientes, no corrientes",-,CLP,2018-03-31,IAM
Activos por impuestos diferidos,21.499.108,CLP,2018-03-31,IAM
Total de activos no corrientes,1.929.346.763,CLP,2018-03-31,IAM
Total de activos,2.098.521.098,CLP,2018-03-31,IAM
Otros pasivos financieros corrientes,109.953.766,CLP,2018-03-31,IAM
Cuentas por pagar comerciales y otras cuentas por pagar,67.839.089,CLP,2018-03-31,IAM
"Cuentas por pagar a entidades relacionadas, corrientes",24.495.261,CLP,2018-03-31,IAM
Otras provisiones a corto plazo,2.475.377,CLP,2018-03-31,IAM
"Pasivos por impuestos corrientes, corrientes",5.080.025,CLP,2018-03-31,IAM
Provisiones corrientes por beneficios a los empleados,1.598.107,CLP,2018-03-31,IAM
Otros pasivos no financieros corrientes,17.268.243,CLP,2018-03-31,IAM
Total de pasivos corrientes distintos de los pasivos incluidos en grupos de activos para su disposición clasificados como mantenidos para la venta,228.709.868,CLP,2018-03-31,IAM
Pasivos incluidos en grupos de activos para su disposición clasificados como mantenidos para la venta,-,CLP,2018-03-31,IAM
Pasivos corrientes totales,228.709.868,CLP,2018-03-31,IAM
Otros pasivos financieros no corrientes,787.600.316,CLP,2018-03-31,IAM
Cuentas por pagar no corrientes,1.012.871,CLP,2018-03-31,IAM
"Cuentas por pagar a entidades relacionadas, no corrientes",-,CLP,2018-03-31,IAM
Otras provisiones a largo plazo,1.309.926,CLP,2018-03-31,IAM
Pasivo por impuestos diferidos,37.859.011,CLP,2018-03-31,IAM
"Pasivos por impuestos corrientes, no corrientes",-,CLP,2018-03-31,IAM
Provisiones no corrientes por beneficios a los empleados,16.188.026,CLP,2018-03-31,IAM
Otros pasivos no financieros no corrientes,8.362.984,CLP,2018-03-31,IAM
Total de pasivos no corrientes,852.333.134,CLP,2018-03-31,IAM
Total de pasivos,1.081.043.002,CLP,2018-03-31,IAM
Capital emitido,468.358.402,CLP,2018-03-31,IAM
Ganancias (pérdidas) acumuladas,188.223.091,CLP,2018-03-31,IAM
Prima de emisión,-,CLP,2018-03-31,IAM
Acciones propias en cartera,-,CLP,2018-03-31,IAM
Otras participaciones en el patrimonio,-37.268.417,CLP,2018-03-31,IAM
Otras reservas,-,CLP,2018-03-31,IAM
Patrimonio atribuible a los propietarios de la controladora,619.313.076,CLP,2018-03-31,IAM
Participaciones no controladoras,398.165.020,CLP,2018-03-31,IAM
Patrimonio total,1.017.478.096,CLP,2018-03-31,IAM
Total de patrimonio y pasivos,2.098.521.098,CLP,2018-03-31,IAM
Efectivo y equivalentes al efectivo,40.213.748,CLP,2018-06-30,IAM
Otros activos financieros corrientes,34.709,CLP,2018-06-30,IAM
Otros activos no financieros corrientes,1.215.164,CLP,2018-06-30,IAM
Deudores comerciales y otras cuentas por cobrar corrientes,98.415.255,CLP,2018-06-30,IAM
"Cuentas por cobrar a entidades relacionadas, corrientes",283.101,CLP,2018-06-30,IAM
Inventarios corrientes,4.667.424,CLP,2018-06-30,IAM
Activos biológicos corrientes,-,CLP,2018-06-30,IAM
"Activos por impuestos corrientes, corrientes",12.208.979,CLP,2018-06-30,IAM
Total de activos corrientes distintos de los activo o grupos de activos para su disposición clasificados como mantenidos para la venta o como mantenidos para distribuir a los propietarios,157.038.380,CLP,2018-06-30,IAM
Activos no corrientes o grupos de activos para su disposición clasificados como mantenidos para la venta o como mantenidos para distribuir a los propietarios,-,CLP,2018-06-30,IAM
Activos corrientes totales,157.038.380,CLP,2018-06-30,IAM
Otros activos financieros no corrientes,7.852.912,CLP,2018-06-30,IAM
Otros activos no financieros no corrientes,918.141,CLP,2018-06-30,IAM
Cuentas por cobrar no corrientes,4.942.123,CLP,2018-06-30,IAM
"Cuentas por cobrar a entidades relacionadas, no corrientes",-,CLP,2018-06-30,IAM
"Inventarios, no corrientes",-,CLP,2018-06-30,IAM
Inversiones contabilizadas utilizando el método de la participación,-,CLP,2018-06-30,IAM
Activos intangibles distintos de la plusvalía,226.684.742,CLP,2018-06-30,IAM
Plusvalía,307.581.431,CLP,2018-06-30,IAM
"Propiedades, planta y equipo",1.374.099.221,CLP,2018-06-30,IAM
Activos biológicos no corrientes,-,CLP,2018-06-30,IAM
Propiedad de inversión,-,CLP,2018-06-30,IAM
"Activos por impuestos corrientes, no corrientes",-,CLP,2018-06-30,IAM
Activos por impuestos diferidos,22.359.578,CLP,2018-06-30,IAM
Total de activos no corrientes,1.944.438.148,CLP,2018-06-30,IAM
Total de activos,2.101.476.528,CLP,2018-06-30,IAM
Otros pasivos financieros corrientes,76.993.427,CLP,2018-06-30,IAM
Cuentas por pagar comerciales y otras cuentas por pagar,75.478.865,CLP,2018-06-30,IAM
"Cuentas por pagar a entidades relacionadas, corrientes",28.310.437,CLP,2018-06-30,IAM
Otras provisiones a corto plazo,2.789.994,CLP,2018-06-30,IAM
"Pasivos por impuestos corrientes, corrientes",2.036.456,CLP,2018-06-30,IAM
Provisiones corrientes por beneficios a los empleados,2.684.714,CLP,2018-06-30,IAM
Otros pasivos no financieros corrientes,14.565.924,CLP,2018-06-30,IAM
Total de pasivos corrientes distintos de los pasivos incluidos en grupos de activos para su disposición clasificados como mantenidos para la venta,202.859.817,CLP,2018-06-30,IAM
Pasivos incluidos en grupos de activos para su disposición clasificados como mantenidos para la venta,-,CLP,2018-06-30,IAM
Pasivos corrientes totales,202.859.817,CLP,2018-06-30,IAM
Otros pasivos financieros no corrientes,886.872.928,CLP,2018-06-30,IAM
Cuentas por pagar no corrientes,1.052.109,CLP,2018-06-30,IAM
"Cuentas por pagar a entidades relacionadas, no corrientes",-,CLP,2018-06-30,IAM
Otras provisiones a largo plazo,1.319.957,CLP,2018-06-30,IAM
Pasivo por impuestos diferidos,37.024.780,CLP,2018-06-30,IAM
"Pasivos por impuestos corrientes, no corrientes",-,CLP,2018-06-30,IAM
Provisiones no corrientes por beneficios a los empleados,15.526.797,CLP,2018-06-30,IAM
Otros pasivos no financieros no corrientes,8.412.665,CLP,2018-06-30,IAM
Total de pasivos no corrientes,950.209.236,CLP,2018-06-30,IAM
Total de pasivos,1.153.069.053,CLP,2018-06-30,IAM
Capital emitido,468.358.402,CLP,2018-06-30,IAM
Ganancias (pérdidas) acumuladas,155.850.423,CLP,2018-06-30,IAM
Prima de emisión,-,CLP,2018-06-30,IAM
Acciones propias en cartera,-,CLP,2018-06-30,IAM
Otras participaciones en el patrimonio,-37.268.417,CLP,2018-06-30,IAM
Otras reservas,-,CLP,2018-06-30,IAM
Patrimonio atribuible a los propietarios de la controladora,586.940.408,CLP,2018-06-30,IAM
Participaciones no controladoras,361.467.067,CLP,2018-06-30,IAM
Patrimonio total,948.407.475,CLP,2018-06-30,IAM
Total de patrimonio y pasivos,2.101.476.528,CLP,2018-06-30,IAM
Efectivo y equivalentes al efectivo,35.114.361,CLP,2018-09-30,IAM
Otros activos financieros corrientes,8.157.761,CLP,2018-09-30,IAM
Otros activos no financieros corrientes,2.374.779,CLP,2018-09-30,IAM
Deudores comerciales y otras cuentas por cobrar corrientes,100.852.654,CLP,2018-09-30,IAM
"Cuentas por cobrar a entidades relacionadas, corrientes",46.883,CLP,2018-09-30,IAM
Inventarios corrientes,4.447.799,CLP,2018-09-30,IAM
Activos biológicos corrientes,-,CLP,2018-09-30,IAM
"Activos por impuestos corrientes, corrientes",7.590.259,CLP,2018-09-30,IAM
Total de activos corrientes distintos de los activo o grupos de activos para su disposición clasificados como mantenidos para la venta o como mantenidos para distribuir a los propietarios,158.584.496,CLP,2018-09-30,IAM
Activos no corrientes o grupos de activos para su disposición clasificados como mantenidos para la venta o como mantenidos para distribuir a los propietarios,-,CLP,2018-09-30,IAM
Activos corrientes totales,158.584.496,CLP,2018-09-30,IAM
Otros activos financieros no corrientes,7.852.912,CLP,2018-09-30,IAM
Otros activos no financieros no corrientes,910.169,CLP,2018-09-30,IAM
Cuentas por cobrar no corrientes,4.483.552,CLP,2018-09-30,IAM
"Cuentas por cobrar a entidades relacionadas, no corrientes",-,CLP,2018-09-30,IAM
"Inventarios, no corrientes",-,CLP,2018-09-30,IAM
Inversiones contabilizadas utilizando el método de la participación,-,CLP,2018-09-30,IAM
Activos intangibles distintos de la plusvalía,225.892.648,CLP,2018-09-30,IAM
Plusvalía,307.581.431,CLP,2018-09-30,IAM
"Propiedades, planta y equipo",1.396.441.855,CLP,2018-09-30,IAM
Activos biológicos no corrientes,-,CLP,2018-09-30,IAM
Propiedad de inversión,-,CLP,2018-09-30,IAM
"Activos por impuestos corrientes, no corrientes",-,CLP,2018-09-30,IAM
Activos por impuestos diferidos,22.893.502,CLP,2018-09-30,IAM
Total de activos no corrientes,1.966.056.069,CLP,2018-09-30,IAM
Total de activos,2.124.640.565,CLP,2018-09-30,IAM
Otros pasivos financieros corrientes,64.302.142,CLP,2018-09-30,IAM
Cuentas por pagar comerciales y otras cuentas por pagar,76.541.420,CLP,2018-09-30,IAM
"Cuentas por pagar a entidades relacionadas, corrientes",21.837.273,CLP,2018-09-30,IAM
Otras provisiones a corto plazo,2.755.110,CLP,2018-09-30,IAM
"Pasivos por impuestos corrientes, corrientes",139.925,CLP,2018-09-30,IAM
Provisiones corrientes por beneficios a los empleados,3.925.794,CLP,2018-09-30,IAM
Otros pasivos no financieros corrientes,14.755.249,CLP,2018-09-30,IAM
Total de pasivos corrientes distintos de los pasivos incluidos en grupos de activos para su disposición clasificados como mantenidos para la venta,184.256.913,CLP,2018-09-30,IAM
Pasivos incluidos en grupos de activos para su disposición clasificados como mantenidos para la venta,-,CLP,2018-09-30,IAM
Pasivos corrientes totales,184.256.913,CLP,2018-09-30,IAM
Otros pasivos financieros no corrientes,908.316.622,CLP,2018-09-30,IAM
Cuentas por pagar no corrientes,956.612,CLP,2018-09-30,IAM
"Cuentas por pagar a entidades relacionadas, no corrientes",-,CLP,2018-09-30,IAM
Otras provisiones a largo plazo,1.330.342,CLP,2018-09-30,IAM
Pasivo por impuestos diferidos,36.587.876,CLP,2018-09-30,IAM
"Pasivos por impuestos corrientes, no corrientes",-,CLP,2018-09-30,IAM
Provisiones no corrientes por beneficios a los empleados,15.533.332,CLP,2018-09-30,IAM
Otros pasivos no financieros no corrientes,8.323.440,CLP,2018-09-30,IAM
Total de pasivos no corrientes,971.048.224,CLP,2018-09-30,IAM
Total de pasivos,1.155.305.137,CLP,2018-09-30,IAM
Capital emitido,468.358.402,CLP,2018-09-30,IAM
Ganancias (pérdidas) acumuladas,165.755.476,CLP,2018-09-30,IAM
Prima de emisión,-,CLP,2018-09-30,IAM
Acciones propias en cartera,-,CLP,2018-09-30,IAM
Otras participaciones en el patrimonio,-37.268.417,CLP,2018-09-30,IAM
Otras reservas,-,CLP,2018-09-30,IAM
Patrimonio atribuible a los propietarios de la controladora,596.845.461,CLP,2018-09-30,IAM
Participaciones no controladoras,372.489.967,CLP,2018-09-30,IAM
Patrimonio total,969.335.428,CLP,2018-09-30,IAM
Total de patrimonio y pasivos,2.124.640.565,CLP,2018-09-30,IAM
Efectivo y equivalentes al efectivo,41.087.276,CLP,2018-12-31,IAM
Otros activos financieros corrientes,-,CLP,2018-12-31,IAM
Otros activos no financieros corrientes,2.336.565,CLP,2018-12-31,IAM
Deudores comerciales y otras cuentas por cobrar corrientes,116.829.372,CLP,2018-12-31,IAM
"Cuentas por cobrar a entidades relacionadas, corrientes",90.778,CLP,2018-12-31,IAM
Inventarios corrientes,3.636.388,CLP,2018-12-31,IAM
Activos biológicos corrientes,-,CLP,2018-12-31,IAM
"Activos por impuestos corrientes, corrientes",5.748.762,CLP,2018-12-31,IAM
Total de activos corrientes distintos de los activo o grupos de activos para su disposición clasificados como mantenidos para la venta o como mantenidos para distribuir a los propietarios,169.729.141,CLP,2018-12-31,IAM
Activos no corrientes o grupos de activos para su disposición clasificados como mantenidos para la venta o como mantenidos para distribuir a los propietarios,-,CLP,2018-12-31,IAM
Activos corrientes totales,169.729.141,CLP,2018-12-31,IAM
Otros activos financieros no corrientes,7.852.912,CLP,2018-12-31,IAM
Otros activos no financieros no corrientes,495.067,CLP,2018-12-31,IAM
Cuentas por cobrar no corrientes,4.500.020,CLP,2018-12-31,IAM
"Cuentas por cobrar a entidades relacionadas, no corrientes",-,CLP,2018-12-31,IAM
"Inventarios, no corrientes",-,CLP,2018-12-31,IAM
Inversiones contabilizadas utilizando el método de la participación,-,CLP,2018-12-31,IAM
Activos intangibles distintos de la plusvalía,224.864.424,CLP,2018-12-31,IAM
Plusvalía,307.581.431,CLP,2018-12-31,IAM
"Propiedades, planta y equipo",1.440.115.150,CLP,2018-12-31,IAM
Activos biológicos no corrientes,-,CLP,2018-12-31,IAM
Propiedad de inversión,-,CLP,2018-12-31,IAM
"Activos por impuestos corrientes, no corrientes",-,CLP,2018-12-31,IAM
Activos por impuestos diferidos,23.499.561,CLP,2018-12-31,IAM
Total de activos no corrientes,2.008.908.565,CLP,2018-12-31,IAM
Total de activos,2.178.637.706,CLP,2018-12-31,IAM
Otros pasivos financieros corrientes,33.963.316,CLP,2018-12-31,IAM
Cuentas por pagar comerciales y otras cuentas por pagar,148.110.369,CLP,2018-12-31,IAM
"Cuentas por pagar a entidades relacionadas, corrientes",35.775.570,CLP,2018-12-31,IAM
Otras provisiones a corto plazo,2.992.246,CLP,2018-12-31,IAM
"Pasivos por impuestos corrientes, corrientes",285.566,CLP,2018-12-31,IAM
Provisiones corrientes por beneficios a los empleados,5.546.049,CLP,2018-12-31,IAM
Otros pasivos no financieros corrientes,16.254.571,CLP,2018-12-31,IAM
Total de pasivos corrientes distintos de los pasivos incluidos en grupos de activos para su disposición clasificados como mantenidos para la venta,242.927.687,CLP,2018-12-31,IAM
Pasivos incluidos en grupos de activos para su disposición clasificados como mantenidos para la venta,-,CLP,2018-12-31,IAM
Pasivos corrientes totales,242.927.687,CLP,2018-12-31,IAM
Otros pasivos financieros no corrientes,912.513.179,CLP,2018-12-31,IAM
Cuentas por pagar no corrientes,983.335,CLP,2018-12-31,IAM
"Cuentas por pagar a entidades relacionadas, no corrientes",-,CLP,2018-12-31,IAM
Otras provisiones a largo plazo,1.341.233,CLP,2018-12-31,IAM
Pasivo por impuestos diferidos,35.719.583,CLP,2018-12-31,IAM
"Pasivos por impuestos corrientes, no corrientes",-,CLP,2018-12-31,IAM
Provisiones no corrientes por beneficios a los empleados,17.338.241,CLP,2018-12-31,IAM
Otros pasivos no financieros no corrientes,9.113.389,CLP,2018-12-31,IAM
Total de pasivos no corrientes,977.008.960,CLP,2018-12-31,IAM
Total de pasivos,1.219.936.647,CLP,2018-12-31,IAM
Capital emitido,468.358.402,CLP,2018-12-31,IAM
Ganancias (pérdidas) acumuladas,160.583.576,CLP,2018-12-31,IAM
Prima de emisión,-,CLP,2018-12-31,IAM
Acciones propias en cartera,-,CLP,2018-12-31,IAM
Otras participaciones en el patrimonio,-37.268.417,CLP,2018-12-31,IAM
Otras reservas,-,CLP,2018-12-31,IAM
Patrimonio atribuible a los propietarios de la controladora,591.673.561,CLP,2018-12-31,IAM
Participaciones no controladoras,367.027.498,CLP,2018-12-31,IAM
Patrimonio total,958.701.059,CLP,2018-12-31,IAM
Total de patrimonio y pasivos,2.178.637.706,CLP,2018-12-31,IAM
Efectivo y equivalentes al efectivo,29.626.626,CLP,2019-03-31,IAM
Otros activos financieros corrientes,8.155.274,CLP,2019-03-31,IAM
Otros activos no financieros corrientes,1.520.304,CLP,2019-03-31,IAM
Deudores comerciales y otras cuentas por cobrar corrientes,123.399.796,CLP,2019-03-31,IAM
"Cuentas por cobrar a entidades relacionadas, corrientes",58.457,CLP,2019-03-31,IAM
Inventarios corrientes,3.756.604,CLP,2019-03-31,IAM
Activos biológicos corrientes,-,CLP,2019-03-31,IAM
"Activos por impuestos corrientes, corrientes",2.718.083,CLP,2019-03-31,IAM
Total de activos corrientes distintos de los activo o grupos de activos para su disposición clasificados como mantenidos para la venta o como mantenidos para distribuir a los propietarios,169.235.144,CLP,2019-03-31,IAM
Activos no corrientes o grupos de activos para su disposición clasificados como mantenidos para la venta o como mantenidos para distribuir a los propietarios,-,CLP,2019-03-31,IAM
Activos corrientes totales,169.235.144,CLP,2019-03-31,IAM
Otros activos financieros no corrientes,7.852.912,CLP,2019-03-31,IAM
Otros activos no financieros no corrientes,496.935,CLP,2019-03-31,IAM
Cuentas por cobrar no corrientes,4.106.500,CLP,2019-03-31,IAM
"Cuentas por cobrar a entidades relacionadas, no corrientes",-,CLP,2019-03-31,IAM
"Inventarios, no corrientes",-,CLP,2019-03-31,IAM
Inversiones contabilizadas utilizando el método de la participación,-,CLP,2019-03-31,IAM
Activos intangibles distintos de la plusvalía,224.385.897,CLP,2019-03-31,IAM
Plusvalía,307.581.431,CLP,2019-03-31,IAM
"Propiedades, planta y equipo",1.452.889.478,CLP,2019-03-31,IAM
Activos biológicos no corrientes,-,CLP,2019-03-31,IAM
Propiedad de inversión,-,CLP,2019-03-31,IAM
"Activos por impuestos corrientes, no corrientes",-,CLP,2019-03-31,IAM
Activos por impuestos diferidos,22.518.644,CLP,2019-03-31,IAM
Total de activos no corrientes,2.019.831.797,CLP,2019-03-31,IAM
Total de activos,2.189.066.941,CLP,2019-03-31,IAM
Otros pasivos financieros corrientes,67.106.617,CLP,2019-03-31,IAM
Cuentas por pagar comerciales y otras cuentas por pagar,81.037.479,CLP,2019-03-31,IAM
"Cuentas por pagar a entidades relacionadas, corrientes",22.535.940,CLP,2019-03-31,IAM
Otras provisiones a corto plazo,3.007.495,CLP,2019-03-31,IAM
"Pasivos por impuestos corrientes, corrientes",4.699.649,CLP,2019-03-31,IAM
Provisiones corrientes por beneficios a los empleados,1.310.400,CLP,2019-03-31,IAM
Otros pasivos no financieros corrientes,20.214.983,CLP,2019-03-31,IAM
Total de pasivos corrientes distintos de los pasivos incluidos en grupos de activos para su disposición clasificados como mantenidos para la venta,199.912.563,CLP,2019-03-31,IAM
Pasivos incluidos en grupos de activos para su disposición clasificados como mantenidos para la venta,-,CLP,2019-03-31,IAM
Pasivos corrientes totales,199.912.563,CLP,2019-03-31,IAM
Otros pasivos financieros no corrientes,909.589.357,CLP,2019-03-31,IAM
Cuentas por pagar no corrientes,945.673,CLP,2019-03-31,IAM
"Cuentas por pagar a entidades relacionadas, no corrientes",-,CLP,2019-03-31,IAM
Otras provisiones a largo plazo,1.341.231,CLP,2019-03-31,IAM
Pasivo por impuestos diferidos,35.992.695,CLP,2019-03-31,IAM
"Pasivos por impuestos corrientes, no corrientes",-,CLP,2019-03-31,IAM
Provisiones no corrientes por beneficios a los empleados,18.175.661,CLP,2019-03-31,IAM
Otros pasivos no financieros no corrientes,8.980.851,CLP,2019-03-31,IAM
Total de pasivos no corrientes,975.025.468,CLP,2019-03-31,IAM
Total de pasivos,1.174.938.031,CLP,2019-03-31,IAM
Capital emitido y pagado,468.358.402,CLP,2019-03-31,IAM
Ganancias (pérdidas) acumuladas,187.705.517,CLP,2019-03-31,IAM
Prima de emisión,-,CLP,2019-03-31,IAM
Acciones propias en cartera,-,CLP,2019-03-31,IAM
Otras participaciones en el patrimonio,-37.268.415,CLP,2019-03-31,IAM
Otras reservas,-,CLP,2019-03-31,IAM
Patrimonio atribuible a los propietarios de la controladora,618.795.504,CLP,2019-03-31,IAM
Participaciones no controladoras,395.333.406,CLP,2019-03-31,IAM
Patrimonio total,1.014.128.910,CLP,2019-03-31,IAM
Total de patrimonio y pasivos,2.189.066.941,CLP,2019-03-31,IAM
Efectivo y equivalentes al efectivo,19.944.937,CLP,2019-06-30,IAM
Otros activos financieros corrientes,198.047,CLP,2019-06-30,IAM
Otros activos no financieros corrientes,2.312.309,CLP,2019-06-30,IAM
Deudores comerciales y otras cuentas por cobrar corrientes,106.368.356,CLP,2019-06-30,IAM
"Cuentas por cobrar a entidades relacionadas, corrientes",729.283,CLP,2019-06-30,IAM
Inventarios corrientes,3.475.224,CLP,2019-06-30,IAM
Activos biológicos corrientes,-,CLP,2019-06-30,IAM
"Activos por impuestos corrientes, corrientes",1.844.922,CLP,2019-06-30,IAM
Total de activos corrientes distintos de los activo o grupos de activos para su disposición clasificados como mantenidos para la venta o como mantenidos para distribuir a los propietarios,134.873.078,CLP,2019-06-30,IAM
Activos no corrientes o grupos de activos para su disposición clasificados como mantenidos para la venta o como mantenidos para distribuir a los propietarios,4.312.010,CLP,2019-06-30,IAM
Activos corrientes totales,139.185.088,CLP,2019-06-30,IAM
Otros activos financieros no corrientes,7.852.912,CLP,2019-06-30,IAM
Otros activos no financieros no corrientes,512.076,CLP,2019-06-30,IAM
Cuentas por cobrar no corrientes,3.806.413,CLP,2019-06-30,IAM
"Cuentas por cobrar a entidades relacionadas, no corrientes",-,CLP,2019-06-30,IAM
"Inventarios, no corrientes",-,CLP,2019-06-30,IAM
Inversiones contabilizadas utilizando el método de la participación,-,CLP,2019-06-30,IAM
Activos intangibles distintos de la plusvalía,224.390.966,CLP,2019-06-30,IAM
Plusvalía,307.581.431,CLP,2019-06-30,IAM
"Propiedades, planta y equipo",1.461.416.963,CLP,2019-06-30,IAM
Activos biológicos no corrientes,-,CLP,2019-06-30,IAM
Propiedad de inversión,-,CLP,2019-06-30,IAM
"Activos por impuestos corrientes, no corrientes",-,CLP,2019-06-30,IAM
Activos por impuestos diferidos,26.814.022,CLP,2019-06-30,IAM
Total de activos no corrientes,2.032.374.783,CLP,2019-06-30,IAM
Total de activos,2.171.559.871,CLP,2019-06-30,IAM
Otros pasivos financieros corrientes,50.327.717,CLP,2019-06-30,IAM
Cuentas por pagar comerciales y otras cuentas por pagar,78.369.975,CLP,2019-06-30,IAM
"Cuentas por pagar a entidades relacionadas, corrientes",21.477.857,CLP,2019-06-30,IAM
Otras provisiones a corto plazo,2.762.428,CLP,2019-06-30,IAM
"Pasivos por impuestos corrientes, corrientes",2.637.992,CLP,2019-06-30,IAM
Provisiones corrientes por beneficios a los empleados,2.582.182,CLP,2019-06-30,IAM
Otros pasivos no financieros corrientes,18.249.785,CLP,2019-06-30,IAM
Total de pasivos corrientes distintos de los pasivos incluidos en grupos de activos para su disposición clasificados como mantenidos para la venta,176.407.936,CLP,2019-06-30,IAM
Pasivos incluidos en grupos de activos para su disposición clasificados como mantenidos para la venta,-,CLP,2019-06-30,IAM
Pasivos corrientes totales,176.407.936,CLP,2019-06-30,IAM
Otros pasivos financieros no corrientes,983.467.689,CLP,2019-06-30,IAM
Cuentas por pagar no corrientes,943.980,CLP,2019-06-30,IAM
"Cuentas por pagar a entidades relacionadas, no corrientes",-,CLP,2019-06-30,IAM
Otras provisiones a largo plazo,1.358.876,CLP,2019-06-30,IAM
Pasivo por impuestos diferidos,35.026.151,CLP,2019-06-30,IAM
"Pasivos por impuestos corrientes, no corrientes",-,CLP,2019-06-30,IAM
Provisiones no corrientes por beneficios a los empleados,18.239.615,CLP,2019-06-30,IAM
Otros pasivos no financieros no corrientes,7.543.802,CLP,2019-06-30,IAM
Total de pasivos no corrientes,1.046.580.113,CLP,2019-06-30,IAM
Total de pasivos,1.222.988.049,CLP,2019-06-30,IAM
Capital emitido y pagado,468.358.402,CLP,2019-06-30,IAM
Ganancias (pérdidas) acumuladas,156.755.389,CLP,2019-06-30,IAM
Prima de emisión,-,CLP,2019-06-30,IAM
Acciones propias en cartera,-,CLP,2019-06-30,IAM
Otras participaciones en el patrimonio,-37.268.415,CLP,2019-06-30,IAM
Otras reservas,-,CLP,2019-06-30,IAM
Patrimonio atribuible a los propietarios de la controladora,587.845.376,CLP,2019-06-30,IAM
Participaciones no controladoras,360.726.446,CLP,2019-06-30,IAM
Patrimonio total,948.571.822,CLP,2019-06-30,IAM
Total de patrimonio y pasivos,2.171.559.871,CLP,2019-06-30,IAM
Efectivo y equivalentes al efectivo,29.637.075,CLP,2019-09-30,IAM
Otros activos financieros corrientes,5.851.960,CLP,2019-09-30,IAM
Otros activos no financieros corrientes,2.371.814,CLP,2019-09-30,IAM
Deudores comerciales y otras cuentas por cobrar corrientes,98.531.281,CLP,2019-09-30,IAM
"Cuentas por cobrar a entidades relacionadas, corrientes",36.792,CLP,2019-09-30,IAM
Inventarios corrientes,3.520.068,CLP,2019-09-30,IAM
Activos biológicos corrientes,-,CLP,2019-09-30,IAM
"Activos por impuestos corrientes, corrientes",3.625.785,CLP,2019-09-30,IAM
Total de activos corrientes distintos de los activo o grupos de activos para su disposición clasificados como mantenidos para la venta o como mantenidos para distribuir a los propietarios,143.574.775,CLP,2019-09-30,IAM
Activos no corrientes o grupos de activos para su disposición clasificados como mantenidos para la venta o como mantenidos para distribuir a los propietarios,4.307.946,CLP,2019-09-30,IAM
Activos corrientes totales,147.882.721,CLP,2019-09-30,IAM
Otros activos financieros no corrientes,7.852.912,CLP,2019-09-30,IAM
Otros activos no financieros no corrientes,492.188,CLP,2019-09-30,IAM
Cuentas por cobrar no corrientes,4.031.212,CLP,2019-09-30,IAM
"Cuentas por cobrar a entidades relacionadas, no corrientes",-,CLP,2019-09-30,IAM
"Inventarios, no corrientes",-,CLP,2019-09-30,IAM
Inversiones contabilizadas utilizando el método de la participación,-,CLP,2019-09-30,IAM
Activos intangibles distintos de la plusvalía,224.226.063,CLP,2019-09-30,IAM
Plusvalía,307.581.431,CLP,2019-09-30,IAM
"Propiedades, planta y equipo",1.476.491.871,CLP,2019-09-30,IAM
Activos biológicos no corrientes,-,CLP,2019-09-30,IAM
Propiedad de inversión,-,CLP,2019-09-30,IAM
"Activos por impuestos corrientes, no corrientes",-,CLP,2019-09-30,IAM
Activos por impuestos diferidos,26.997.882,CLP,2019-09-30,IAM
Total de activos no corrientes,2.047.673.559,CLP,2019-09-30,IAM
Total de activos,2.195.556.280,CLP,2019-09-30,IAM
Otros pasivos financieros corrientes,41.612.236,CLP,2019-09-30,IAM
Cuentas por pagar comerciales y otras cuentas por pagar,93.493.277,CLP,2019-09-30,IAM
"Cuentas por pagar a entidades relacionadas, corrientes",19.842.059,CLP,2019-09-30,IAM
Otras provisiones a corto plazo,1.242.766,CLP,2019-09-30,IAM
"Pasivos por impuestos corrientes, corrientes",907.373,CLP,2019-09-30,IAM
Provisiones corrientes por beneficios a los empleados,3.755.843,CLP,2019-09-30,IAM
Otros pasivos no financieros corrientes,18.385.579,CLP,2019-09-30,IAM
Total de pasivos corrientes distintos de los pasivos incluidos en grupos de activos para su disposición clasificados como mantenidos para la venta,179.239.133,CLP,2019-09-30,IAM
Pasivos incluidos en grupos de activos para su disposición clasificados como mantenidos para la venta,-,CLP,2019-09-30,IAM
Pasivos corrientes totales,179.239.133,CLP,2019-09-30,IAM
Otros pasivos financieros no corrientes,987.347.431,CLP,2019-09-30,IAM
Cuentas por pagar no corrientes,1.065.553,CLP,2019-09-30,IAM
"Cuentas por pagar a entidades relacionadas, no corrientes",-,CLP,2019-09-30,IAM
Otras provisiones a largo plazo,1.366.467,CLP,2019-09-30,IAM
Pasivo por impuestos diferidos,34.706.584,CLP,2019-09-30,IAM
"Pasivos por impuestos corrientes, no corrientes",-,CLP,2019-09-30,IAM
Provisiones no corrientes por beneficios a los empleados,18.075.940,CLP,2019-09-30,IAM
Otros pasivos no financieros no corrientes,9.082.859,CLP,2019-09-30,IAM
Total de pasivos no corrientes,1.051.644.834,CLP,2019-09-30,IAM
Total de pasivos,1.230.883.967,CLP,2019-09-30,IAM
Capital emitido y pagado,468.358.402,CLP,2019-09-30,IAM
Ganancias (pérdidas) acumuladas,166.112.702,CLP,2019-09-30,IAM
Prima de emisión,-,CLP,2019-09-30,IAM
Acciones propias en cartera,-,CLP,2019-09-30,IAM
Otras participaciones en el patrimonio,-37.268.415,CLP,2019-09-30,IAM
Otras reservas,-,CLP,2019-09-30,IAM
Patrimonio atribuible a los propietarios de la controladora,597.202.689,CLP,2019-09-30,IAM
Participaciones no controladoras,367.469.624,CLP,2019-09-30,IAM
Patrimonio total,964.672.313,CLP,2019-09-30,IAM
Total de patrimonio y pasivos,2.195.556.280,CLP,2019-09-30,IAM
Efectivo y equivalentes al efectivo,73.057.118,CLP,2019-12-31,IAM
Otros activos financieros corrientes,-,CLP,2019-12-31,IAM
Otros activos no financieros corrientes,2.453.658,CLP,2019-12-31,IAM
Deudores comerciales y otras cuentas por cobrar corrientes,115.960.086,CLP,2019-12-31,IAM
"Cuentas por cobrar a entidades relacionadas, corrientes",24.908,CLP,2019-12-31,IAM
Inventarios corrientes,3.810.599,CLP,2019-12-31,IAM
Activos biológicos corrientes,-,CLP,2019-12-31,IAM
"Activos por impuestos corrientes, corrientes",3.386.809,CLP,2019-12-31,IAM
Total de activos corrientes distintos de los activo o grupos de activos para su disposición clasificados como mantenidos para la venta o como mantenidos para distribuir a los propietarios,198.693.178,CLP,2019-12-31,IAM
Activos no corrientes o grupos de activos para su disposición clasificados como mantenidos para la venta o como mantenidos para distribuir a los propietarios,-,CLP,2019-12-31,IAM
Activos corrientes totales,198.693.178,CLP,2019-12-31,IAM
Otros activos financieros no corrientes,7.852.912,CLP,2019-12-31,IAM
Otros activos no financieros no corrientes,3.037.505,CLP,2019-12-31,IAM
Cuentas por cobrar no corrientes,4.251.661,CLP,2019-12-31,IAM
"Cuentas por cobrar a entidades relacionadas, no corrientes",-,CLP,2019-12-31,IAM
"Inventarios, no corrientes",-,CLP,2019-12-31,IAM
Inversiones contabilizadas utilizando el método de la participación,-,CLP,2019-12-31,IAM
Activos intangibles distintos de la plusvalía,223.786.740,CLP,2019-12-31,IAM
Plusvalía,307.581.431,CLP,2019-12-31,IAM
"Propiedades, planta y equipo",1.499.113.991,CLP,2019-12-31,IAM
Activos biológicos no corrientes,-,CLP,2019-12-31,IAM
Propiedad de inversión,-,CLP,2019-12-31,IAM
"Activos por impuestos corrientes, no corrientes",-,CLP,2019-12-31,IAM
Activos por impuestos diferidos,29.528.508,CLP,2019-12-31,IAM
Total de activos no corrientes,2.075.152.748,CLP,2019-12-31,IAM
Total de activos,2.273.845.926,CLP,2019-12-31,IAM
Otros pasivos financieros corrientes,37.889.164,CLP,2019-12-31,IAM
Cuentas por pagar comerciales y otras cuentas por pagar,143.795.399,CLP,2019-12-31,IAM
"Cuentas por pagar a entidades relacionadas, corrientes",29.933.892,CLP,2019-12-31,IAM
Otras provisiones a corto plazo,3.732.169,CLP,2019-12-31,IAM
"Pasivos por impuestos corrientes, corrientes",2.028.368,CLP,2019-12-31,IAM
Provisiones corrientes por beneficios a los empleados,5.233.058,CLP,2019-12-31,IAM
Otros pasivos no financieros corrientes,19.996.231,CLP,2019-12-31,IAM
Total de pasivos corrientes distintos de los pasivos incluidos en grupos de activos para su disposición clasificados como mantenidos para la venta,242.608.281,CLP,2019-12-31,IAM
Pasivos incluidos en grupos de activos para su disposición clasificados como mantenidos para la venta,-,CLP,2019-12-31,IAM
Pasivos corrientes totales,242.608.281,CLP,2019-12-31,IAM
Otros pasivos financieros no corrientes,1.004.909.555,CLP,2019-12-31,IAM
Cuentas por pagar no corrientes,1.159.317,CLP,2019-12-31,IAM
"Cuentas por pagar a entidades relacionadas, no corrientes",-,CLP,2019-12-31,IAM
Otras provisiones a largo plazo,1.380.132,CLP,2019-12-31,IAM
Pasivo por impuestos diferidos,33.860.706,CLP,2019-12-31,IAM
"Pasivos por impuestos corrientes, no corrientes",-,CLP,2019-12-31,IAM
Provisiones no corrientes por beneficios a los empleados,20.768.569,CLP,2019-12-31,IAM
Otros pasivos no financieros no corrientes,10.031.855,CLP,2019-12-31,IAM
Total de pasivos no corrientes,1.072.110.134,CLP,2019-12-31,IAM
Total de pasivos,1.314.718.415,CLP,2019-12-31,IAM
Capital emitido y pagado,468.358.402,CLP,2019-12-31,IAM
Ganancias (pérdidas) acumuladas,163.450.275,CLP,2019-12-31,IAM
Prima de emisión,-,CLP,2019-12-31,IAM
Acciones propias en cartera,-,CLP,2019-12-31,IAM
Otras participaciones en el patrimonio,-37.268.415,CLP,2019-12-31,IAM
Otras reservas,-,CLP,2019-12-31,IAM
Patrimonio atribuible a los propietarios de la controladora,594.540.262,CLP,2019-12-31,IAM
Participaciones no controladoras,364.587.249,CLP,2019-12-31,IAM
Patrimonio total,959.127.511,CLP,2019-12-31,IAM
Total de patrimonio y pasivos,2.273.845.926,CLP,2019-12-31,IAM
Efectivo y equivalentes al efectivo,130.712.814,CLP,2020-03-31,IAM
Otros activos financieros corrientes,5.216.887,CLP,2020-03-31,IAM
Otros activos no financieros corrientes,3.329.099,CLP,2020-03-31,IAM
Deudores comerciales y otras cuentas por cobrar corrientes,127.656.830,CLP,2020-03-31,IAM
"Cuentas por cobrar a entidades relacionadas, corrientes",17.120,CLP,2020-03-31,IAM
Inventarios corrientes,4.431.137,CLP,2020-03-31,IAM
Activos biológicos corrientes,-,CLP,2020-03-31,IAM
"Activos por impuestos corrientes, corrientes",4.125.659,CLP,2020-03-31,IAM
Total de activos corrientes distintos de los activo o grupos de activos para su disposición clasificados como mantenidos para la venta o como mantenidos para distribuir a los propietarios,275.489.546,CLP,2020-03-31,IAM
Activos no corrientes o grupos de activos para su disposición clasificados como mantenidos para la venta o como mantenidos para distribuir a los propietarios,-,CLP,2020-03-31,IAM
Activos corrientes totales,275.489.546,CLP,2020-03-31,IAM
Otros activos financieros no corrientes,7.913.380,CLP,2020-03-31,IAM
Otros activos no financieros no corrientes,2.997.177,CLP,2020-03-31,IAM
Cuentas por cobrar no corrientes,3.573.070,CLP,2020-03-31,IAM
"Cuentas por cobrar a entidades relacionadas, no corrientes",-,CLP,2020-03-31,IAM
"Inventarios, no corrientes",-,CLP,2020-03-31,IAM
Inversiones contabilizadas utilizando el método de la participación,-,CLP,2020-03-31,IAM
Activos intangibles distintos de la plusvalía,223.435.279,CLP,2020-03-31,IAM
Plusvalía,307.581.431,CLP,2020-03-31,IAM
"Propiedades, planta y equipo",1.506.481.456,CLP,2020-03-31,IAM
Activos biológicos no corrientes,-,CLP,2020-03-31,IAM
Propiedad de inversión,-,CLP,2020-03-31,IAM
Activos por derecho de uso,3.162.732,CLP,2020-03-31,IAM
"Activos por impuestos corrientes, no corrientes",-,CLP,2020-03-31,IAM
Activos por impuestos diferidos,31.920.551,CLP,2020-03-31,IAM
Total de activos no corrientes,2.087.065.076,CLP,2020-03-31,IAM
Total de activos,2.362.554.622,CLP,2020-03-31,IAM
Otros pasivos financieros corrientes,103.477.305,CLP,2020-03-31,IAM
Pasivos por arrendamientos corrientes,1.481.184,CLP,2020-03-31,IAM
Cuentas por pagar comerciales y otras cuentas por pagar,85.908.479,CLP,2020-03-31,IAM
"Cuentas por pagar a entidades relacionadas, corrientes",20.622.302,CLP,2020-03-31,IAM
Otras provisiones a corto plazo,3.607.367,CLP,2020-03-31,IAM
"Pasivos por impuestos corrientes, corrientes",9.965.902,CLP,2020-03-31,IAM
Provisiones corrientes por beneficios a los empleados,1.825.081,CLP,2020-03-31,IAM
Otros pasivos no financieros corrientes,24.307.889,CLP,2020-03-31,IAM
Total de pasivos corrientes distintos de los pasivos incluidos en grupos de activos para su disposición clasificados como mantenidos para la venta,251.195.509,CLP,2020-03-31,IAM
Pasivos incluidos en grupos de activos para su disposición clasificados como mantenidos para la venta,-,CLP,2020-03-31,IAM
Pasivos corrientes totales,251.195.509,CLP,2020-03-31,IAM
Otros pasivos financieros no corrientes,1.037.081.254,CLP,2020-03-31,IAM
Pasivos por arrendamientos no corrientes,1.716.484,CLP,2020-03-31,IAM
Cuentas por pagar no corrientes,1.150.721,CLP,2020-03-31,IAM
"Cuentas por pagar a entidades relacionadas, no corrientes",-,CLP,2020-03-31,IAM
Otras provisiones a largo plazo,1.395.162,CLP,2020-03-31,IAM
Pasivo por impuestos diferidos,33.509.626,CLP,2020-03-31,IAM
"Pasivos por impuestos corrientes, no corrientes",-,CLP,2020-03-31,IAM
Provisiones no corrientes por beneficios a los empleados,21.164.064,CLP,2020-03-31,IAM
Otros pasivos no financieros no corrientes,9.946.135,CLP,2020-03-31,IAM
Total de pasivos no corrientes,1.105.963.446,CLP,2020-03-31,IAM
Total de pasivos,1.357.158.955,CLP,2020-03-31,IAM
Capital emitido y pagado,468.358.402,CLP,2020-03-31,IAM
Ganancias (pérdidas) acumuladas,186.190.717,CLP,2020-03-31,IAM
Prima de emisión,-37.268.415,CLP,2020-03-31,IAM
Acciones propias en cartera,-,CLP,2020-03-31,IAM
Otras participaciones en el patrimonio,-,CLP,2020-03-31,IAM
Otras reservas,-,CLP,2020-03-31,IAM
Patrimonio atribuible a los propietarios de la controladora,617.280.704,CLP,2020-03-31,IAM
Participaciones no controladoras,388.114.963,CLP,2020-03-31,IAM
Patrimonio total,1.005.395.667,CLP,2020-03-31,IAM
Total de patrimonio y pasivos,2.362.554.622,CLP,2020-03-31,IAM
Efectivo y equivalentes al efectivo,169.173.637,CLP,2020-06-30,IAM
Otros activos financieros corrientes,91.942,CLP,2020-06-30,IAM
Otros activos no financieros corrientes,3.107.910,CLP,2020-06-30,IAM
Deudores comerciales y otras cuentas por cobrar corrientes,113.431.297,CLP,2020-06-30,IAM
"Cuentas por cobrar a entidades relacionadas, corrientes",17.092,CLP,2020-06-30,IAM
Inventarios corrientes,5.047.561,CLP,2020-06-30,IAM
Activos biológicos corrientes,-,CLP,2020-06-30,IAM
"Activos por impuestos corrientes, corrientes",4.287.289,CLP,2020-06-30,IAM
Total de activos corrientes distintos de los activo o grupos de activos para su disposición clasificados como mantenidos para la venta o como mantenidos para distribuir a los propietarios,295.156.728,CLP,2020-06-30,IAM
Activos no corrientes o grupos de activos para su disposición clasificados como mantenidos para la venta o como mantenidos para distribuir a los propietarios,80.974,CLP,2020-06-30,IAM
Activos corrientes totales,295.237.702,CLP,2020-06-30,IAM
Otros activos financieros no corrientes,7.913.380,CLP,2020-06-30,IAM
Otros activos no financieros no corrientes,2.840.318,CLP,2020-06-30,IAM
Cuentas por cobrar no corrientes,3.156.896,CLP,2020-06-30,IAM
"Cuentas por cobrar a entidades relacionadas, no corrientes",-,CLP,2020-06-30,IAM
"Inventarios, no corrientes",-,CLP,2020-06-30,IAM
Inversiones contabilizadas utilizando el método de la participación,-,CLP,2020-06-30,IAM
Activos intangibles distintos de la plusvalía,223.366.545,CLP,2020-06-30,IAM
Plusvalía,307.581.431,CLP,2020-06-30,IAM
"Propiedades, planta y equipo",1.514.804.412,CLP,2020-06-30,IAM
Activos biológicos no corrientes,-,CLP,2020-06-30,IAM
Propiedad de inversión,-,CLP,2020-06-30,IAM
Activos por derecho de uso,2.859.884,CLP,2020-06-30,IAM
"Activos por impuestos corrientes, no corrientes",-,CLP,2020-06-30,IAM
Activos por impuestos diferidos,32.532.370,CLP,2020-06-30,IAM
Total de activos no corrientes,2.095.055.236,CLP,2020-06-30,IAM
Total de activos,2.390.292.938,CLP,2020-06-30,IAM
Otros pasivos financieros corrientes,106.642.741,CLP,2020-06-30,IAM
Pasivos por arrendamientos corrientes,1.446.269,CLP,2020-06-30,IAM
Cuentas por pagar comerciales y otras cuentas por pagar,86.162.504,CLP,2020-06-30,IAM
"Cuentas por pagar a entidades relacionadas, corrientes",15.737.432,CLP,2020-06-30,IAM
Otras provisiones a corto plazo,3.215.957,CLP,2020-06-30,IAM
"Pasivos por impuestos corrientes, corrientes",9.763.106,CLP,2020-06-30,IAM
Provisiones corrientes por beneficios a los empleados,2.911.904,CLP,2020-06-30,IAM
Otros pasivos no financieros corrientes,25.806.977,CLP,2020-06-30,IAM
Total de pasivos corrientes distintos de los pasivos incluidos en grupos de activos para su disposición clasificados como mantenidos para la venta,251.686.890,CLP,2020-06-30,IAM
Pasivos incluidos en grupos de activos para su disposición clasificados como mantenidos para la venta,-,CLP,2020-06-30,IAM
Pasivos corrientes totales,251.686.890,CLP,2020-06-30,IAM
Otros pasivos financieros no corrientes,1.046.937.070,CLP,2020-06-30,IAM
Pasivos por arrendamientos no corrientes,1.456.331,CLP,2020-06-30,IAM
Cuentas por pagar no corrientes,1.136.331,CLP,2020-06-30,IAM
"Cuentas por pagar a entidades relacionadas, no corrientes",-,CLP,2020-06-30,IAM
Otras provisiones a largo plazo,1.400.335,CLP,2020-06-30,IAM
Pasivo por impuestos diferidos,33.892.305,CLP,2020-06-30,IAM
"Pasivos por impuestos corrientes, no corrientes",-,CLP,2020-06-30,IAM
Provisiones no corrientes por beneficios a los empleados,20.959.832,CLP,2020-06-30,IAM
Otros pasivos no financieros no corrientes,10.148.171,CLP,2020-06-30,IAM
Total de pasivos no corrientes,1.115.930.375,CLP,2020-06-30,IAM
Total de pasivos,1.367.617.265,CLP,2020-06-30,IAM
Capital emitido y pagado,468.358.402,CLP,2020-06-30,IAM
Ganancias (pérdidas) acumuladas,194.070.844,CLP,2020-06-30,IAM
Prima de emisión,-,CLP,2020-06-30,IAM
Acciones propias en cartera,-,CLP,2020-06-30,IAM
Otras participaciones en el patrimonio,-37.268.415,CLP,2020-06-30,IAM
Otras reservas,-,CLP,2020-06-30,IAM
Patrimonio atribuible a los propietarios de la controladora,625.160.831,CLP,2020-06-30,IAM
Participaciones no controladoras,397.514.842,CLP,2020-06-30,IAM
Patrimonio total,1.022.675.673,CLP,2020-06-30,IAM
Total de patrimonio y pasivos,2.390.292.938,CLP,2020-06-30,IAM
Efectivo y equivalentes al efectivo,183.027.691,CLP,2020-09-30,IAM
Otros activos financieros corrientes,5.219.587,CLP,2020-09-30,IAM
Otros activos no financieros corrientes,5.041.893,CLP,2020-09-30,IAM
Deudores comerciales y otras cuentas por cobrar corrientes,81.053.732,CLP,2020-09-30,IAM
"Cuentas por cobrar a entidades relacionadas, corrientes",22.259,CLP,2020-09-30,IAM
Inventarios corrientes,4.752.789,CLP,2020-09-30,IAM
Activos biológicos corrientes,-,CLP,2020-09-30,IAM
"Activos por impuestos corrientes, corrientes",629.832,CLP,2020-09-30,IAM
Total de activos corrientes distintos de los activo o grupos de activos para su disposición clasificados como mantenidos para la venta o como mantenidos para distribuir a los propietarios,279.747.783,CLP,2020-09-30,IAM
Activos no corrientes o grupos de activos para su disposición clasificados como mantenidos para la venta o como mantenidos para distribuir a los propietarios,256.220.852,CLP,2020-09-30,IAM
Activos corrientes totales,535.968.635,CLP,2020-09-30,IAM
Otros activos financieros no corrientes,7.895.863,CLP,2020-09-30,IAM
Otros activos no financieros no corrientes,2.539.693,CLP,2020-09-30,IAM
Cuentas por cobrar no corrientes,3.004.892,CLP,2020-09-30,IAM
"Cuentas por cobrar a entidades relacionadas, no corrientes",-,CLP,2020-09-30,IAM
"Inventarios, no corrientes",-,CLP,2020-09-30,IAM
Inversiones contabilizadas utilizando el método de la participación,-,CLP,2020-09-30,IAM
Activos intangibles distintos de la plusvalía,216.514.923,CLP,2020-09-30,IAM
Plusvalía,305.171.468,CLP,2020-09-30,IAM
"Propiedades, planta y equipo",1.528.143.291,CLP,2020-09-30,IAM
Activos biológicos no corrientes,-,CLP,2020-09-30,IAM
Propiedad de inversión,-,CLP,2020-09-30,IAM
Activos por derecho de uso,2.540.179,CLP,2020-09-30,IAM
"Activos por impuestos corrientes, no corrientes",-,CLP,2020-09-30,IAM
Activos por impuestos diferidos,1.022.459,CLP,2020-09-30,IAM
Total de activos no corrientes,2.066.832.768,CLP,2020-09-30,IAM
Total de activos,2.602.801.403,CLP,2020-09-30,IAM
Otros pasivos financieros corrientes,69.176.360,CLP,2020-09-30,IAM
Pasivos por arrendamientos corrientes,1.236.099,CLP,2020-09-30,IAM
Cuentas por pagar comerciales y otras cuentas por pagar,80.932.328,CLP,2020-09-30,IAM
"Cuentas por pagar a entidades relacionadas, corrientes",17.655.438,CLP,2020-09-30,IAM
Otras provisiones a corto plazo,152.054,CLP,2020-09-30,IAM
"Pasivos por impuestos corrientes, corrientes",2.271.478,CLP,2020-09-30,IAM
Provisiones corrientes por beneficios a los empleados,3.432.481,CLP,2020-09-30,IAM
Otros pasivos no financieros corrientes,15.920.061,CLP,2020-09-30,IAM
Total de pasivos corrientes distintos de los pasivos incluidos en grupos de activos para su disposición clasificados como mantenidos para la venta,190.776.299,CLP,2020-09-30,IAM
Pasivos incluidos en grupos de activos para su disposición clasificados como mantenidos para la venta,157.122.242,CLP,2020-09-30,IAM
Pasivos corrientes totales,347.898.541,CLP,2020-09-30,IAM
Otros pasivos financieros no corrientes,996.936.460,CLP,2020-09-30,IAM
Pasivos por arrendamientos no corrientes,1.348.853,CLP,2020-09-30,IAM
Cuentas por pagar no corrientes,1.118.735,CLP,2020-09-30,IAM
"Cuentas por pagar a entidades relacionadas, no corrientes",-,CLP,2020-09-30,IAM
Otras provisiones a largo plazo,1.400.932,CLP,2020-09-30,IAM
Pasivo por impuestos diferidos,31.616.704,CLP,2020-09-30,IAM
"Pasivos por impuestos corrientes, no corrientes",-,CLP,2020-09-30,IAM
Provisiones no corrientes por beneficios a los empleados,20.812.410,CLP,2020-09-30,IAM
Otros pasivos no financieros no corrientes,10.149.283,CLP,2020-09-30,IAM
Total de pasivos no corrientes,1.063.383.377,CLP,2020-09-30,IAM
Total de pasivos,1.411.281.918,CLP,2020-09-30,IAM
Capital emitido y pagado,468.358.402,CLP,2020-09-30,IAM
Ganancias (pérdidas) acumuladas,200.595.835,CLP,2020-09-30,IAM
Prima de emisión,-,CLP,2020-09-30,IAM
Acciones propias en cartera,-,CLP,2020-09-30,IAM
Otras participaciones en el patrimonio,-37.268.415,CLP,2020-09-30,IAM
Otras reservas,78.016.799,CLP,2020-09-30,IAM
Patrimonio atribuible a los propietarios de la controladora,709.702.621,CLP,2020-09-30,IAM
Participaciones no controladoras,481.816.864,CLP,2020-09-30,IAM
Patrimonio total,1.191.519.485,CLP,2020-09-30,IAM
Total de patrimonio y pasivos,2.602.801.403,CLP,2020-09-30,IAM
Efectivo y equivalentes al efectivo,177.964.853,CLP,2020-12-31,IAM
Otros activos financieros corrientes,-,CLP,2020-12-31,IAM
Otros activos no financieros corrientes,3.803.544,CLP,2020-12-31,IAM
Deudores comerciales y otras cuentas por cobrar corrientes,87.491.240,CLP,2020-12-31,IAM
"Cuentas por cobrar a entidades relacionadas, corrientes",982.856,CLP,2020-12-31,IAM
Inventarios corrientes,3.954.953,CLP,2020-12-31,IAM
Activos biológicos corrientes,-,CLP,2020-12-31,IAM
"Activos por impuestos corrientes, corrientes",27.445.509,CLP,2020-12-31,IAM
Total de activos corrientes distintos de los activo o grupos de activos para su disposición clasificados como mantenidos para la venta o como mantenidos para distribuir a los propietarios,301.642.955,CLP,2020-12-31,IAM
Activos no corrientes o grupos de activos para su disposición clasificados como mantenidos para la venta o como mantenidos para distribuir a los propietarios,3.836.023,CLP,2020-12-31,IAM
Activos corrientes totales,305.478.978,CLP,2020-12-31,IAM
Otros activos financieros no corrientes,7.895.863,CLP,2020-12-31,IAM
Otros activos no financieros no corrientes,2.396.459,CLP,2020-12-31,IAM
Cuentas por cobrar no corrientes,4.178.613,CLP,2020-12-31,IAM
"Cuentas por cobrar a entidades relacionadas, no corrientes",-,CLP,2020-12-31,IAM
"Inventarios, no corrientes",-,CLP,2020-12-31,IAM
Inversiones contabilizadas utilizando el método de la participación,-,CLP,2020-12-31,IAM
Activos intangibles distintos de la plusvalía,218.653.890,CLP,2020-12-31,IAM
Plusvalía,305.171.468,CLP,2020-12-31,IAM
"Propiedades, planta y equipo",1.568.199.192,CLP,2020-12-31,IAM
Activos biológicos no corrientes,-,CLP,2020-12-31,IAM
Propiedad de inversión,-,CLP,2020-12-31,IAM
Activos por derecho de uso,3.751.803,CLP,2020-12-31,IAM
"Activos por impuestos corrientes, no corrientes",-,CLP,2020-12-31,IAM
Activos por impuestos diferidos,3.304.490,CLP,2020-12-31,IAM
Total de activos no corrientes,2.113.551.778,CLP,2020-12-31,IAM
Total de activos,2.419.030.756,CLP,2020-12-31,IAM
Otros pasivos financieros corrientes,71.064.294,CLP,2020-12-31,IAM
Pasivos por arrendamientos corrientes,1.420.568,CLP,2020-12-31,IAM
Cuentas por pagar comerciales y otras cuentas por pagar,98.944.804,CLP,2020-12-31,IAM
"Cuentas por pagar a entidades relacionadas, corrientes",17.757.162,CLP,2020-12-31,IAM
Otras provisiones a corto plazo,28.897.014,CLP,2020-12-31,IAM
"Pasivos por impuestos corrientes, corrientes",1.979.070,CLP,2020-12-31,IAM
Provisiones corrientes por beneficios a los empleados,4.982.501,CLP,2020-12-31,IAM
Otros pasivos no financieros corrientes,20.417.525,CLP,2020-12-31,IAM
Total de pasivos corrientes distintos de los pasivos incluidos en grupos de activos para su disposición clasificados como mantenidos para la venta,245.462.938,CLP,2020-12-31,IAM
Pasivos incluidos en grupos de activos para su disposición clasificados como mantenidos para la venta,-,CLP,2020-12-31,IAM
Pasivos corrientes totales,245.462.938,CLP,2020-12-31,IAM
Otros pasivos financieros no corrientes,998.729.962,CLP,2020-12-31,IAM
Pasivos por arrendamientos no corrientes,2.380.303,CLP,2020-12-31,IAM
Cuentas por pagar no corrientes,1.452.311,CLP,2020-12-31,IAM
"Cuentas por pagar a entidades relacionadas, no corrientes",-,CLP,2020-12-31,IAM
Otras provisiones a largo plazo,1.419.880,CLP,2020-12-31,IAM
Pasivo por impuestos diferidos,25.414.223,CLP,2020-12-31,IAM
"Pasivos por impuestos corrientes, no corrientes",-,CLP,2020-12-31,IAM
Provisiones no corrientes por beneficios a los empleados,20.339.194,CLP,2020-12-31,IAM
Otros pasivos no financieros no corrientes,10.184.563,CLP,2020-12-31,IAM
Total de pasivos no corrientes,1.059.920.436,CLP,2020-12-31,IAM
Total de pasivos,1.305.383.374,CLP,2020-12-31,IAM
Capital emitido y pagado,468.358.402,CLP,2020-12-31,IAM
Ganancias (pérdidas) acumuladas,181.816.964,CLP,2020-12-31,IAM
Prima de emisión,-,CLP,2020-12-31,IAM
Acciones propias en cartera,-,CLP,2020-12-31,IAM
Otras participaciones en el patrimonio,-37.268.415,CLP,2020-12-31,IAM
Otras reservas,81.213.656,CLP,2020-12-31,IAM
Patrimonio atribuible a los propietarios de la controladora,694.120.607,CLP,2020-12-31,IAM
Participaciones no controladoras,419.526.775,CLP,2020-12-31,IAM
Patrimonio total,1.113.647.382,CLP,2020-12-31,IAM
Total de patrimonio y pasivos,2.419.030.756,CLP,2020-12-31,IAM
Efectivo y equivalentes al efectivo,182.695.251,CLP,2021-03-31,IAM
Otros activos financieros corrientes,5.344.650,CLP,2021-03-31,IAM
Otros activos no financieros corrientes,3.142.118,CLP,2021-03-31,IAM
Deudores comerciales y otras cuentas por cobrar corrientes,97.049.457,CLP,2021-03-31,IAM
"Cuentas por cobrar a entidades relacionadas, corrientes",263.341,CLP,2021-03-31,IAM
Inventarios corrientes,3.570.298,CLP,2021-03-31,IAM
Activos biológicos corrientes,-,CLP,2021-03-31,IAM
"Activos por impuestos corrientes, corrientes",31.486.418,CLP,2021-03-31,IAM
Total de activos corrientes distintos de los activo o grupos de activos para su disposición clasificados como mantenidos para la venta o como mantenidos para distribuir a los propietarios,323.551.533,CLP,2021-03-31,IAM
Activos no corrientes o grupos de activos para su disposición clasificados como mantenidos para la venta o como mantenidos para distribuir a los propietarios,3.836.023,CLP,2021-03-31,IAM
Activos corrientes totales,327.387.556,CLP,2021-03-31,IAM
Otros activos financieros no corrientes,7.895.863,CLP,2021-03-31,IAM
Otros activos no financieros no corrientes,2.273.618,CLP,2021-03-31,IAM
Cuentas por cobrar no corrientes,4.579.690,CLP,2021-03-31,IAM
"Cuentas por cobrar a entidades relacionadas, no corrientes",-,CLP,2021-03-31,IAM
"Inventarios, no corrientes",-,CLP,2021-03-31,IAM
Inversiones contabilizadas utilizando el método de la participación,-,CLP,2021-03-31,IAM
Activos intangibles distintos de la plusvalía,218.651.068,CLP,2021-03-31,IAM
Plusvalía,305.171.468,CLP,2021-03-31,IAM
"Propiedades, planta y equipo",1.585.454.554,CLP,2021-03-31,IAM
Activos biológicos no corrientes,-,CLP,2021-03-31,IAM
Propiedad de inversión,-,CLP,2021-03-31,IAM
Activos por derecho de uso,3.398.105,CLP,2021-03-31,IAM
"Activos por impuestos corrientes, no corrientes",-,CLP,2021-03-31,IAM
Activos por impuestos diferidos,3.187.225,CLP,2021-03-31,IAM
Total de activos no corrientes,2.130.611.591,CLP,2021-03-31,IAM
Total de activos,2.457.999.147,CLP,2021-03-31,IAM
Otros pasivos financieros corrientes,82.356.360,CLP,2021-03-31,IAM
Pasivos por arrendamientos corrientes,1.368.648,CLP,2021-03-31,IAM
Cuentas por pagar comerciales y otras cuentas por pagar,94.907.939,CLP,2021-03-31,IAM
"Cuentas por pagar a entidades relacionadas, corrientes",20.195.339,CLP,2021-03-31,IAM
Otras provisiones a corto plazo,28.899.446,CLP,2021-03-31,IAM
"Pasivos por impuestos corrientes, corrientes",2.206.796,CLP,2021-03-31,IAM
Provisiones corrientes por beneficios a los empleados,3.115.289,CLP,2021-03-31,IAM
Otros pasivos no financieros corrientes,16.306.290,CLP,2021-03-31,IAM
Total de pasivos corrientes distintos de los pasivos incluidos en grupos de activos para su disposición clasificados como mantenidos para la venta,249.356.107,CLP,2021-03-31,IAM
Pasivos incluidos en grupos de activos para su disposición clasificados como mantenidos para la venta,-,CLP,2021-03-31,IAM
Pasivos corrientes totales,249.356.107,CLP,2021-03-31,IAM
Otros pasivos financieros no corrientes,997.392.675,CLP,2021-03-31,IAM
Pasivos por arrendamientos no corrientes,2.082.718,CLP,2021-03-31,IAM
Cuentas por pagar no corrientes,1.446.233,CLP,2021-03-31,IAM
"Cuentas por pagar a entidades relacionadas, no corrientes",-,CLP,2021-03-31,IAM
Otras provisiones a largo plazo,1.436.840,CLP,2021-03-31,IAM
Pasivo por impuestos diferidos,24.694.828,CLP,2021-03-31,IAM
"Pasivos por impuestos corrientes, no corrientes",-,CLP,2021-03-31,IAM
Provisiones no corrientes por beneficios a los empleados,18.447.604,CLP,2021-03-31,IAM
Otros pasivos no financieros no corrientes,10.608.178,CLP,2021-03-31,IAM
Total de pasivos no corrientes,1.056.109.076,CLP,2021-03-31,IAM
Total de pasivos,1.305.465.183,CLP,2021-03-31,IAM
Capital emitido y pagado,468.358.402,CLP,2021-03-31,IAM
Ganancias (pérdidas) acumuladas,200.666.034,CLP,2021-03-31,IAM
Prima de emisión,-,CLP,2021-03-31,IAM
Acciones propias en cartera,-,CLP,2021-03-31,IAM
Otras participaciones en el patrimonio,-37.268.415,CLP,2021-03-31,IAM
Otras reservas,81.667.464,CLP,2021-03-31,IAM
Patrimonio atribuible a los propietarios de la controladora,713.423.485,CLP,2021-03-31,IAM
Participaciones no controladoras,439.110.479,CLP,2021-03-31,IAM
Patrimonio total,1.152.533.964,CLP,2021-03-31,IAM
Total de patrimonio y pasivos,2.457.999.147,CLP,2021-03-31,IAM
Efectivo y equivalentes al efectivo,137.909.371,CLP,2021-06-30,IAM
Otros activos financieros corrientes,18.587,CLP,2021-06-30,IAM
Otros activos no financieros corrientes,2.492.674,CLP,2021-06-30,IAM
Deudores comerciales y otras cuentas por cobrar corrientes,84.290.451,CLP,2021-06-30,IAM
"Cuentas por cobrar a entidades relacionadas, corrientes",21.879,CLP,2021-06-30,IAM
Inventarios corrientes,3.583.122,CLP,2021-06-30,IAM
Activos biológicos corrientes,-,CLP,2021-06-30,IAM
"Activos por impuestos corrientes, corrientes",31.284.159,CLP,2021-06-30,IAM
Total de activos corrientes distintos de los activo o grupos de activos para su disposición clasificados como mantenidos para la venta o como mantenidos para distribuir a los propietarios,259.600.243,CLP,2021-06-30,IAM
Activos no corrientes o grupos de activos para su disposición clasificados como mantenidos para la venta o como mantenidos para distribuir a los propietarios,3.836.023,CLP,2021-06-30,IAM
Activos corrientes totales,263.436.266,CLP,2021-06-30,IAM
Otros activos financieros no corrientes,7.895.863,CLP,2021-06-30,IAM
Otros activos no financieros no corrientes,2.095.544,CLP,2021-06-30,IAM
Cuentas por cobrar no corrientes,4.047.041,CLP,2021-06-30,IAM
"Cuentas por cobrar a entidades relacionadas, no corrientes",-,CLP,2021-06-30,IAM
"Inventarios, no corrientes",-,CLP,2021-06-30,IAM
Inversiones contabilizadas utilizando el método de la participación,-,CLP,2021-06-30,IAM
Activos intangibles distintos de la plusvalía,220.439.551,CLP,2021-06-30,IAM
Plusvalía,305.171.468,CLP,2021-06-30,IAM
"Propiedades, planta y equipo",1.602.812.226,CLP,2021-06-30,IAM
Activos biológicos no corrientes,-,CLP,2021-06-30,IAM
Propiedad de inversión,-,CLP,2021-06-30,IAM
Activos por derecho de uso,3.124.278,CLP,2021-06-30,IAM
"Activos por impuestos corrientes, no corrientes",-,CLP,2021-06-30,IAM
Activos por impuestos diferidos,6.544.079,CLP,2021-06-30,IAM
Total de activos no corrientes,2.152.130.050,CLP,2021-06-30,IAM
Total de activos,2.415.566.316,CLP,2021-06-30,IAM
Otros pasivos financieros corrientes,86.362.167,CLP,2021-06-30,IAM
Pasivos por arrendamientos corrientes,1.335.383,CLP,2021-06-30,IAM
Cuentas por pagar comerciales y otras cuentas por pagar,101.978.401,CLP,2021-06-30,IAM
"Cuentas por pagar a entidades relacionadas, corrientes",19.390.568,CLP,2021-06-30,IAM
Otras provisiones a corto plazo,28.852.394,CLP,2021-06-30,IAM
"Pasivos por impuestos corrientes, corrientes",253.105,CLP,2021-06-30,IAM
Provisiones corrientes por beneficios a los empleados,3.330.105,CLP,2021-06-30,IAM
Otros pasivos no financieros corrientes,13.253.408,CLP,2021-06-30,IAM
Total de pasivos corrientes distintos de los pasivos incluidos en grupos de activos para su disposición clasificados como mantenidos para la venta,254.755.531,CLP,2021-06-30,IAM
Pasivos incluidos en grupos de activos para su disposición clasificados como mantenidos para la venta,-,CLP,2021-06-30,IAM
Pasivos corrientes totales,254.755.531,CLP,2021-06-30,IAM
Otros pasivos financieros no corrientes,995.703.695,CLP,2021-06-30,IAM
Pasivos por arrendamientos no corrientes,1.844.401,CLP,2021-06-30,IAM
Cuentas por pagar no corrientes,1.413.468,CLP,2021-06-30,IAM
"Cuentas por pagar a entidades relacionadas, no corrientes",-,CLP,2021-06-30,IAM
Otras provisiones a largo plazo,1.453.309,CLP,2021-06-30,IAM
Pasivo por impuestos diferidos,24.014.499,CLP,2021-06-30,IAM
"Pasivos por impuestos corrientes, no corrientes",-,CLP,2021-06-30,IAM
Provisiones no corrientes por beneficios a los empleados,19.024.462,CLP,2021-06-30,IAM
Otros pasivos no financieros no corrientes,9.874.594,CLP,2021-06-30,IAM
Total de pasivos no corrientes,1.053.328.428,CLP,2021-06-30,IAM
Total de pasivos,1.308.083.959,CLP,2021-06-30,IAM
Capital emitido y pagado,468.358.402,CLP,2021-06-30,IAM
Ganancias (pérdidas) acumuladas,178.182.779,CLP,2021-06-30,IAM
Prima de emisión,-,CLP,2021-06-30,IAM
Acciones propias en cartera,-,CLP,2021-06-30,IAM
Otras participaciones en el patrimonio,-37.268.415,CLP,2021-06-30,IAM
Otras reservas,81.667.464,CLP,2021-06-30,IAM
Patrimonio atribuible a los propietarios de la controladora,690.940.230,CLP,2021-06-30,IAM
Participaciones no controladoras,416.542.127,CLP,2021-06-30,IAM
Patrimonio total,1.107.482.357,CLP,2021-06-30,IAM
Total de patrimonio y pasivos,2.415.566.316,CLP,2021-06-30,IAM
Efectivo y equivalentes al efectivo,185.602.329,CLP,2021-09-30,IAM
Otros activos financieros corrientes,5.804.888,CLP,2021-09-30,IAM
Otros activos no financieros corrientes,5.887.103,CLP,2021-09-30,IAM
Deudores comerciales y otras cuentas por cobrar corrientes,83.376.423,CLP,2021-09-30,IAM
"Cuentas por cobrar a entidades relacionadas, corrientes",5.905,CLP,2021-09-30,IAM
Inventarios corrientes,3.769.839,CLP,2021-09-30,IAM
Activos biológicos corrientes,-,CLP,2021-09-30,IAM
"Activos por impuestos corrientes, corrientes",5.729.649,CLP,2021-09-30,IAM
Total de activos corrientes distintos de los activo o grupos de activos para su disposición clasificados como mantenidos para la venta o como mantenidos para distribuir a los propietarios,290.176.136,CLP,2021-09-30,IAM
Activos no corrientes o grupos de activos para su disposición clasificados como mantenidos para la venta o como mantenidos para distribuir a los propietarios,3.414,CLP,2021-09-30,IAM
Activos corrientes totales,290.179.550,CLP,2021-09-30,IAM
Otros activos financieros no corrientes,7.895.863,CLP,2021-09-30,IAM
Otros activos no financieros no corrientes,1.997.095,CLP,2021-09-30,IAM
Cuentas por cobrar no corrientes,3.793.284,CLP,2021-09-30,IAM
"Cuentas por cobrar a entidades relacionadas, no corrientes",-,CLP,2021-09-30,IAM
"Inventarios, no corrientes",-,CLP,2021-09-30,IAM
Inversiones contabilizadas utilizando el método de la participación,-,CLP,2021-09-30,IAM
Activos intangibles distintos de la plusvalía,220.839.072,CLP,2021-09-30,IAM
Plusvalía,305.171.468,CLP,2021-09-30,IAM
"Propiedades, planta y equipo",1.626.315.232,CLP,2021-09-30,IAM
Activos biológicos no corrientes,-,CLP,2021-09-30,IAM
Propiedad de inversión,-,CLP,2021-09-30,IAM
Activos por derecho de uso,2.901.499,CLP,2021-09-30,IAM
"Activos por impuestos corrientes, no corrientes",-,CLP,2021-09-30,IAM
Activos por impuestos diferidos,7.274.982,CLP,2021-09-30,IAM
Total de activos no corrientes,2.176.188.495,CLP,2021-09-30,IAM
Total de activos,2.466.368.045,CLP,2021-09-30,IAM
Otros pasivos financieros corrientes,84.829.340,CLP,2021-09-30,IAM
Pasivos por arrendamientos corrientes,1.243.341,CLP,2021-09-30,IAM
Cuentas por pagar comerciales y otras cuentas por pagar,113.022.952,CLP,2021-09-30,IAM
"Cuentas por pagar a entidades relacionadas, corrientes",18.769.553,CLP,2021-09-30,IAM
Otras provisiones a corto plazo,18.102.394,CLP,2021-09-30,IAM
"Pasivos por impuestos corrientes, corrientes",160.295,CLP,2021-09-30,IAM
Provisiones corrientes por beneficios a los empleados,3.976.948,CLP,2021-09-30,IAM
Otros pasivos no financieros corrientes,12.563.803,CLP,2021-09-30,IAM
Total de pasivos corrientes distintos de los pasivos incluidos en grupos de activos para su disposición clasificados como mantenidos para la venta,252.668.626,CLP,2021-09-30,IAM
Pasivos incluidos en grupos de activos para su disposición clasificados como mantenidos para la venta,-,CLP,2021-09-30,IAM
Pasivos corrientes totales,252.668.626,CLP,2021-09-30,IAM
Otros pasivos financieros no corrientes,1.024.525.488,CLP,2021-09-30,IAM
Pasivos por arrendamientos no corrientes,1.714.036,CLP,2021-09-30,IAM
Cuentas por pagar no corrientes,1.419.787,CLP,2021-09-30,IAM
"Cuentas por pagar a entidades relacionadas, no corrientes",-,CLP,2021-09-30,IAM
Otras provisiones a largo plazo,1.473.096,CLP,2021-09-30,IAM
Pasivo por impuestos diferidos,23.369.924,CLP,2021-09-30,IAM
"Pasivos por impuestos corrientes, no corrientes",-,CLP,2021-09-30,IAM
Provisiones no corrientes por beneficios a los empleados,19.586.784,CLP,2021-09-30,IAM
Otros pasivos no financieros no corrientes,9.101.873,CLP,2021-09-30,IAM
Total de pasivos no corrientes,1.081.190.988,CLP,2021-09-30,IAM
Total de pasivos,1.333.859.614,CLP,2021-09-30,IAM
Capital emitido y pagado,468.358.402,CLP,2021-09-30,IAM
Ganancias (pérdidas) acumuladas,188.479.422,CLP,2021-09-30,IAM
Prima de emisión,-,CLP,2021-09-30,IAM
Acciones propias en cartera,-,CLP,2021-09-30,IAM
Otras participaciones en el patrimonio,-37.268.415,CLP,2021-09-30,IAM
Otras reservas,83.683.089,CLP,2021-09-30,IAM
Patrimonio atribuible a los propietarios de la controladora,703.252.498,CLP,2021-09-30,IAM
Participaciones no controladoras,429.255.933,CLP,2021-09-30,IAM
Patrimonio total,1.132.508.431,CLP,2021-09-30,IAM
Total de patrimonio y pasivos,2.466.368.045,CLP,2021-09-30,IAM
Efectivo y equivalentes al efectivo,164.558.880,CLP,2021-12-31,IAM
Otros activos financieros corrientes,-,CLP,2021-12-31,IAM
Otros activos no financieros corrientes,4.997.004,CLP,2021-12-31,IAM
Deudores comerciales y otras cuentas por cobrar corrientes,101.104.669,CLP,2021-12-31,IAM
"Cuentas por cobrar a entidades relacionadas, corrientes",23.088,CLP,2021-12-31,IAM
Inventarios corrientes,5.185.858,CLP,2021-12-31,IAM
Activos biológicos corrientes,-,CLP,2021-12-31,IAM
"Activos por impuestos corrientes, corrientes",9.226.864,CLP,2021-12-31,IAM
Total de activos corrientes distintos de los activo o grupos de activos para su disposición clasificados como mantenidos para la venta o como mantenidos para distribuir a los propietarios,285.096.363,CLP,2021-12-31,IAM
Activos no corrientes o grupos de activos para su disposición clasificados como mantenidos para la venta o como mantenidos para distribuir a los propietarios,3.414,CLP,2021-12-31,IAM
Activos corrientes totales,285.099.777,CLP,2021-12-31,IAM
Otros activos financieros no corrientes,7.895.863,CLP,2021-12-31,IAM
Otros activos no financieros no corrientes,1.855.537,CLP,2021-12-31,IAM
Cuentas por cobrar no corrientes,3.438.247,CLP,2021-12-31,IAM
"Cuentas por cobrar a entidades relacionadas, no corrientes",-,CLP,2021-12-31,IAM
"Inventarios, no corrientes",-,CLP,2021-12-31,IAM
Inversiones contabilizadas utilizando el método de la participación,-,CLP,2021-12-31,IAM
Activos intangibles distintos de la plusvalía,221.481.159,CLP,2021-12-31,IAM
Plusvalía,305.171.468,CLP,2021-12-31,IAM
"Propiedades, planta y equipo",1.660.159.453,CLP,2021-12-31,IAM
Activos biológicos no corrientes,-,CLP,2021-12-31,IAM
Propiedad de inversión,-,CLP,2021-12-31,IAM
Activos por derecho de uso,2.756.851,CLP,2021-12-31,IAM
"Activos por impuestos corrientes, no corrientes",-,CLP,2021-12-31,IAM
Activos por impuestos diferidos,13.963.891,CLP,2021-12-31,IAM
Total de activos no corrientes,2.216.722.469,CLP,2021-12-31,IAM
Total de activos,2.501.822.246,CLP,2021-12-31,IAM
Otros pasivos financieros corrientes,69.023.789,CLP,2021-12-31,IAM
Pasivos por arrendamientos corrientes,1.183.259,CLP,2021-12-31,IAM
Cuentas por pagar comerciales y otras cuentas por pagar,127.124.811,CLP,2021-12-31,IAM
"Cuentas por pagar a entidades relacionadas, corrientes",13.824.302,CLP,2021-12-31,IAM
Otras provisiones a corto plazo,16.092.663,CLP,2021-12-31,IAM
"Pasivos por impuestos corrientes, corrientes",380.656,CLP,2021-12-31,IAM
Provisiones corrientes por beneficios a los empleados,6.190.161,CLP,2021-12-31,IAM
Otros pasivos no financieros corrientes,15.317.187,CLP,2021-12-31,IAM
Total de pasivos corrientes distintos de los pasivos incluidos en grupos de activos para su disposición clasificados como mantenidos para la venta,249.136.828,CLP,2021-12-31,IAM
Pasivos incluidos en grupos de activos para su disposición clasificados como mantenidos para la venta,-,CLP,2021-12-31,IAM
Pasivos corrientes totales,249.136.828,CLP,2021-12-31,IAM
Otros pasivos financieros no corrientes,1.084.075.622,CLP,2021-12-31,IAM
Pasivos por arrendamientos no corrientes,1.629.797,CLP,2021-12-31,IAM
Cuentas por pagar no corrientes,1.055.267,CLP,2021-12-31,IAM
"Cuentas por pagar a entidades relacionadas, no corrientes",-,CLP,2021-12-31,IAM
Otras provisiones a largo plazo,1.520.318,CLP,2021-12-31,IAM
Pasivo por impuestos diferidos,23.706.459,CLP,2021-12-31,IAM
"Pasivos por impuestos corrientes, no corrientes",-,CLP,2021-12-31,IAM
Provisiones no corrientes por beneficios a los empleados,17.666.420,CLP,2021-12-31,IAM
Otros pasivos no financieros no corrientes,8.641.295,CLP,2021-12-31,IAM
Total de pasivos no corrientes,1.138.295.178,CLP,2021-12-31,IAM
Total de pasivos,1.387.432.006,CLP,2021-12-31,IAM
Capital emitido y pagado,468.358.402,CLP,2021-12-31,IAM
Ganancias (pérdidas) acumuladas,179.164.900,CLP,2021-12-31,IAM
Prima de emisión,-,CLP,2021-12-31,IAM
Acciones propias en cartera,-,CLP,2021-12-31,IAM
Otras participaciones en el patrimonio,-37.268.415,CLP,2021-12-31,IAM
Otras reservas,83.709.983,CLP,2021-12-31,IAM
Patrimonio atribuible a los propietarios de la controladora,693.964.870,CLP,2021-12-31,IAM
Participaciones no controladoras,420.425.370,CLP,2021-12-31,IAM
Patrimonio total,1.114.390.240,CLP,2021-12-31,IAM
Total de patrimonio y pasivos,2.501.822.246,CLP,2021-12-31,IAM
Efectivo y equivalentes al efectivo,142.502.316,CLP,2022-03-31,IAM
Otros activos financieros corrientes,5.769.021,CLP,2022-03-31,IAM
Otros activos no financieros corrientes,4.898.701,CLP,2022-03-31,IAM
Deudores comerciales y otras cuentas por cobrar corrientes,123.286.026,CLP,2022-03-31,IAM
"Cuentas por cobrar a entidades relacionadas, corrientes",20.696,CLP,2022-03-31,IAM
Inventarios corrientes,4.054.752,CLP,2022-03-31,IAM
Activos biológicos corrientes,-,CLP,2022-03-31,IAM
"Activos por impuestos corrientes, corrientes",8.747.654,CLP,2022-03-31,IAM
Total de activos corrientes distintos de los activo o grupos de activos para su disposición clasificados como mantenidos para la venta o como mantenidos para distribuir a los propietarios,289.279.166,CLP,2022-03-31,IAM
Activos no corrientes o grupos de activos para su disposición clasificados como mantenidos para la venta o como mantenidos para distribuir a los propietarios,3.414,CLP,2022-03-31,IAM
Activos corrientes totales,289.282.580,CLP,2022-03-31,IAM
Otros activos financieros no corrientes,7.895.863,CLP,2022-03-31,IAM
Otros activos no financieros no corrientes,1.672.997,CLP,2022-03-31,IAM
Cuentas por cobrar no corrientes,3.251.067,CLP,2022-03-31,IAM
"Cuentas por cobrar a entidades relacionadas, no corrientes",-,CLP,2022-03-31,IAM
"Inventarios, no corrientes",-,CLP,2022-03-31,IAM
Inversiones contabilizadas utilizando el método de la participación,-,CLP,2022-03-31,IAM
Activos intangibles distintos de la plusvalía,222.344.148,CLP,2022-03-31,IAM
Plusvalía,305.171.468,CLP,2022-03-31,IAM
"Propiedades, planta y equipo",1.670.113.429,CLP,2022-03-31,IAM
Activos biológicos no corrientes,-,CLP,2022-03-31,IAM
Propiedad de inversión,-,CLP,2022-03-31,IAM
Activos por derecho de uso,2.554.492,CLP,2022-03-31,IAM
"Activos por impuestos corrientes, no corrientes",-,CLP,2022-03-31,IAM
Activos por impuestos diferidos,21.375.360,CLP,2022-03-31,IAM
Total de activos no corrientes,2.234.378.824,CLP,2022-03-31,IAM
Total de activos,2.523.661.404,CLP,2022-03-31,IAM
Otros pasivos financieros corrientes,72.684.423,CLP,2022-03-31,IAM
Pasivos por arrendamientos corrientes,1.046.336,CLP,2022-03-31,IAM
Cuentas por pagar comerciales y otras cuentas por pagar,126.845.344,CLP,2022-03-31,IAM
"Cuentas por pagar a entidades relacionadas, corrientes",30.573.148,CLP,2022-03-31,IAM
Otras provisiones a corto plazo,16.006.922,CLP,2022-03-31,IAM
"Pasivos por impuestos corrientes, corrientes",4.631.506,CLP,2022-03-31,IAM
Provisiones corrientes por beneficios a los empleados,2.316.771,CLP,2022-03-31,IAM
Otros pasivos no financieros corrientes,19.201.090,CLP,2022-03-31,IAM
Total de pasivos corrientes distintos de los pasivos incluidos en grupos de activos para su disposición clasificados como mantenidos para la venta,273.305.540,CLP,2022-03-31,IAM
Pasivos incluidos en grupos de activos para su disposición clasificados como mantenidos para la venta,-,CLP,2022-03-31,IAM
Pasivos corrientes totales,273.305.540,CLP,2022-03-31,IAM
Otros pasivos financieros no corrientes,1.090.683.383,CLP,2022-03-31,IAM
Pasivos por arrendamientos no corrientes,1.560.996,CLP,2022-03-31,IAM
Cuentas por pagar no corrientes,1.037.130,CLP,2022-03-31,IAM
"Cuentas por pagar a entidades relacionadas, no corrientes",-,CLP,2022-03-31,IAM
Otras provisiones a largo plazo,1.558.792,CLP,2022-03-31,IAM
Pasivo por impuestos diferidos,22.541.898,CLP,2022-03-31,IAM
"Pasivos por impuestos corrientes, no corrientes",-,CLP,2022-03-31,IAM
Provisiones no corrientes por beneficios a los empleados,18.211.350,CLP,2022-03-31,IAM
Otros pasivos no financieros no corrientes,8.763.334,CLP,2022-03-31,IAM
Total de pasivos no corrientes,1.144.356.883,CLP,2022-03-31,IAM
Total de pasivos,1.417.662.423,CLP,2022-03-31,IAM
Capital emitido y pagado,468.358.402,CLP,2022-03-31,IAM
Ganancias (pérdidas) acumuladas,175.334.172,CLP,2022-03-31,IAM
Prima de emisión,-,CLP,2022-03-31,IAM
Acciones propias en cartera,-,CLP,2022-03-31,IAM
Otras participaciones en el patrimonio,-37.268.415,CLP,2022-03-31,IAM
Otras reservas,83.737.044,CLP,2022-03-31,IAM
Patrimonio atribuible a los propietarios de la controladora,690.161.203,CLP,2022-03-31,IAM
Participaciones no controladoras,415.837.778,CLP,2022-03-31,IAM
Patrimonio total,1.105.998.981,CLP,2022-03-31,IAM
Total de patrimonio y pasivos,2.523.661.404,CLP,2022-03-31,IAM
Efectivo y equivalentes al efectivo,148.442.598,CLP,2022-06-30,IAM
Otros activos financieros corrientes,-,CLP,2022-06-30,IAM
Otros activos no financieros corrientes,3.569.972,CLP,2022-06-30,IAM
Deudores comerciales y otras cuentas por cobrar corrientes,101.081.164,CLP,2022-06-30,IAM
"Cuentas por cobrar a entidades relacionadas, corrientes",27.645,CLP,2022-06-30,IAM
Inventarios corrientes,11.281.243,CLP,2022-06-30,IAM
Activos biológicos corrientes,-,CLP,2022-06-30,IAM
"Activos por impuestos corrientes, corrientes",1.468.496,CLP,2022-06-30,IAM
Total de activos corrientes distintos de los activo o grupos de activos para su disposición clasificados como mantenidos para la venta o como mantenidos para distribuir a los propietarios,265.871.118,CLP,2022-06-30,IAM
Activos no corrientes o grupos de activos para su disposición clasificados como mantenidos para la venta o como mantenidos para distribuir a los propietarios,3.414,CLP,2022-06-30,IAM
Activos corrientes totales,265.874.532,CLP,2022-06-30,IAM
Otros activos financieros no corrientes,7.895.863,CLP,2022-06-30,IAM
Otros activos no financieros no corrientes,1.533.251,CLP,2022-06-30,IAM
Cuentas por cobrar no corrientes,3.352.560,CLP,2022-06-30,IAM
"Cuentas por cobrar a entidades relacionadas, no corrientes",-,CLP,2022-06-30,IAM
"Inventarios, no corrientes",-,CLP,2022-06-30,IAM
Inversiones contabilizadas utilizando el método de la participación,-,CLP,2022-06-30,IAM
Activos intangibles distintos de la plusvalía,231.753.899,CLP,2022-06-30,IAM
Plusvalía,305.171.468,CLP,2022-06-30,IAM
"Propiedades, planta y equipo",1.668.466.967,CLP,2022-06-30,IAM
Activos biológicos no corrientes,-,CLP,2022-06-30,IAM
Propiedad de inversión,-,CLP,2022-06-30,IAM
Activos por derecho de uso,2.267.629,CLP,2022-06-30,IAM
"Activos por impuestos corrientes, no corrientes",-,CLP,2022-06-30,IAM
Activos por impuestos diferidos,37.351.467,CLP,2022-06-30,IAM
Total de activos no corrientes,2.257.793.104,CLP,2022-06-30,IAM
Total de activos,2.523.667.636,CLP,2022-06-30,IAM
Otros pasivos financieros corrientes,67.316.176,CLP,2022-06-30,IAM
Pasivos por arrendamientos corrientes,890.119,CLP,2022-06-30,IAM
Cuentas por pagar comerciales y otras cuentas por pagar,123.330.055,CLP,2022-06-30,IAM
"Cuentas por pagar a entidades relacionadas, corrientes",3.510.441,CLP,2022-06-30,IAM
Otras provisiones a corto plazo,17.757.321,CLP,2022-06-30,IAM
"Pasivos por impuestos corrientes, corrientes",4.674.360,CLP,2022-06-30,IAM
Provisiones corrientes por beneficios a los empleados,3.423.530,CLP,2022-06-30,IAM
Otros pasivos no financieros corrientes,15.972.032,CLP,2022-06-30,IAM
Total de pasivos corrientes distintos de los pasivos incluidos en grupos de activos para su disposición clasificados como mantenidos para la venta,236.874.034,CLP,2022-06-30,IAM
Pasivos incluidos en grupos de activos para su disposición clasificados como mantenidos para la venta,-,CLP,2022-06-30,IAM
Pasivos corrientes totales,236.874.034,CLP,2022-06-30,IAM
Otros pasivos financieros no corrientes,1.119.961.249,CLP,2022-06-30,IAM
Pasivos por arrendamientos no corrientes,1.425.874,CLP,2022-06-30,IAM
Cuentas por pagar no corrientes,1.064.347,CLP,2022-06-30,IAM
"Cuentas por pagar a entidades relacionadas, no corrientes",-,CLP,2022-06-30,IAM
Otras provisiones a largo plazo,1.629.836,CLP,2022-06-30,IAM
Pasivo por impuestos diferidos,19.671.430,CLP,2022-06-30,IAM
"Pasivos por impuestos corrientes, no corrientes",-,CLP,2022-06-30,IAM
Provisiones no corrientes por beneficios a los empleados,18.467.012,CLP,2022-06-30,IAM
Otros pasivos no financieros no corrientes,8.885.380,CLP,2022-06-30,IAM
Total de pasivos no corrientes,1.171.105.128,CLP,2022-06-30,IAM
Total de pasivos,1.407.979.162,CLP,2022-06-30,IAM
Capital emitido y pagado,468.358.402,CLP,2022-06-30,IAM
Ganancias (pérdidas) acumuladas,180.058.227,CLP,2022-06-30,IAM
Prima de emisión,-,CLP,2022-06-30,IAM
Acciones propias en cartera,-,CLP,2022-06-30,IAM
Otras participaciones en el patrimonio,-37.268.415,CLP,2022-06-30,IAM
Otras reservas,83.737.044,CLP,2022-06-30,IAM
Patrimonio atribuible a los propietarios de la controladora,694.885.258,CLP,2022-06-30,IAM
Participaciones no controladoras,420.803.216,CLP,2022-06-30,IAM
Patrimonio total,1.115.688.474,CLP,2022-06-30,IAM
Total de patrimonio y pasivos,2.523.667.636,CLP,2022-06-30,IAM
Efectivo y equivalentes al efectivo,164.493.580,CLP,2022-09-30,IAM
Otros activos financieros corrientes,6.235.969,CLP,2022-09-30,IAM
Otros activos no financieros corrientes,6.653.371,CLP,2022-09-30,IAM
Deudores comerciales y otras cuentas por cobrar corrientes,104.417.231,CLP,2022-09-30,IAM
"Cuentas por cobrar a entidades relacionadas, corrientes",17.354,CLP,2022-09-30,IAM
Inventarios corrientes,11.932.977,CLP,2022-09-30,IAM
Activos biológicos corrientes,-,CLP,2022-09-30,IAM
"Activos por impuestos corrientes, corrientes",1.995.373,CLP,2022-09-30,IAM
Total de activos corrientes distintos de los activo o grupos de activos para su disposición clasificados como mantenidos para la venta o como mantenidos para distribuir a los propietarios,295.745.855,CLP,2022-09-30,IAM
Activos no corrientes o grupos de activos para su disposición clasificados como mantenidos para la venta o como mantenidos para distribuir a los propietarios,3.414,CLP,2022-09-30,IAM
Activos corrientes totales,295.749.269,CLP,2022-09-30,IAM
Otros activos financieros no corrientes,7.895.863,CLP,2022-09-30,IAM
Otros activos no financieros no corrientes,1.367.981,CLP,2022-09-30,IAM
Cuentas por cobrar no corrientes,3.609.959,CLP,2022-09-30,IAM
"Cuentas por cobrar a entidades relacionadas, no corrientes",-,CLP,2022-09-30,IAM
"Inventarios, no corrientes",-,CLP,2022-09-30,IAM
Inversiones contabilizadas utilizando el método de la participación,-,CLP,2022-09-30,IAM
Activos intangibles distintos de la plusvalía,232.167.325,CLP,2022-09-30,IAM
Plusvalía,305.171.468,CLP,2022-09-30,IAM
"Propiedades, planta y equipo",1.686.247.350,CLP,2022-09-30,IAM
Activos biológicos no corrientes,-,CLP,2022-09-30,IAM
Propiedad de inversión,-,CLP,2022-09-30,IAM
Activos por derecho de uso,3.876.253,CLP,2022-09-30,IAM
"Activos por impuestos corrientes, no corrientes",-,CLP,2022-09-30,IAM
Activos por impuestos diferidos,50.111.546,CLP,2022-09-30,IAM
Total de activos no corrientes,2.290.447.745,CLP,2022-09-30,IAM
Total de activos,2.586.197.014,CLP,2022-09-30,IAM
Otros pasivos financieros corrientes,80.711.737,CLP,2022-09-30,IAM
Pasivos por arrendamientos corrientes,1.374.466,CLP,2022-09-30,IAM
Cuentas por pagar comerciales y otras cuentas por pagar,123.966.443,CLP,2022-09-30,IAM
"Cuentas por pagar a entidades relacionadas, corrientes",4.647.265,CLP,2022-09-30,IAM
Otras provisiones a corto plazo,18.299.017,CLP,2022-09-30,IAM
"Pasivos por impuestos corrientes, corrientes",5.314.087,CLP,2022-09-30,IAM
Provisiones corrientes por beneficios a los empleados,4.296.232,CLP,2022-09-30,IAM
Otros pasivos no financieros corrientes,14.453.994,CLP,2022-09-30,IAM
Total de pasivos corrientes distintos de los pasivos incluidos en grupos de activos para su disposición clasificados como mantenidos para la venta,253.063.241,CLP,2022-09-30,IAM
Pasivos incluidos en grupos de activos para su disposición clasificados como mantenidos para la venta,-,CLP,2022-09-30,IAM
Pasivos corrientes totales,253.063.241,CLP,2022-09-30,IAM
Otros pasivos financieros no corrientes,1.156.847.481,CLP,2022-09-30,IAM
Pasivos por arrendamientos no corrientes,2.562.065,CLP,2022-09-30,IAM
Cuentas por pagar no corrientes,1.090.478,CLP,2022-09-30,IAM
"Cuentas por pagar a entidades relacionadas, no corrientes",-,CLP,2022-09-30,IAM
Otras provisiones a largo plazo,1.691.069,CLP,2022-09-30,IAM
Pasivo por impuestos diferidos,17.382.111,CLP,2022-09-30,IAM
"Pasivos por impuestos corrientes, no corrientes",-,CLP,2022-09-30,IAM
Provisiones no corrientes por beneficios a los empleados,18.759.379,CLP,2022-09-30,IAM
Otros pasivos no financieros no corrientes,8.884.769,CLP,2022-09-30,IAM
Total de pasivos no corrientes,1.207.217.352,CLP,2022-09-30,IAM
Total de pasivos,1.460.280.593,CLP,2022-09-30,IAM
Capital emitido y pagado,468.358.402,CLP,2022-09-30,IAM
Ganancias (pérdidas) acumuladas,184.931.229,CLP,2022-09-30,IAM
Prima de emisión,-,CLP,2022-09-30,IAM
Acciones propias en cartera,-,CLP,2022-09-30,IAM
Otras participaciones en el patrimonio,-37.268.415,CLP,2022-09-30,IAM
Otras reservas,83.737.044,CLP,2022-09-30,IAM
Patrimonio atribuible a los propietarios de la controladora,699.758.260,CLP,2022-09-30,IAM
Participaciones no controladoras,426.158.161,CLP,2022-09-30,IAM
Patrimonio total,1.125.916.421,CLP,2022-09-30,IAM
Total de patrimonio y pasivos,2.586.197.014,CLP,2022-09-30,IAM
Efectivo y equivalentes al efectivo,180.545.868,CLP,2022-12-31,IAM
Otros activos financieros corrientes,-,CLP,2022-12-31,IAM
Otros activos no financieros corrientes,4.986.319,CLP,2022-12-31,IAM
Deudores comerciales y otras cuentas por cobrar corrientes,122.775.410,CLP,2022-12-31,IAM
"Cuentas por cobrar a entidades relacionadas, corrientes",23.032,CLP,2022-12-31,IAM
Inventarios corrientes,12.790.532,CLP,2022-12-31,IAM
Activos biológicos corrientes,-,CLP,2022-12-31,IAM
"Activos por impuestos corrientes, corrientes",2.124.811,CLP,2022-12-31,IAM
Total de activos corrientes distintos de los activo o grupos de activos para su disposición clasificados como mantenidos para la venta o como mantenidos para distribuir a los propietarios,323.245.972,CLP,2022-12-31,IAM
Activos no corrientes o grupos de activos para su disposición clasificados como mantenidos para la venta o como mantenidos para distribuir a los propietarios,2.812.292,CLP,2022-12-31,IAM
Activos corrientes totales,326.058.264,CLP,2022-12-31,IAM
Otros activos financieros no corrientes,7.895.863,CLP,2022-12-31,IAM
Otros activos no financieros no corrientes,1.212.641,CLP,2022-12-31,IAM
Cuentas por cobrar no corrientes,2.816.288,CLP,2022-12-31,IAM
"Cuentas por cobrar a entidades relacionadas, no corrientes",-,CLP,2022-12-31,IAM
"Inventarios, no corrientes",-,CLP,2022-12-31,IAM
Inversiones contabilizadas utilizando el método de la participación,-,CLP,2022-12-31,IAM
Activos intangibles distintos de la plusvalía,233.018.981,CLP,2022-12-31,IAM
Plusvalía,305.171.468,CLP,2022-12-31,IAM
"Propiedades, planta y equipo",1.713.897.351,CLP,2022-12-31,IAM
Activos biológicos no corrientes,-,CLP,2022-12-31,IAM
Propiedad de inversión,-,CLP,2022-12-31,IAM
Activos por derecho de uso,3.998.976,CLP,2022-12-31,IAM
"Activos por impuestos corrientes, no corrientes",-,CLP,2022-12-31,IAM
Activos por impuestos diferidos,57.860.363,CLP,2022-12-31,IAM
Total de activos no corrientes,2.325.871.931,CLP,2022-12-31,IAM
Total de activos,2.651.930.195,CLP,2022-12-31,IAM
Otros pasivos financieros corrientes,74.347.139,CLP,2022-12-31,IAM
Pasivos por arrendamientos corrientes,1.402.307,CLP,2022-12-31,IAM
Cuentas por pagar comerciales y otras cuentas por pagar,138.730.009,CLP,2022-12-31,IAM
"Cuentas por pagar a entidades relacionadas, corrientes",5.010.030,CLP,2022-12-31,IAM
Otras provisiones a corto plazo,17.987.684,CLP,2022-12-31,IAM
"Pasivos por impuestos corrientes, corrientes",4.802.933,CLP,2022-12-31,IAM
Provisiones corrientes por beneficios a los empleados,5.694.492,CLP,2022-12-31,IAM
Otros pasivos no financieros corrientes,18.651.560,CLP,2022-12-31,IAM
Total de pasivos corrientes distintos de los pasivos incluidos en grupos de activos para su disposición clasificados como mantenidos para la venta,266.626.154,CLP,2022-12-31,IAM
Pasivos incluidos en grupos de activos para su disposición clasificados como mantenidos para la venta,-,CLP,2022-12-31,IAM
Pasivos corrientes totales,266.626.154,CLP,2022-12-31,IAM
Otros pasivos financieros no corrientes,1.222.905.987,CLP,2022-12-31,IAM
Pasivos por arrendamientos no corrientes,2.667.950,CLP,2022-12-31,IAM
Cuentas por pagar no corrientes,1.188.753,CLP,2022-12-31,IAM
"Cuentas por pagar a entidades relacionadas, no corrientes",-,CLP,2022-12-31,IAM
Otras provisiones a largo plazo,1.735.645,CLP,2022-12-31,IAM
Pasivo por impuestos diferidos,16.239.000,CLP,2022-12-31,IAM
"Pasivos por impuestos corrientes, no corrientes",-,CLP,2022-12-31,IAM
Provisiones no corrientes por beneficios a los empleados,22.128.779,CLP,2022-12-31,IAM
Otros pasivos no financieros no corrientes,8.041.634,CLP,2022-12-31,IAM
Total de pasivos no corrientes,1.274.907.748,CLP,2022-12-31,IAM
Total de pasivos,1.541.533.902,CLP,2022-12-31,IAM
Capital emitido y pagado,468.358.402,CLP,2022-12-31,IAM
Ganancias (pérdidas) acumuladas,177.093.651,CLP,2022-12-31,IAM
Prima de emisión,-,CLP,2022-12-31,IAM
Acciones propias en cartera,-,CLP,2022-12-31,IAM
Otras participaciones en el patrimonio,-37.268.415,CLP,2022-12-31,IAM
Otras reservas,83.610.810,CLP,2022-12-31,IAM
Patrimonio atribuible a los propietarios de la controladora,691.794.448,CLP,2022-12-31,IAM
Participaciones no controladoras,418.601.845,CLP,2022-12-31,IAM
Patrimonio total,1.110.396.293,CLP,2022-12-31,IAM
Total de patrimonio y pasivos,2.651.930.195,CLP,2022-12-31,IAM
Efectivo y equivalentes al efectivo,193.650.232,CLP,2023-03-31,IAM
Otros activos financieros corrientes,6.467.402,CLP,2023-03-31,IAM
Otros activos no financieros corrientes,4.074.335,CLP,2023-03-31,IAM
Deudores comerciales y otras cuentas por cobrar corrientes,131.664.440,CLP,2023-03-31,IAM
"Cuentas por cobrar a entidades relacionadas, corrientes",18.933,CLP,2023-03-31,IAM
Inventarios corrientes,12.743.633,CLP,2023-03-31,IAM
Activos biológicos corrientes,-,CLP,2023-03-31,IAM
"Activos por impuestos corrientes, corrientes",2.427.686,CLP,2023-03-31,IAM
Total de activos corrientes distintos de los activo o grupos de activos para su disposición clasificados como mantenidos para la venta o como mantenidos para distribuir a los propietarios,351.046.661,CLP,2023-03-31,IAM
Activos no corrientes o grupos de activos para su disposición clasificados como mantenidos para la venta o como mantenidos para distribuir a los propietarios,3.414,CLP,2023-03-31,IAM
Activos corrientes totales,351.050.075,CLP,2023-03-31,IAM
Otros activos financieros no corrientes,7.895.863,CLP,2023-03-31,IAM
Otros activos no financieros no corrientes,1.063.859,CLP,2023-03-31,IAM
Cuentas por cobrar no corrientes,2.852.009,CLP,2023-03-31,IAM
"Cuentas por cobrar a entidades relacionadas, no corrientes",-,CLP,2023-03-31,IAM
"Inventarios, no corrientes",-,CLP,2023-03-31,IAM
Inversiones contabilizadas utilizando el método de la participación,-,CLP,2023-03-31,IAM
Activos intangibles distintos de la plusvalía,233.172.569,CLP,2023-03-31,IAM
Plusvalía,305.171.468,CLP,2023-03-31,IAM
"Propiedades, planta y equipo",1.723.561.374,CLP,2023-03-31,IAM
Activos biológicos no corrientes,-,CLP,2023-03-31,IAM
Propiedad de inversión,-,CLP,2023-03-31,IAM
Activos por derecho de uso,3.638.687,CLP,2023-03-31,IAM
"Activos por impuestos corrientes, no corrientes",-,CLP,2023-03-31,IAM
Activos por impuestos diferidos,61.700.761,CLP,2023-03-31,IAM
Total de activos no corrientes,2.339.056.590,CLP,2023-03-31,IAM
Total de activos,2.690.106.665,CLP,2023-03-31,IAM
Otros pasivos financieros corrientes,74.090.885,CLP,2023-03-31,IAM
Pasivos por arrendamientos corrientes,1.314.915,CLP,2023-03-31,IAM
Cuentas por pagar comerciales y otras cuentas por pagar,128.562.759,CLP,2023-03-31,IAM
"Cuentas por pagar a entidades relacionadas, corrientes",4.364.430,CLP,2023-03-31,IAM
Otras provisiones a corto plazo,17.423.550,CLP,2023-03-31,IAM
"Pasivos por impuestos corrientes, corrientes",11.084.998,CLP,2023-03-31,IAM
Provisiones corrientes por beneficios a los empleados,1.214.161,CLP,2023-03-31,IAM
Otros pasivos no financieros corrientes,18.766.362,CLP,2023-03-31,IAM
Total de pasivos corrientes distintos de los pasivos incluidos en grupos de activos para su disposición clasificados como mantenidos para la venta,256.822.060,CLP,2023-03-31,IAM
Pasivos incluidos en grupos de activos para su disposición clasificados como mantenidos para la venta,-,CLP,2023-03-31,IAM
Pasivos corrientes totales,256.822.060,CLP,2023-03-31,IAM
Otros pasivos financieros no corrientes,1.219.520.564,CLP,2023-03-31,IAM
Pasivos por arrendamientos no corrientes,2.406.035,CLP,2023-03-31,IAM
Cuentas por pagar no corrientes,1.189.053,CLP,2023-03-31,IAM
"Cuentas por pagar a entidades relacionadas, no corrientes",-,CLP,2023-03-31,IAM
Otras provisiones a largo plazo,1.756.486,CLP,2023-03-31,IAM
Pasivo por impuestos diferidos,16.147.025,CLP,2023-03-31,IAM
"Pasivos por impuestos corrientes, no corrientes",-,CLP,2023-03-31,IAM
Provisiones no corrientes por beneficios a los empleados,22.902.295,CLP,2023-03-31,IAM
Otros pasivos no financieros no corrientes,7.823.907,CLP,2023-03-31,IAM
Total de pasivos no corrientes,1.271.745.365,CLP,2023-03-31,IAM
Total de pasivos,1.528.567.425,CLP,2023-03-31,IAM
Capital emitido y pagado,468.358.402,CLP,2023-03-31,IAM
Ganancias (pérdidas) acumuladas,204.685.300,CLP,2023-03-31,IAM
Prima de emisión,-,CLP,2023-03-31,IAM
Acciones propias en cartera,-,CLP,2023-03-31,IAM
Otras participaciones en el patrimonio,-37.268.415,CLP,2023-03-31,IAM
Otras reservas,81.439.777,CLP,2023-03-31,IAM
Patrimonio atribuible a los propietarios de la controladora,717.215.064,CLP,2023-03-31,IAM
Participaciones no controladoras,444.324.176,CLP,2023-03-31,IAM
Patrimonio total,1.161.539.240,CLP,2023-03-31,IAM
Total de patrimonio y pasivos,2.690.106.665,CLP,2023-03-31,IAM
Efectivo y equivalentes al efectivo,167.186.100,CLP,2023-06-30,IAM
Otros activos financieros corrientes,-,CLP,2023-06-30,IAM
Otros activos no financieros corrientes,2.536.843,CLP,2023-06-30,IAM
Deudores comerciales y otras cuentas por cobrar corrientes,111.544.618,CLP,2023-06-30,IAM
"Cuentas por cobrar a entidades relacionadas, corrientes",86.214,CLP,2023-06-30,IAM
Inventarios corrientes,13.058.689,CLP,2023-06-30,IAM
Activos biológicos corrientes,-,CLP,2023-06-30,IAM
"Activos por impuestos corrientes, corrientes",6.257.292,CLP,2023-06-30,IAM
Total de activos corrientes distintos de los activo o grupos de activos para su disposición clasificados como mantenidos para la venta o como mantenidos para distribuir a los propietarios,300.669.756,CLP,2023-06-30,IAM
Activos no corrientes o grupos de activos para su disposición clasificados como mantenidos para la venta o como mantenidos para distribuir a los propietarios,3.414,CLP,2023-06-30,IAM
Activos corrientes totales,300.673.170,CLP,2023-06-30,IAM
Otros activos financieros no corrientes,7.895.863,CLP,2023-06-30,IAM
Otros activos no financieros no corrientes,928.728,CLP,2023-06-30,IAM
Cuentas por cobrar no corrientes,3.944.991,CLP,2023-06-30,IAM
"Cuentas por cobrar a entidades relacionadas, no corrientes",-,CLP,2023-06-30,IAM
"Inventarios, no corrientes",-,CLP,2023-06-30,IAM
Inversiones contabilizadas utilizando el método de la participación,-,CLP,2023-06-30,IAM
Activos intangibles distintos de la plusvalía,232.683.387,CLP,2023-06-30,IAM
Plusvalía,305.171.468,CLP,2023-06-30,IAM
"Propiedades, planta y equipo",1.739.280.659,CLP,2023-06-30,IAM
Activos biológicos no corrientes,-,CLP,2023-06-30,IAM
Propiedad de inversión,-,CLP,2023-06-30,IAM
Activos por derecho de uso,4.467.326,CLP,2023-06-30,IAM
"Activos por impuestos corrientes, no corrientes",-,CLP,2023-06-30,IAM
Activos por impuestos diferidos,60.389.218,CLP,2023-06-30,IAM
Total de activos no corrientes,2.354.761.640,CLP,2023-06-30,IAM
Total de activos,2.655.434.810,CLP,2023-06-30,IAM
Otros pasivos financieros corrientes,120.516.426,CLP,2023-06-30,IAM
Pasivos por arrendamientos corrientes,1.612.169,CLP,2023-06-30,IAM
Cuentas por pagar comerciales y otras cuentas por pagar,137.214.238,CLP,2023-06-30,IAM
"Cuentas por pagar a entidades relacionadas, corrientes",5.441.728,CLP,2023-06-30,IAM
Otras provisiones a corto plazo,5.792.750,CLP,2023-06-30,IAM
"Pasivos por impuestos corrientes, corrientes",96.540,CLP,2023-06-30,IAM
Provisiones corrientes por beneficios a los empleados,3.453.801,CLP,2023-06-30,IAM
Otros pasivos no financieros corrientes,17.176.573,CLP,2023-06-30,IAM
Total de pasivos corrientes distintos de los pasivos incluidos en grupos de activos para su disposición clasificados como mantenidos para la venta,291.304.225,CLP,2023-06-30,IAM
Pasivos incluidos en grupos de activos para su disposición clasificados como mantenidos para la venta,-,CLP,2023-06-30,IAM
Pasivos corrientes totales,291.304.225,CLP,2023-06-30,IAM
Otros pasivos financieros no corrientes,1.173.262.137,CLP,2023-06-30,IAM
Pasivos por arrendamientos no corrientes,3.004.091,CLP,2023-06-30,IAM
Cuentas por pagar no corrientes,1.190.841,CLP,2023-06-30,IAM
"Cuentas por pagar a entidades relacionadas, no corrientes",-,CLP,2023-06-30,IAM
Otras provisiones a largo plazo,2.651.311,CLP,2023-06-30,IAM
Pasivo por impuestos diferidos,15.384.133,CLP,2023-06-30,IAM
"Pasivos por impuestos corrientes, no corrientes",-,CLP,2023-06-30,IAM
Provisiones no corrientes por beneficios a los empleados,21.924.753,CLP,2023-06-30,IAM
Otros pasivos no financieros no corrientes,7.616.441,CLP,2023-06-30,IAM
Total de pasivos no corrientes,1.225.033.707,CLP,2023-06-30,IAM
Total de pasivos,1.516.337.932,CLP,2023-06-30,IAM
Capital emitido y pagado,468.358.402,CLP,2023-06-30,IAM
Ganancias (pérdidas) acumuladas,195.274.013,CLP,2023-06-30,IAM
Prima de emisión,-,CLP,2023-06-30,IAM
Acciones propias en cartera,-,CLP,2023-06-30,IAM
Otras participaciones en el patrimonio,-37.268.415,CLP,2023-06-30,IAM
Otras reservas,80.399.430,CLP,2023-06-30,IAM
Patrimonio atribuible a los propietarios de la controladora,706.763.430,CLP,2023-06-30,IAM
Participaciones no controladoras,432.333.448,CLP,2023-06-30,IAM
Patrimonio total,1.139.096.878,CLP,2023-06-30,IAM
Total de patrimonio y pasivos,2.655.434.810,CLP,2023-06-30,IAM
Efectivo y equivalentes al efectivo,147.766.964,CLP,2023-09-30,IAM
Otros activos financieros corrientes,6.581.562,CLP,2023-09-30,IAM
Otros activos no financieros corrientes,7.730.066,CLP,2023-09-30,IAM
Deudores comerciales y otras cuentas por cobrar corrientes,106.637.243,CLP,2023-09-30,IAM
"Cuentas por cobrar a entidades relacionadas, corrientes",11.006,CLP,2023-09-30,IAM
Inventarios corrientes,13.135.877,CLP,2023-09-30,IAM
Activos biológicos corrientes,-,CLP,2023-09-30,IAM
"Activos por impuestos corrientes, corrientes",11.605.463,CLP,2023-09-30,IAM
Total de activos corrientes distintos de los activo o grupos de activos para su disposición clasificados como mantenidos para la venta o como mantenidos para distribuir a los propietarios,293.468.181,CLP,2023-09-30,IAM
Activos no corrientes o grupos de activos para su disposición clasificados como mantenidos para la venta o como mantenidos para distribuir a los propietarios,3.414,CLP,2023-09-30,IAM
Activos corrientes totales,293.471.595,CLP,2023-09-30,IAM
Otros activos financieros no corrientes,7.895.863,CLP,2023-09-30,IAM
Otros activos no financieros no corrientes,1.180.124,CLP,2023-09-30,IAM
Cuentas por cobrar no corrientes,4.545.560,CLP,2023-09-30,IAM
"Cuentas por cobrar a entidades relacionadas, no corrientes",-,CLP,2023-09-30,IAM
"Inventarios, no corrientes",-,CLP,2023-09-30,IAM
Inversiones contabilizadas utilizando el método de la participación,-,CLP,2023-09-30,IAM
Activos intangibles distintos de la plusvalía,232.282.748,CLP,2023-09-30,IAM
Plusvalía,305.171.468,CLP,2023-09-30,IAM
"Propiedades, planta y equipo",1.762.152.414,CLP,2023-09-30,IAM
Activos biológicos no corrientes,-,CLP,2023-09-30,IAM
Propiedad de inversión,-,CLP,2023-09-30,IAM
Activos por derecho de uso,4.724.326,CLP,2023-09-30,IAM
"Activos por impuestos corrientes, no corrientes",-,CLP,2023-09-30,IAM
Activos por impuestos diferidos,59.118.846,CLP,2023-09-30,IAM
Total de activos no corrientes,2.377.071.349,CLP,2023-09-30,IAM
Total de activos,2.670.542.944,CLP,2023-09-30,IAM
Otros pasivos financieros corrientes,160.304.321,CLP,2023-09-30,IAM
Pasivos por arrendamientos corrientes,1.761.001,CLP,2023-09-30,IAM
Cuentas por pagar comerciales y otras cuentas por pagar,150.176.824,CLP,2023-09-30,IAM
"Cuentas por pagar a entidades relacionadas, corrientes",4.458.374,CLP,2023-09-30,IAM
Otras provisiones a corto plazo,5.792.750,CLP,2023-09-30,IAM
"Pasivos por impuestos corrientes, corrientes",117.798,CLP,2023-09-30,IAM
Provisiones corrientes por beneficios a los empleados,4.388.718,CLP,2023-09-30,IAM
Otros pasivos no financieros corrientes,14.422.836,CLP,2023-09-30,IAM
Total de pasivos corrientes distintos de los pasivos incluidos en grupos de activos para su disposición clasificados como mantenidos para la venta,341.422.622,CLP,2023-09-30,IAM
Pasivos incluidos en grupos de activos para su disposición clasificados como mantenidos para la venta,-,CLP,2023-09-30,IAM
Pasivos corrientes totales,341.422.622,CLP,2023-09-30,IAM
Otros pasivos financieros no corrientes,1.113.280.882,CLP,2023-09-30,IAM
Pasivos por arrendamientos no corrientes,3.143.468,CLP,2023-09-30,IAM
Cuentas por pagar no corrientes,1.178.257,CLP,2023-09-30,IAM
"Cuentas por pagar a entidades relacionadas, no corrientes",-,CLP,2023-09-30,IAM
Otras provisiones a largo plazo,1.792.442,CLP,2023-09-30,IAM
Pasivo por impuestos diferidos,15.908.339,CLP,2023-09-30,IAM
"Pasivos por impuestos corrientes, no corrientes",-,CLP,2023-09-30,IAM
Provisiones no corrientes por beneficios a los empleados,22.322.771,CLP,2023-09-30,IAM
Otros pasivos no financieros no corrientes,7.369.084,CLP,2023-09-30,IAM
Total de pasivos no corrientes,1.164.995.243,CLP,2023-09-30,IAM
Total de pasivos,1.506.417.865,CLP,2023-09-30,IAM
Capital emitido y pagado,468.358.402,CLP,2023-09-30,IAM
Ganancias (pérdidas) acumuladas,205.743.000,CLP,2023-09-30,IAM
Prima de emisión,-,CLP,2023-09-30,IAM
Acciones propias en cartera,-,CLP,2023-09-30,IAM
Otras participaciones en el patrimonio,-37.268.415,CLP,2023-09-30,IAM
Otras reservas,82.179.029,CLP,2023-09-30,IAM
Patrimonio atribuible a los propietarios de la controladora,719.012.016,CLP,2023-09-30,IAM
Participaciones no controladoras,445.113.063,CLP,2023-09-30,IAM
Patrimonio total,1.164.125.079,CLP,2023-09-30,IAM
Total de patrimonio y pasivos,2.670.542.944,CLP,2023-09-30,IAM
Efectivo y equivalentes al efectivo,110.795.410,CLP,2023-12-31,IAM
Otros activos financieros corrientes,-,CLP,2023-12-31,IAM
Otros activos no financieros corrientes,7.180.555,CLP,2023-12-31,IAM
Deudores comerciales y otras cuentas por cobrar corrientes,132.009.297,CLP,2023-12-31,IAM
"Cuentas por cobrar a entidades relacionadas, corrientes",14.381,CLP,2023-12-31,IAM
Inventarios corrientes,12.812.483,CLP,2023-12-31,IAM
Activos biológicos corrientes,-,CLP,2023-12-31,IAM
"Activos por impuestos corrientes, corrientes",13.965.510,CLP,2023-12-31,IAM
Total de activos corrientes distintos de los activo o grupos de activos para su disposición clasificados como mantenidos para la venta o como mantenidos para distribuir a los propietarios,276.777.636,CLP,2023-12-31,IAM
Activos no corrientes o grupos de activos para su disposición clasificados como mantenidos para la venta o como mantenidos para distribuir a los propietarios,3.414,CLP,2023-12-31,IAM
Activos corrientes totales,276.781.050,CLP,2023-12-31,IAM
Otros activos financieros no corrientes,7.895.863,CLP,2023-12-31,IAM
Otros activos no financieros no corrientes,1.481.897,CLP,2023-12-31,IAM
Cuentas por cobrar no corrientes,3.778.724,CLP,2023-12-31,IAM
"Cuentas por cobrar a entidades relacionadas, no corrientes",-,CLP,2023-12-31,IAM
"Inventarios, no corrientes",-,CLP,2023-12-31,IAM
Inversiones contabilizadas utilizando el método de la participación,-,CLP,2023-12-31,IAM
Activos intangibles distintos de la plusvalía,231.747.713,CLP,2023-12-31,IAM
Plusvalía,305.171.468,CLP,2023-12-31,IAM
"Propiedades, planta y equipo",1.805.370.932,CLP,2023-12-31,IAM
Activos biológicos no corrientes,-,CLP,2023-12-31,IAM
Propiedad de inversión,-,CLP,2023-12-31,IAM
Activos por derecho de uso,4.310.355,CLP,2023-12-31,IAM
"Activos por impuestos corrientes, no corrientes",-,CLP,2023-12-31,IAM
Activos por impuestos diferidos,59.938.069,CLP,2023-12-31,IAM
Total de activos no corrientes,2.419.695.021,CLP,2023-12-31,IAM
Total de activos,2.696.476.071,CLP,2023-12-31,IAM
Otros pasivos financieros corrientes,155.416.801,CLP,2023-12-31,IAM
Pasivos por arrendamientos corrientes,1.756.478,CLP,2023-12-31,IAM
Cuentas por pagar comerciales y otras cuentas por pagar,177.869.738,CLP,2023-12-31,IAM
"Cuentas por pagar a entidades relacionadas, corrientes",1.583.500,CLP,2023-12-31,IAM
Otras provisiones a corto plazo,735.780,CLP,2023-12-31,IAM
"Pasivos por impuestos corrientes, corrientes",245.000,CLP,2023-12-31,IAM
Provisiones corrientes por beneficios a los empleados,5.985.824,CLP,2023-12-31,IAM
Otros pasivos no financieros corrientes,19.041.225,CLP,2023-12-31,IAM
Total de pasivos corrientes distintos de los pasivos incluidos en grupos de activos para su disposición clasificados como mantenidos para la venta,362.634.346,CLP,2023-12-31,IAM
Pasivos incluidos en grupos de activos para su disposición clasificados como mantenidos para la venta,-,CLP,2023-12-31,IAM
Pasivos corrientes totales,362.634.346,CLP,2023-12-31,IAM
Otros pasivos financieros no corrientes,1.125.060.897,CLP,2023-12-31,IAM
Pasivos por arrendamientos no corrientes,2.762.179,CLP,2023-12-31,IAM
Cuentas por pagar no corrientes,1.181.871,CLP,2023-12-31,IAM
"Cuentas por pagar a entidades relacionadas, no corrientes",-,CLP,2023-12-31,IAM
Otras provisiones a largo plazo,1.823.379,CLP,2023-12-31,IAM
Pasivo por impuestos diferidos,15.207.944,CLP,2023-12-31,IAM
"Pasivos por impuestos corrientes, no corrientes",-,CLP,2023-12-31,IAM
Provisiones no corrientes por beneficios a los empleados,22.322.555,CLP,2023-12-31,IAM
Otros pasivos no financieros no corrientes,7.454.642,CLP,2023-12-31,IAM
Total de pasivos no corrientes,1.175.813.467,CLP,2023-12-31,IAM
Total de pasivos,1.538.447.813,CLP,2023-12-31,IAM
Capital emitido y pagado,468.358.402,CLP,2023-12-31,IAM
Ganancias (pérdidas) acumuladas,203.895.644,CLP,2023-12-31,IAM
Prima de emisión,-,CLP,2023-12-31,IAM
Acciones propias en cartera,-,CLP,2023-12-31,IAM
Otras participaciones en el patrimonio,-37.268.415,CLP,2023-12-31,IAM
Otras reservas,80.864.058,CLP,2023-12-31,IAM
Patrimonio atribuible a los propietarios de la controladora,715.849.689,CLP,2023-12-31,IAM
Participaciones no controladoras,442.178.569,CLP,2023-12-31,IAM
Patrimonio total,1.158.028.258,CLP,2023-12-31,IAM
Total de patrimonio y pasivos,2.696.476.071,CLP,2023-12-31,IAM
Efectivo y equivalentes al efectivo,94.387.431,CLP,2024-03-31,IAM
Otros activos financieros corrientes,6.745.327,CLP,2024-03-31,IAM
Otros activos no financieros corrientes,6.284.256,CLP,2024-03-31,IAM
Deudores comerciales y otras cuentas por cobrar corrientes,141.237.578,CLP,2024-03-31,IAM
"Cuentas por cobrar a entidades relacionadas, corrientes",45.529,CLP,2024-03-31,IAM
Inventarios corrientes,12.744.522,CLP,2024-03-31,IAM
Activos biológicos corrientes,-,CLP,2024-03-31,IAM
"Activos por impuestos corrientes, corrientes",10.629.059,CLP,2024-03-31,IAM
Total de activos corrientes distintos de los activo o grupos de activos para su disposición clasificados como mantenidos para la venta o como mantenidos para distribuir a los propietarios,272.073.702,CLP,2024-03-31,IAM
Activos no corrientes o grupos de activos para su disposición clasificados como mantenidos para la venta o como mantenidos para distribuir a los propietarios,-,CLP,2024-03-31,IAM
Activos corrientes totales,272.073.702,CLP,2024-03-31,IAM
Otros activos financieros no corrientes,7.895.863,CLP,2024-03-31,IAM
Otros activos no financieros no corrientes,1.880.605,CLP,2024-03-31,IAM
Cuentas por cobrar no corrientes,3.798.350,CLP,2024-03-31,IAM
"Cuentas por cobrar a entidades relacionadas, no corrientes",-,CLP,2024-03-31,IAM
"Inventarios, no corrientes",-,CLP,2024-03-31,IAM
Inversiones contabilizadas utilizando el método de la participación,-,CLP,2024-03-31,IAM
Activos intangibles distintos de la plusvalía,231.000.327,CLP,2024-03-31,IAM
Plusvalía,305.171.468,CLP,2024-03-31,IAM
"Propiedades, planta y equipo",1.813.521.728,CLP,2024-03-31,IAM
Activos biológicos no corrientes,-,CLP,2024-03-31,IAM
Propiedad de inversión,-,CLP,2024-03-31,IAM
Activos por derecho de uso,3.801.709,CLP,2024-03-31,IAM
"Activos por impuestos corrientes, no corrientes",-,CLP,2024-03-31,IAM
Activos por impuestos diferidos,61.058.247,CLP,2024-03-31,IAM
Total de activos no corrientes,2.428.128.297,CLP,2024-03-31,IAM
Total de activos,2.700.201.999,CLP,2024-03-31,IAM
Otros pasivos financieros corrientes,156.721.040,CLP,2024-03-31,IAM
Pasivos por arrendamientos corrientes,1.675.682,CLP,2024-03-31,IAM
Cuentas por pagar comerciales y otras cuentas por pagar,130.357.466,CLP,2024-03-31,IAM
"Cuentas por pagar a entidades relacionadas, corrientes",1.108.498,CLP,2024-03-31,IAM
Otras provisiones a corto plazo,735.780,CLP,2024-03-31,IAM
"Pasivos por impuestos corrientes, corrientes",99.091,CLP,2024-03-31,IAM
Provisiones corrientes por beneficios a los empleados,2.810.358,CLP,2024-03-31,IAM
Otros pasivos no financieros corrientes,20.561.373,CLP,2024-03-31,IAM
Total de pasivos corrientes distintos de los pasivos incluidos en grupos de activos para su disposición clasificados como mantenidos para la venta,314.069.288,CLP,2024-03-31,IAM
Pasivos incluidos en grupos de activos para su disposición clasificados como mantenidos para la venta,-,CLP,2024-03-31,IAM
Pasivos corrientes totales,314.069.288,CLP,2024-03-31,IAM
Otros pasivos financieros no corrientes,1.121.628.277,CLP,2024-03-31,IAM
Pasivos por arrendamientos no corrientes,2.344.249,CLP,2024-03-31,IAM
Cuentas por pagar no corrientes,1.176.496,CLP,2024-03-31,IAM
"Cuentas por pagar a entidades relacionadas, no corrientes",-,CLP,2024-03-31,IAM
Otras provisiones a largo plazo,1.839.279,CLP,2024-03-31,IAM
Pasivo por impuestos diferidos,15.403.075,CLP,2024-03-31,IAM
"Pasivos por impuestos corrientes, no corrientes",-,CLP,2024-03-31,IAM
Provisiones no corrientes por beneficios a los empleados,22.264.742,CLP,2024-03-31,IAM
Otros pasivos no financieros no corrientes,7.721.250,CLP,2024-03-31,IAM
Total de pasivos no corrientes,1.172.377.368,CLP,2024-03-31,IAM
Total de pasivos,1.486.446.656,CLP,2024-03-31,IAM
Capital emitido y pagado,468.358.402,CLP,2024-03-31,IAM
Ganancias (pérdidas) acumuladas,231.007.840,CLP,2024-03-31,IAM
Prima de emisión,-,CLP,2024-03-31,IAM
Acciones propias en cartera,-,CLP,2024-03-31,IAM
Otras participaciones en el patrimonio,-37.268.415,CLP,2024-03-31,IAM
Otras reservas,81.473.113,CLP,2024-03-31,IAM
Patrimonio atribuible a los propietarios de la controladora,743.570.940,CLP,2024-03-31,IAM
Participaciones no controladoras,470.184.403,CLP,2024-03-31,IAM
Patrimonio total,1.213.755.343,CLP,2024-03-31,IAM
Total de patrimonio y pasivos,2.700.201.999,CLP,2024-03-31,IAM
Efectivo y equivalentes al efectivo,109.769.506,CLP,2024-06-30,IAM
Otros activos financieros corrientes,-,CLP,2024-06-30,IAM
Otros activos no financieros corrientes,5.530.019,CLP,2024-06-30,IAM
Deudores comerciales y otras cuentas por cobrar corrientes,115.948.334,CLP,2024-06-30,IAM
"Cuentas por cobrar a entidades relacionadas, corrientes",36.212,CLP,2024-06-30,IAM
Inventarios corrientes,12.846.974,CLP,2024-06-30,IAM
Activos biológicos corrientes,-,CLP,2024-06-30,IAM
"Activos por impuestos corrientes, corrientes",9.245.580,CLP,2024-06-30,IAM
Total de activos corrientes distintos de los activo o grupos de activos para su disposición clasificados como mantenidos para la venta o como mantenidos para distribuir a los propietarios,253.376.625,CLP,2024-06-30,IAM
Activos no corrientes o grupos de activos para su disposición clasificados como mantenidos para la venta o como mantenidos para distribuir a los propietarios,-,CLP,2024-06-30,IAM
Activos corrientes totales,253.376.625,CLP,2024-06-30,IAM
Otros activos financieros no corrientes,11.122.826,CLP,2024-06-30,IAM
Otros activos no financieros no corrientes,2.583.046,CLP,2024-06-30,IAM
Cuentas por cobrar no corrientes,5.293.187,CLP,2024-06-30,IAM
"Cuentas por cobrar a entidades relacionadas, no corrientes",-,CLP,2024-06-30,IAM
"Inventarios, no corrientes",-,CLP,2024-06-30,IAM
Inversiones contabilizadas utilizando el método de la participación,-,CLP,2024-06-30,IAM
Activos intangibles distintos de la plusvalía,230.335.074,CLP,2024-06-30,IAM
Plusvalía,305.171.468,CLP,2024-06-30,IAM
"Propiedades, planta y equipo",1.831.047.523,CLP,2024-06-30,IAM
Activos biológicos no corrientes,-,CLP,2024-06-30,IAM
Propiedad de inversión,-,CLP,2024-06-30,IAM
Activos por derecho de uso,4.274.555,CLP,2024-06-30,IAM
"Activos por impuestos corrientes, no corrientes",-,CLP,2024-06-30,IAM
Activos por impuestos diferidos,63.340.672,CLP,2024-06-30,IAM
Total de activos no corrientes,2.453.168.351,CLP,2024-06-30,IAM
Total de activos,2.706.544.976,CLP,2024-06-30,IAM
Otros pasivos financieros corrientes,89.471.870,CLP,2024-06-30,IAM
Pasivos por arrendamientos corrientes,1.825.574,CLP,2024-06-30,IAM
Cuentas por pagar comerciales y otras cuentas por pagar,142.099.922,CLP,2024-06-30,IAM
"Cuentas por pagar a entidades relacionadas, corrientes",1.222.931,CLP,2024-06-30,IAM
Otras provisiones a corto plazo,735.780,CLP,2024-06-30,IAM
"Pasivos por impuestos corrientes, corrientes",246.656,CLP,2024-06-30,IAM
Provisiones corrientes por beneficios a los empleados,3.777.034,CLP,2024-06-30,IAM
Otros pasivos no financieros corrientes,14.312.747,CLP,2024-06-30,IAM
Total de pasivos corrientes distintos de los pasivos incluidos en grupos de activos para su disposición clasificados como mantenidos para la venta,253.692.514,CLP,2024-06-30,IAM
Pasivos incluidos en grupos de activos para su disposición clasificados como mantenidos para la venta,-,CLP,2024-06-30,IAM
Pasivos corrientes totales,253.692.514,CLP,2024-06-30,IAM
Otros pasivos financieros no corrientes,1.254.574.719,CLP,2024-06-30,IAM
Pasivos por arrendamientos no corrientes,2.637.414,CLP,2024-06-30,IAM
Cuentas por pagar no corrientes,1.236.160,CLP,2024-06-30,IAM
"Cuentas por pagar a entidades relacionadas, no corrientes",-,CLP,2024-06-30,IAM
Otras provisiones a largo plazo,1.864.283,CLP,2024-06-30,IAM
Pasivo por impuestos diferidos,15.066.242,CLP,2024-06-30,IAM
"Pasivos por impuestos corrientes, no corrientes",-,CLP,2024-06-30,IAM
Provisiones no corrientes por beneficios a los empleados,22.993.112,CLP,2024-06-30,IAM
Otros pasivos no financieros no corrientes,7.729.896,CLP,2024-06-30,IAM
Total de pasivos no corrientes,1.306.101.826,CLP,2024-06-30,IAM
Total de pasivos,1.559.794.340,CLP,2024-06-30,IAM
Capital emitido y pagado,468.358.402,CLP,2024-06-30,IAM
Ganancias (pérdidas) acumuladas,198.265.162,CLP,2024-06-30,IAM
Prima de emisión,-,CLP,2024-06-30,IAM
Acciones propias en cartera,-,CLP,2024-06-30,IAM
Otras participaciones en el patrimonio,-37.268.415,CLP,2024-06-30,IAM
Otras reservas,81.041.675,CLP,2024-06-30,IAM
Patrimonio atribuible a los propietarios de la controladora,710.396.824,CLP,2024-06-30,IAM
Participaciones no controladoras,436.353.812,CLP,2024-06-30,IAM
Patrimonio total,1.146.750.636,CLP,2024-06-30,IAM
Total de patrimonio y pasivos,2.706.544.976,CLP,2024-06-30,IAM
Efectivo y equivalentes al efectivo,76.497.474,CLP,2024-09-30,IAM
Otros activos financieros corrientes,6.893.234,CLP,2024-09-30,IAM
Otros activos no financieros corrientes,4.537.051,CLP,2024-09-30,IAM
Deudores comerciales y otras cuentas por cobrar corrientes,116.517.448,CLP,2024-09-30,IAM
"Cuentas por cobrar a entidades relacionadas, corrientes",15.152,CLP,2024-09-30,IAM
Inventarios corrientes,12.004.728,CLP,2024-09-30,IAM
Activos biológicos corrientes,-,CLP,2024-09-30,IAM
"Activos por impuestos corrientes, corrientes",9.671.759,CLP,2024-09-30,IAM
Total de activos corrientes distintos de los activo o grupos de activos para su disposición clasificados como mantenidos para la venta o como mantenidos para distribuir a los propietarios,226.136.846,CLP,2024-09-30,IAM
Activos no corrientes o grupos de activos para su disposición clasificados como mantenidos para la venta o como mantenidos para distribuir a los propietarios,-,CLP,2024-09-30,IAM
Activos corrientes totales,226.136.846,CLP,2024-09-30,IAM
Otros activos financieros no corrientes,8.254.287,CLP,2024-09-30,IAM
Otros activos no financieros no corrientes,3.598.840,CLP,2024-09-30,IAM
Cuentas por cobrar no corrientes,3.766.684,CLP,2024-09-30,IAM
"Cuentas por cobrar a entidades relacionadas, no corrientes",-,CLP,2024-09-30,IAM
"Inventarios, no corrientes",-,CLP,2024-09-30,IAM
Inversiones contabilizadas utilizando el método de la participación,-,CLP,2024-09-30,IAM
Activos intangibles distintos de la plusvalía,619.883.123,CLP,2024-09-30,IAM
Plusvalía,305.171.468,CLP,2024-09-30,IAM
"Propiedades, planta y equipo",1.845.573.943,CLP,2024-09-30,IAM
Activos biológicos no corrientes,-,CLP,2024-09-30,IAM
Propiedad de inversión,-,CLP,2024-09-30,IAM
Activos por derecho de uso,3.805.891,CLP,2024-09-30,IAM
"Activos por impuestos corrientes, no corrientes",-,CLP,2024-09-30,IAM
Activos por impuestos diferidos,2.373.571,CLP,2024-09-30,IAM
Total de activos no corrientes,2.792.427.807,CLP,2024-09-30,IAM
Total de activos,3.018.564.653,CLP,2024-09-30,IAM
Otros pasivos financieros corrientes,89.431.188,CLP,2024-09-30,IAM
Pasivos por arrendamientos corrientes,1.755.467,CLP,2024-09-30,IAM
Cuentas por pagar comerciales y otras cuentas por pagar,138.141.927,CLP,2024-09-30,IAM
"Cuentas por pagar a entidades relacionadas, corrientes",1.217.734,CLP,2024-09-30,IAM
Otras provisiones a corto plazo,790.902,CLP,2024-09-30,IAM
"Pasivos por impuestos corrientes, corrientes",422.762,CLP,2024-09-30,IAM
Provisiones corrientes por beneficios a los empleados,5.414.499,CLP,2024-09-30,IAM
Otros pasivos no financieros corrientes,13.524.733,CLP,2024-09-30,IAM
Total de pasivos corrientes distintos de los pasivos incluidos en grupos de activos para su disposición clasificados como mantenidos para la venta,250.699.212,CLP,2024-09-30,IAM
Pasivos incluidos en grupos de activos para su disposición clasificados como mantenidos para la venta,-,CLP,2024-09-30,IAM
Pasivos corrientes totales,250.699.212,CLP,2024-09-30,IAM
Otros pasivos financieros no corrientes,1.230.124.282,CLP,2024-09-30,IAM
Pasivos por arrendamientos no corrientes,2.291.022,CLP,2024-09-30,IAM
Cuentas por pagar no corrientes,1.386.972,CLP,2024-09-30,IAM
"Cuentas por pagar a entidades relacionadas, no corrientes",-,CLP,2024-09-30,IAM
Otras provisiones a largo plazo,1.881.981,CLP,2024-09-30,IAM
Pasivo por impuestos diferidos,58.746.266,CLP,2024-09-30,IAM
"Pasivos por impuestos corrientes, no corrientes",-,CLP,2024-09-30,IAM
Provisiones no corrientes por beneficios a los empleados,22.906.413,CLP,2024-09-30,IAM
Otros pasivos no financieros no corrientes,7.923.297,CLP,2024-09-30,IAM
Total de pasivos no corrientes,1.325.260.233,CLP,2024-09-30,IAM
Total de pasivos,1.575.959.445,CLP,2024-09-30,IAM
Capital emitido y pagado,468.358.402,CLP,2024-09-30,IAM
Ganancias (pérdidas) acumuladas,205.363.087,CLP,2024-09-30,IAM
Prima de emisión,-,CLP,2024-09-30,IAM
Acciones propias en cartera,-,CLP,2024-09-30,IAM
Otras participaciones en el patrimonio,-37.268.415,CLP,2024-09-30,IAM
Otras reservas,221.991.661,CLP,2024-09-30,IAM
Patrimonio atribuible a los propietarios de la controladora,858.444.735,CLP,2024-09-30,IAM
Participaciones no controladoras,584.160.473,CLP,2024-09-30,IAM
Patrimonio total,1.442.605.208,CLP,2024-09-30,IAM
Total de patrimonio y pasivos,3.018.564.653,CLP,2024-09-30,IAM
Efectivo y equivalentes al efectivo,109.990.875,CLP,2024-12-31,IAM
Otros activos financieros corrientes,-,CLP,2024-12-31,IAM
Otros activos no financieros corrientes,3.641.632,CLP,2024-12-31,IAM
Deudores comerciales y otras cuentas por cobrar corrientes,132.410.889,CLP,2024-12-31,IAM
"Cuentas por cobrar a entidades relacionadas, corrientes",73.679,CLP,2024-12-31,IAM
Inventarios corrientes,10.476.577,CLP,2024-12-31,IAM
Activos biológicos corrientes,-,CLP,2024-12-31,IAM
"Activos por impuestos corrientes, corrientes",33.347.482,CLP,2024-12-31,IAM
Total de activos corrientes distintos de los activo o grupos de activos para su disposición clasificados como mantenidos para la venta o como mantenidos para distribuir a los propietarios,289.941.134,CLP,2024-12-31,IAM
Activos no corrientes o grupos de activos para su disposición clasificados como mantenidos para la venta o como mantenidos para distribuir a los propietarios,-,CLP,2024-12-31,IAM
Activos corrientes totales,289.941.134,CLP,2024-12-31,IAM
Otros activos financieros no corrientes,15.898.043,CLP,2024-12-31,IAM
Otros activos no financieros no corrientes,6.656.551,CLP,2024-12-31,IAM
Cuentas por cobrar no corrientes,3.440.746,CLP,2024-12-31,IAM
"Cuentas por cobrar a entidades relacionadas, no corrientes",-,CLP,2024-12-31,IAM
"Inventarios, no corrientes",-,CLP,2024-12-31,IAM
Inversiones contabilizadas utilizando el método de la participación,-,CLP,2024-12-31,IAM
Activos intangibles distintos de la plusvalía,619.303.933,CLP,2024-12-31,IAM
Plusvalía,305.171.468,CLP,2024-12-31,IAM
"Propiedades, planta y equipo",2.044.544.144,CLP,2024-12-31,IAM
Activos biológicos no corrientes,-,CLP,2024-12-31,IAM
Propiedad de inversión,-,CLP,2024-12-31,IAM
Activos por derecho de uso,3.731.515,CLP,2024-12-31,IAM
"Activos por impuestos corrientes, no corrientes",-,CLP,2024-12-31,IAM
Activos por impuestos diferidos,2.083.265,CLP,2024-12-31,IAM
Total de activos no corrientes,3.000.829.665,CLP,2024-12-31,IAM
Total de activos,3.290.770.799,CLP,2024-12-31,IAM
Otros pasivos financieros corrientes,116.332.739,CLP,2024-12-31,IAM
Pasivos por arrendamientos corrientes,1.808.538,CLP,2024-12-31,IAM
Cuentas por pagar comerciales y otras cuentas por pagar,194.888.909,CLP,2024-12-31,IAM
"Cuentas por pagar a entidades relacionadas, corrientes",12.666.169,CLP,2024-12-31,IAM
Otras provisiones a corto plazo,1.060.276,CLP,2024-12-31,IAM
"Pasivos por impuestos corrientes, corrientes",550.319,CLP,2024-12-31,IAM
Provisiones corrientes por beneficios a los empleados,7.516.304,CLP,2024-12-31,IAM
Otros pasivos no financieros corrientes,17.379.769,CLP,2024-12-31,IAM
Total de pasivos corrientes distintos de los pasivos incluidos en grupos de activos para su disposición clasificados como mantenidos para la venta,352.203.023,CLP,2024-12-31,IAM
Pasivos incluidos en grupos de activos para su disposición clasificados como mantenidos para la venta,-,CLP,2024-12-31,IAM
Pasivos corrientes totales,352.203.023,CLP,2024-12-31,IAM
Otros pasivos financieros no corrientes,1.205.884.299,CLP,2024-12-31,IAM
Pasivos por arrendamientos no corrientes,2.596.929,CLP,2024-12-31,IAM
Cuentas por pagar no corrientes,1.362.795,CLP,2024-12-31,IAM
"Cuentas por pagar a entidades relacionadas, no corrientes",-,CLP,2024-12-31,IAM
Otras provisiones a largo plazo,1.908.445,CLP,2024-12-31,IAM
Pasivo por impuestos diferidos,130.983.731,CLP,2024-12-31,IAM
"Pasivos por impuestos corrientes, no corrientes",-,CLP,2024-12-31,IAM
Provisiones no corrientes por beneficios a los empleados,24.484.390,CLP,2024-12-31,IAM
Otros pasivos no financieros no corrientes,7.601.123,CLP,2024-12-31,IAM
Total de pasivos no corrientes,1.374.821.712,CLP,2024-12-31,IAM
Total de pasivos,1.727.024.735,CLP,2024-12-31,IAM
Capital emitido y pagado,468.358.402,CLP,2024-12-31,IAM
Ganancias (pérdidas) acumuladas,201.621.765,CLP,2024-12-31,IAM
Prima de emisión,-,CLP,2024-12-31,IAM
Acciones propias en cartera,-,CLP,2024-12-31,IAM
Otras participaciones en el patrimonio,-37.268.415,CLP,2024-12-31,IAM
Otras reservas,286.274.621,CLP,2024-12-31,IAM
Patrimonio atribuible a los propietarios de la controladora,918.986.373,CLP,2024-12-31,IAM
Participaciones no controladoras,644.759.691,CLP,2024-12-31,IAM
Patrimonio total,1.563.746.064,CLP,2024-12-31,IAM
Total de patrimonio y pasivos,3.290.770.799,CLP,2024-12-31,IAM
Efectivo y equivalentes al efectivo,182.771.530,CLP,2025-03-31,IAM
Otros activos financieros corrientes,7.072.303,CLP,2025-03-31,IAM
Otros activos no financieros corrientes,9.202.775,CLP,2025-03-31,IAM
Deudores comerciales y otras cuentas por cobrar corrientes,139.286.418,CLP,2025-03-31,IAM
"Cuentas por cobrar a entidades relacionadas, corrientes",23.978,CLP,2025-03-31,IAM
Inventarios corrientes,11.852.116,CLP,2025-03-31,IAM
Activos biológicos corrientes,-,CLP,2025-03-31,IAM
"Activos por impuestos corrientes, corrientes",34.114.797,CLP,2025-03-31,IAM
Total de activos corrientes distintos de los activo o grupos de activos para su disposición clasificados como mantenidos para la venta o como mantenidos para distribuir a los propietarios,384.323.917,CLP,2025-03-31,IAM
Activos no corrientes o grupos de activos para su disposición clasificados como mantenidos para la venta o como mantenidos para distribuir a los propietarios,-,CLP,2025-03-31,IAM
Activos corrientes totales,384.323.917,CLP,2025-03-31,IAM
Otros activos financieros no corrientes,12.350.641,CLP,2025-03-31,IAM
Otros activos no financieros no corrientes,5.458.215,CLP,2025-03-31,IAM
Cuentas por cobrar no corrientes,3.279.437,CLP,2025-03-31,IAM
"Cuentas por cobrar a entidades relacionadas, no corrientes",-,CLP,2025-03-31,IAM
"Inventarios, no corrientes",-,CLP,2025-03-31,IAM
Inversiones contabilizadas utilizando el método de la participación,-,CLP,2025-03-31,IAM
Activos intangibles distintos de la plusvalía,618.342.676,CLP,2025-03-31,IAM
Plusvalía,305.171.468,CLP,2025-03-31,IAM
"Propiedades, planta y equipo",2.060.788.876,CLP,2025-03-31,IAM
Activos biológicos no corrientes,-,CLP,2025-03-31,IAM
Propiedad de inversión,-,CLP,2025-03-31,IAM
Activos por derecho de uso,5.496.346,CLP,2025-03-31,IAM
"Activos por impuestos corrientes, no corrientes",-,CLP,2025-03-31,IAM
Activos por impuestos diferidos,2.153.470,CLP,2025-03-31,IAM
Total de activos no corrientes,3.013.041.129,CLP,2025-03-31,IAM
Total de activos,3.397.365.046,CLP,2025-03-31,IAM
Otros pasivos financieros corrientes,73.843.803,CLP,2025-03-31,IAM
Pasivos por arrendamientos corrientes,2.417.377,CLP,2025-03-31,IAM
Cuentas por pagar comerciales y otras cuentas por pagar,153.316.157,CLP,2025-03-31,IAM
"Cuentas por pagar a entidades relacionadas, corrientes",1.480.885,CLP,2025-03-31,IAM
Otras provisiones a corto plazo,1.415.555,CLP,2025-03-31,IAM
"Pasivos por impuestos corrientes, corrientes",703.375,CLP,2025-03-31,IAM
Provisiones corrientes por beneficios a los empleados,3.819.893,CLP,2025-03-31,IAM
Otros pasivos no financieros corrientes,19.945.367,CLP,2025-03-31,IAM
Total de pasivos corrientes distintos de los pasivos incluidos en grupos de activos para su disposición clasificados como mantenidos para la venta,256.942.412,CLP,2025-03-31,IAM
Pasivos incluidos en grupos de activos para su disposición clasificados como mantenidos para la venta,-,CLP,2025-03-31,IAM
Pasivos corrientes totales,256.942.412,CLP,2025-03-31,IAM
Otros pasivos financieros no corrientes,1.358.226.848,CLP,2025-03-31,IAM
Pasivos por arrendamientos no corrientes,3.745.365,CLP,2025-03-31,IAM
Cuentas por pagar no corrientes,1.360.344,CLP,2025-03-31,IAM
"Cuentas por pagar a entidades relacionadas, no corrientes",-,CLP,2025-03-31,IAM
Otras provisiones a largo plazo,1.933.401,CLP,2025-03-31,IAM
Pasivo por impuestos diferidos,131.825.467,CLP,2025-03-31,IAM
"Pasivos por impuestos corrientes, no corrientes",-,CLP,2025-03-31,IAM
Provisiones no corrientes por beneficios a los empleados,24.475.443,CLP,2025-03-31,IAM
Otros pasivos no financieros no corrientes,7.689.659,CLP,2025-03-31,IAM
Total de pasivos no corrientes,1.529.256.527,CLP,2025-03-31,IAM
Total de pasivos,1.786.198.939,CLP,2025-03-31,IAM
Capital emitido y pagado,468.358.402,CLP,2025-03-31,IAM
Ganancias (pérdidas) acumuladas,226.715.138,CLP,2025-03-31,IAM
Prima de emisión,-,CLP,2025-03-31,IAM
Acciones propias en cartera,-,CLP,2025-03-31,IAM
Otras participaciones en el patrimonio,-37.268.415,CLP,2025-03-31,IAM
Otras reservas,284.730.275,CLP,2025-03-31,IAM
Patrimonio atribuible a los propietarios de la controladora,942.535.400,CLP,2025-03-31,IAM
Participaciones no controladoras,668.630.707,CLP,2025-03-31,IAM
Patrimonio total,1.611.166.107,CLP,2025-03-31,IAM
Total de patrimonio y pasivos,3.397.365.046,CLP,2025-03-31,IAM
Efectivo y equivalentes al efectivo,187.884.085,CLP,2025-06-30,IAM
Otros activos financieros corrientes,-,CLP,2025-06-30,IAM
Otros activos no financieros corrientes,7.455.528,CLP,2025-06-30,IAM
Deudores comerciales y otras cuentas por cobrar corrientes,121.629.037,CLP,2025-06-30,IAM
"Cuentas por cobrar a entidades relacionadas, corrientes",14.046,CLP,2025-06-30,IAM
Inventarios corrientes,14.037.531,CLP,2025-06-30,IAM
Activos biológicos corrientes,-,CLP,2025-06-30,IAM
"Activos por impuestos corrientes, corrientes",5.717.616,CLP,2025-06-30,IAM
Total de activos corrientes distintos de los activo o grupos de activos para su disposición clasificados como mantenidos para la venta o como mantenidos para distribuir a los propietarios,336.737.843,CLP,2025-06-30,IAM
Activos no corrientes o grupos de activos para su disposición clasificados como mantenidos para la venta o como mantenidos para distribuir a los propietarios,-,CLP,2025-06-30,IAM
Activos corrientes totales,336.737.843,CLP,2025-06-30,IAM
Otros activos financieros no corrientes,20.501.638,CLP,2025-06-30,IAM
Otros activos no financieros no corrientes,6.571.302,CLP,2025-06-30,IAM
Cuentas por cobrar no corrientes,3.209.056,CLP,2025-06-30,IAM
"Cuentas por cobrar a entidades relacionadas, no corrientes",-,CLP,2025-06-30,IAM
"Inventarios, no corrientes",-,CLP,2025-06-30,IAM
Inversiones contabilizadas utilizando el método de la participación,-,CLP,2025-06-30,IAM
Activos intangibles distintos de la plusvalía,617.797.022,CLP,2025-06-30,IAM
Plusvalía,305.171.468,CLP,2025-06-30,IAM
"Propiedades, planta y equipo",2.073.608.986,CLP,2025-06-30,IAM
Activos biológicos no corrientes,-,CLP,2025-06-30,IAM
Propiedad de inversión,-,CLP,2025-06-30,IAM
Activos por derecho de uso,6.156.549,CLP,2025-06-30,IAM
"Activos por impuestos corrientes, no corrientes",-,CLP,2025-06-30,IAM
Activos por impuestos diferidos,2.194.807,CLP,2025-06-30,IAM
Total de activos no corrientes,3.035.210.828,CLP,2025-06-30,IAM
Total de activos,3.371.948.671,CLP,2025-06-30,IAM
Otros pasivos financieros corrientes,63.019.644,CLP,2025-06-30,IAM
Pasivos por arrendamientos corrientes,2.737.349,CLP,2025-06-30,IAM
Cuentas por pagar comerciales y otras cuentas por pagar,154.677.871,CLP,2025-06-30,IAM
"Cuentas por pagar a entidades relacionadas, corrientes",1.505.645,CLP,2025-06-30,IAM
Otras provisiones a corto plazo,1.267.714,CLP,2025-06-30,IAM
"Pasivos por impuestos corrientes, corrientes",109.395,CLP,2025-06-30,IAM
Provisiones corrientes por beneficios a los empleados,4.832.790,CLP,2025-06-30,IAM
Otros pasivos no financieros corrientes,14.127.175,CLP,2025-06-30,IAM
Total de pasivos corrientes distintos de los pasivos incluidos en grupos de activos para su disposición clasificados como mantenidos para la venta,242.277.583,CLP,2025-06-30,IAM
Pasivos incluidos en grupos de activos para su disposición clasificados como mantenidos para la venta,-,CLP,2025-06-30,IAM
Pasivos corrientes totales,242.277.583,CLP,2025-06-30,IAM
Otros pasivos financieros no corrientes,1.366.818.363,CLP,2025-06-30,IAM
Pasivos por arrendamientos no corrientes,4.090.018,CLP,2025-06-30,IAM
Cuentas por pagar no corrientes,1.353.437,CLP,2025-06-30,IAM
"Cuentas por pagar a entidades relacionadas, no corrientes",-,CLP,2025-06-30,IAM
Otras provisiones a largo plazo,1.952.897,CLP,2025-06-30,IAM
Pasivo por impuestos diferidos,132.593.350,CLP,2025-06-30,IAM
"Pasivos por impuestos corrientes, no corrientes",-,CLP,2025-06-30,IAM
Provisiones no corrientes por beneficios a los empleados,25.388.452,CLP,2025-06-30,IAM
Otros pasivos no financieros no corrientes,7.542.300,CLP,2025-06-30,IAM
Total de pasivos no corrientes,1.539.738.817,CLP,2025-06-30,IAM
Total de pasivos,1.782.016.400,CLP,2025-06-30,IAM
Capital emitido y pagado,468.358.402,CLP,2025-06-30,IAM
Ganancias (pérdidas) acumuladas,215.651.723,CLP,2025-06-30,IAM
Prima de emisión,-,CLP,2025-06-30,IAM
Acciones propias en cartera,-,CLP,2025-06-30,IAM
Otras participaciones en el patrimonio,-37.268.415,CLP,2025-06-30,IAM
Otras reservas,285.544.554,CLP,2025-06-30,IAM
Patrimonio atribuible a los propietarios de la controladora,932.286.264,CLP,2025-06-30,IAM
Participaciones no controladoras,657.646.007,CLP,2025-06-30,IAM
Patrimonio total,1.589.932.271,CLP,2025-06-30,IAM
Total de patrimonio y pasivos,3.371.948.671,CLP,2025-06-30,IAM
Efectivo y equivalentes al efectivo,6.544,USD,2017-03-31,INVERCAP
Otros activos financieros corrientes,786,USD,2017-03-31,INVERCAP
Otros activos no financieros corrientes,-,USD,2017-03-31,INVERCAP
Deudores comerciales y otras cuentas por cobrar corrientes,424,USD,2017-03-31,INVERCAP
"Cuentas por cobrar a entidades relacionadas, corrientes",18.034,USD,2017-03-31,INVERCAP
Inventarios corrientes,-,USD,2017-03-31,INVERCAP
Activos biológicos corrientes,-,USD,2017-03-31,INVERCAP
"Activos por impuestos corrientes, corrientes",1.325,USD,2017-03-31,INVERCAP
Total de activos corrientes distintos de los activo o grupos de activos para su disposición clasificados como mantenidos para la venta o como mantenidos para distribuir a los propietarios,27.113,USD,2017-03-31,INVERCAP
Activos no corrientes o grupos de activos para su disposición clasificados como mantenidos para la venta o como mantenidos para distribuir a los propietarios,-,USD,2017-03-31,INVERCAP
Activos corrientes totales,27.113,USD,2017-03-31,INVERCAP
Otros activos financieros no corrientes,211,USD,2017-03-31,INVERCAP
Otros activos no financieros no corrientes,1.672,USD,2017-03-31,INVERCAP
Cuentas por cobrar no corrientes,-,USD,2017-03-31,INVERCAP
"Cuentas por cobrar a entidades relacionadas, no corrientes",-,USD,2017-03-31,INVERCAP
"Inventarios, no corrientes",-,USD,2017-03-31,INVERCAP
Inversiones contabilizadas utilizando el método de la participación,606.730,USD,2017-03-31,INVERCAP
Activos intangibles distintos de la plusvalía,9.479,USD,2017-03-31,INVERCAP
Plusvalía,1.679,USD,2017-03-31,INVERCAP
"Propiedades, planta y equipo",25.069,USD,2017-03-31,INVERCAP
Activos biológicos no corrientes,-,USD,2017-03-31,INVERCAP
Propiedad de inversión,-,USD,2017-03-31,INVERCAP
"Activos por impuestos corrientes, no corrientes",1.094,USD,2017-03-31,INVERCAP
Activos por impuestos diferidos,573,USD,2017-03-31,INVERCAP
Total de activos no corrientes,646.507,USD,2017-03-31,INVERCAP
Total de activos,673.620,USD,2017-03-31,INVERCAP
Otros pasivos financieros corrientes,13.366,USD,2017-03-31,INVERCAP
Cuentas por pagar comerciales y otras cuentas por pagar,5.959,USD,2017-03-31,INVERCAP
"Cuentas por pagar a entidades relacionadas, corrientes",186,USD,2017-03-31,INVERCAP
Otras provisiones a corto plazo,94,USD,2017-03-31,INVERCAP
"Pasivos por impuestos corrientes, corrientes",36,USD,2017-03-31,INVERCAP
Provisiones corrientes por beneficios a los empleados,324,USD,2017-03-31,INVERCAP
Otros pasivos no financieros corrientes,-,USD,2017-03-31,INVERCAP
Total de pasivos corrientes distintos de los pasivos incluidos en grupos de activos para su disposición clasificados como mantenidos para la venta,19.965,USD,2017-03-31,INVERCAP
Pasivos incluidos en grupos de activos para su disposición clasificados como mantenidos para la venta,-,USD,2017-03-31,INVERCAP
Pasivos corrientes totales,19.965,USD,2017-03-31,INVERCAP
Otros pasivos financieros no corrientes,48.203,USD,2017-03-31,INVERCAP
Cuentas por pagar no corrientes,875,USD,2017-03-31,INVERCAP
"Cuentas por pagar a entidades relacionadas, no corrientes",-,USD,2017-03-31,INVERCAP
Otras provisiones a largo plazo,-,USD,2017-03-31,INVERCAP
Pasivo por impuestos diferidos,917,USD,2017-03-31,INVERCAP
"Pasivos por impuestos corrientes, no corrientes",-,USD,2017-03-31,INVERCAP
Provisiones no corrientes por beneficios a los empleados,1.209,USD,2017-03-31,INVERCAP
Otros pasivos no financieros no corrientes,-,USD,2017-03-31,INVERCAP
Total de pasivos no corrientes,51.204,USD,2017-03-31,INVERCAP
Total de pasivos,71.169,USD,2017-03-31,INVERCAP
Capital emitido,114.112,USD,2017-03-31,INVERCAP
Ganancias (pérdidas) acumuladas,492.195,USD,2017-03-31,INVERCAP
Prima de emisión,-,USD,2017-03-31,INVERCAP
Acciones propias en cartera,-,USD,2017-03-31,INVERCAP
Otras participaciones en el patrimonio,-,USD,2017-03-31,INVERCAP
Otras reservas,-6.385,USD,2017-03-31,INVERCAP
Patrimonio atribuible a los propietarios de la controladora,599.922,USD,2017-03-31,INVERCAP
Participaciones no controladoras,2.529,USD,2017-03-31,INVERCAP
Patrimonio total,602.451,USD,2017-03-31,INVERCAP
Total de patrimonio y pasivos,673.620,USD,2017-03-31,INVERCAP
Efectivo y equivalentes al efectivo,3.442,USD,2017-06-30,INVERCAP
Otros activos financieros corrientes,875,USD,2017-06-30,INVERCAP
Otros activos no financieros corrientes,-,USD,2017-06-30,INVERCAP
Deudores comerciales y otras cuentas por cobrar corrientes,607,USD,2017-06-30,INVERCAP
"Cuentas por cobrar a entidades relacionadas, corrientes",8.756,USD,2017-06-30,INVERCAP
Inventarios corrientes,-,USD,2017-06-30,INVERCAP
Activos biológicos corrientes,-,USD,2017-06-30,INVERCAP
"Activos por impuestos corrientes, corrientes",1.661,USD,2017-06-30,INVERCAP
Total de activos corrientes distintos de los activo o grupos de activos para su disposición clasificados como mantenidos para la venta o como mantenidos para distribuir a los propietarios,15.341,USD,2017-06-30,INVERCAP
Activos no corrientes o grupos de activos para su disposición clasificados como mantenidos para la venta o como mantenidos para distribuir a los propietarios,-,USD,2017-06-30,INVERCAP
Activos corrientes totales,15.341,USD,2017-06-30,INVERCAP
Otros activos financieros no corrientes,200,USD,2017-06-30,INVERCAP
Otros activos no financieros no corrientes,1.732,USD,2017-06-30,INVERCAP
Cuentas por cobrar no corrientes,-,USD,2017-06-30,INVERCAP
"Cuentas por cobrar a entidades relacionadas, no corrientes",-,USD,2017-06-30,INVERCAP
"Inventarios, no corrientes",-,USD,2017-06-30,INVERCAP
Inversiones contabilizadas utilizando el método de la participación,608.137,USD,2017-06-30,INVERCAP
Activos intangibles distintos de la plusvalía,8.485,USD,2017-06-30,INVERCAP
Plusvalía,1.877,USD,2017-06-30,INVERCAP
"Propiedades, planta y equipo",24.550,USD,2017-06-30,INVERCAP
Activos biológicos no corrientes,-,USD,2017-06-30,INVERCAP
Propiedad de inversión,-,USD,2017-06-30,INVERCAP
"Activos por impuestos corrientes, no corrientes",1.094,USD,2017-06-30,INVERCAP
Activos por impuestos diferidos,321,USD,2017-06-30,INVERCAP
Total de activos no corrientes,646.396,USD,2017-06-30,INVERCAP
Total de activos,661.737,USD,2017-06-30,INVERCAP
Otros pasivos financieros corrientes,11.288,USD,2017-06-30,INVERCAP
Cuentas por pagar comerciales y otras cuentas por pagar,5.287,USD,2017-06-30,INVERCAP
"Cuentas por pagar a entidades relacionadas, corrientes",136,USD,2017-06-30,INVERCAP
Otras provisiones a corto plazo,294,USD,2017-06-30,INVERCAP
"Pasivos por impuestos corrientes, corrientes",56,USD,2017-06-30,INVERCAP
Provisiones corrientes por beneficios a los empleados,184,USD,2017-06-30,INVERCAP
Otros pasivos no financieros corrientes,-,USD,2017-06-30,INVERCAP
Total de pasivos corrientes distintos de los pasivos incluidos en grupos de activos para su disposición clasificados como mantenidos para la venta,17.245,USD,2017-06-30,INVERCAP
Pasivos incluidos en grupos de activos para su disposición clasificados como mantenidos para la venta,-,USD,2017-06-30,INVERCAP
Pasivos corrientes totales,17.245,USD,2017-06-30,INVERCAP
Otros pasivos financieros no corrientes,40.900,USD,2017-06-30,INVERCAP
Cuentas por pagar no corrientes,875,USD,2017-06-30,INVERCAP
"Cuentas por pagar a entidades relacionadas, no corrientes",-,USD,2017-06-30,INVERCAP
Otras provisiones a largo plazo,-,USD,2017-06-30,INVERCAP
Pasivo por impuestos diferidos,888,USD,2017-06-30,INVERCAP
"Pasivos por impuestos corrientes, no corrientes",-,USD,2017-06-30,INVERCAP
Provisiones no corrientes por beneficios a los empleados,534,USD,2017-06-30,INVERCAP
Otros pasivos no financieros no corrientes,-,USD,2017-06-30,INVERCAP
Total de pasivos no corrientes,43.197,USD,2017-06-30,INVERCAP
Total de pasivos,60.442,USD,2017-06-30,INVERCAP
Capital emitido,114.112,USD,2017-06-30,INVERCAP
Ganancias (pérdidas) acumuladas,491.371,USD,2017-06-30,INVERCAP
Prima de emisión,-,USD,2017-06-30,INVERCAP
Acciones propias en cartera,-,USD,2017-06-30,INVERCAP
Otras participaciones en el patrimonio,-,USD,2017-06-30,INVERCAP
Otras reservas,-4.187,USD,2017-06-30,INVERCAP
Patrimonio atribuible a los propietarios de la controladora,601.296,USD,2017-06-30,INVERCAP
Participaciones no controladoras,-1,USD,2017-06-30,INVERCAP
Patrimonio total,601.295,USD,2017-06-30,INVERCAP
Total de patrimonio y pasivos,661.737,USD,2017-06-30,INVERCAP
Efectivo y equivalentes al efectivo,2.465,USD,2017-09-30,INVERCAP
Otros activos financieros corrientes,1.095,USD,2017-09-30,INVERCAP
Otros activos no financieros corrientes,-,USD,2017-09-30,INVERCAP
Deudores comerciales y otras cuentas por cobrar corrientes,664,USD,2017-09-30,INVERCAP
"Cuentas por cobrar a entidades relacionadas, corrientes",15.248,USD,2017-09-30,INVERCAP
Inventarios corrientes,-,USD,2017-09-30,INVERCAP
Activos biológicos corrientes,-,USD,2017-09-30,INVERCAP
"Activos por impuestos corrientes, corrientes",1.774,USD,2017-09-30,INVERCAP
Total de activos corrientes distintos de los activo o grupos de activos para su disposición clasificados como mantenidos para la venta o como mantenidos para distribuir a los propietarios,21.246,USD,2017-09-30,INVERCAP
Activos no corrientes o grupos de activos para su disposición clasificados como mantenidos para la venta o como mantenidos para distribuir a los propietarios,-,USD,2017-09-30,INVERCAP
Activos corrientes totales,21.246,USD,2017-09-30,INVERCAP
Otros activos financieros no corrientes,1.241,USD,2017-09-30,INVERCAP
Otros activos no financieros no corrientes,1.757,USD,2017-09-30,INVERCAP
Cuentas por cobrar no corrientes,-,USD,2017-09-30,INVERCAP
"Cuentas por cobrar a entidades relacionadas, no corrientes",-,USD,2017-09-30,INVERCAP
"Inventarios, no corrientes",-,USD,2017-09-30,INVERCAP
Inversiones contabilizadas utilizando el método de la participación,614.057,USD,2017-09-30,INVERCAP
Activos intangibles distintos de la plusvalía,8.485,USD,2017-09-30,INVERCAP
Plusvalía,1.877,USD,2017-09-30,INVERCAP
"Propiedades, planta y equipo",24.528,USD,2017-09-30,INVERCAP
Activos biológicos no corrientes,-,USD,2017-09-30,INVERCAP
Propiedad de inversión,-,USD,2017-09-30,INVERCAP
"Activos por impuestos corrientes, no corrientes",1.094,USD,2017-09-30,INVERCAP
Activos por impuestos diferidos,277,USD,2017-09-30,INVERCAP
Total de activos no corrientes,653.316,USD,2017-09-30,INVERCAP
Total de activos,674.562,USD,2017-09-30,INVERCAP
Otros pasivos financieros corrientes,12.068,USD,2017-09-30,INVERCAP
Cuentas por pagar comerciales y otras cuentas por pagar,9.000,USD,2017-09-30,INVERCAP
"Cuentas por pagar a entidades relacionadas, corrientes",136,USD,2017-09-30,INVERCAP
Otras provisiones a corto plazo,91,USD,2017-09-30,INVERCAP
"Pasivos por impuestos corrientes, corrientes",53,USD,2017-09-30,INVERCAP
Provisiones corrientes por beneficios a los empleados,292,USD,2017-09-30,INVERCAP
Otros pasivos no financieros corrientes,-,USD,2017-09-30,INVERCAP
Total de pasivos corrientes distintos de los pasivos incluidos en grupos de activos para su disposición clasificados como mantenidos para la venta,21.640,USD,2017-09-30,INVERCAP
Pasivos incluidos en grupos de activos para su disposición clasificados como mantenidos para la venta,-,USD,2017-09-30,INVERCAP
Pasivos corrientes totales,21.640,USD,2017-09-30,INVERCAP
Otros pasivos financieros no corrientes,41.224,USD,2017-09-30,INVERCAP
Cuentas por pagar no corrientes,875,USD,2017-09-30,INVERCAP
"Cuentas por pagar a entidades relacionadas, no corrientes",-,USD,2017-09-30,INVERCAP
Otras provisiones a largo plazo,-,USD,2017-09-30,INVERCAP
Pasivo por impuestos diferidos,891,USD,2017-09-30,INVERCAP
"Pasivos por impuestos corrientes, no corrientes",-,USD,2017-09-30,INVERCAP
Provisiones no corrientes por beneficios a los empleados,199,USD,2017-09-30,INVERCAP
Otros pasivos no financieros no corrientes,-,USD,2017-09-30,INVERCAP
Total de pasivos no corrientes,43.189,USD,2017-09-30,INVERCAP
Total de pasivos,64.829,USD,2017-09-30,INVERCAP
Capital emitido,114.112,USD,2017-09-30,INVERCAP
Ganancias (pérdidas) acumuladas,499.896,USD,2017-09-30,INVERCAP
Prima de emisión,-,USD,2017-09-30,INVERCAP
Acciones propias en cartera,-,USD,2017-09-30,INVERCAP
Otras participaciones en el patrimonio,-,USD,2017-09-30,INVERCAP
Otras reservas,-4.274,USD,2017-09-30,INVERCAP
Patrimonio atribuible a los propietarios de la controladora,609.734,USD,2017-09-30,INVERCAP
Participaciones no controladoras,-1,USD,2017-09-30,INVERCAP
Patrimonio total,609.733,USD,2017-09-30,INVERCAP
Total de patrimonio y pasivos,674.562,USD,2017-09-30,INVERCAP
Efectivo y equivalentes al efectivo,4.900,USD,2017-12-31,INVERCAP
Otros activos financieros corrientes,1.705,USD,2017-12-31,INVERCAP
Otros activos no financieros corrientes,-,USD,2017-12-31,INVERCAP
Deudores comerciales y otras cuentas por cobrar corrientes,401,USD,2017-12-31,INVERCAP
"Cuentas por cobrar a entidades relacionadas, corrientes",15.628,USD,2017-12-31,INVERCAP
Inventarios corrientes,-,USD,2017-12-31,INVERCAP
Activos biológicos corrientes,-,USD,2017-12-31,INVERCAP
"Activos por impuestos corrientes, corrientes",1.308,USD,2017-12-31,INVERCAP
Total de activos corrientes distintos de los activo o grupos de activos para su disposición clasificados como mantenidos para la venta o como mantenidos para distribuir a los propietarios,23.942,USD,2017-12-31,INVERCAP
Activos no corrientes o grupos de activos para su disposición clasificados como mantenidos para la venta o como mantenidos para distribuir a los propietarios,-,USD,2017-12-31,INVERCAP
Activos corrientes totales,23.942,USD,2017-12-31,INVERCAP
Otros activos financieros no corrientes,2.231,USD,2017-12-31,INVERCAP
Otros activos no financieros no corrientes,1.785,USD,2017-12-31,INVERCAP
Cuentas por cobrar no corrientes,-,USD,2017-12-31,INVERCAP
"Cuentas por cobrar a entidades relacionadas, no corrientes",-,USD,2017-12-31,INVERCAP
"Inventarios, no corrientes",-,USD,2017-12-31,INVERCAP
Inversiones contabilizadas utilizando el método de la participación,620.461,USD,2017-12-31,INVERCAP
Activos intangibles distintos de la plusvalía,8.485,USD,2017-12-31,INVERCAP
Plusvalía,1.877,USD,2017-12-31,INVERCAP
"Propiedades, planta y equipo",24.591,USD,2017-12-31,INVERCAP
Activos biológicos no corrientes,-,USD,2017-12-31,INVERCAP
Propiedad de inversión,-,USD,2017-12-31,INVERCAP
"Activos por impuestos corrientes, no corrientes",1.595,USD,2017-12-31,INVERCAP
Activos por impuestos diferidos,255,USD,2017-12-31,INVERCAP
Total de activos no corrientes,661.280,USD,2017-12-31,INVERCAP
Total de activos,685.222,USD,2017-12-31,INVERCAP
Otros pasivos financieros corrientes,12.424,USD,2017-12-31,INVERCAP
Cuentas por pagar comerciales y otras cuentas por pagar,9.859,USD,2017-12-31,INVERCAP
"Cuentas por pagar a entidades relacionadas, corrientes",83,USD,2017-12-31,INVERCAP
Otras provisiones a corto plazo,68,USD,2017-12-31,INVERCAP
"Pasivos por impuestos corrientes, corrientes",158,USD,2017-12-31,INVERCAP
Provisiones corrientes por beneficios a los empleados,288,USD,2017-12-31,INVERCAP
Otros pasivos no financieros corrientes,-,USD,2017-12-31,INVERCAP
Total de pasivos corrientes distintos de los pasivos incluidos en grupos de activos para su disposición clasificados como mantenidos para la venta,22.880,USD,2017-12-31,INVERCAP
Pasivos incluidos en grupos de activos para su disposición clasificados como mantenidos para la venta,-,USD,2017-12-31,INVERCAP
Pasivos corrientes totales,22.880,USD,2017-12-31,INVERCAP
Otros pasivos financieros no corrientes,41.498,USD,2017-12-31,INVERCAP
Cuentas por pagar no corrientes,875,USD,2017-12-31,INVERCAP
"Cuentas por pagar a entidades relacionadas, no corrientes",-,USD,2017-12-31,INVERCAP
Otras provisiones a largo plazo,-,USD,2017-12-31,INVERCAP
Pasivo por impuestos diferidos,1.135,USD,2017-12-31,INVERCAP
"Pasivos por impuestos corrientes, no corrientes",-,USD,2017-12-31,INVERCAP
Provisiones no corrientes por beneficios a los empleados,372,USD,2017-12-31,INVERCAP
Otros pasivos no financieros no corrientes,-,USD,2017-12-31,INVERCAP
Total de pasivos no corrientes,43.880,USD,2017-12-31,INVERCAP
Total de pasivos,66.760,USD,2017-12-31,INVERCAP
Capital emitido,114.112,USD,2017-12-31,INVERCAP
Ganancias (pérdidas) acumuladas,507.258,USD,2017-12-31,INVERCAP
Prima de emisión,-,USD,2017-12-31,INVERCAP
Acciones propias en cartera,-,USD,2017-12-31,INVERCAP
Otras participaciones en el patrimonio,-,USD,2017-12-31,INVERCAP
Otras reservas,-2.907,USD,2017-12-31,INVERCAP
Patrimonio atribuible a los propietarios de la controladora,618.463,USD,2017-12-31,INVERCAP
Participaciones no controladoras,-1,USD,2017-12-31,INVERCAP
Patrimonio total,618.462,USD,2017-12-31,INVERCAP
Total de patrimonio y pasivos,685.222,USD,2017-12-31,INVERCAP
Efectivo y equivalentes al efectivo,3.885,USD,2018-03-31,INVERCAP
Otros activos financieros corrientes,1.945,USD,2018-03-31,INVERCAP
Otros activos no financieros corrientes,-,USD,2018-03-31,INVERCAP
Deudores comerciales y otras cuentas por cobrar corrientes,768,USD,2018-03-31,INVERCAP
"Cuentas por cobrar a entidades relacionadas, corrientes",20.535,USD,2018-03-31,INVERCAP
Inventarios corrientes,-,USD,2018-03-31,INVERCAP
Activos biológicos corrientes,-,USD,2018-03-31,INVERCAP
"Activos por impuestos corrientes, corrientes",1.566,USD,2018-03-31,INVERCAP
Total de activos corrientes distintos de los activo o grupos de activos para su disposición clasificados como mantenidos para la venta o como mantenidos para distribuir a los propietarios,28.699,USD,2018-03-31,INVERCAP
Activos no corrientes o grupos de activos para su disposición clasificados como mantenidos para la venta o como mantenidos para distribuir a los propietarios,-,USD,2018-03-31,INVERCAP
Activos corrientes totales,28.699,USD,2018-03-31,INVERCAP
Otros activos financieros no corrientes,2.743,USD,2018-03-31,INVERCAP
Otros activos no financieros no corrientes,1.849,USD,2018-03-31,INVERCAP
Cuentas por cobrar no corrientes,-,USD,2018-03-31,INVERCAP
"Cuentas por cobrar a entidades relacionadas, no corrientes",-,USD,2018-03-31,INVERCAP
"Inventarios, no corrientes",-,USD,2018-03-31,INVERCAP
Inversiones contabilizadas utilizando el método de la participación,627.748,USD,2018-03-31,INVERCAP
Activos intangibles distintos de la plusvalía,8.475,USD,2018-03-31,INVERCAP
Plusvalía,1.877,USD,2018-03-31,INVERCAP
"Propiedades, planta y equipo",23.558,USD,2018-03-31,INVERCAP
Activos biológicos no corrientes,-,USD,2018-03-31,INVERCAP
Propiedad de inversión,-,USD,2018-03-31,INVERCAP
"Activos por impuestos corrientes, no corrientes",1.595,USD,2018-03-31,INVERCAP
Activos por impuestos diferidos,398,USD,2018-03-31,INVERCAP
Total de activos no corrientes,668.243,USD,2018-03-31,INVERCAP
Total de activos,696.942,USD,2018-03-31,INVERCAP
Otros pasivos financieros corrientes,12.310,USD,2018-03-31,INVERCAP
Cuentas por pagar comerciales y otras cuentas por pagar,12.635,USD,2018-03-31,INVERCAP
"Cuentas por pagar a entidades relacionadas, corrientes",34,USD,2018-03-31,INVERCAP
Otras provisiones a corto plazo,142,USD,2018-03-31,INVERCAP
"Pasivos por impuestos corrientes, corrientes",24,USD,2018-03-31,INVERCAP
Provisiones corrientes por beneficios a los empleados,353,USD,2018-03-31,INVERCAP
Otros pasivos no financieros corrientes,-,USD,2018-03-31,INVERCAP
Total de pasivos corrientes distintos de los pasivos incluidos en grupos de activos para su disposición clasificados como mantenidos para la venta,25.498,USD,2018-03-31,INVERCAP
Pasivos incluidos en grupos de activos para su disposición clasificados como mantenidos para la venta,-,USD,2018-03-31,INVERCAP
Pasivos corrientes totales,25.498,USD,2018-03-31,INVERCAP
Otros pasivos financieros no corrientes,41.773,USD,2018-03-31,INVERCAP
Cuentas por pagar no corrientes,875,USD,2018-03-31,INVERCAP
"Cuentas por pagar a entidades relacionadas, no corrientes",-,USD,2018-03-31,INVERCAP
Otras provisiones a largo plazo,-,USD,2018-03-31,INVERCAP
Pasivo por impuestos diferidos,1.276,USD,2018-03-31,INVERCAP
"Pasivos por impuestos corrientes, no corrientes",-,USD,2018-03-31,INVERCAP
Provisiones no corrientes por beneficios a los empleados,391,USD,2018-03-31,INVERCAP
Otros pasivos no financieros no corrientes,-,USD,2018-03-31,INVERCAP
Total de pasivos no corrientes,44.315,USD,2018-03-31,INVERCAP
Total de pasivos,69.813,USD,2018-03-31,INVERCAP
Capital emitido,114.112,USD,2018-03-31,INVERCAP
Ganancias (pérdidas) acumuladas,513.366,USD,2018-03-31,INVERCAP
Prima de emisión,-,USD,2018-03-31,INVERCAP
Acciones propias en cartera,-,USD,2018-03-31,INVERCAP
Otras participaciones en el patrimonio,-,USD,2018-03-31,INVERCAP
Otras reservas,-348,USD,2018-03-31,INVERCAP
Patrimonio atribuible a los propietarios de la controladora,627.130,USD,2018-03-31,INVERCAP
Participaciones no controladoras,-1,USD,2018-03-31,INVERCAP
Patrimonio total,627.129,USD,2018-03-31,INVERCAP
Total de patrimonio y pasivos,696.942,USD,2018-03-31,INVERCAP
Efectivo y equivalentes al efectivo,3.566,USD,2018-06-30,INVERCAP
Otros activos financieros corrientes,1.684,USD,2018-06-30,INVERCAP
Otros activos no financieros corrientes,-,USD,2018-06-30,INVERCAP
Deudores comerciales y otras cuentas por cobrar corrientes,561,USD,2018-06-30,INVERCAP
"Cuentas por cobrar a entidades relacionadas, corrientes",10.934,USD,2018-06-30,INVERCAP
Inventarios corrientes,-,USD,2018-06-30,INVERCAP
Activos biológicos corrientes,-,USD,2018-06-30,INVERCAP
"Activos por impuestos corrientes, corrientes",1.035,USD,2018-06-30,INVERCAP
Total de activos corrientes distintos de los activo o grupos de activos para su disposición clasificados como mantenidos para la venta o como mantenidos para distribuir a los propietarios,17.780,USD,2018-06-30,INVERCAP
Activos no corrientes o grupos de activos para su disposición clasificados como mantenidos para la venta o como mantenidos para distribuir a los propietarios,-,USD,2018-06-30,INVERCAP
Activos corrientes totales,17.780,USD,2018-06-30,INVERCAP
Otros activos financieros no corrientes,706,USD,2018-06-30,INVERCAP
Otros activos no financieros no corrientes,1.870,USD,2018-06-30,INVERCAP
Cuentas por cobrar no corrientes,317,USD,2018-06-30,INVERCAP
"Cuentas por cobrar a entidades relacionadas, no corrientes",-,USD,2018-06-30,INVERCAP
"Inventarios, no corrientes",-,USD,2018-06-30,INVERCAP
Inversiones contabilizadas utilizando el método de la participación,632.449,USD,2018-06-30,INVERCAP
Activos intangibles distintos de la plusvalía,5.954,USD,2018-06-30,INVERCAP
Plusvalía,1.877,USD,2018-06-30,INVERCAP
"Propiedades, planta y equipo",23.325,USD,2018-06-30,INVERCAP
Activos biológicos no corrientes,-,USD,2018-06-30,INVERCAP
Propiedad de inversión,-,USD,2018-06-30,INVERCAP
"Activos por impuestos corrientes, no corrientes",1.628,USD,2018-06-30,INVERCAP
Activos por impuestos diferidos,329,USD,2018-06-30,INVERCAP
Total de activos no corrientes,668.455,USD,2018-06-30,INVERCAP
Total de activos,686.235,USD,2018-06-30,INVERCAP
Otros pasivos financieros corrientes,2.273,USD,2018-06-30,INVERCAP
Cuentas por pagar comerciales y otras cuentas por pagar,5.746,USD,2018-06-30,INVERCAP
"Cuentas por pagar a entidades relacionadas, corrientes",129,USD,2018-06-30,INVERCAP
Otras provisiones a corto plazo,78,USD,2018-06-30,INVERCAP
"Pasivos por impuestos corrientes, corrientes",56,USD,2018-06-30,INVERCAP
Provisiones corrientes por beneficios a los empleados,388,USD,2018-06-30,INVERCAP
Otros pasivos no financieros corrientes,-,USD,2018-06-30,INVERCAP
Total de pasivos corrientes distintos de los pasivos incluidos en grupos de activos para su disposición clasificados como mantenidos para la venta,8.670,USD,2018-06-30,INVERCAP
Pasivos incluidos en grupos de activos para su disposición clasificados como mantenidos para la venta,-,USD,2018-06-30,INVERCAP
Pasivos corrientes totales,8.670,USD,2018-06-30,INVERCAP
Otros pasivos financieros no corrientes,43.442,USD,2018-06-30,INVERCAP
Cuentas por pagar no corrientes,1.550,USD,2018-06-30,INVERCAP
"Cuentas por pagar a entidades relacionadas, no corrientes",-,USD,2018-06-30,INVERCAP
Otras provisiones a largo plazo,-,USD,2018-06-30,INVERCAP
Pasivo por impuestos diferidos,1.314,USD,2018-06-30,INVERCAP
"Pasivos por impuestos corrientes, no corrientes",-,USD,2018-06-30,INVERCAP
Provisiones no corrientes por beneficios a los empleados,380,USD,2018-06-30,INVERCAP
Otros pasivos no financieros no corrientes,-,USD,2018-06-30,INVERCAP
Total de pasivos no corrientes,46.686,USD,2018-06-30,INVERCAP
Total de pasivos,55.356,USD,2018-06-30,INVERCAP
Capital emitido,114.112,USD,2018-06-30,INVERCAP
Ganancias (pérdidas) acumuladas,516.644,USD,2018-06-30,INVERCAP
Prima de emisión,-,USD,2018-06-30,INVERCAP
Acciones propias en cartera,-,USD,2018-06-30,INVERCAP
Otras participaciones en el patrimonio,-,USD,2018-06-30,INVERCAP
Otras reservas,124,USD,2018-06-30,INVERCAP
Patrimonio atribuible a los propietarios de la controladora,630.880,USD,2018-06-30,INVERCAP
Participaciones no controladoras,-1,USD,2018-06-30,INVERCAP
Patrimonio total,630.879,USD,2018-06-30,INVERCAP
Total de patrimonio y pasivos,686.235,USD,2018-06-30,INVERCAP
Efectivo y equivalentes al efectivo,2.844,USD,2018-09-30,INVERCAP
Otros activos financieros corrientes,1.722,USD,2018-09-30,INVERCAP
Otros activos no financieros corrientes,-,USD,2018-09-30,INVERCAP
Deudores comerciales y otras cuentas por cobrar corrientes,581,USD,2018-09-30,INVERCAP
"Cuentas por cobrar a entidades relacionadas, corrientes",16.844,USD,2018-09-30,INVERCAP
Inventarios corrientes,-,USD,2018-09-30,INVERCAP
Activos biológicos corrientes,-,USD,2018-09-30,INVERCAP
"Activos por impuestos corrientes, corrientes",919,USD,2018-09-30,INVERCAP
Total de activos corrientes distintos de los activo o grupos de activos para su disposición clasificados como mantenidos para la venta o como mantenidos para distribuir a los propietarios,22.910,USD,2018-09-30,INVERCAP
Activos no corrientes o grupos de activos para su disposición clasificados como mantenidos para la venta o como mantenidos para distribuir a los propietarios,-,USD,2018-09-30,INVERCAP
Activos corrientes totales,22.910,USD,2018-09-30,INVERCAP
Otros activos financieros no corrientes,348,USD,2018-09-30,INVERCAP
Otros activos no financieros no corrientes,1.890,USD,2018-09-30,INVERCAP
Cuentas por cobrar no corrientes,317,USD,2018-09-30,INVERCAP
"Cuentas por cobrar a entidades relacionadas, no corrientes",-,USD,2018-09-30,INVERCAP
"Inventarios, no corrientes",-,USD,2018-09-30,INVERCAP
Inversiones contabilizadas utilizando el método de la participación,636.811,USD,2018-09-30,INVERCAP
Activos intangibles distintos de la plusvalía,2.934,USD,2018-09-30,INVERCAP
Plusvalía,1.877,USD,2018-09-30,INVERCAP
"Propiedades, planta y equipo",19.797,USD,2018-09-30,INVERCAP
Activos biológicos no corrientes,-,USD,2018-09-30,INVERCAP
Propiedad de inversión,-,USD,2018-09-30,INVERCAP
"Activos por impuestos corrientes, no corrientes",1.628,USD,2018-09-30,INVERCAP
Activos por impuestos diferidos,174,USD,2018-09-30,INVERCAP
Total de activos no corrientes,665.776,USD,2018-09-30,INVERCAP
Total de activos,688.686,USD,2018-09-30,INVERCAP
Otros pasivos financieros corrientes,2.045,USD,2018-09-30,INVERCAP
Cuentas por pagar comerciales y otras cuentas por pagar,7.182,USD,2018-09-30,INVERCAP
"Cuentas por pagar a entidades relacionadas, corrientes",160,USD,2018-09-30,INVERCAP
Otras provisiones a corto plazo,78,USD,2018-09-30,INVERCAP
"Pasivos por impuestos corrientes, corrientes",96,USD,2018-09-30,INVERCAP
Provisiones corrientes por beneficios a los empleados,390,USD,2018-09-30,INVERCAP
Otros pasivos no financieros corrientes,-,USD,2018-09-30,INVERCAP
Total de pasivos corrientes distintos de los pasivos incluidos en grupos de activos para su disposición clasificados como mantenidos para la venta,9.951,USD,2018-09-30,INVERCAP
Pasivos incluidos en grupos de activos para su disposición clasificados como mantenidos para la venta,-,USD,2018-09-30,INVERCAP
Pasivos corrientes totales,9.951,USD,2018-09-30,INVERCAP
Otros pasivos financieros no corrientes,43.022,USD,2018-09-30,INVERCAP
Cuentas por pagar no corrientes,1.550,USD,2018-09-30,INVERCAP
"Cuentas por pagar a entidades relacionadas, no corrientes",-,USD,2018-09-30,INVERCAP
Otras provisiones a largo plazo,-,USD,2018-09-30,INVERCAP
Pasivo por impuestos diferidos,1.342,USD,2018-09-30,INVERCAP
"Pasivos por impuestos corrientes, no corrientes",-,USD,2018-09-30,INVERCAP
Provisiones no corrientes por beneficios a los empleados,388,USD,2018-09-30,INVERCAP
Otros pasivos no financieros no corrientes,-,USD,2018-09-30,INVERCAP
Total de pasivos no corrientes,46.302,USD,2018-09-30,INVERCAP
Total de pasivos,56.253,USD,2018-09-30,INVERCAP
Capital emitido,114.112,USD,2018-09-30,INVERCAP
Ganancias (pérdidas) acumuladas,519.032,USD,2018-09-30,INVERCAP
Prima de emisión,-,USD,2018-09-30,INVERCAP
Acciones propias en cartera,-,USD,2018-09-30,INVERCAP
Otras participaciones en el patrimonio,-,USD,2018-09-30,INVERCAP
Otras reservas,-710,USD,2018-09-30,INVERCAP
Patrimonio atribuible a los propietarios de la controladora,632.434,USD,2018-09-30,INVERCAP
Participaciones no controladoras,-1,USD,2018-09-30,INVERCAP
Patrimonio total,632.433,USD,2018-09-30,INVERCAP
Total de patrimonio y pasivos,688.686,USD,2018-09-30,INVERCAP
Efectivo y equivalentes al efectivo,4.700,USD,2018-12-31,INVERCAP
Otros activos financieros corrientes,1.006,USD,2018-12-31,INVERCAP
Otros activos no financieros corrientes,-,USD,2018-12-31,INVERCAP
Deudores comerciales y otras cuentas por cobrar corrientes,292,USD,2018-12-31,INVERCAP
"Cuentas por cobrar a entidades relacionadas, corrientes",13.863,USD,2018-12-31,INVERCAP
Inventarios corrientes,-,USD,2018-12-31,INVERCAP
Activos biológicos corrientes,-,USD,2018-12-31,INVERCAP
"Activos por impuestos corrientes, corrientes",1.140,USD,2018-12-31,INVERCAP
Total de activos corrientes distintos de los activo o grupos de activos para su disposición clasificados como mantenidos para la venta o como mantenidos para distribuir a los propietarios,21.001,USD,2018-12-31,INVERCAP
Activos no corrientes o grupos de activos para su disposición clasificados como mantenidos para la venta o como mantenidos para distribuir a los propietarios,-,USD,2018-12-31,INVERCAP
Activos corrientes totales,21.001,USD,2018-12-31,INVERCAP
Otros activos financieros no corrientes,-,USD,2018-12-31,INVERCAP
Otros activos no financieros no corrientes,-,USD,2018-12-31,INVERCAP
Cuentas por cobrar no corrientes,317,USD,2018-12-31,INVERCAP
"Cuentas por cobrar a entidades relacionadas, no corrientes",-,USD,2018-12-31,INVERCAP
"Inventarios, no corrientes",-,USD,2018-12-31,INVERCAP
Inversiones contabilizadas utilizando el método de la participación,639.093,USD,2018-12-31,INVERCAP
Activos intangibles distintos de la plusvalía,810,USD,2018-12-31,INVERCAP
Plusvalía,1.877,USD,2018-12-31,INVERCAP
"Propiedades, planta y equipo",16.599,USD,2018-12-31,INVERCAP
Activos biológicos no corrientes,-,USD,2018-12-31,INVERCAP
Propiedad de inversión,-,USD,2018-12-31,INVERCAP
"Activos por impuestos corrientes, no corrientes",1.628,USD,2018-12-31,INVERCAP
Activos por impuestos diferidos,151,USD,2018-12-31,INVERCAP
Total de activos no corrientes,660.475,USD,2018-12-31,INVERCAP
Total de activos,681.476,USD,2018-12-31,INVERCAP
Otros pasivos financieros corrientes,2.228,USD,2018-12-31,INVERCAP
Cuentas por pagar comerciales y otras cuentas por pagar,5.773,USD,2018-12-31,INVERCAP
"Cuentas por pagar a entidades relacionadas, corrientes",249,USD,2018-12-31,INVERCAP
Otras provisiones a corto plazo,60,USD,2018-12-31,INVERCAP
"Pasivos por impuestos corrientes, corrientes",64,USD,2018-12-31,INVERCAP
Provisiones corrientes por beneficios a los empleados,370,USD,2018-12-31,INVERCAP
Otros pasivos no financieros corrientes,-,USD,2018-12-31,INVERCAP
Total de pasivos corrientes distintos de los pasivos incluidos en grupos de activos para su disposición clasificados como mantenidos para la venta,8.744,USD,2018-12-31,INVERCAP
Pasivos incluidos en grupos de activos para su disposición clasificados como mantenidos para la venta,-,USD,2018-12-31,INVERCAP
Pasivos corrientes totales,8.744,USD,2018-12-31,INVERCAP
Otros pasivos financieros no corrientes,38.132,USD,2018-12-31,INVERCAP
Cuentas por pagar no corrientes,1.550,USD,2018-12-31,INVERCAP
"Cuentas por pagar a entidades relacionadas, no corrientes",-,USD,2018-12-31,INVERCAP
Otras provisiones a largo plazo,-,USD,2018-12-31,INVERCAP
Pasivo por impuestos diferidos,1.389,USD,2018-12-31,INVERCAP
"Pasivos por impuestos corrientes, no corrientes",-,USD,2018-12-31,INVERCAP
Provisiones no corrientes por beneficios a los empleados,380,USD,2018-12-31,INVERCAP
Otros pasivos no financieros no corrientes,-,USD,2018-12-31,INVERCAP
Total de pasivos no corrientes,41.451,USD,2018-12-31,INVERCAP
Total de pasivos,50.195,USD,2018-12-31,INVERCAP
Capital emitido,114.112,USD,2018-12-31,INVERCAP
Ganancias (pérdidas) acumuladas,519.777,USD,2018-12-31,INVERCAP
Prima de emisión,-,USD,2018-12-31,INVERCAP
Acciones propias en cartera,-,USD,2018-12-31,INVERCAP
Otras participaciones en el patrimonio,-,USD,2018-12-31,INVERCAP
Otras reservas,-2.608,USD,2018-12-31,INVERCAP
Patrimonio atribuible a los propietarios de la controladora,631.281,USD,2018-12-31,INVERCAP
Participaciones no controladoras,-,USD,2018-12-31,INVERCAP
Patrimonio total,631.281,USD,2018-12-31,INVERCAP
Total de patrimonio y pasivos,681.476,USD,2018-12-31,INVERCAP
Efectivo y equivalentes al efectivo,2.271,USD,2019-03-31,INVERCAP
Otros activos financieros corrientes,1.279,USD,2019-03-31,INVERCAP
Otros activos no financieros corrientes,-,USD,2019-03-31,INVERCAP
Deudores comerciales y otras cuentas por cobrar corrientes,138,USD,2019-03-31,INVERCAP
"Cuentas por cobrar a entidades relacionadas, corrientes",13.741,USD,2019-03-31,INVERCAP
Inventarios corrientes,-,USD,2019-03-31,INVERCAP
Activos biológicos corrientes,-,USD,2019-03-31,INVERCAP
"Activos por impuestos corrientes, corrientes",1.357,USD,2019-03-31,INVERCAP
Total de activos corrientes distintos de los activo o grupos de activos para su disposición clasificados como mantenidos para la venta o como mantenidos para distribuir a los propietarios,18.786,USD,2019-03-31,INVERCAP
Activos no corrientes o grupos de activos para su disposición clasificados como mantenidos para la venta o como mantenidos para distribuir a los propietarios,-,USD,2019-03-31,INVERCAP
Activos corrientes totales,18.786,USD,2019-03-31,INVERCAP
Otros activos financieros no corrientes,-,USD,2019-03-31,INVERCAP
Otros activos no financieros no corrientes,-,USD,2019-03-31,INVERCAP
Cuentas por cobrar no corrientes,317,USD,2019-03-31,INVERCAP
"Cuentas por cobrar a entidades relacionadas, no corrientes",-,USD,2019-03-31,INVERCAP
"Inventarios, no corrientes",-,USD,2019-03-31,INVERCAP
Inversiones contabilizadas utilizando el método de la participación,629.627,USD,2019-03-31,INVERCAP
Activos intangibles distintos de la plusvalía,810,USD,2019-03-31,INVERCAP
Plusvalía,1.877,USD,2019-03-31,INVERCAP
"Propiedades, planta y equipo",17.723,USD,2019-03-31,INVERCAP
Activos biológicos no corrientes,-,USD,2019-03-31,INVERCAP
Propiedad de inversión,-,USD,2019-03-31,INVERCAP
"Activos por impuestos corrientes, no corrientes",1.628,USD,2019-03-31,INVERCAP
Activos por impuestos diferidos,356,USD,2019-03-31,INVERCAP
Total de activos no corrientes,652.338,USD,2019-03-31,INVERCAP
Total de activos,671.124,USD,2019-03-31,INVERCAP
Otros pasivos financieros corrientes,2.011,USD,2019-03-31,INVERCAP
Cuentas por pagar comerciales y otras cuentas por pagar,5.635,USD,2019-03-31,INVERCAP
"Cuentas por pagar a entidades relacionadas, corrientes",249,USD,2019-03-31,INVERCAP
Otras provisiones a corto plazo,60,USD,2019-03-31,INVERCAP
"Pasivos por impuestos corrientes, corrientes",27,USD,2019-03-31,INVERCAP
Provisiones corrientes por beneficios a los empleados,341,USD,2019-03-31,INVERCAP
Otros pasivos no financieros corrientes,-,USD,2019-03-31,INVERCAP
Total de pasivos corrientes distintos de los pasivos incluidos en grupos de activos para su disposición clasificados como mantenidos para la venta,8.323,USD,2019-03-31,INVERCAP
Pasivos incluidos en grupos de activos para su disposición clasificados como mantenidos para la venta,-,USD,2019-03-31,INVERCAP
Pasivos corrientes totales,8.323,USD,2019-03-31,INVERCAP
Otros pasivos financieros no corrientes,38.505,USD,2019-03-31,INVERCAP
Cuentas por pagar no corrientes,1.550,USD,2019-03-31,INVERCAP
"Cuentas por pagar a entidades relacionadas, no corrientes",-,USD,2019-03-31,INVERCAP
Otras provisiones a largo plazo,-,USD,2019-03-31,INVERCAP
Pasivo por impuestos diferidos,1.373,USD,2019-03-31,INVERCAP
"Pasivos por impuestos corrientes, no corrientes",-,USD,2019-03-31,INVERCAP
Provisiones no corrientes por beneficios a los empleados,384,USD,2019-03-31,INVERCAP
Otros pasivos no financieros no corrientes,-,USD,2019-03-31,INVERCAP
Total de pasivos no corrientes,41.812,USD,2019-03-31,INVERCAP
Total de pasivos,50.135,USD,2019-03-31,INVERCAP
Capital emitido y pagado,114.112,USD,2019-03-31,INVERCAP
Ganancias (pérdidas) acumuladas,511.843,USD,2019-03-31,INVERCAP
Prima de emisión,-,USD,2019-03-31,INVERCAP
Acciones propias en cartera,-,USD,2019-03-31,INVERCAP
Otras participaciones en el patrimonio,-,USD,2019-03-31,INVERCAP
Otras reservas,-4.966,USD,2019-03-31,INVERCAP
Patrimonio atribuible a los propietarios de la controladora,620.989,USD,2019-03-31,INVERCAP
Participaciones no controladoras,-,USD,2019-03-31,INVERCAP
Patrimonio total,620.989,USD,2019-03-31,INVERCAP
Total de patrimonio y pasivos,671.124,USD,2019-03-31,INVERCAP
Efectivo y equivalentes al efectivo,6.874,USD,2019-06-30,INVERCAP
Otros activos financieros corrientes,1.526,USD,2019-06-30,INVERCAP
Otros activos no financieros corrientes,-,USD,2019-06-30,INVERCAP
Deudores comerciales y otras cuentas por cobrar corrientes,526,USD,2019-06-30,INVERCAP
"Cuentas por cobrar a entidades relacionadas, corrientes",2.274,USD,2019-06-30,INVERCAP
Inventarios corrientes,-,USD,2019-06-30,INVERCAP
Activos biológicos corrientes,-,USD,2019-06-30,INVERCAP
"Activos por impuestos corrientes, corrientes",2.190,USD,2019-06-30,INVERCAP
Total de activos corrientes distintos de los activo o grupos de activos para su disposición clasificados como mantenidos para la venta o como mantenidos para distribuir a los propietarios,13.390,USD,2019-06-30,INVERCAP
Activos no corrientes o grupos de activos para su disposición clasificados como mantenidos para la venta o como mantenidos para distribuir a los propietarios,-,USD,2019-06-30,INVERCAP
Activos corrientes totales,13.390,USD,2019-06-30,INVERCAP
Otros activos financieros no corrientes,-,USD,2019-06-30,INVERCAP
Otros activos no financieros no corrientes,-,USD,2019-06-30,INVERCAP
Cuentas por cobrar no corrientes,317,USD,2019-06-30,INVERCAP
"Cuentas por cobrar a entidades relacionadas, no corrientes",-,USD,2019-06-30,INVERCAP
"Inventarios, no corrientes",-,USD,2019-06-30,INVERCAP
Inversiones contabilizadas utilizando el método de la participación,637.362,USD,2019-06-30,INVERCAP
Activos intangibles distintos de la plusvalía,1.117,USD,2019-06-30,INVERCAP
Plusvalía,1.877,USD,2019-06-30,INVERCAP
"Propiedades, planta y equipo",26.626,USD,2019-06-30,INVERCAP
Activos biológicos no corrientes,-,USD,2019-06-30,INVERCAP
Propiedad de inversión,-,USD,2019-06-30,INVERCAP
"Activos por impuestos corrientes, no corrientes",1.094,USD,2019-06-30,INVERCAP
Activos por impuestos diferidos,1.113,USD,2019-06-30,INVERCAP
Total de activos no corrientes,669.506,USD,2019-06-30,INVERCAP
Total de activos,682.896,USD,2019-06-30,INVERCAP
Otros pasivos financieros corrientes,2.503,USD,2019-06-30,INVERCAP
Cuentas por pagar comerciales y otras cuentas por pagar,2.203,USD,2019-06-30,INVERCAP
"Cuentas por pagar a entidades relacionadas, corrientes",188,USD,2019-06-30,INVERCAP
Otras provisiones a corto plazo,-,USD,2019-06-30,INVERCAP
"Pasivos por impuestos corrientes, corrientes",39,USD,2019-06-30,INVERCAP
Provisiones corrientes por beneficios a los empleados,389,USD,2019-06-30,INVERCAP
Otros pasivos no financieros corrientes,-,USD,2019-06-30,INVERCAP
Total de pasivos corrientes distintos de los pasivos incluidos en grupos de activos para su disposición clasificados como mantenidos para la venta,5.322,USD,2019-06-30,INVERCAP
Pasivos incluidos en grupos de activos para su disposición clasificados como mantenidos para la venta,-,USD,2019-06-30,INVERCAP
Pasivos corrientes totales,5.322,USD,2019-06-30,INVERCAP
Otros pasivos financieros no corrientes,44.117,USD,2019-06-30,INVERCAP
Cuentas por pagar no corrientes,1.550,USD,2019-06-30,INVERCAP
"Cuentas por pagar a entidades relacionadas, no corrientes",-,USD,2019-06-30,INVERCAP
Otras provisiones a largo plazo,-,USD,2019-06-30,INVERCAP
Pasivo por impuestos diferidos,1.450,USD,2019-06-30,INVERCAP
"Pasivos por impuestos corrientes, no corrientes",-,USD,2019-06-30,INVERCAP
Provisiones no corrientes por beneficios a los empleados,413,USD,2019-06-30,INVERCAP
Otros pasivos no financieros no corrientes,-,USD,2019-06-30,INVERCAP
Total de pasivos no corrientes,47.530,USD,2019-06-30,INVERCAP
Total de pasivos,52.852,USD,2019-06-30,INVERCAP
Capital emitido y pagado,114.112,USD,2019-06-30,INVERCAP
Ganancias (pérdidas) acumuladas,519.840,USD,2019-06-30,INVERCAP
Prima de emisión,-,USD,2019-06-30,INVERCAP
Acciones propias en cartera,-,USD,2019-06-30,INVERCAP
Otras participaciones en el patrimonio,-,USD,2019-06-30,INVERCAP
Otras reservas,-3.908,USD,2019-06-30,INVERCAP
Patrimonio atribuible a los propietarios de la controladora,630.044,USD,2019-06-30,INVERCAP
Participaciones no controladoras,-,USD,2019-06-30,INVERCAP
Patrimonio total,630.044,USD,2019-06-30,INVERCAP
Total de patrimonio y pasivos,682.896,USD,2019-06-30,INVERCAP
Efectivo y equivalentes al efectivo,4.858,USD,2019-09-30,INVERCAP
Otros activos financieros corrientes,809,USD,2019-09-30,INVERCAP
Otros activos no financieros corrientes,-,USD,2019-09-30,INVERCAP
Deudores comerciales y otras cuentas por cobrar corrientes,675,USD,2019-09-30,INVERCAP
"Cuentas por cobrar a entidades relacionadas, corrientes",1.738,USD,2019-09-30,INVERCAP
Inventarios corrientes,-,USD,2019-09-30,INVERCAP
Activos biológicos corrientes,-,USD,2019-09-30,INVERCAP
"Activos por impuestos corrientes, corrientes",809,USD,2019-09-30,INVERCAP
Total de activos corrientes distintos de los activo o grupos de activos para su disposición clasificados como mantenidos para la venta o como mantenidos para distribuir a los propietarios,8.889,USD,2019-09-30,INVERCAP
Activos no corrientes o grupos de activos para su disposición clasificados como mantenidos para la venta o como mantenidos para distribuir a los propietarios,-,USD,2019-09-30,INVERCAP
Activos corrientes totales,8.889,USD,2019-09-30,INVERCAP
Otros activos financieros no corrientes,-,USD,2019-09-30,INVERCAP
Otros activos no financieros no corrientes,-,USD,2019-09-30,INVERCAP
Cuentas por cobrar no corrientes,317,USD,2019-09-30,INVERCAP
"Cuentas por cobrar a entidades relacionadas, no corrientes",-,USD,2019-09-30,INVERCAP
"Inventarios, no corrientes",-,USD,2019-09-30,INVERCAP
Inversiones contabilizadas utilizando el método de la participación,631.375,USD,2019-09-30,INVERCAP
Activos intangibles distintos de la plusvalía,1.117,USD,2019-09-30,INVERCAP
Plusvalía,1.877,USD,2019-09-30,INVERCAP
"Propiedades, planta y equipo",27.219,USD,2019-09-30,INVERCAP
Activos biológicos no corrientes,-,USD,2019-09-30,INVERCAP
Propiedad de inversión,-,USD,2019-09-30,INVERCAP
"Activos por impuestos corrientes, no corrientes",2.618,USD,2019-09-30,INVERCAP
Activos por impuestos diferidos,3.180,USD,2019-09-30,INVERCAP
Total de activos no corrientes,667.703,USD,2019-09-30,INVERCAP
Total de activos,676.592,USD,2019-09-30,INVERCAP
Otros pasivos financieros corrientes,3.594,USD,2019-09-30,INVERCAP
Cuentas por pagar comerciales y otras cuentas por pagar,1.392,USD,2019-09-30,INVERCAP
"Cuentas por pagar a entidades relacionadas, corrientes",209,USD,2019-09-30,INVERCAP
Otras provisiones a corto plazo,-,USD,2019-09-30,INVERCAP
"Pasivos por impuestos corrientes, corrientes",110,USD,2019-09-30,INVERCAP
Provisiones corrientes por beneficios a los empleados,362,USD,2019-09-30,INVERCAP
Otros pasivos no financieros corrientes,-,USD,2019-09-30,INVERCAP
Total de pasivos corrientes distintos de los pasivos incluidos en grupos de activos para su disposición clasificados como mantenidos para la venta,5.667,USD,2019-09-30,INVERCAP
Pasivos incluidos en grupos de activos para su disposición clasificados como mantenidos para la venta,-,USD,2019-09-30,INVERCAP
Pasivos corrientes totales,5.667,USD,2019-09-30,INVERCAP
Otros pasivos financieros no corrientes,42.179,USD,2019-09-30,INVERCAP
Cuentas por pagar no corrientes,1.550,USD,2019-09-30,INVERCAP
"Cuentas por pagar a entidades relacionadas, no corrientes",-,USD,2019-09-30,INVERCAP
Otras provisiones a largo plazo,-,USD,2019-09-30,INVERCAP
Pasivo por impuestos diferidos,1.526,USD,2019-09-30,INVERCAP
"Pasivos por impuestos corrientes, no corrientes",-,USD,2019-09-30,INVERCAP
Provisiones no corrientes por beneficios a los empleados,410,USD,2019-09-30,INVERCAP
Otros pasivos no financieros no corrientes,-,USD,2019-09-30,INVERCAP
Total de pasivos no corrientes,45.665,USD,2019-09-30,INVERCAP
Total de pasivos,51.332,USD,2019-09-30,INVERCAP
Capital emitido y pagado,114.112,USD,2019-09-30,INVERCAP
Ganancias (pérdidas) acumuladas,514.843,USD,2019-09-30,INVERCAP
Prima de emisión,-,USD,2019-09-30,INVERCAP
Acciones propias en cartera,-,USD,2019-09-30,INVERCAP
Otras participaciones en el patrimonio,-,USD,2019-09-30,INVERCAP
Otras reservas,-3.695,USD,2019-09-30,INVERCAP
Patrimonio atribuible a los propietarios de la controladora,625.260,USD,2019-09-30,INVERCAP
Participaciones no controladoras,-,USD,2019-09-30,INVERCAP
Patrimonio total,625.260,USD,2019-09-30,INVERCAP
Total de patrimonio y pasivos,676.592,USD,2019-09-30,INVERCAP
Efectivo y equivalentes al efectivo,3.055,USD,2019-12-31,INVERCAP
Otros activos financieros corrientes,964,USD,2019-12-31,INVERCAP
Otros activos no financieros corrientes,-,USD,2019-12-31,INVERCAP
Deudores comerciales y otras cuentas por cobrar corrientes,780,USD,2019-12-31,INVERCAP
"Cuentas por cobrar a entidades relacionadas, corrientes",1.468,USD,2019-12-31,INVERCAP
Inventarios corrientes,-,USD,2019-12-31,INVERCAP
Activos biológicos corrientes,-,USD,2019-12-31,INVERCAP
"Activos por impuestos corrientes, corrientes",789,USD,2019-12-31,INVERCAP
Total de activos corrientes distintos de los activo o grupos de activos para su disposición clasificados como mantenidos para la venta o como mantenidos para distribuir a los propietarios,7.056,USD,2019-12-31,INVERCAP
Activos no corrientes o grupos de activos para su disposición clasificados como mantenidos para la venta o como mantenidos para distribuir a los propietarios,-,USD,2019-12-31,INVERCAP
Activos corrientes totales,7.056,USD,2019-12-31,INVERCAP
Otros activos financieros no corrientes,-,USD,2019-12-31,INVERCAP
Otros activos no financieros no corrientes,-,USD,2019-12-31,INVERCAP
Cuentas por cobrar no corrientes,-,USD,2019-12-31,INVERCAP
"Cuentas por cobrar a entidades relacionadas, no corrientes",-,USD,2019-12-31,INVERCAP
"Inventarios, no corrientes",-,USD,2019-12-31,INVERCAP
Inversiones contabilizadas utilizando el método de la participación,605.354,USD,2019-12-31,INVERCAP
Activos intangibles distintos de la plusvalía,1.117,USD,2019-12-31,INVERCAP
Plusvalía,1.877,USD,2019-12-31,INVERCAP
"Propiedades, planta y equipo",27.665,USD,2019-12-31,INVERCAP
Activos biológicos no corrientes,-,USD,2019-12-31,INVERCAP
Propiedad de inversión,-,USD,2019-12-31,INVERCAP
"Activos por impuestos corrientes, no corrientes",2.763,USD,2019-12-31,INVERCAP
Activos por impuestos diferidos,496,USD,2019-12-31,INVERCAP
Total de activos no corrientes,639.272,USD,2019-12-31,INVERCAP
Total de activos,646.328,USD,2019-12-31,INVERCAP
Otros pasivos financieros corrientes,4.973,USD,2019-12-31,INVERCAP
Cuentas por pagar comerciales y otras cuentas por pagar,1.593,USD,2019-12-31,INVERCAP
"Cuentas por pagar a entidades relacionadas, corrientes",287,USD,2019-12-31,INVERCAP
Otras provisiones a corto plazo,-,USD,2019-12-31,INVERCAP
"Pasivos por impuestos corrientes, corrientes",56,USD,2019-12-31,INVERCAP
Provisiones corrientes por beneficios a los empleados,378,USD,2019-12-31,INVERCAP
Otros pasivos no financieros corrientes,-,USD,2019-12-31,INVERCAP
Total de pasivos corrientes distintos de los pasivos incluidos en grupos de activos para su disposición clasificados como mantenidos para la venta,7.287,USD,2019-12-31,INVERCAP
Pasivos incluidos en grupos de activos para su disposición clasificados como mantenidos para la venta,-,USD,2019-12-31,INVERCAP
Pasivos corrientes totales,7.287,USD,2019-12-31,INVERCAP
Otros pasivos financieros no corrientes,40.332,USD,2019-12-31,INVERCAP
Cuentas por pagar no corrientes,1.550,USD,2019-12-31,INVERCAP
"Cuentas por pagar a entidades relacionadas, no corrientes",-,USD,2019-12-31,INVERCAP
Otras provisiones a largo plazo,-,USD,2019-12-31,INVERCAP
Pasivo por impuestos diferidos,1.611,USD,2019-12-31,INVERCAP
"Pasivos por impuestos corrientes, no corrientes",-,USD,2019-12-31,INVERCAP
Provisiones no corrientes por beneficios a los empleados,405,USD,2019-12-31,INVERCAP
Otros pasivos no financieros no corrientes,-,USD,2019-12-31,INVERCAP
Total de pasivos no corrientes,43.898,USD,2019-12-31,INVERCAP
Total de pasivos,51.185,USD,2019-12-31,INVERCAP
Capital emitido y pagado,114.112,USD,2019-12-31,INVERCAP
Ganancias (pérdidas) acumuladas,485.050,USD,2019-12-31,INVERCAP
Prima de emisión,-,USD,2019-12-31,INVERCAP
Acciones propias en cartera,-,USD,2019-12-31,INVERCAP
Otras participaciones en el patrimonio,-,USD,2019-12-31,INVERCAP
Otras reservas,-4.019,USD,2019-12-31,INVERCAP
Patrimonio atribuible a los propietarios de la controladora,595.143,USD,2019-12-31,INVERCAP
Participaciones no controladoras,-,USD,2019-12-31,INVERCAP
Patrimonio total,595.143,USD,2019-12-31,INVERCAP
Total de patrimonio y pasivos,646.328,USD,2019-12-31,INVERCAP
Efectivo y equivalentes al efectivo,19.333,USD,2020-03-31,INVERCAP
Otros activos financieros corrientes,964,USD,2020-03-31,INVERCAP
Otros activos no financieros corrientes,-,USD,2020-03-31,INVERCAP
Deudores comerciales y otras cuentas por cobrar corrientes,409,USD,2020-03-31,INVERCAP
"Cuentas por cobrar a entidades relacionadas, corrientes",1.712,USD,2020-03-31,INVERCAP
Inventarios corrientes,-,USD,2020-03-31,INVERCAP
Activos biológicos corrientes,-,USD,2020-03-31,INVERCAP
"Activos por impuestos corrientes, corrientes",818,USD,2020-03-31,INVERCAP
Total de activos corrientes distintos de los activo o grupos de activos para su disposición clasificados como mantenidos para la venta o como mantenidos para distribuir a los propietarios,23.236,USD,2020-03-31,INVERCAP
Activos no corrientes o grupos de activos para su disposición clasificados como mantenidos para la venta o como mantenidos para distribuir a los propietarios,-,USD,2020-03-31,INVERCAP
Activos corrientes totales,23.236,USD,2020-03-31,INVERCAP
Otros activos financieros no corrientes,-,USD,2020-03-31,INVERCAP
Otros activos no financieros no corrientes,-,USD,2020-03-31,INVERCAP
Cuentas por cobrar no corrientes,-,USD,2020-03-31,INVERCAP
"Cuentas por cobrar a entidades relacionadas, no corrientes",-,USD,2020-03-31,INVERCAP
"Inventarios, no corrientes",-,USD,2020-03-31,INVERCAP
Inversiones contabilizadas utilizando el método de la participación,609.311,USD,2020-03-31,INVERCAP
Activos intangibles distintos de la plusvalía,1.117,USD,2020-03-31,INVERCAP
Plusvalía,1.877,USD,2020-03-31,INVERCAP
"Propiedades, planta y equipo",28.380,USD,2020-03-31,INVERCAP
Activos biológicos no corrientes,-,USD,2020-03-31,INVERCAP
Propiedad de inversión,-,USD,2020-03-31,INVERCAP
Activos por derecho de uso,-,USD,2020-03-31,INVERCAP
"Activos por impuestos corrientes, no corrientes",2.763,USD,2020-03-31,INVERCAP
Activos por impuestos diferidos,758,USD,2020-03-31,INVERCAP
Total de activos no corrientes,644.206,USD,2020-03-31,INVERCAP
Total de activos,667.442,USD,2020-03-31,INVERCAP
Otros pasivos financieros corrientes,2.264,USD,2020-03-31,INVERCAP
Pasivos por arrendamientos corrientes,-,USD,2020-03-31,INVERCAP
Cuentas por pagar comerciales y otras cuentas por pagar,2.669,USD,2020-03-31,INVERCAP
"Cuentas por pagar a entidades relacionadas, corrientes",173,USD,2020-03-31,INVERCAP
Otras provisiones a corto plazo,-,USD,2020-03-31,INVERCAP
"Pasivos por impuestos corrientes, corrientes",22,USD,2020-03-31,INVERCAP
Provisiones corrientes por beneficios a los empleados,310,USD,2020-03-31,INVERCAP
Otros pasivos no financieros corrientes,-,USD,2020-03-31,INVERCAP
Total de pasivos corrientes distintos de los pasivos incluidos en grupos de activos para su disposición clasificados como mantenidos para la venta,5.438,USD,2020-03-31,INVERCAP
Pasivos incluidos en grupos de activos para su disposición clasificados como mantenidos para la venta,-,USD,2020-03-31,INVERCAP
Pasivos corrientes totales,5.438,USD,2020-03-31,INVERCAP
Otros pasivos financieros no corrientes,72.726,USD,2020-03-31,INVERCAP
Pasivos por arrendamientos no corrientes,-,USD,2020-03-31,INVERCAP
Cuentas por pagar no corrientes,1.550,USD,2020-03-31,INVERCAP
"Cuentas por pagar a entidades relacionadas, no corrientes",-,USD,2020-03-31,INVERCAP
Otras provisiones a largo plazo,-,USD,2020-03-31,INVERCAP
Pasivo por impuestos diferidos,1.655,USD,2020-03-31,INVERCAP
"Pasivos por impuestos corrientes, no corrientes",-,USD,2020-03-31,INVERCAP
Provisiones no corrientes por beneficios a los empleados,412,USD,2020-03-31,INVERCAP
Otros pasivos no financieros no corrientes,-,USD,2020-03-31,INVERCAP
Total de pasivos no corrientes,76.343,USD,2020-03-31,INVERCAP
Total de pasivos,81.781,USD,2020-03-31,INVERCAP
Capital emitido y pagado,114.112,USD,2020-03-31,INVERCAP
Ganancias (pérdidas) acumuladas,483.311,USD,2020-03-31,INVERCAP
Prima de emisión,-,USD,2020-03-31,INVERCAP
Acciones propias en cartera,-,USD,2020-03-31,INVERCAP
Otras participaciones en el patrimonio,-,USD,2020-03-31,INVERCAP
Otras reservas,-11.762,USD,2020-03-31,INVERCAP
Patrimonio atribuible a los propietarios de la controladora,585.661,USD,2020-03-31,INVERCAP
Participaciones no controladoras,-,USD,2020-03-31,INVERCAP
Patrimonio total,585.661,USD,2020-03-31,INVERCAP
Total de patrimonio y pasivos,667.442,USD,2020-03-31,INVERCAP
Efectivo y equivalentes al efectivo,3.227,USD,2020-06-30,INVERCAP
Otros activos financieros corrientes,280,USD,2020-06-30,INVERCAP
Otros activos no financieros corrientes,-,USD,2020-06-30,INVERCAP
Deudores comerciales y otras cuentas por cobrar corrientes,577,USD,2020-06-30,INVERCAP
"Cuentas por cobrar a entidades relacionadas, corrientes",11.840,USD,2020-06-30,INVERCAP
Inventarios corrientes,-,USD,2020-06-30,INVERCAP
Activos biológicos corrientes,-,USD,2020-06-30,INVERCAP
"Activos por impuestos corrientes, corrientes",1.024,USD,2020-06-30,INVERCAP
Total de activos corrientes distintos de los activo o grupos de activos para su disposición clasificados como mantenidos para la venta o como mantenidos para distribuir a los propietarios,16.948,USD,2020-06-30,INVERCAP
Activos no corrientes o grupos de activos para su disposición clasificados como mantenidos para la venta o como mantenidos para distribuir a los propietarios,-,USD,2020-06-30,INVERCAP
Activos corrientes totales,16.948,USD,2020-06-30,INVERCAP
Otros activos financieros no corrientes,-,USD,2020-06-30,INVERCAP
Otros activos no financieros no corrientes,-,USD,2020-06-30,INVERCAP
Cuentas por cobrar no corrientes,-,USD,2020-06-30,INVERCAP
"Cuentas por cobrar a entidades relacionadas, no corrientes",-,USD,2020-06-30,INVERCAP
"Inventarios, no corrientes",-,USD,2020-06-30,INVERCAP
Inversiones contabilizadas utilizando el método de la participación,677.278,USD,2020-06-30,INVERCAP
Activos intangibles distintos de la plusvalía,1.117,USD,2020-06-30,INVERCAP
Plusvalía,1.877,USD,2020-06-30,INVERCAP
"Propiedades, planta y equipo",29.092,USD,2020-06-30,INVERCAP
Activos biológicos no corrientes,-,USD,2020-06-30,INVERCAP
Propiedad de inversión,-,USD,2020-06-30,INVERCAP
Activos por derecho de uso,-,USD,2020-06-30,INVERCAP
"Activos por impuestos corrientes, no corrientes",2.267,USD,2020-06-30,INVERCAP
Activos por impuestos diferidos,987,USD,2020-06-30,INVERCAP
Total de activos no corrientes,712.618,USD,2020-06-30,INVERCAP
Total de activos,729.566,USD,2020-06-30,INVERCAP
Otros pasivos financieros corrientes,4.523,USD,2020-06-30,INVERCAP
Pasivos por arrendamientos corrientes,-,USD,2020-06-30,INVERCAP
Cuentas por pagar comerciales y otras cuentas por pagar,5.227,USD,2020-06-30,INVERCAP
"Cuentas por pagar a entidades relacionadas, corrientes",106,USD,2020-06-30,INVERCAP
Otras provisiones a corto plazo,-,USD,2020-06-30,INVERCAP
"Pasivos por impuestos corrientes, corrientes",51,USD,2020-06-30,INVERCAP
Provisiones corrientes por beneficios a los empleados,335,USD,2020-06-30,INVERCAP
Otros pasivos no financieros corrientes,-,USD,2020-06-30,INVERCAP
Total de pasivos corrientes distintos de los pasivos incluidos en grupos de activos para su disposición clasificados como mantenidos para la venta,10.242,USD,2020-06-30,INVERCAP
Pasivos incluidos en grupos de activos para su disposición clasificados como mantenidos para la venta,-,USD,2020-06-30,INVERCAP
Pasivos corrientes totales,10.242,USD,2020-06-30,INVERCAP
Otros pasivos financieros no corrientes,71.910,USD,2020-06-30,INVERCAP
Pasivos por arrendamientos no corrientes,-,USD,2020-06-30,INVERCAP
Cuentas por pagar no corrientes,1.550,USD,2020-06-30,INVERCAP
"Cuentas por pagar a entidades relacionadas, no corrientes",-,USD,2020-06-30,INVERCAP
Otras provisiones a largo plazo,-,USD,2020-06-30,INVERCAP
Pasivo por impuestos diferidos,1.695,USD,2020-06-30,INVERCAP
"Pasivos por impuestos corrientes, no corrientes",-,USD,2020-06-30,INVERCAP
Provisiones no corrientes por beneficios a los empleados,424,USD,2020-06-30,INVERCAP
Otros pasivos no financieros no corrientes,-,USD,2020-06-30,INVERCAP
Total de pasivos no corrientes,75.579,USD,2020-06-30,INVERCAP
Total de pasivos,85.821,USD,2020-06-30,INVERCAP
Capital emitido y pagado,114.112,USD,2020-06-30,INVERCAP
Ganancias (pérdidas) acumuladas,543.522,USD,2020-06-30,INVERCAP
Prima de emisión,-,USD,2020-06-30,INVERCAP
Acciones propias en cartera,-,USD,2020-06-30,INVERCAP
Otras participaciones en el patrimonio,-,USD,2020-06-30,INVERCAP
Otras reservas,-13.889,USD,2020-06-30,INVERCAP
Patrimonio atribuible a los propietarios de la controladora,643.745,USD,2020-06-30,INVERCAP
Participaciones no controladoras,-,USD,2020-06-30,INVERCAP
Patrimonio total,643.745,USD,2020-06-30,INVERCAP
Total de patrimonio y pasivos,729.566,USD,2020-06-30,INVERCAP
Efectivo y equivalentes al efectivo,1.770,USD,2020-09-30,INVERCAP
Otros activos financieros corrientes,627,USD,2020-09-30,INVERCAP
Otros activos no financieros corrientes,-,USD,2020-09-30,INVERCAP
Deudores comerciales y otras cuentas por cobrar corrientes,736,USD,2020-09-30,INVERCAP
"Cuentas por cobrar a entidades relacionadas, corrientes",27.457,USD,2020-09-30,INVERCAP
Inventarios corrientes,-,USD,2020-09-30,INVERCAP
Activos biológicos corrientes,-,USD,2020-09-30,INVERCAP
"Activos por impuestos corrientes, corrientes",1.086,USD,2020-09-30,INVERCAP
Total de activos corrientes distintos de los activo o grupos de activos para su disposición clasificados como mantenidos para la venta o como mantenidos para distribuir a los propietarios,31.676,USD,2020-09-30,INVERCAP
Activos no corrientes o grupos de activos para su disposición clasificados como mantenidos para la venta o como mantenidos para distribuir a los propietarios,-,USD,2020-09-30,INVERCAP
Activos corrientes totales,31.676,USD,2020-09-30,INVERCAP
Otros activos financieros no corrientes,-,USD,2020-09-30,INVERCAP
Otros activos no financieros no corrientes,-,USD,2020-09-30,INVERCAP
Cuentas por cobrar no corrientes,-,USD,2020-09-30,INVERCAP
"Cuentas por cobrar a entidades relacionadas, no corrientes",-,USD,2020-09-30,INVERCAP
"Inventarios, no corrientes",-,USD,2020-09-30,INVERCAP
Inversiones contabilizadas utilizando el método de la participación,696.268,USD,2020-09-30,INVERCAP
Activos intangibles distintos de la plusvalía,1.121,USD,2020-09-30,INVERCAP
Plusvalía,1.877,USD,2020-09-30,INVERCAP
"Propiedades, planta y equipo",29.156,USD,2020-09-30,INVERCAP
Activos biológicos no corrientes,-,USD,2020-09-30,INVERCAP
Propiedad de inversión,-,USD,2020-09-30,INVERCAP
Activos por derecho de uso,-,USD,2020-09-30,INVERCAP
"Activos por impuestos corrientes, no corrientes",1.803,USD,2020-09-30,INVERCAP
Activos por impuestos diferidos,1.232,USD,2020-09-30,INVERCAP
Total de activos no corrientes,731.457,USD,2020-09-30,INVERCAP
Total de activos,763.133,USD,2020-09-30,INVERCAP
Otros pasivos financieros corrientes,28.731,USD,2020-09-30,INVERCAP
Pasivos por arrendamientos corrientes,-,USD,2020-09-30,INVERCAP
Cuentas por pagar comerciales y otras cuentas por pagar,14.943,USD,2020-09-30,INVERCAP
"Cuentas por pagar a entidades relacionadas, corrientes",89,USD,2020-09-30,INVERCAP
Otras provisiones a corto plazo,-,USD,2020-09-30,INVERCAP
"Pasivos por impuestos corrientes, corrientes",52,USD,2020-09-30,INVERCAP
Provisiones corrientes por beneficios a los empleados,299,USD,2020-09-30,INVERCAP
Otros pasivos no financieros corrientes,-,USD,2020-09-30,INVERCAP
Total de pasivos corrientes distintos de los pasivos incluidos en grupos de activos para su disposición clasificados como mantenidos para la venta,44.114,USD,2020-09-30,INVERCAP
Pasivos incluidos en grupos de activos para su disposición clasificados como mantenidos para la venta,-,USD,2020-09-30,INVERCAP
Pasivos corrientes totales,44.114,USD,2020-09-30,INVERCAP
Otros pasivos financieros no corrientes,47.306,USD,2020-09-30,INVERCAP
Pasivos por arrendamientos no corrientes,-,USD,2020-09-30,INVERCAP
Cuentas por pagar no corrientes,875,USD,2020-09-30,INVERCAP
"Cuentas por pagar a entidades relacionadas, no corrientes",-,USD,2020-09-30,INVERCAP
Otras provisiones a largo plazo,-,USD,2020-09-30,INVERCAP
Pasivo por impuestos diferidos,1.817,USD,2020-09-30,INVERCAP
"Pasivos por impuestos corrientes, no corrientes",-,USD,2020-09-30,INVERCAP
Provisiones no corrientes por beneficios a los empleados,436,USD,2020-09-30,INVERCAP
Otros pasivos no financieros no corrientes,-,USD,2020-09-30,INVERCAP
Total de pasivos no corrientes,50.434,USD,2020-09-30,INVERCAP
Total de pasivos,94.548,USD,2020-09-30,INVERCAP
Capital emitido y pagado,114.112,USD,2020-09-30,INVERCAP
Ganancias (pérdidas) acumuladas,564.786,USD,2020-09-30,INVERCAP
Prima de emisión,-,USD,2020-09-30,INVERCAP
Acciones propias en cartera,-,USD,2020-09-30,INVERCAP
Otras participaciones en el patrimonio,-,USD,2020-09-30,INVERCAP
Otras reservas,-10.313,USD,2020-09-30,INVERCAP
Patrimonio atribuible a los propietarios de la controladora,668.585,USD,2020-09-30,INVERCAP
Participaciones no controladoras,-,USD,2020-09-30,INVERCAP
Patrimonio total,668.585,USD,2020-09-30,INVERCAP
Total de patrimonio y pasivos,763.133,USD,2020-09-30,INVERCAP
Efectivo y equivalentes al efectivo,7.769,USD,2020-12-31,INVERCAP
Otros activos financieros corrientes,403,USD,2020-12-31,INVERCAP
Otros activos no financieros corrientes,-,USD,2020-12-31,INVERCAP
Deudores comerciales y otras cuentas por cobrar corrientes,936,USD,2020-12-31,INVERCAP
"Cuentas por cobrar a entidades relacionadas, corrientes",36.675,USD,2020-12-31,INVERCAP
Inventarios corrientes,-,USD,2020-12-31,INVERCAP
Activos biológicos corrientes,-,USD,2020-12-31,INVERCAP
"Activos por impuestos corrientes, corrientes",1.564,USD,2020-12-31,INVERCAP
Total de activos corrientes distintos de los activo o grupos de activos para su disposición clasificados como mantenidos para la venta o como mantenidos para distribuir a los propietarios,47.347,USD,2020-12-31,INVERCAP
Activos no corrientes o grupos de activos para su disposición clasificados como mantenidos para la venta o como mantenidos para distribuir a los propietarios,-,USD,2020-12-31,INVERCAP
Activos corrientes totales,47.347,USD,2020-12-31,INVERCAP
Otros activos financieros no corrientes,-,USD,2020-12-31,INVERCAP
Otros activos no financieros no corrientes,-,USD,2020-12-31,INVERCAP
Cuentas por cobrar no corrientes,-,USD,2020-12-31,INVERCAP
"Cuentas por cobrar a entidades relacionadas, no corrientes",-,USD,2020-12-31,INVERCAP
"Inventarios, no corrientes",-,USD,2020-12-31,INVERCAP
Inversiones contabilizadas utilizando el método de la participación,725.680,USD,2020-12-31,INVERCAP
Activos intangibles distintos de la plusvalía,1.121,USD,2020-12-31,INVERCAP
Plusvalía,1.877,USD,2020-12-31,INVERCAP
"Propiedades, planta y equipo",30.842,USD,2020-12-31,INVERCAP
Activos biológicos no corrientes,-,USD,2020-12-31,INVERCAP
Propiedad de inversión,-,USD,2020-12-31,INVERCAP
Activos por derecho de uso,-,USD,2020-12-31,INVERCAP
"Activos por impuestos corrientes, no corrientes",7.506,USD,2020-12-31,INVERCAP
Activos por impuestos diferidos,720,USD,2020-12-31,INVERCAP
Total de activos no corrientes,767.746,USD,2020-12-31,INVERCAP
Total de activos,815.093,USD,2020-12-31,INVERCAP
Otros pasivos financieros corrientes,28.897,USD,2020-12-31,INVERCAP
Pasivos por arrendamientos corrientes,-,USD,2020-12-31,INVERCAP
Cuentas por pagar comerciales y otras cuentas por pagar,23.747,USD,2020-12-31,INVERCAP
"Cuentas por pagar a entidades relacionadas, corrientes",96,USD,2020-12-31,INVERCAP
Otras provisiones a corto plazo,380,USD,2020-12-31,INVERCAP
"Pasivos por impuestos corrientes, corrientes",95,USD,2020-12-31,INVERCAP
Provisiones corrientes por beneficios a los empleados,337,USD,2020-12-31,INVERCAP
Otros pasivos no financieros corrientes,-,USD,2020-12-31,INVERCAP
Total de pasivos corrientes distintos de los pasivos incluidos en grupos de activos para su disposición clasificados como mantenidos para la venta,53.552,USD,2020-12-31,INVERCAP
Pasivos incluidos en grupos de activos para su disposición clasificados como mantenidos para la venta,-,USD,2020-12-31,INVERCAP
Pasivos corrientes totales,53.552,USD,2020-12-31,INVERCAP
Otros pasivos financieros no corrientes,47.860,USD,2020-12-31,INVERCAP
Pasivos por arrendamientos no corrientes,-,USD,2020-12-31,INVERCAP
Cuentas por pagar no corrientes,-,USD,2020-12-31,INVERCAP
"Cuentas por pagar a entidades relacionadas, no corrientes",-,USD,2020-12-31,INVERCAP
Otras provisiones a largo plazo,-,USD,2020-12-31,INVERCAP
Pasivo por impuestos diferidos,1.958,USD,2020-12-31,INVERCAP
"Pasivos por impuestos corrientes, no corrientes",-,USD,2020-12-31,INVERCAP
Provisiones no corrientes por beneficios a los empleados,481,USD,2020-12-31,INVERCAP
Otros pasivos no financieros no corrientes,-,USD,2020-12-31,INVERCAP
Total de pasivos no corrientes,50.299,USD,2020-12-31,INVERCAP
Total de pasivos,103.851,USD,2020-12-31,INVERCAP
Capital emitido y pagado,114.112,USD,2020-12-31,INVERCAP
Ganancias (pérdidas) acumuladas,603.692,USD,2020-12-31,INVERCAP
Prima de emisión,-,USD,2020-12-31,INVERCAP
Acciones propias en cartera,-,USD,2020-12-31,INVERCAP
Otras participaciones en el patrimonio,-,USD,2020-12-31,INVERCAP
Otras reservas,-6.562,USD,2020-12-31,INVERCAP
Patrimonio atribuible a los propietarios de la controladora,711.242,USD,2020-12-31,INVERCAP
Participaciones no controladoras,-,USD,2020-12-31,INVERCAP
Patrimonio total,711.242,USD,2020-12-31,INVERCAP
Total de patrimonio y pasivos,815.093,USD,2020-12-31,INVERCAP
Efectivo y equivalentes al efectivo,4.289,USD,2021-03-31,INVERCAP
Otros activos financieros corrientes,491,USD,2021-03-31,INVERCAP
Otros activos no financieros corrientes,-,USD,2021-03-31,INVERCAP
Deudores comerciales y otras cuentas por cobrar corrientes,999,USD,2021-03-31,INVERCAP
"Cuentas por cobrar a entidades relacionadas, corrientes",79.686,USD,2021-03-31,INVERCAP
Inventarios corrientes,-,USD,2021-03-31,INVERCAP
Activos biológicos corrientes,-,USD,2021-03-31,INVERCAP
"Activos por impuestos corrientes, corrientes",1.626,USD,2021-03-31,INVERCAP
Total de activos corrientes distintos de los activo o grupos de activos para su disposición clasificados como mantenidos para la venta o como mantenidos para distribuir a los propietarios,87.091,USD,2021-03-31,INVERCAP
Activos no corrientes o grupos de activos para su disposición clasificados como mantenidos para la venta o como mantenidos para distribuir a los propietarios,-,USD,2021-03-31,INVERCAP
Activos corrientes totales,87.091,USD,2021-03-31,INVERCAP
Otros activos financieros no corrientes,-,USD,2021-03-31,INVERCAP
Otros activos no financieros no corrientes,-,USD,2021-03-31,INVERCAP
Cuentas por cobrar no corrientes,-,USD,2021-03-31,INVERCAP
"Cuentas por cobrar a entidades relacionadas, no corrientes",-,USD,2021-03-31,INVERCAP
"Inventarios, no corrientes",-,USD,2021-03-31,INVERCAP
Inversiones contabilizadas utilizando el método de la participación,938.517,USD,2021-03-31,INVERCAP
Activos intangibles distintos de la plusvalía,1.121,USD,2021-03-31,INVERCAP
Plusvalía,1.877,USD,2021-03-31,INVERCAP
"Propiedades, planta y equipo",31.815,USD,2021-03-31,INVERCAP
Activos biológicos no corrientes,-,USD,2021-03-31,INVERCAP
Propiedad de inversión,-,USD,2021-03-31,INVERCAP
Activos por derecho de uso,-,USD,2021-03-31,INVERCAP
"Activos por impuestos corrientes, no corrientes",7.282,USD,2021-03-31,INVERCAP
Activos por impuestos diferidos,1.221,USD,2021-03-31,INVERCAP
Total de activos no corrientes,981.833,USD,2021-03-31,INVERCAP
Total de activos,1.068.924,USD,2021-03-31,INVERCAP
Otros pasivos financieros corrientes,95.052,USD,2021-03-31,INVERCAP
Pasivos por arrendamientos corrientes,-,USD,2021-03-31,INVERCAP
Cuentas por pagar comerciales y otras cuentas por pagar,48.095,USD,2021-03-31,INVERCAP
"Cuentas por pagar a entidades relacionadas, corrientes",46,USD,2021-03-31,INVERCAP
Otras provisiones a corto plazo,493,USD,2021-03-31,INVERCAP
"Pasivos por impuestos corrientes, corrientes",88,USD,2021-03-31,INVERCAP
Provisiones corrientes por beneficios a los empleados,56,USD,2021-03-31,INVERCAP
Otros pasivos no financieros corrientes,-,USD,2021-03-31,INVERCAP
Total de pasivos corrientes distintos de los pasivos incluidos en grupos de activos para su disposición clasificados como mantenidos para la venta,143.830,USD,2021-03-31,INVERCAP
Pasivos incluidos en grupos de activos para su disposición clasificados como mantenidos para la venta,-,USD,2021-03-31,INVERCAP
Pasivos corrientes totales,143.830,USD,2021-03-31,INVERCAP
Otros pasivos financieros no corrientes,90.860,USD,2021-03-31,INVERCAP
Pasivos por arrendamientos no corrientes,-,USD,2021-03-31,INVERCAP
Cuentas por pagar no corrientes,-,USD,2021-03-31,INVERCAP
"Cuentas por pagar a entidades relacionadas, no corrientes",-,USD,2021-03-31,INVERCAP
Otras provisiones a largo plazo,-,USD,2021-03-31,INVERCAP
Pasivo por impuestos diferidos,2.059,USD,2021-03-31,INVERCAP
"Pasivos por impuestos corrientes, no corrientes",-,USD,2021-03-31,INVERCAP
Provisiones no corrientes por beneficios a los empleados,481,USD,2021-03-31,INVERCAP
Otros pasivos no financieros no corrientes,-,USD,2021-03-31,INVERCAP
Total de pasivos no corrientes,93.400,USD,2021-03-31,INVERCAP
Total de pasivos,237.230,USD,2021-03-31,INVERCAP
Capital emitido y pagado,114.112,USD,2021-03-31,INVERCAP
Ganancias (pérdidas) acumuladas,725.257,USD,2021-03-31,INVERCAP
Prima de emisión,-,USD,2021-03-31,INVERCAP
Acciones propias en cartera,-,USD,2021-03-31,INVERCAP
Otras participaciones en el patrimonio,-,USD,2021-03-31,INVERCAP
Otras reservas,-7.675,USD,2021-03-31,INVERCAP
Patrimonio atribuible a los propietarios de la controladora,831.694,USD,2021-03-31,INVERCAP
Participaciones no controladoras,-,USD,2021-03-31,INVERCAP
Patrimonio total,831.694,USD,2021-03-31,INVERCAP
Total de patrimonio y pasivos,1.068.924,USD,2021-03-31,INVERCAP
Efectivo y equivalentes al efectivo,17.842,USD,2021-06-30,INVERCAP
Otros activos financieros corrientes,491,USD,2021-06-30,INVERCAP
Otros activos no financieros corrientes,-,USD,2021-06-30,INVERCAP
Deudores comerciales y otras cuentas por cobrar corrientes,553,USD,2021-06-30,INVERCAP
"Cuentas por cobrar a entidades relacionadas, corrientes",111.338,USD,2021-06-30,INVERCAP
Inventarios corrientes,-,USD,2021-06-30,INVERCAP
Activos biológicos corrientes,-,USD,2021-06-30,INVERCAP
"Activos por impuestos corrientes, corrientes",1.790,USD,2021-06-30,INVERCAP
Total de activos corrientes distintos de los activo o grupos de activos para su disposición clasificados como mantenidos para la venta o como mantenidos para distribuir a los propietarios,132.014,USD,2021-06-30,INVERCAP
Activos no corrientes o grupos de activos para su disposición clasificados como mantenidos para la venta o como mantenidos para distribuir a los propietarios,-,USD,2021-06-30,INVERCAP
Activos corrientes totales,132.014,USD,2021-06-30,INVERCAP
Otros activos financieros no corrientes,-,USD,2021-06-30,INVERCAP
Otros activos no financieros no corrientes,-,USD,2021-06-30,INVERCAP
Cuentas por cobrar no corrientes,-,USD,2021-06-30,INVERCAP
"Cuentas por cobrar a entidades relacionadas, no corrientes",-,USD,2021-06-30,INVERCAP
"Inventarios, no corrientes",-,USD,2021-06-30,INVERCAP
Inversiones contabilizadas utilizando el método de la participación,931.442,USD,2021-06-30,INVERCAP
Activos intangibles distintos de la plusvalía,1.121,USD,2021-06-30,INVERCAP
Plusvalía,1.877,USD,2021-06-30,INVERCAP
"Propiedades, planta y equipo",34.680,USD,2021-06-30,INVERCAP
Activos biológicos no corrientes,-,USD,2021-06-30,INVERCAP
Propiedad de inversión,-,USD,2021-06-30,INVERCAP
Activos por derecho de uso,-,USD,2021-06-30,INVERCAP
"Activos por impuestos corrientes, no corrientes",6.597,USD,2021-06-30,INVERCAP
Activos por impuestos diferidos,463,USD,2021-06-30,INVERCAP
Total de activos no corrientes,976.180,USD,2021-06-30,INVERCAP
Total de activos,1.108.194,USD,2021-06-30,INVERCAP
Otros pasivos financieros corrientes,51.061,USD,2021-06-30,INVERCAP
Pasivos por arrendamientos corrientes,-,USD,2021-06-30,INVERCAP
Cuentas por pagar comerciales y otras cuentas por pagar,66.573,USD,2021-06-30,INVERCAP
"Cuentas por pagar a entidades relacionadas, corrientes",22,USD,2021-06-30,INVERCAP
Otras provisiones a corto plazo,1.475,USD,2021-06-30,INVERCAP
"Pasivos por impuestos corrientes, corrientes",68,USD,2021-06-30,INVERCAP
Provisiones corrientes por beneficios a los empleados,65,USD,2021-06-30,INVERCAP
Otros pasivos no financieros corrientes,-,USD,2021-06-30,INVERCAP
Total de pasivos corrientes distintos de los pasivos incluidos en grupos de activos para su disposición clasificados como mantenidos para la venta,119.264,USD,2021-06-30,INVERCAP
Pasivos incluidos en grupos de activos para su disposición clasificados como mantenidos para la venta,-,USD,2021-06-30,INVERCAP
Pasivos corrientes totales,119.264,USD,2021-06-30,INVERCAP
Otros pasivos financieros no corrientes,65.956,USD,2021-06-30,INVERCAP
Pasivos por arrendamientos no corrientes,-,USD,2021-06-30,INVERCAP
Cuentas por pagar no corrientes,-,USD,2021-06-30,INVERCAP
"Cuentas por pagar a entidades relacionadas, no corrientes",-,USD,2021-06-30,INVERCAP
Otras provisiones a largo plazo,-,USD,2021-06-30,INVERCAP
Pasivo por impuestos diferidos,2.229,USD,2021-06-30,INVERCAP
"Pasivos por impuestos corrientes, no corrientes",-,USD,2021-06-30,INVERCAP
Provisiones no corrientes por beneficios a los empleados,486,USD,2021-06-30,INVERCAP
Otros pasivos no financieros no corrientes,-,USD,2021-06-30,INVERCAP
Total de pasivos no corrientes,68.671,USD,2021-06-30,INVERCAP
Total de pasivos,187.935,USD,2021-06-30,INVERCAP
Capital emitido y pagado,114.112,USD,2021-06-30,INVERCAP
Ganancias (pérdidas) acumuladas,816.736,USD,2021-06-30,INVERCAP
Prima de emisión,-,USD,2021-06-30,INVERCAP
Acciones propias en cartera,-,USD,2021-06-30,INVERCAP
Otras participaciones en el patrimonio,-,USD,2021-06-30,INVERCAP
Otras reservas,-10.589,USD,2021-06-30,INVERCAP
Patrimonio atribuible a los propietarios de la controladora,920.259,USD,2021-06-30,INVERCAP
Participaciones no controladoras,-,USD,2021-06-30,INVERCAP
Patrimonio total,920.259,USD,2021-06-30,INVERCAP
Total de patrimonio y pasivos,1.108.194,USD,2021-06-30,INVERCAP
Efectivo y equivalentes al efectivo,26.339,USD,2021-09-30,INVERCAP
Otros activos financieros corrientes,472,USD,2021-09-30,INVERCAP
Otros activos no financieros corrientes,-,USD,2021-09-30,INVERCAP
Deudores comerciales y otras cuentas por cobrar corrientes,514,USD,2021-09-30,INVERCAP
"Cuentas por cobrar a entidades relacionadas, corrientes",79.479,USD,2021-09-30,INVERCAP
Inventarios corrientes,-,USD,2021-09-30,INVERCAP
Activos biológicos corrientes,-,USD,2021-09-30,INVERCAP
"Activos por impuestos corrientes, corrientes",1.893,USD,2021-09-30,INVERCAP
Total de activos corrientes distintos de los activo o grupos de activos para su disposición clasificados como mantenidos para la venta o como mantenidos para distribuir a los propietarios,108.697,USD,2021-09-30,INVERCAP
Activos no corrientes o grupos de activos para su disposición clasificados como mantenidos para la venta o como mantenidos para distribuir a los propietarios,-,USD,2021-09-30,INVERCAP
Activos corrientes totales,108.697,USD,2021-09-30,INVERCAP
Otros activos financieros no corrientes,-,USD,2021-09-30,INVERCAP
Otros activos no financieros no corrientes,-,USD,2021-09-30,INVERCAP
Cuentas por cobrar no corrientes,-,USD,2021-09-30,INVERCAP
"Cuentas por cobrar a entidades relacionadas, no corrientes",-,USD,2021-09-30,INVERCAP
"Inventarios, no corrientes",-,USD,2021-09-30,INVERCAP
Inversiones contabilizadas utilizando el método de la participación,944.914,USD,2021-09-30,INVERCAP
Activos intangibles distintos de la plusvalía,1.123,USD,2021-09-30,INVERCAP
Plusvalía,1.877,USD,2021-09-30,INVERCAP
"Propiedades, planta y equipo",36.017,USD,2021-09-30,INVERCAP
Activos biológicos no corrientes,-,USD,2021-09-30,INVERCAP
Propiedad de inversión,-,USD,2021-09-30,INVERCAP
Activos por derecho de uso,-,USD,2021-09-30,INVERCAP
"Activos por impuestos corrientes, no corrientes",4.226,USD,2021-09-30,INVERCAP
Activos por impuestos diferidos,532,USD,2021-09-30,INVERCAP
Total de activos no corrientes,988.689,USD,2021-09-30,INVERCAP
Total de activos,1.097.386,USD,2021-09-30,INVERCAP
Otros pasivos financieros corrientes,45.747,USD,2021-09-30,INVERCAP
Pasivos por arrendamientos corrientes,-,USD,2021-09-30,INVERCAP
Cuentas por pagar comerciales y otras cuentas por pagar,42.354,USD,2021-09-30,INVERCAP
"Cuentas por pagar a entidades relacionadas, corrientes",24,USD,2021-09-30,INVERCAP
Otras provisiones a corto plazo,1.597,USD,2021-09-30,INVERCAP
"Pasivos por impuestos corrientes, corrientes",124,USD,2021-09-30,INVERCAP
Provisiones corrientes por beneficios a los empleados,27,USD,2021-09-30,INVERCAP
Otros pasivos no financieros corrientes,-,USD,2021-09-30,INVERCAP
Total de pasivos corrientes distintos de los pasivos incluidos en grupos de activos para su disposición clasificados como mantenidos para la venta,89.873,USD,2021-09-30,INVERCAP
Pasivos incluidos en grupos de activos para su disposición clasificados como mantenidos para la venta,-,USD,2021-09-30,INVERCAP
Pasivos corrientes totales,89.873,USD,2021-09-30,INVERCAP
Otros pasivos financieros no corrientes,72.730,USD,2021-09-30,INVERCAP
Pasivos por arrendamientos no corrientes,-,USD,2021-09-30,INVERCAP
Cuentas por pagar no corrientes,-,USD,2021-09-30,INVERCAP
"Cuentas por pagar a entidades relacionadas, no corrientes",-,USD,2021-09-30,INVERCAP
Otras provisiones a largo plazo,-,USD,2021-09-30,INVERCAP
Pasivo por impuestos diferidos,2.390,USD,2021-09-30,INVERCAP
"Pasivos por impuestos corrientes, no corrientes",-,USD,2021-09-30,INVERCAP
Provisiones no corrientes por beneficios a los empleados,463,USD,2021-09-30,INVERCAP
Otros pasivos no financieros no corrientes,-,USD,2021-09-30,INVERCAP
Total de pasivos no corrientes,75.583,USD,2021-09-30,INVERCAP
Total de pasivos,165.456,USD,2021-09-30,INVERCAP
Capital emitido y pagado,114.112,USD,2021-09-30,INVERCAP
Ganancias (pérdidas) acumuladas,835.742,USD,2021-09-30,INVERCAP
Prima de emisión,-,USD,2021-09-30,INVERCAP
Acciones propias en cartera,-,USD,2021-09-30,INVERCAP
Otras participaciones en el patrimonio,-,USD,2021-09-30,INVERCAP
Otras reservas,-17.924,USD,2021-09-30,INVERCAP
Patrimonio atribuible a los propietarios de la controladora,931.930,USD,2021-09-30,INVERCAP
Participaciones no controladoras,-,USD,2021-09-30,INVERCAP
Patrimonio total,931.930,USD,2021-09-30,INVERCAP
Total de patrimonio y pasivos,1.097.386,USD,2021-09-30,INVERCAP
Efectivo y equivalentes al efectivo,873.865,USD,2021-12-31,INVERCAP
Otros activos financieros corrientes,75.545,USD,2021-12-31,INVERCAP
Otros activos no financieros corrientes,27.507,USD,2021-12-31,INVERCAP
Deudores comerciales y otras cuentas por cobrar corrientes,316.562,USD,2021-12-31,INVERCAP
"Cuentas por cobrar a entidades relacionadas, corrientes",32.808,USD,2021-12-31,INVERCAP
Inventarios corrientes,558.869,USD,2021-12-31,INVERCAP
Activos biológicos corrientes,-,USD,2021-12-31,INVERCAP
"Activos por impuestos corrientes, corrientes",65.037,USD,2021-12-31,INVERCAP
Total de activos corrientes distintos de los activo o grupos de activos para su disposición clasificados como mantenidos para la venta o como mantenidos para distribuir a los propietarios,1.950.193,USD,2021-12-31,INVERCAP
Activos no corrientes o grupos de activos para su disposición clasificados como mantenidos para la venta o como mantenidos para distribuir a los propietarios,-,USD,2021-12-31,INVERCAP
Activos corrientes totales,1.950.193,USD,2021-12-31,INVERCAP
Otros activos financieros no corrientes,1.955,USD,2021-12-31,INVERCAP
Otros activos no financieros no corrientes,25.063,USD,2021-12-31,INVERCAP
Cuentas por cobrar no corrientes,22.376,USD,2021-12-31,INVERCAP
"Cuentas por cobrar a entidades relacionadas, no corrientes",-,USD,2021-12-31,INVERCAP
"Inventarios, no corrientes",-,USD,2021-12-31,INVERCAP
Inversiones contabilizadas utilizando el método de la participación,975,USD,2021-12-31,INVERCAP
Activos intangibles distintos de la plusvalía,1.559.636,USD,2021-12-31,INVERCAP
Plusvalía,1.877,USD,2021-12-31,INVERCAP
"Propiedades, planta y equipo",3.844.913,USD,2021-12-31,INVERCAP
Activos biológicos no corrientes,-,USD,2021-12-31,INVERCAP
Propiedad de inversión,55.799,USD,2021-12-31,INVERCAP
Activos por derecho de uso,94.163,USD,2021-12-31,INVERCAP
"Activos por impuestos corrientes, no corrientes",6.654,USD,2021-12-31,INVERCAP
Activos por impuestos diferidos,15.178,USD,2021-12-31,INVERCAP
Total de activos no corrientes,5.628.589,USD,2021-12-31,INVERCAP
Total de activos,7.578.782,USD,2021-12-31,INVERCAP
Otros pasivos financieros corrientes,199.313,USD,2021-12-31,INVERCAP
Pasivos por arrendamientos corrientes,12.276,USD,2021-12-31,INVERCAP
Cuentas por pagar comerciales y otras cuentas por pagar,779.807,USD,2021-12-31,INVERCAP
"Cuentas por pagar a entidades relacionadas, corrientes",301.740,USD,2021-12-31,INVERCAP
Otras provisiones a corto plazo,31.276,USD,2021-12-31,INVERCAP
"Pasivos por impuestos corrientes, corrientes",235.768,USD,2021-12-31,INVERCAP
Provisiones corrientes por beneficios a los empleados,38.587,USD,2021-12-31,INVERCAP
Otros pasivos no financieros corrientes,17.379,USD,2021-12-31,INVERCAP
Total de pasivos corrientes distintos de los pasivos incluidos en grupos de activos para su disposición clasificados como mantenidos para la venta,1.616.146,USD,2021-12-31,INVERCAP
Pasivos incluidos en grupos de activos para su disposición clasificados como mantenidos para la venta,-,USD,2021-12-31,INVERCAP
Pasivos corrientes totales,1.616.146,USD,2021-12-31,INVERCAP
Otros pasivos financieros no corrientes,623.959,USD,2021-12-31,INVERCAP
Pasivos por arrendamientos no corrientes,30.782,USD,2021-12-31,INVERCAP
Cuentas por pagar no corrientes,-,USD,2021-12-31,INVERCAP
"Cuentas por pagar a entidades relacionadas, no corrientes",11.897,USD,2021-12-31,INVERCAP
Otras provisiones a largo plazo,247.334,USD,2021-12-31,INVERCAP
Pasivo por impuestos diferidos,676.465,USD,2021-12-31,INVERCAP
"Pasivos por impuestos corrientes, no corrientes",-,USD,2021-12-31,INVERCAP
Provisiones no corrientes por beneficios a los empleados,64.926,USD,2021-12-31,INVERCAP
Otros pasivos no financieros no corrientes,1.485,USD,2021-12-31,INVERCAP
Total de pasivos no corrientes,1.656.848,USD,2021-12-31,INVERCAP
Total de pasivos,3.272.994,USD,2021-12-31,INVERCAP
Capital emitido y pagado,114.112,USD,2021-12-31,INVERCAP
Ganancias (pérdidas) acumuladas,1.070.963,USD,2021-12-31,INVERCAP
Prima de emisión,-,USD,2021-12-31,INVERCAP
Acciones propias en cartera,-,USD,2021-12-31,INVERCAP
Otras participaciones en el patrimonio,-,USD,2021-12-31,INVERCAP
Otras reservas,-19.675,USD,2021-12-31,INVERCAP
Patrimonio atribuible a los propietarios de la controladora,1.165.400,USD,2021-12-31,INVERCAP
Participaciones no controladoras,3.140.388,USD,2021-12-31,INVERCAP
Patrimonio total,4.305.788,USD,2021-12-31,INVERCAP
Total de patrimonio y pasivos,7.578.782,USD,2021-12-31,INVERCAP
Efectivo y equivalentes al efectivo,725.962,USD,2022-03-31,INVERCAP
Otros activos financieros corrientes,94.951,USD,2022-03-31,INVERCAP
Otros activos no financieros corrientes,26.243,USD,2022-03-31,INVERCAP
Deudores comerciales y otras cuentas por cobrar corrientes,508.855,USD,2022-03-31,INVERCAP
"Cuentas por cobrar a entidades relacionadas, corrientes",82.854,USD,2022-03-31,INVERCAP
Inventarios corrientes,722.630,USD,2022-03-31,INVERCAP
Activos biológicos corrientes,-,USD,2022-03-31,INVERCAP
"Activos por impuestos corrientes, corrientes",78.816,USD,2022-03-31,INVERCAP
Total de activos corrientes distintos de los activo o grupos de activos para su disposición clasificados como mantenidos para la venta o como mantenidos para distribuir a los propietarios,2.240.311,USD,2022-03-31,INVERCAP
Activos no corrientes o grupos de activos para su disposición clasificados como mantenidos para la venta o como mantenidos para distribuir a los propietarios,-,USD,2022-03-31,INVERCAP
Activos corrientes totales,2.240.311,USD,2022-03-31,INVERCAP
Otros activos financieros no corrientes,5.310,USD,2022-03-31,INVERCAP
Otros activos no financieros no corrientes,24.604,USD,2022-03-31,INVERCAP
Cuentas por cobrar no corrientes,24.331,USD,2022-03-31,INVERCAP
"Cuentas por cobrar a entidades relacionadas, no corrientes",-,USD,2022-03-31,INVERCAP
"Inventarios, no corrientes",-,USD,2022-03-31,INVERCAP
Inversiones contabilizadas utilizando el método de la participación,1.403,USD,2022-03-31,INVERCAP
Activos intangibles distintos de la plusvalía,1.552.260,USD,2022-03-31,INVERCAP
Plusvalía,1.877,USD,2022-03-31,INVERCAP
"Propiedades, planta y equipo",3.850.599,USD,2022-03-31,INVERCAP
Activos biológicos no corrientes,-,USD,2022-03-31,INVERCAP
Propiedad de inversión,55.799,USD,2022-03-31,INVERCAP
Activos por derecho de uso,108.964,USD,2022-03-31,INVERCAP
"Activos por impuestos corrientes, no corrientes",6.665,USD,2022-03-31,INVERCAP
Activos por impuestos diferidos,15.056,USD,2022-03-31,INVERCAP
Total de activos no corrientes,5.646.868,USD,2022-03-31,INVERCAP
Total de activos,7.887.179,USD,2022-03-31,INVERCAP
Otros pasivos financieros corrientes,212.259,USD,2022-03-31,INVERCAP
Pasivos por arrendamientos corrientes,16.490,USD,2022-03-31,INVERCAP
Cuentas por pagar comerciales y otras cuentas por pagar,855.971,USD,2022-03-31,INVERCAP
"Cuentas por pagar a entidades relacionadas, corrientes",325.000,USD,2022-03-31,INVERCAP
Otras provisiones a corto plazo,33.967,USD,2022-03-31,INVERCAP
"Pasivos por impuestos corrientes, corrientes",301.384,USD,2022-03-31,INVERCAP
Provisiones corrientes por beneficios a los empleados,41.913,USD,2022-03-31,INVERCAP
Otros pasivos no financieros corrientes,19.520,USD,2022-03-31,INVERCAP
Total de pasivos corrientes distintos de los pasivos incluidos en grupos de activos para su disposición clasificados como mantenidos para la venta,1.806.504,USD,2022-03-31,INVERCAP
Pasivos incluidos en grupos de activos para su disposición clasificados como mantenidos para la venta,-,USD,2022-03-31,INVERCAP
Pasivos corrientes totales,1.806.504,USD,2022-03-31,INVERCAP
Otros pasivos financieros no corrientes,598.498,USD,2022-03-31,INVERCAP
Pasivos por arrendamientos no corrientes,49.227,USD,2022-03-31,INVERCAP
Cuentas por pagar no corrientes,-,USD,2022-03-31,INVERCAP
"Cuentas por pagar a entidades relacionadas, no corrientes",13.003,USD,2022-03-31,INVERCAP
Otras provisiones a largo plazo,248.536,USD,2022-03-31,INVERCAP
Pasivo por impuestos diferidos,676.353,USD,2022-03-31,INVERCAP
"Pasivos por impuestos corrientes, no corrientes",-,USD,2022-03-31,INVERCAP
Provisiones no corrientes por beneficios a los empleados,70.219,USD,2022-03-31,INVERCAP
Otros pasivos no financieros no corrientes,4.080,USD,2022-03-31,INVERCAP
Total de pasivos no corrientes,1.659.916,USD,2022-03-31,INVERCAP
Total de pasivos,3.466.420,USD,2022-03-31,INVERCAP
Capital emitido y pagado,114.112,USD,2022-03-31,INVERCAP
Ganancias (pérdidas) acumuladas,1.108.569,USD,2022-03-31,INVERCAP
Prima de emisión,-,USD,2022-03-31,INVERCAP
Acciones propias en cartera,-,USD,2022-03-31,INVERCAP
Otras participaciones en el patrimonio,-,USD,2022-03-31,INVERCAP
Otras reservas,-14.443,USD,2022-03-31,INVERCAP
Patrimonio atribuible a los propietarios de la controladora,1.208.238,USD,2022-03-31,INVERCAP
Participaciones no controladoras,3.212.521,USD,2022-03-31,INVERCAP
Patrimonio total,4.420.759,USD,2022-03-31,INVERCAP
Total de patrimonio y pasivos,7.887.179,USD,2022-03-31,INVERCAP
Efectivo y equivalentes al efectivo,302.481,USD,2022-06-30,INVERCAP
Otros activos financieros corrientes,59.069,USD,2022-06-30,INVERCAP
Otros activos no financieros corrientes,30.430,USD,2022-06-30,INVERCAP
Deudores comerciales y otras cuentas por cobrar corrientes,298.587,USD,2022-06-30,INVERCAP
"Cuentas por cobrar a entidades relacionadas, corrientes",50.247,USD,2022-06-30,INVERCAP
Inventarios corrientes,828.926,USD,2022-06-30,INVERCAP
Activos biológicos corrientes,-,USD,2022-06-30,INVERCAP
"Activos por impuestos corrientes, corrientes",60.213,USD,2022-06-30,INVERCAP
Total de activos corrientes distintos de los activo o grupos de activos para su disposición clasificados como mantenidos para la venta o como mantenidos para distribuir a los propietarios,1.629.953,USD,2022-06-30,INVERCAP
Activos no corrientes o grupos de activos para su disposición clasificados como mantenidos para la venta o como mantenidos para distribuir a los propietarios,-,USD,2022-06-30,INVERCAP
Activos corrientes totales,1.629.953,USD,2022-06-30,INVERCAP
Otros activos financieros no corrientes,7.367,USD,2022-06-30,INVERCAP
Otros activos no financieros no corrientes,20.575,USD,2022-06-30,INVERCAP
Cuentas por cobrar no corrientes,21.810,USD,2022-06-30,INVERCAP
"Cuentas por cobrar a entidades relacionadas, no corrientes",2.439,USD,2022-06-30,INVERCAP
"Inventarios, no corrientes",-,USD,2022-06-30,INVERCAP
Inversiones contabilizadas utilizando el método de la participación,661,USD,2022-06-30,INVERCAP
Activos intangibles distintos de la plusvalía,1.537.035,USD,2022-06-30,INVERCAP
Plusvalía,1.877,USD,2022-06-30,INVERCAP
"Propiedades, planta y equipo",3.852.011,USD,2022-06-30,INVERCAP
Activos biológicos no corrientes,-,USD,2022-06-30,INVERCAP
Propiedad de inversión,55.799,USD,2022-06-30,INVERCAP
Activos por derecho de uso,121.583,USD,2022-06-30,INVERCAP
"Activos por impuestos corrientes, no corrientes",9.880,USD,2022-06-30,INVERCAP
Activos por impuestos diferidos,13.255,USD,2022-06-30,INVERCAP
Total de activos no corrientes,5.644.292,USD,2022-06-30,INVERCAP
Total de activos,7.274.245,USD,2022-06-30,INVERCAP
Otros pasivos financieros corrientes,199.579,USD,2022-06-30,INVERCAP
Pasivos por arrendamientos corrientes,18.163,USD,2022-06-30,INVERCAP
Cuentas por pagar comerciales y otras cuentas por pagar,720.354,USD,2022-06-30,INVERCAP
"Cuentas por pagar a entidades relacionadas, corrientes",249.388,USD,2022-06-30,INVERCAP
Otras provisiones a corto plazo,24.763,USD,2022-06-30,INVERCAP
"Pasivos por impuestos corrientes, corrientes",16.308,USD,2022-06-30,INVERCAP
Provisiones corrientes por beneficios a los empleados,22.527,USD,2022-06-30,INVERCAP
Otros pasivos no financieros corrientes,20.503,USD,2022-06-30,INVERCAP
Total de pasivos corrientes distintos de los pasivos incluidos en grupos de activos para su disposición clasificados como mantenidos para la venta,1.271.585,USD,2022-06-30,INVERCAP
Pasivos incluidos en grupos de activos para su disposición clasificados como mantenidos para la venta,-,USD,2022-06-30,INVERCAP
Pasivos corrientes totales,1.271.585,USD,2022-06-30,INVERCAP
Otros pasivos financieros no corrientes,606.309,USD,2022-06-30,INVERCAP
Pasivos por arrendamientos no corrientes,61.021,USD,2022-06-30,INVERCAP
Cuentas por pagar no corrientes,-,USD,2022-06-30,INVERCAP
"Cuentas por pagar a entidades relacionadas, no corrientes",11.554,USD,2022-06-30,INVERCAP
Otras provisiones a largo plazo,250.453,USD,2022-06-30,INVERCAP
Pasivo por impuestos diferidos,676.101,USD,2022-06-30,INVERCAP
"Pasivos por impuestos corrientes, no corrientes",-,USD,2022-06-30,INVERCAP
Provisiones no corrientes por beneficios a los empleados,64.145,USD,2022-06-30,INVERCAP
Otros pasivos no financieros no corrientes,7.503,USD,2022-06-30,INVERCAP
Total de pasivos no corrientes,1.677.086,USD,2022-06-30,INVERCAP
Total de pasivos,2.948.671,USD,2022-06-30,INVERCAP
Capital emitido y pagado,114.112,USD,2022-06-30,INVERCAP
Ganancias (pérdidas) acumuladas,1.093.902,USD,2022-06-30,INVERCAP
Prima de emisión,-,USD,2022-06-30,INVERCAP
Acciones propias en cartera,-,USD,2022-06-30,INVERCAP
Otras participaciones en el patrimonio,-,USD,2022-06-30,INVERCAP
Otras reservas,-25.020,USD,2022-06-30,INVERCAP
Patrimonio atribuible a los propietarios de la controladora,1.182.994,USD,2022-06-30,INVERCAP
Participaciones no controladoras,3.142.580,USD,2022-06-30,INVERCAP
Patrimonio total,4.325.574,USD,2022-06-30,INVERCAP
Total de patrimonio y pasivos,7.274.245,USD,2022-06-30,INVERCAP
Efectivo y equivalentes al efectivo,257.677,USD,2022-09-30,INVERCAP
Otros activos financieros corrientes,70.049,USD,2022-09-30,INVERCAP
Otros activos no financieros corrientes,29.985,USD,2022-09-30,INVERCAP
Deudores comerciales y otras cuentas por cobrar corrientes,245.506,USD,2022-09-30,INVERCAP
"Cuentas por cobrar a entidades relacionadas, corrientes",29.858,USD,2022-09-30,INVERCAP
Inventarios corrientes,793.580,USD,2022-09-30,INVERCAP
Activos biológicos corrientes,-,USD,2022-09-30,INVERCAP
"Activos por impuestos corrientes, corrientes",116.585,USD,2022-09-30,INVERCAP
Total de activos corrientes distintos de los activo o grupos de activos para su disposición clasificados como mantenidos para la venta o como mantenidos para distribuir a los propietarios,1.543.240,USD,2022-09-30,INVERCAP
Activos no corrientes o grupos de activos para su disposición clasificados como mantenidos para la venta o como mantenidos para distribuir a los propietarios,2.003,USD,2022-09-30,INVERCAP
Activos corrientes totales,1.545.243,USD,2022-09-30,INVERCAP
Otros activos financieros no corrientes,13.239,USD,2022-09-30,INVERCAP
Otros activos no financieros no corrientes,18.580,USD,2022-09-30,INVERCAP
Cuentas por cobrar no corrientes,21.603,USD,2022-09-30,INVERCAP
"Cuentas por cobrar a entidades relacionadas, no corrientes",2.439,USD,2022-09-30,INVERCAP
"Inventarios, no corrientes",-,USD,2022-09-30,INVERCAP
Inversiones contabilizadas utilizando el método de la participación,1.121,USD,2022-09-30,INVERCAP
Activos intangibles distintos de la plusvalía,1.525.472,USD,2022-09-30,INVERCAP
Plusvalía,1.876,USD,2022-09-30,INVERCAP
"Propiedades, planta y equipo",3.923.104,USD,2022-09-30,INVERCAP
Activos biológicos no corrientes,-,USD,2022-09-30,INVERCAP
Propiedad de inversión,55.799,USD,2022-09-30,INVERCAP
Activos por derecho de uso,112.639,USD,2022-09-30,INVERCAP
"Activos por impuestos corrientes, no corrientes",8.173,USD,2022-09-30,INVERCAP
Activos por impuestos diferidos,24.811,USD,2022-09-30,INVERCAP
Total de activos no corrientes,5.708.856,USD,2022-09-30,INVERCAP
Total de activos,7.254.099,USD,2022-09-30,INVERCAP
Otros pasivos financieros corrientes,332.027,USD,2022-09-30,INVERCAP
Pasivos por arrendamientos corrientes,15.338,USD,2022-09-30,INVERCAP
Cuentas por pagar comerciales y otras cuentas por pagar,629.962,USD,2022-09-30,INVERCAP
"Cuentas por pagar a entidades relacionadas, corrientes",192.492,USD,2022-09-30,INVERCAP
Otras provisiones a corto plazo,20.377,USD,2022-09-30,INVERCAP
"Pasivos por impuestos corrientes, corrientes",13.788,USD,2022-09-30,INVERCAP
Provisiones corrientes por beneficios a los empleados,27.588,USD,2022-09-30,INVERCAP
Otros pasivos no financieros corrientes,19.738,USD,2022-09-30,INVERCAP
Total de pasivos corrientes distintos de los pasivos incluidos en grupos de activos para su disposición clasificados como mantenidos para la venta,1.251.310,USD,2022-09-30,INVERCAP
Pasivos incluidos en grupos de activos para su disposición clasificados como mantenidos para la venta,7.552,USD,2022-09-30,INVERCAP
Pasivos corrientes totales,1.258.862,USD,2022-09-30,INVERCAP
Otros pasivos financieros no corrientes,626.517,USD,2022-09-30,INVERCAP
Pasivos por arrendamientos no corrientes,56.048,USD,2022-09-30,INVERCAP
Cuentas por pagar no corrientes,-,USD,2022-09-30,INVERCAP
"Cuentas por pagar a entidades relacionadas, no corrientes",11.634,USD,2022-09-30,INVERCAP
Otras provisiones a largo plazo,251.537,USD,2022-09-30,INVERCAP
Pasivo por impuestos diferidos,669.093,USD,2022-09-30,INVERCAP
"Pasivos por impuestos corrientes, no corrientes",-,USD,2022-09-30,INVERCAP
Provisiones no corrientes por beneficios a los empleados,65.312,USD,2022-09-30,INVERCAP
Otros pasivos no financieros no corrientes,2.795,USD,2022-09-30,INVERCAP
Total de pasivos no corrientes,1.682.936,USD,2022-09-30,INVERCAP
Total de pasivos,2.941.798,USD,2022-09-30,INVERCAP
Capital emitido y pagado,114.112,USD,2022-09-30,INVERCAP
Ganancias (pérdidas) acumuladas,1.091.119,USD,2022-09-30,INVERCAP
Prima de emisión,-,USD,2022-09-30,INVERCAP
Acciones propias en cartera,-,USD,2022-09-30,INVERCAP
Otras participaciones en el patrimonio,-,USD,2022-09-30,INVERCAP
Otras reservas,-25.751,USD,2022-09-30,INVERCAP
Patrimonio atribuible a los propietarios de la controladora,1.179.480,USD,2022-09-30,INVERCAP
Participaciones no controladoras,3.132.821,USD,2022-09-30,INVERCAP
Patrimonio total,4.312.301,USD,2022-09-30,INVERCAP
Total de patrimonio y pasivos,7.254.099,USD,2022-09-30,INVERCAP
Efectivo y equivalentes al efectivo,272.291,USD,2022-12-31,INVERCAP
Otros activos financieros corrientes,79.353,USD,2022-12-31,INVERCAP
Otros activos no financieros corrientes,62.756,USD,2022-12-31,INVERCAP
Deudores comerciales y otras cuentas por cobrar corrientes,438.463,USD,2022-12-31,INVERCAP
"Cuentas por cobrar a entidades relacionadas, corrientes",18.624,USD,2022-12-31,INVERCAP
Inventarios corrientes,768.964,USD,2022-12-31,INVERCAP
Activos biológicos corrientes,-,USD,2022-12-31,INVERCAP
"Activos por impuestos corrientes, corrientes",45.235,USD,2022-12-31,INVERCAP
Total de activos corrientes distintos de los activo o grupos de activos para su disposición clasificados como mantenidos para la venta o como mantenidos para distribuir a los propietarios,1.685.686,USD,2022-12-31,INVERCAP
Activos no corrientes o grupos de activos para su disposición clasificados como mantenidos para la venta o como mantenidos para distribuir a los propietarios,2.448,USD,2022-12-31,INVERCAP
Activos corrientes totales,1.688.134,USD,2022-12-31,INVERCAP
Otros activos financieros no corrientes,12.835,USD,2022-12-31,INVERCAP
Otros activos no financieros no corrientes,22.124,USD,2022-12-31,INVERCAP
Cuentas por cobrar no corrientes,23.021,USD,2022-12-31,INVERCAP
"Cuentas por cobrar a entidades relacionadas, no corrientes",3.373,USD,2022-12-31,INVERCAP
"Inventarios, no corrientes",-,USD,2022-12-31,INVERCAP
Inversiones contabilizadas utilizando el método de la participación,912,USD,2022-12-31,INVERCAP
Activos intangibles distintos de la plusvalía,1.412.693,USD,2022-12-31,INVERCAP
Plusvalía,-,USD,2022-12-31,INVERCAP
"Propiedades, planta y equipo",3.985.900,USD,2022-12-31,INVERCAP
Activos biológicos no corrientes,-,USD,2022-12-31,INVERCAP
Propiedad de inversión,60.716,USD,2022-12-31,INVERCAP
Activos por derecho de uso,94.519,USD,2022-12-31,INVERCAP
"Activos por impuestos corrientes, no corrientes",11.537,USD,2022-12-31,INVERCAP
Activos por impuestos diferidos,49.172,USD,2022-12-31,INVERCAP
Total de activos no corrientes,5.676.802,USD,2022-12-31,INVERCAP
Total de activos,7.364.936,USD,2022-12-31,INVERCAP
Otros pasivos financieros corrientes,452.460,USD,2022-12-31,INVERCAP
Pasivos por arrendamientos corrientes,15.535,USD,2022-12-31,INVERCAP
Cuentas por pagar comerciales y otras cuentas por pagar,714.542,USD,2022-12-31,INVERCAP
"Cuentas por pagar a entidades relacionadas, corrientes",200.715,USD,2022-12-31,INVERCAP
Otras provisiones a corto plazo,28.453,USD,2022-12-31,INVERCAP
"Pasivos por impuestos corrientes, corrientes",8.016,USD,2022-12-31,INVERCAP
Provisiones corrientes por beneficios a los empleados,32.771,USD,2022-12-31,INVERCAP
Otros pasivos no financieros corrientes,13.349,USD,2022-12-31,INVERCAP
Total de pasivos corrientes distintos de los pasivos incluidos en grupos de activos para su disposición clasificados como mantenidos para la venta,1.465.841,USD,2022-12-31,INVERCAP
Pasivos incluidos en grupos de activos para su disposición clasificados como mantenidos para la venta,3.652,USD,2022-12-31,INVERCAP
Pasivos corrientes totales,1.469.493,USD,2022-12-31,INVERCAP
Otros pasivos financieros no corrientes,595.827,USD,2022-12-31,INVERCAP
Pasivos por arrendamientos no corrientes,55.800,USD,2022-12-31,INVERCAP
Cuentas por pagar no corrientes,-,USD,2022-12-31,INVERCAP
"Cuentas por pagar a entidades relacionadas, no corrientes",-,USD,2022-12-31,INVERCAP
Otras provisiones a largo plazo,267.327,USD,2022-12-31,INVERCAP
Pasivo por impuestos diferidos,629.501,USD,2022-12-31,INVERCAP
"Pasivos por impuestos corrientes, no corrientes",-,USD,2022-12-31,INVERCAP
Provisiones no corrientes por beneficios a los empleados,75.688,USD,2022-12-31,INVERCAP
Otros pasivos no financieros no corrientes,9.118,USD,2022-12-31,INVERCAP
Total de pasivos no corrientes,1.633.261,USD,2022-12-31,INVERCAP
Total de pasivos,3.102.754,USD,2022-12-31,INVERCAP
Capital emitido y pagado,114.112,USD,2022-12-31,INVERCAP
Ganancias (pérdidas) acumuladas,1.063.839,USD,2022-12-31,INVERCAP
Prima de emisión,-,USD,2022-12-31,INVERCAP
Acciones propias en cartera,-,USD,2022-12-31,INVERCAP
Otras participaciones en el patrimonio,-,USD,2022-12-31,INVERCAP
Otras reservas,-19.703,USD,2022-12-31,INVERCAP
Patrimonio atribuible a los propietarios de la controladora,1.158.248,USD,2022-12-31,INVERCAP
Participaciones no controladoras,3.103.934,USD,2022-12-31,INVERCAP
Patrimonio total,4.262.182,USD,2022-12-31,INVERCAP
Total de patrimonio y pasivos,7.364.936,USD,2022-12-31,INVERCAP
Efectivo y equivalentes al efectivo,274.885,USD,2023-03-31,INVERCAP
Otros activos financieros corrientes,62.859,USD,2023-03-31,INVERCAP
Otros activos no financieros corrientes,62.837,USD,2023-03-31,INVERCAP
Deudores comerciales y otras cuentas por cobrar corrientes,451.093,USD,2023-03-31,INVERCAP
"Cuentas por cobrar a entidades relacionadas, corrientes",40.627,USD,2023-03-31,INVERCAP
Inventarios corrientes,799.483,USD,2023-03-31,INVERCAP
Activos biológicos corrientes,-,USD,2023-03-31,INVERCAP
"Activos por impuestos corrientes, corrientes",68.422,USD,2023-03-31,INVERCAP
Total de activos corrientes distintos de los activo o grupos de activos para su disposición clasificados como mantenidos para la venta o como mantenidos para distribuir a los propietarios,1.760.206,USD,2023-03-31,INVERCAP
Activos no corrientes o grupos de activos para su disposición clasificados como mantenidos para la venta o como mantenidos para distribuir a los propietarios,1.037,USD,2023-03-31,INVERCAP
Activos corrientes totales,1.761.243,USD,2023-03-31,INVERCAP
Otros activos financieros no corrientes,9.202,USD,2023-03-31,INVERCAP
Otros activos no financieros no corrientes,22.851,USD,2023-03-31,INVERCAP
Cuentas por cobrar no corrientes,23.081,USD,2023-03-31,INVERCAP
"Cuentas por cobrar a entidades relacionadas, no corrientes",3.373,USD,2023-03-31,INVERCAP
"Inventarios, no corrientes",-,USD,2023-03-31,INVERCAP
Inversiones contabilizadas utilizando el método de la participación,935,USD,2023-03-31,INVERCAP
Activos intangibles distintos de la plusvalía,1.404.665,USD,2023-03-31,INVERCAP
Plusvalía,-,USD,2023-03-31,INVERCAP
"Propiedades, planta y equipo",4.065.334,USD,2023-03-31,INVERCAP
Activos biológicos no corrientes,-,USD,2023-03-31,INVERCAP
Propiedad de inversión,60.710,USD,2023-03-31,INVERCAP
Activos por derecho de uso,80.285,USD,2023-03-31,INVERCAP
"Activos por impuestos corrientes, no corrientes",12.424,USD,2023-03-31,INVERCAP
Activos por impuestos diferidos,50.112,USD,2023-03-31,INVERCAP
Total de activos no corrientes,5.732.972,USD,2023-03-31,INVERCAP
Total de activos,7.494.215,USD,2023-03-31,INVERCAP
Otros pasivos financieros corrientes,544.626,USD,2023-03-31,INVERCAP
Pasivos por arrendamientos corrientes,16.115,USD,2023-03-31,INVERCAP
Cuentas por pagar comerciales y otras cuentas por pagar,672.679,USD,2023-03-31,INVERCAP
"Cuentas por pagar a entidades relacionadas, corrientes",231.502,USD,2023-03-31,INVERCAP
Otras provisiones a corto plazo,19.339,USD,2023-03-31,INVERCAP
"Pasivos por impuestos corrientes, corrientes",11.928,USD,2023-03-31,INVERCAP
Provisiones corrientes por beneficios a los empleados,34.304,USD,2023-03-31,INVERCAP
Otros pasivos no financieros corrientes,15.103,USD,2023-03-31,INVERCAP
Total de pasivos corrientes distintos de los pasivos incluidos en grupos de activos para su disposición clasificados como mantenidos para la venta,1.545.596,USD,2023-03-31,INVERCAP
Pasivos incluidos en grupos de activos para su disposición clasificados como mantenidos para la venta,2.262,USD,2023-03-31,INVERCAP
Pasivos corrientes totales,1.547.858,USD,2023-03-31,INVERCAP
Otros pasivos financieros no corrientes,593.434,USD,2023-03-31,INVERCAP
Pasivos por arrendamientos no corrientes,54.268,USD,2023-03-31,INVERCAP
Cuentas por pagar no corrientes,-,USD,2023-03-31,INVERCAP
"Cuentas por pagar a entidades relacionadas, no corrientes",-,USD,2023-03-31,INVERCAP
Otras provisiones a largo plazo,283.373,USD,2023-03-31,INVERCAP
Pasivo por impuestos diferidos,640.631,USD,2023-03-31,INVERCAP
"Pasivos por impuestos corrientes, no corrientes",-,USD,2023-03-31,INVERCAP
Provisiones no corrientes por beneficios a los empleados,84.367,USD,2023-03-31,INVERCAP
Otros pasivos no financieros no corrientes,9.016,USD,2023-03-31,INVERCAP
Total de pasivos no corrientes,1.665.089,USD,2023-03-31,INVERCAP
Total de pasivos,3.212.947,USD,2023-03-31,INVERCAP
Capital emitido y pagado,114.112,USD,2023-03-31,INVERCAP
Ganancias (pérdidas) acumuladas,1.063.282,USD,2023-03-31,INVERCAP
Prima de emisión,-,USD,2023-03-31,INVERCAP
Acciones propias en cartera,-,USD,2023-03-31,INVERCAP
Otras participaciones en el patrimonio,-,USD,2023-03-31,INVERCAP
Otras reservas,-15.340,USD,2023-03-31,INVERCAP
Patrimonio atribuible a los propietarios de la controladora,1.162.054,USD,2023-03-31,INVERCAP
Participaciones no controladoras,3.119.214,USD,2023-03-31,INVERCAP
Patrimonio total,4.281.268,USD,2023-03-31,INVERCAP
Total de patrimonio y pasivos,7.494.215,USD,2023-03-31,INVERCAP
Efectivo y equivalentes al efectivo,291.715,USD,2023-06-30,INVERCAP
Otros activos financieros corrientes,58.674,USD,2023-06-30,INVERCAP
Otros activos no financieros corrientes,95.195,USD,2023-06-30,INVERCAP
Deudores comerciales y otras cuentas por cobrar corrientes,307.796,USD,2023-06-30,INVERCAP
"Cuentas por cobrar a entidades relacionadas, corrientes",32.215,USD,2023-06-30,INVERCAP
Inventarios corrientes,799.026,USD,2023-06-30,INVERCAP
Activos biológicos corrientes,-,USD,2023-06-30,INVERCAP
"Activos por impuestos corrientes, corrientes",113.065,USD,2023-06-30,INVERCAP
Total de activos corrientes distintos de los activo o grupos de activos para su disposición clasificados como mantenidos para la venta o como mantenidos para distribuir a los propietarios,1.697.686,USD,2023-06-30,INVERCAP
Activos no corrientes o grupos de activos para su disposición clasificados como mantenidos para la venta o como mantenidos para distribuir a los propietarios,1.214,USD,2023-06-30,INVERCAP
Activos corrientes totales,1.698.900,USD,2023-06-30,INVERCAP
Otros activos financieros no corrientes,11.432,USD,2023-06-30,INVERCAP
Otros activos no financieros no corrientes,77.856,USD,2023-06-30,INVERCAP
Cuentas por cobrar no corrientes,23.078,USD,2023-06-30,INVERCAP
"Cuentas por cobrar a entidades relacionadas, no corrientes",3.374,USD,2023-06-30,INVERCAP
"Inventarios, no corrientes",-,USD,2023-06-30,INVERCAP
Inversiones contabilizadas utilizando el método de la participación,1.030,USD,2023-06-30,INVERCAP
Activos intangibles distintos de la plusvalía,1.393.556,USD,2023-06-30,INVERCAP
Plusvalía,-,USD,2023-06-30,INVERCAP
"Propiedades, planta y equipo",3.978.425,USD,2023-06-30,INVERCAP
Activos biológicos no corrientes,-,USD,2023-06-30,INVERCAP
Propiedad de inversión,57.854,USD,2023-06-30,INVERCAP
Activos por derecho de uso,99.828,USD,2023-06-30,INVERCAP
"Activos por impuestos corrientes, no corrientes",7.311,USD,2023-06-30,INVERCAP
Activos por impuestos diferidos,130.589,USD,2023-06-30,INVERCAP
Total de activos no corrientes,5.784.333,USD,2023-06-30,INVERCAP
Total de activos,7.483.233,USD,2023-06-30,INVERCAP
Otros pasivos financieros corrientes,601.168,USD,2023-06-30,INVERCAP
Pasivos por arrendamientos corrientes,17.236,USD,2023-06-30,INVERCAP
Cuentas por pagar comerciales y otras cuentas por pagar,677.478,USD,2023-06-30,INVERCAP
"Cuentas por pagar a entidades relacionadas, corrientes",223.749,USD,2023-06-30,INVERCAP
Otras provisiones a corto plazo,17.267,USD,2023-06-30,INVERCAP
"Pasivos por impuestos corrientes, corrientes",4.187,USD,2023-06-30,INVERCAP
Provisiones corrientes por beneficios a los empleados,29.424,USD,2023-06-30,INVERCAP
Otros pasivos no financieros corrientes,24.116,USD,2023-06-30,INVERCAP
Total de pasivos corrientes distintos de los pasivos incluidos en grupos de activos para su disposición clasificados como mantenidos para la venta,1.594.625,USD,2023-06-30,INVERCAP
Pasivos incluidos en grupos de activos para su disposición clasificados como mantenidos para la venta,1.831,USD,2023-06-30,INVERCAP
Pasivos corrientes totales,1.596.456,USD,2023-06-30,INVERCAP
Otros pasivos financieros no corrientes,658.974,USD,2023-06-30,INVERCAP
Pasivos por arrendamientos no corrientes,57.103,USD,2023-06-30,INVERCAP
Cuentas por pagar no corrientes,-,USD,2023-06-30,INVERCAP
"Cuentas por pagar a entidades relacionadas, no corrientes",5.569,USD,2023-06-30,INVERCAP
Otras provisiones a largo plazo,286.150,USD,2023-06-30,INVERCAP
Pasivo por impuestos diferidos,708.781,USD,2023-06-30,INVERCAP
"Pasivos por impuestos corrientes, no corrientes",-,USD,2023-06-30,INVERCAP
Provisiones no corrientes por beneficios a los empleados,81.857,USD,2023-06-30,INVERCAP
Otros pasivos no financieros no corrientes,10.727,USD,2023-06-30,INVERCAP
Total de pasivos no corrientes,1.809.161,USD,2023-06-30,INVERCAP
Total de pasivos,3.405.617,USD,2023-06-30,INVERCAP
Capital emitido y pagado,114.112,USD,2023-06-30,INVERCAP
Ganancias (pérdidas) acumuladas,972.253,USD,2023-06-30,INVERCAP
Prima de emisión,-,USD,2023-06-30,INVERCAP
Acciones propias en cartera,-,USD,2023-06-30,INVERCAP
Otras participaciones en el patrimonio,-,USD,2023-06-30,INVERCAP
Otras reservas,-11.109,USD,2023-06-30,INVERCAP
Patrimonio atribuible a los propietarios de la controladora,1.075.256,USD,2023-06-30,INVERCAP
Participaciones no controladoras,3.002.360,USD,2023-06-30,INVERCAP
Patrimonio total,4.077.616,USD,2023-06-30,INVERCAP
Total de patrimonio y pasivos,7.483.233,USD,2023-06-30,INVERCAP
Efectivo y equivalentes al efectivo,243.845,USD,2023-09-30,INVERCAP
Otros activos financieros corrientes,59.066,USD,2023-09-30,INVERCAP
Otros activos no financieros corrientes,85.696,USD,2023-09-30,INVERCAP
Deudores comerciales y otras cuentas por cobrar corrientes,312.283,USD,2023-09-30,INVERCAP
"Cuentas por cobrar a entidades relacionadas, corrientes",22.495,USD,2023-09-30,INVERCAP
Inventarios corrientes,796.270,USD,2023-09-30,INVERCAP
Activos biológicos corrientes,-,USD,2023-09-30,INVERCAP
"Activos por impuestos corrientes, corrientes",104.260,USD,2023-09-30,INVERCAP
Total de activos corrientes distintos de los activo o grupos de activos para su disposición clasificados como mantenidos para la venta o como mantenidos para distribuir a los propietarios,1.623.915,USD,2023-09-30,INVERCAP
Activos no corrientes o grupos de activos para su disposición clasificados como mantenidos para la venta o como mantenidos para distribuir a los propietarios,877,USD,2023-09-30,INVERCAP
Activos corrientes totales,1.624.792,USD,2023-09-30,INVERCAP
Otros activos financieros no corrientes,11.812,USD,2023-09-30,INVERCAP
Otros activos no financieros no corrientes,72.302,USD,2023-09-30,INVERCAP
Cuentas por cobrar no corrientes,25.835,USD,2023-09-30,INVERCAP
"Cuentas por cobrar a entidades relacionadas, no corrientes",3.374,USD,2023-09-30,INVERCAP
"Inventarios, no corrientes",-,USD,2023-09-30,INVERCAP
Inversiones contabilizadas utilizando el método de la participación,972,USD,2023-09-30,INVERCAP
Activos intangibles distintos de la plusvalía,1.379.427,USD,2023-09-30,INVERCAP
Plusvalía,-,USD,2023-09-30,INVERCAP
"Propiedades, planta y equipo",4.026.760,USD,2023-09-30,INVERCAP
Activos biológicos no corrientes,-,USD,2023-09-30,INVERCAP
Propiedad de inversión,57.693,USD,2023-09-30,INVERCAP
Activos por derecho de uso,94.580,USD,2023-09-30,INVERCAP
"Activos por impuestos corrientes, no corrientes",6.780,USD,2023-09-30,INVERCAP
Activos por impuestos diferidos,51.897,USD,2023-09-30,INVERCAP
Total de activos no corrientes,5.731.432,USD,2023-09-30,INVERCAP
Total de activos,7.356.224,USD,2023-09-30,INVERCAP
Otros pasivos financieros corrientes,597.524,USD,2023-09-30,INVERCAP
Pasivos por arrendamientos corrientes,16.910,USD,2023-09-30,INVERCAP
Cuentas por pagar comerciales y otras cuentas por pagar,586.826,USD,2023-09-30,INVERCAP
"Cuentas por pagar a entidades relacionadas, corrientes",166.783,USD,2023-09-30,INVERCAP
Otras provisiones a corto plazo,19.838,USD,2023-09-30,INVERCAP
"Pasivos por impuestos corrientes, corrientes",9.917,USD,2023-09-30,INVERCAP
Provisiones corrientes por beneficios a los empleados,29.263,USD,2023-09-30,INVERCAP
Otros pasivos no financieros corrientes,15.802,USD,2023-09-30,INVERCAP
Total de pasivos corrientes distintos de los pasivos incluidos en grupos de activos para su disposición clasificados como mantenidos para la venta,1.442.863,USD,2023-09-30,INVERCAP
Pasivos incluidos en grupos de activos para su disposición clasificados como mantenidos para la venta,1.641,USD,2023-09-30,INVERCAP
Pasivos corrientes totales,1.444.504,USD,2023-09-30,INVERCAP
Otros pasivos financieros no corrientes,799.833,USD,2023-09-30,INVERCAP
Pasivos por arrendamientos no corrientes,51.793,USD,2023-09-30,INVERCAP
Cuentas por pagar no corrientes,-,USD,2023-09-30,INVERCAP
"Cuentas por pagar a entidades relacionadas, no corrientes",5.569,USD,2023-09-30,INVERCAP
Otras provisiones a largo plazo,288.574,USD,2023-09-30,INVERCAP
Pasivo por impuestos diferidos,635.109,USD,2023-09-30,INVERCAP
"Pasivos por impuestos corrientes, no corrientes",-,USD,2023-09-30,INVERCAP
Provisiones no corrientes por beneficios a los empleados,74.299,USD,2023-09-30,INVERCAP
Otros pasivos no financieros no corrientes,10.189,USD,2023-09-30,INVERCAP
Total de pasivos no corrientes,1.865.366,USD,2023-09-30,INVERCAP
Total de pasivos,3.309.870,USD,2023-09-30,INVERCAP
Capital emitido y pagado,114.112,USD,2023-09-30,INVERCAP
Ganancias (pérdidas) acumuladas,971.353,USD,2023-09-30,INVERCAP
Prima de emisión,-,USD,2023-09-30,INVERCAP
Acciones propias en cartera,-,USD,2023-09-30,INVERCAP
Otras participaciones en el patrimonio,-,USD,2023-09-30,INVERCAP
Otras reservas,-18.319,USD,2023-09-30,INVERCAP
Patrimonio atribuible a los propietarios de la controladora,1.067.146,USD,2023-09-30,INVERCAP
Participaciones no controladoras,2.979.208,USD,2023-09-30,INVERCAP
Patrimonio total,4.046.354,USD,2023-09-30,INVERCAP
Total de patrimonio y pasivos,7.356.224,USD,2023-09-30,INVERCAP
Efectivo y equivalentes al efectivo,503.644,USD,2023-12-31,INVERCAP
Otros activos financieros corrientes,82.216,USD,2023-12-31,INVERCAP
Otros activos no financieros corrientes,70.062,USD,2023-12-31,INVERCAP
Deudores comerciales y otras cuentas por cobrar corrientes,456.411,USD,2023-12-31,INVERCAP
"Cuentas por cobrar a entidades relacionadas, corrientes",35.867,USD,2023-12-31,INVERCAP
Inventarios corrientes,749.601,USD,2023-12-31,INVERCAP
Activos biológicos corrientes,-,USD,2023-12-31,INVERCAP
"Activos por impuestos corrientes, corrientes",124.556,USD,2023-12-31,INVERCAP
Total de activos corrientes distintos de los activo o grupos de activos para su disposición clasificados como mantenidos para la venta o como mantenidos para distribuir a los propietarios,2.022.357,USD,2023-12-31,INVERCAP
Activos no corrientes o grupos de activos para su disposición clasificados como mantenidos para la venta o como mantenidos para distribuir a los propietarios,45,USD,2023-12-31,INVERCAP
Activos corrientes totales,2.022.402,USD,2023-12-31,INVERCAP
Otros activos financieros no corrientes,8.804,USD,2023-12-31,INVERCAP
Otros activos no financieros no corrientes,70.956,USD,2023-12-31,INVERCAP
Cuentas por cobrar no corrientes,27.020,USD,2023-12-31,INVERCAP
"Cuentas por cobrar a entidades relacionadas, no corrientes",2.951,USD,2023-12-31,INVERCAP
"Inventarios, no corrientes",-,USD,2023-12-31,INVERCAP
Inversiones contabilizadas utilizando el método de la participación,929,USD,2023-12-31,INVERCAP
Activos intangibles distintos de la plusvalía,1.369.069,USD,2023-12-31,INVERCAP
Plusvalía,-,USD,2023-12-31,INVERCAP
"Propiedades, planta y equipo",4.085.501,USD,2023-12-31,INVERCAP
Activos biológicos no corrientes,-,USD,2023-12-31,INVERCAP
Propiedad de inversión,57.651,USD,2023-12-31,INVERCAP
Activos por derecho de uso,92.068,USD,2023-12-31,INVERCAP
"Activos por impuestos corrientes, no corrientes",7.904,USD,2023-12-31,INVERCAP
Activos por impuestos diferidos,46.182,USD,2023-12-31,INVERCAP
Total de activos no corrientes,5.769.035,USD,2023-12-31,INVERCAP
Total de activos,7.791.437,USD,2023-12-31,INVERCAP
Otros pasivos financieros corrientes,566.572,USD,2023-12-31,INVERCAP
Pasivos por arrendamientos corrientes,17.754,USD,2023-12-31,INVERCAP
Cuentas por pagar comerciales y otras cuentas por pagar,623.210,USD,2023-12-31,INVERCAP
"Cuentas por pagar a entidades relacionadas, corrientes",124.566,USD,2023-12-31,INVERCAP
Otras provisiones a corto plazo,19.085,USD,2023-12-31,INVERCAP
"Pasivos por impuestos corrientes, corrientes",13.679,USD,2023-12-31,INVERCAP
Provisiones corrientes por beneficios a los empleados,35.517,USD,2023-12-31,INVERCAP
Otros pasivos no financieros corrientes,11.124,USD,2023-12-31,INVERCAP
Total de pasivos corrientes distintos de los pasivos incluidos en grupos de activos para su disposición clasificados como mantenidos para la venta,1.411.507,USD,2023-12-31,INVERCAP
Pasivos incluidos en grupos de activos para su disposición clasificados como mantenidos para la venta,375,USD,2023-12-31,INVERCAP
Pasivos corrientes totales,1.411.882,USD,2023-12-31,INVERCAP
Otros pasivos financieros no corrientes,1.107.498,USD,2023-12-31,INVERCAP
Pasivos por arrendamientos no corrientes,51.630,USD,2023-12-31,INVERCAP
Cuentas por pagar no corrientes,-,USD,2023-12-31,INVERCAP
"Cuentas por pagar a entidades relacionadas, no corrientes",10.081,USD,2023-12-31,INVERCAP
Otras provisiones a largo plazo,279.186,USD,2023-12-31,INVERCAP
Pasivo por impuestos diferidos,650.029,USD,2023-12-31,INVERCAP
"Pasivos por impuestos corrientes, no corrientes",-,USD,2023-12-31,INVERCAP
Provisiones no corrientes por beneficios a los empleados,80.904,USD,2023-12-31,INVERCAP
Otros pasivos no financieros no corrientes,9.613,USD,2023-12-31,INVERCAP
Total de pasivos no corrientes,2.188.941,USD,2023-12-31,INVERCAP
Total de pasivos,3.600.823,USD,2023-12-31,INVERCAP
Capital emitido y pagado,114.112,USD,2023-12-31,INVERCAP
Ganancias (pérdidas) acumuladas,1.037.179,USD,2023-12-31,INVERCAP
Prima de emisión,-,USD,2023-12-31,INVERCAP
Acciones propias en cartera,-,USD,2023-12-31,INVERCAP
Otras participaciones en el patrimonio,-,USD,2023-12-31,INVERCAP
Otras reservas,-21.501,USD,2023-12-31,INVERCAP
Patrimonio atribuible a los propietarios de la controladora,1.129.790,USD,2023-12-31,INVERCAP
Participaciones no controladoras,3.060.824,USD,2023-12-31,INVERCAP
Patrimonio total,4.190.614,USD,2023-12-31,INVERCAP
Total de patrimonio y pasivos,7.791.437,USD,2023-12-31,INVERCAP
Efectivo y equivalentes al efectivo,499.195,USD,2024-03-31,INVERCAP
Otros activos financieros corrientes,37.308,USD,2024-03-31,INVERCAP
Otros activos no financieros corrientes,80.379,USD,2024-03-31,INVERCAP
Deudores comerciales y otras cuentas por cobrar corrientes,256.878,USD,2024-03-31,INVERCAP
"Cuentas por cobrar a entidades relacionadas, corrientes",27.608,USD,2024-03-31,INVERCAP
Inventarios corrientes,717.334,USD,2024-03-31,INVERCAP
Activos biológicos corrientes,-,USD,2024-03-31,INVERCAP
"Activos por impuestos corrientes, corrientes",176.590,USD,2024-03-31,INVERCAP
Total de activos corrientes distintos de los activo o grupos de activos para su disposición clasificados como mantenidos para la venta o como mantenidos para distribuir a los propietarios,1.795.292,USD,2024-03-31,INVERCAP
Activos no corrientes o grupos de activos para su disposición clasificados como mantenidos para la venta o como mantenidos para distribuir a los propietarios,446,USD,2024-03-31,INVERCAP
Activos corrientes totales,1.795.738,USD,2024-03-31,INVERCAP
Otros activos financieros no corrientes,9.454,USD,2024-03-31,INVERCAP
Otros activos no financieros no corrientes,69.926,USD,2024-03-31,INVERCAP
Cuentas por cobrar no corrientes,24.494,USD,2024-03-31,INVERCAP
"Cuentas por cobrar a entidades relacionadas, no corrientes",2.951,USD,2024-03-31,INVERCAP
"Inventarios, no corrientes",-,USD,2024-03-31,INVERCAP
Inversiones contabilizadas utilizando el método de la participación,873,USD,2024-03-31,INVERCAP
Activos intangibles distintos de la plusvalía,1.355.406,USD,2024-03-31,INVERCAP
Plusvalía,-,USD,2024-03-31,INVERCAP
"Propiedades, planta y equipo",4.083.831,USD,2024-03-31,INVERCAP
Activos biológicos no corrientes,-,USD,2024-03-31,INVERCAP
Propiedad de inversión,57.576,USD,2024-03-31,INVERCAP
Activos por derecho de uso,84.684,USD,2024-03-31,INVERCAP
"Activos por impuestos corrientes, no corrientes",7.805,USD,2024-03-31,INVERCAP
Activos por impuestos diferidos,43.857,USD,2024-03-31,INVERCAP
Total de activos no corrientes,5.740.857,USD,2024-03-31,INVERCAP
Total de activos,7.536.595,USD,2024-03-31,INVERCAP
Otros pasivos financieros corrientes,591.788,USD,2024-03-31,INVERCAP
Pasivos por arrendamientos corrientes,17.067,USD,2024-03-31,INVERCAP
Cuentas por pagar comerciales y otras cuentas por pagar,536.143,USD,2024-03-31,INVERCAP
"Cuentas por pagar a entidades relacionadas, corrientes",77.932,USD,2024-03-31,INVERCAP
Otras provisiones a corto plazo,21.841,USD,2024-03-31,INVERCAP
"Pasivos por impuestos corrientes, corrientes",16.624,USD,2024-03-31,INVERCAP
Provisiones corrientes por beneficios a los empleados,20.965,USD,2024-03-31,INVERCAP
Otros pasivos no financieros corrientes,9.152,USD,2024-03-31,INVERCAP
Total de pasivos corrientes distintos de los pasivos incluidos en grupos de activos para su disposición clasificados como mantenidos para la venta,1.291.512,USD,2024-03-31,INVERCAP
Pasivos incluidos en grupos de activos para su disposición clasificados como mantenidos para la venta,345,USD,2024-03-31,INVERCAP
Pasivos corrientes totales,1.291.857,USD,2024-03-31,INVERCAP
Otros pasivos financieros no corrientes,1.064.111,USD,2024-03-31,INVERCAP
Pasivos por arrendamientos no corrientes,45.251,USD,2024-03-31,INVERCAP
Cuentas por pagar no corrientes,-,USD,2024-03-31,INVERCAP
"Cuentas por pagar a entidades relacionadas, no corrientes",9.007,USD,2024-03-31,INVERCAP
Otras provisiones a largo plazo,280.658,USD,2024-03-31,INVERCAP
Pasivo por impuestos diferidos,639.396,USD,2024-03-31,INVERCAP
"Pasivos por impuestos corrientes, no corrientes",-,USD,2024-03-31,INVERCAP
Provisiones no corrientes por beneficios a los empleados,72.911,USD,2024-03-31,INVERCAP
Otros pasivos no financieros no corrientes,9.407,USD,2024-03-31,INVERCAP
Total de pasivos no corrientes,2.120.741,USD,2024-03-31,INVERCAP
Total de pasivos,3.412.598,USD,2024-03-31,INVERCAP
Capital emitido y pagado,114.112,USD,2024-03-31,INVERCAP
Ganancias (pérdidas) acumuladas,1.018.268,USD,2024-03-31,INVERCAP
Prima de emisión,-,USD,2024-03-31,INVERCAP
Acciones propias en cartera,-,USD,2024-03-31,INVERCAP
Otras participaciones en el patrimonio,-,USD,2024-03-31,INVERCAP
Otras reservas,-27.700,USD,2024-03-31,INVERCAP
Patrimonio atribuible a los propietarios de la controladora,1.104.680,USD,2024-03-31,INVERCAP
Participaciones no controladoras,3.019.317,USD,2024-03-31,INVERCAP
Patrimonio total,4.123.997,USD,2024-03-31,INVERCAP
Total de patrimonio y pasivos,7.536.595,USD,2024-03-31,INVERCAP
Efectivo y equivalentes al efectivo,523.464,USD,2024-06-30,INVERCAP
Otros activos financieros corrientes,56.043,USD,2024-06-30,INVERCAP
Otros activos no financieros corrientes,95.395,USD,2024-06-30,INVERCAP
Deudores comerciales y otras cuentas por cobrar corrientes,257.656,USD,2024-06-30,INVERCAP
"Cuentas por cobrar a entidades relacionadas, corrientes",40.649,USD,2024-06-30,INVERCAP
Inventarios corrientes,635.330,USD,2024-06-30,INVERCAP
Activos biológicos corrientes,-,USD,2024-06-30,INVERCAP
"Activos por impuestos corrientes, corrientes",97.353,USD,2024-06-30,INVERCAP
Total de activos corrientes distintos de los activo o grupos de activos para su disposición clasificados como mantenidos para la venta o como mantenidos para distribuir a los propietarios,1.705.890,USD,2024-06-30,INVERCAP
Activos no corrientes o grupos de activos para su disposición clasificados como mantenidos para la venta o como mantenidos para distribuir a los propietarios,3.050,USD,2024-06-30,INVERCAP
Activos corrientes totales,1.708.940,USD,2024-06-30,INVERCAP
Otros activos financieros no corrientes,10.288,USD,2024-06-30,INVERCAP
Otros activos no financieros no corrientes,62.798,USD,2024-06-30,INVERCAP
Cuentas por cobrar no corrientes,25.043,USD,2024-06-30,INVERCAP
"Cuentas por cobrar a entidades relacionadas, no corrientes",2.951,USD,2024-06-30,INVERCAP
"Inventarios, no corrientes",-,USD,2024-06-30,INVERCAP
Inversiones contabilizadas utilizando el método de la participación,33.121,USD,2024-06-30,INVERCAP
Activos intangibles distintos de la plusvalía,1.345.478,USD,2024-06-30,INVERCAP
Plusvalía,-,USD,2024-06-30,INVERCAP
"Propiedades, planta y equipo",3.980.550,USD,2024-06-30,INVERCAP
Activos biológicos no corrientes,-,USD,2024-06-30,INVERCAP
Propiedad de inversión,55.799,USD,2024-06-30,INVERCAP
Activos por derecho de uso,107.137,USD,2024-06-30,INVERCAP
"Activos por impuestos corrientes, no corrientes",6.101,USD,2024-06-30,INVERCAP
Activos por impuestos diferidos,26.499,USD,2024-06-30,INVERCAP
Total de activos no corrientes,5.655.765,USD,2024-06-30,INVERCAP
Total de activos,7.364.705,USD,2024-06-30,INVERCAP
Otros pasivos financieros corrientes,642.879,USD,2024-06-30,INVERCAP
Pasivos por arrendamientos corrientes,22.312,USD,2024-06-30,INVERCAP
Cuentas por pagar comerciales y otras cuentas por pagar,548.947,USD,2024-06-30,INVERCAP
"Cuentas por pagar a entidades relacionadas, corrientes",39.533,USD,2024-06-30,INVERCAP
Otras provisiones a corto plazo,101.026,USD,2024-06-30,INVERCAP
"Pasivos por impuestos corrientes, corrientes",4.690,USD,2024-06-30,INVERCAP
Provisiones corrientes por beneficios a los empleados,64.421,USD,2024-06-30,INVERCAP
Otros pasivos no financieros corrientes,12.776,USD,2024-06-30,INVERCAP
Total de pasivos corrientes distintos de los pasivos incluidos en grupos de activos para su disposición clasificados como mantenidos para la venta,1.436.584,USD,2024-06-30,INVERCAP
Pasivos incluidos en grupos de activos para su disposición clasificados como mantenidos para la venta,310,USD,2024-06-30,INVERCAP
Pasivos corrientes totales,1.436.894,USD,2024-06-30,INVERCAP
Otros pasivos financieros no corrientes,1.058.994,USD,2024-06-30,INVERCAP
Pasivos por arrendamientos no corrientes,65.002,USD,2024-06-30,INVERCAP
Cuentas por pagar no corrientes,9.727,USD,2024-06-30,INVERCAP
"Cuentas por pagar a entidades relacionadas, no corrientes",6.916,USD,2024-06-30,INVERCAP
Otras provisiones a largo plazo,280.065,USD,2024-06-30,INVERCAP
Pasivo por impuestos diferidos,630.513,USD,2024-06-30,INVERCAP
"Pasivos por impuestos corrientes, no corrientes",-,USD,2024-06-30,INVERCAP
Provisiones no corrientes por beneficios a los empleados,54.810,USD,2024-06-30,INVERCAP
Otros pasivos no financieros no corrientes,9.238,USD,2024-06-30,INVERCAP
Total de pasivos no corrientes,2.115.265,USD,2024-06-30,INVERCAP
Total de pasivos,3.552.159,USD,2024-06-30,INVERCAP
Capital emitido y pagado,114.112,USD,2024-06-30,INVERCAP
Ganancias (pérdidas) acumuladas,880.438,USD,2024-06-30,INVERCAP
Prima de emisión,-,USD,2024-06-30,INVERCAP
Acciones propias en cartera,-,USD,2024-06-30,INVERCAP
Otras participaciones en el patrimonio,-,USD,2024-06-30,INVERCAP
Otras reservas,-27.991,USD,2024-06-30,INVERCAP
Patrimonio atribuible a los propietarios de la controladora,966.559,USD,2024-06-30,INVERCAP
Participaciones no controladoras,2.845.987,USD,2024-06-30,INVERCAP
Patrimonio total,3.812.546,USD,2024-06-30,INVERCAP
Total de patrimonio y pasivos,7.364.705,USD,2024-06-30,INVERCAP
Efectivo y equivalentes al efectivo,465.256,CLP,2024-09-30,INVERCAP
Otros activos financieros corrientes,37.486,CLP,2024-09-30,INVERCAP
Otros activos no financieros corrientes,91.302,CLP,2024-09-30,INVERCAP
Deudores comerciales y otras cuentas por cobrar corrientes,286.602,CLP,2024-09-30,INVERCAP
"Cuentas por cobrar a entidades relacionadas, corrientes",33.802,CLP,2024-09-30,INVERCAP
Inventarios corrientes,603.898,CLP,2024-09-30,INVERCAP
Activos biológicos corrientes,-,CLP,2024-09-30,INVERCAP
"Activos por impuestos corrientes, corrientes",65.178,CLP,2024-09-30,INVERCAP
Total de activos corrientes distintos de los activo o grupos de activos para su disposición clasificados como mantenidos para la venta o como mantenidos para distribuir a los propietarios,1.583.524,CLP,2024-09-30,INVERCAP
Activos no corrientes o grupos de activos para su disposición clasificados como mantenidos para la venta o como mantenidos para distribuir a los propietarios,3.004,CLP,2024-09-30,INVERCAP
Activos corrientes totales,1.586.528,CLP,2024-09-30,INVERCAP
Otros activos financieros no corrientes,6.887,CLP,2024-09-30,INVERCAP
Otros activos no financieros no corrientes,62.389,CLP,2024-09-30,INVERCAP
Cuentas por cobrar no corrientes,26.344,CLP,2024-09-30,INVERCAP
"Cuentas por cobrar a entidades relacionadas, no corrientes",2.951,CLP,2024-09-30,INVERCAP
"Inventarios, no corrientes",-,CLP,2024-09-30,INVERCAP
Inversiones contabilizadas utilizando el método de la participación,33.249,CLP,2024-09-30,INVERCAP
Activos intangibles distintos de la plusvalía,1.335.212,CLP,2024-09-30,INVERCAP
Plusvalía,-,CLP,2024-09-30,INVERCAP
"Propiedades, planta y equipo",4.000.096,CLP,2024-09-30,INVERCAP
Activos biológicos no corrientes,-,CLP,2024-09-30,INVERCAP
Propiedad de inversión,55.799,CLP,2024-09-30,INVERCAP
Activos por derecho de uso,107.118,CLP,2024-09-30,INVERCAP
"Activos por impuestos corrientes, no corrientes",6.483,CLP,2024-09-30,INVERCAP
Activos por impuestos diferidos,26.890,CLP,2024-09-30,INVERCAP
Total de activos no corrientes,5.663.418,CLP,2024-09-30,INVERCAP
Total de activos,7.249.946,CLP,2024-09-30,INVERCAP
Otros pasivos financieros corrientes,555.401,CLP,2024-09-30,INVERCAP
Pasivos por arrendamientos corrientes,23.992,CLP,2024-09-30,INVERCAP
Cuentas por pagar comerciales y otras cuentas por pagar,451.515,CLP,2024-09-30,INVERCAP
"Cuentas por pagar a entidades relacionadas, corrientes",18.003,CLP,2024-09-30,INVERCAP
Otras provisiones a corto plazo,66.272,CLP,2024-09-30,INVERCAP
"Pasivos por impuestos corrientes, corrientes",10.071,CLP,2024-09-30,INVERCAP
Provisiones corrientes por beneficios a los empleados,71.988,CLP,2024-09-30,INVERCAP
Otros pasivos no financieros corrientes,12.503,CLP,2024-09-30,INVERCAP
Total de pasivos corrientes distintos de los pasivos incluidos en grupos de activos para su disposición clasificados como mantenidos para la venta,1.209.745,CLP,2024-09-30,INVERCAP
Pasivos incluidos en grupos de activos para su disposición clasificados como mantenidos para la venta,204,CLP,2024-09-30,INVERCAP
Pasivos corrientes totales,1.209.949,CLP,2024-09-30,INVERCAP
Otros pasivos financieros no corrientes,1.194.547,CLP,2024-09-30,INVERCAP
Pasivos por arrendamientos no corrientes,65.107,CLP,2024-09-30,INVERCAP
Cuentas por pagar no corrientes,10.469,CLP,2024-09-30,INVERCAP
"Cuentas por pagar a entidades relacionadas, no corrientes",6.916,CLP,2024-09-30,INVERCAP
Otras provisiones a largo plazo,281.687,CLP,2024-09-30,INVERCAP
Pasivo por impuestos diferidos,619.462,CLP,2024-09-30,INVERCAP
"Pasivos por impuestos corrientes, no corrientes",-,CLP,2024-09-30,INVERCAP
Provisiones no corrientes por beneficios a los empleados,58.396,CLP,2024-09-30,INVERCAP
Otros pasivos no financieros no corrientes,9.147,CLP,2024-09-30,INVERCAP
Total de pasivos no corrientes,2.245.731,CLP,2024-09-30,INVERCAP
Total de pasivos,3.455.680,CLP,2024-09-30,INVERCAP
Capital emitido y pagado,114.112,CLP,2024-09-30,INVERCAP
Ganancias (pérdidas) acumuladas,874.597,CLP,2024-09-30,INVERCAP
Prima de emisión,-,CLP,2024-09-30,INVERCAP
Acciones propias en cartera,-,CLP,2024-09-30,INVERCAP
Otras participaciones en el patrimonio,-,CLP,2024-09-30,INVERCAP
Otras reservas,-26.954,CLP,2024-09-30,INVERCAP
Patrimonio atribuible a los propietarios de la controladora,961.755,CLP,2024-09-30,INVERCAP
Participaciones no controladoras,2.832.511,CLP,2024-09-30,INVERCAP
Patrimonio total,3.794.266,CLP,2024-09-30,INVERCAP
Total de patrimonio y pasivos,7.249.946,CLP,2024-09-30,INVERCAP
Efectivo y equivalentes al efectivo,395.317,USD,2024-12-31,INVERCAP
Otros activos financieros corrientes,63.188,USD,2024-12-31,INVERCAP
Otros activos no financieros corrientes,75.281,USD,2024-12-31,INVERCAP
Deudores comerciales y otras cuentas por cobrar corrientes,242.647,USD,2024-12-31,INVERCAP
"Cuentas por cobrar a entidades relacionadas, corrientes",47.293,USD,2024-12-31,INVERCAP
Inventarios corrientes,386.755,USD,2024-12-31,INVERCAP
Activos biológicos corrientes,-,USD,2024-12-31,INVERCAP
"Activos por impuestos corrientes, corrientes",75.410,USD,2024-12-31,INVERCAP
Total de activos corrientes distintos de los activo o grupos de activos para su disposición clasificados como mantenidos para la venta o como mantenidos para distribuir a los propietarios,1.285.891,USD,2024-12-31,INVERCAP
Activos no corrientes o grupos de activos para su disposición clasificados como mantenidos para la venta o como mantenidos para distribuir a los propietarios,7.283,USD,2024-12-31,INVERCAP
Activos corrientes totales,1.293.174,USD,2024-12-31,INVERCAP
Otros activos financieros no corrientes,10.122,USD,2024-12-31,INVERCAP
Otros activos no financieros no corrientes,59.163,USD,2024-12-31,INVERCAP
Cuentas por cobrar no corrientes,27.087,USD,2024-12-31,INVERCAP
"Cuentas por cobrar a entidades relacionadas, no corrientes",2.951,USD,2024-12-31,INVERCAP
"Inventarios, no corrientes",158.700,USD,2024-12-31,INVERCAP
Inversiones contabilizadas utilizando el método de la participación,33.039,USD,2024-12-31,INVERCAP
Activos intangibles distintos de la plusvalía,1.303.739,USD,2024-12-31,INVERCAP
Plusvalía,-,USD,2024-12-31,INVERCAP
"Propiedades, planta y equipo",4.025.488,USD,2024-12-31,INVERCAP
Activos biológicos no corrientes,-,USD,2024-12-31,INVERCAP
Propiedad de inversión,55.798,USD,2024-12-31,INVERCAP
Activos por derecho de uso,89.469,USD,2024-12-31,INVERCAP
"Activos por impuestos corrientes, no corrientes",6.199,USD,2024-12-31,INVERCAP
Activos por impuestos diferidos,39.240,USD,2024-12-31,INVERCAP
Total de activos no corrientes,5.810.995,USD,2024-12-31,INVERCAP
Total de activos,7.104.169,USD,2024-12-31,INVERCAP
Otros pasivos financieros corrientes,572.676,USD,2024-12-31,INVERCAP
Pasivos por arrendamientos corrientes,21.088,USD,2024-12-31,INVERCAP
Cuentas por pagar comerciales y otras cuentas por pagar,453.463,USD,2024-12-31,INVERCAP
"Cuentas por pagar a entidades relacionadas, corrientes",21.568,USD,2024-12-31,INVERCAP
Otras provisiones a corto plazo,46.414,USD,2024-12-31,INVERCAP
"Pasivos por impuestos corrientes, corrientes",15.590,USD,2024-12-31,INVERCAP
Provisiones corrientes por beneficios a los empleados,39.342,USD,2024-12-31,INVERCAP
Otros pasivos no financieros corrientes,18.054,USD,2024-12-31,INVERCAP
Total de pasivos corrientes distintos de los pasivos incluidos en grupos de activos para su disposición clasificados como mantenidos para la venta,1.188.195,USD,2024-12-31,INVERCAP
Pasivos incluidos en grupos de activos para su disposición clasificados como mantenidos para la venta,204,USD,2024-12-31,INVERCAP
Pasivos corrientes totales,1.188.399,USD,2024-12-31,INVERCAP
Otros pasivos financieros no corrientes,1.173.012,USD,2024-12-31,INVERCAP
Pasivos por arrendamientos no corrientes,52.433,USD,2024-12-31,INVERCAP
Cuentas por pagar no corrientes,9.690,USD,2024-12-31,INVERCAP
"Cuentas por pagar a entidades relacionadas, no corrientes",6.916,USD,2024-12-31,INVERCAP
Otras provisiones a largo plazo,288.388,USD,2024-12-31,INVERCAP
Pasivo por impuestos diferidos,633.558,USD,2024-12-31,INVERCAP
"Pasivos por impuestos corrientes, no corrientes",-,USD,2024-12-31,INVERCAP
Provisiones no corrientes por beneficios a los empleados,57.569,USD,2024-12-31,INVERCAP
Otros pasivos no financieros no corrientes,8.875,USD,2024-12-31,INVERCAP
Total de pasivos no corrientes,2.230.441,USD,2024-12-31,INVERCAP
Total de pasivos,3.418.840,USD,2024-12-31,INVERCAP
Capital emitido y pagado,114.112,USD,2024-12-31,INVERCAP
Ganancias (pérdidas) acumuladas,837.744,USD,2024-12-31,INVERCAP
Prima de emisión,-,USD,2024-12-31,INVERCAP
Acciones propias en cartera,-,USD,2024-12-31,INVERCAP
Otras participaciones en el patrimonio,-,USD,2024-12-31,INVERCAP
Otras reservas,-30.099,USD,2024-12-31,INVERCAP
Patrimonio atribuible a los propietarios de la controladora,921.757,USD,2024-12-31,INVERCAP
Participaciones no controladoras,2.763.572,USD,2024-12-31,INVERCAP
Patrimonio total,3.685.329,USD,2024-12-31,INVERCAP
Total de patrimonio y pasivos,7.104.169,USD,2024-12-31,INVERCAP
Efectivo y equivalentes al efectivo,438.124,USD,2025-03-31,INVERCAP
Otros activos financieros corrientes,23.261,USD,2025-03-31,INVERCAP
Otros activos no financieros corrientes,90.719,USD,2025-03-31,INVERCAP
Deudores comerciales y otras cuentas por cobrar corrientes,220.067,USD,2025-03-31,INVERCAP
"Cuentas por cobrar a entidades relacionadas, corrientes",82.074,USD,2025-03-31,INVERCAP
Inventarios corrientes,358.625,USD,2025-03-31,INVERCAP
Activos biológicos corrientes,-,USD,2025-03-31,INVERCAP
"Activos por impuestos corrientes, corrientes",96.431,USD,2025-03-31,INVERCAP
Total de activos corrientes distintos de los activo o grupos de activos para su disposición clasificados como mantenidos para la venta o como mantenidos para distribuir a los propietarios,1.309.301,USD,2025-03-31,INVERCAP
Activos no corrientes o grupos de activos para su disposición clasificados como mantenidos para la venta o como mantenidos para distribuir a los propietarios,7.297,USD,2025-03-31,INVERCAP
Activos corrientes totales,1.316.598,USD,2025-03-31,INVERCAP
Otros activos financieros no corrientes,7.968,USD,2025-03-31,INVERCAP
Otros activos no financieros no corrientes,55.685,USD,2025-03-31,INVERCAP
Cuentas por cobrar no corrientes,27.747,USD,2025-03-31,INVERCAP
"Cuentas por cobrar a entidades relacionadas, no corrientes",2.951,USD,2025-03-31,INVERCAP
"Inventarios, no corrientes",153.307,USD,2025-03-31,INVERCAP
Inversiones contabilizadas utilizando el método de la participación,42.948,USD,2025-03-31,INVERCAP
Activos intangibles distintos de la plusvalía,1.293.598,USD,2025-03-31,INVERCAP
Plusvalía,-,USD,2025-03-31,INVERCAP
"Propiedades, planta y equipo",4.012.533,USD,2025-03-31,INVERCAP
Activos biológicos no corrientes,-,USD,2025-03-31,INVERCAP
Propiedad de inversión,55.798,USD,2025-03-31,INVERCAP
Activos por derecho de uso,84.090,USD,2025-03-31,INVERCAP
"Activos por impuestos corrientes, no corrientes",6.206,USD,2025-03-31,INVERCAP
Activos por impuestos diferidos,38.543,USD,2025-03-31,INVERCAP
Total de activos no corrientes,5.781.374,USD,2025-03-31,INVERCAP
Total de activos,7.097.972,USD,2025-03-31,INVERCAP
Otros pasivos financieros corrientes,573.951,USD,2025-03-31,INVERCAP
Pasivos por arrendamientos corrientes,21.693,USD,2025-03-31,INVERCAP
Cuentas por pagar comerciales y otras cuentas por pagar,380.626,USD,2025-03-31,INVERCAP
"Cuentas por pagar a entidades relacionadas, corrientes",74.897,USD,2025-03-31,INVERCAP
Otras provisiones a corto plazo,31.407,USD,2025-03-31,INVERCAP
"Pasivos por impuestos corrientes, corrientes",13.768,USD,2025-03-31,INVERCAP
Provisiones corrientes por beneficios a los empleados,33.935,USD,2025-03-31,INVERCAP
Otros pasivos no financieros corrientes,14.810,USD,2025-03-31,INVERCAP
Total de pasivos corrientes distintos de los pasivos incluidos en grupos de activos para su disposición clasificados como mantenidos para la venta,1.145.087,USD,2025-03-31,INVERCAP
Pasivos incluidos en grupos de activos para su disposición clasificados como mantenidos para la venta,203,USD,2025-03-31,INVERCAP
Pasivos corrientes totales,1.145.290,USD,2025-03-31,INVERCAP
Otros pasivos financieros no corrientes,1.308.721,USD,2025-03-31,INVERCAP
Pasivos por arrendamientos no corrientes,49.871,USD,2025-03-31,INVERCAP
Cuentas por pagar no corrientes,10.394,USD,2025-03-31,INVERCAP
"Cuentas por pagar a entidades relacionadas, no corrientes",6.916,USD,2025-03-31,INVERCAP
Otras provisiones a largo plazo,288.909,USD,2025-03-31,INVERCAP
Pasivo por impuestos diferidos,624.101,USD,2025-03-31,INVERCAP
"Pasivos por impuestos corrientes, no corrientes",-,USD,2025-03-31,INVERCAP
Provisiones no corrientes por beneficios a los empleados,59.459,USD,2025-03-31,INVERCAP
Otros pasivos no financieros no corrientes,10.077,USD,2025-03-31,INVERCAP
Total de pasivos no corrientes,2.358.448,USD,2025-03-31,INVERCAP
Total de pasivos,3.503.738,USD,2025-03-31,INVERCAP
Capital emitido y pagado,114.112,USD,2025-03-31,INVERCAP
Ganancias (pérdidas) acumuladas,830.101,USD,2025-03-31,INVERCAP
Prima de emisión,-,USD,2025-03-31,INVERCAP
Acciones propias en cartera,-,USD,2025-03-31,INVERCAP
Otras participaciones en el patrimonio,-,USD,2025-03-31,INVERCAP
Otras reservas,-28.825,USD,2025-03-31,INVERCAP
Patrimonio atribuible a los propietarios de la controladora,915.388,USD,2025-03-31,INVERCAP
Participaciones no controladoras,2.678.846,USD,2025-03-31,INVERCAP
Patrimonio total,3.594.234,USD,2025-03-31,INVERCAP
Total de patrimonio y pasivos,7.097.972,USD,2025-03-31,INVERCAP
Efectivo y equivalentes al efectivo,372.046,CLP,2025-06-30,INVERCAP
Otros activos financieros corrientes,45.152,CLP,2025-06-30,INVERCAP
Otros activos no financieros corrientes,76.574,CLP,2025-06-30,INVERCAP
Deudores comerciales y otras cuentas por cobrar corrientes,176.128,CLP,2025-06-30,INVERCAP
"Cuentas por cobrar a entidades relacionadas, corrientes",27.455,CLP,2025-06-30,INVERCAP
Inventarios corrientes,367.647,CLP,2025-06-30,INVERCAP
Activos biológicos corrientes,-,CLP,2025-06-30,INVERCAP
"Activos por impuestos corrientes, corrientes",102.451,CLP,2025-06-30,INVERCAP
Total de activos corrientes distintos de los activo o grupos de activos para su disposición clasificados como mantenidos para la venta o como mantenidos para distribuir a los propietarios,1.167.453,CLP,2025-06-30,INVERCAP
Activos no corrientes o grupos de activos para su disposición clasificados como mantenidos para la venta o como mantenidos para distribuir a los propietarios,8.959,CLP,2025-06-30,INVERCAP
Activos corrientes totales,1.176.412,CLP,2025-06-30,INVERCAP
Otros activos financieros no corrientes,7.477,CLP,2025-06-30,INVERCAP
Otros activos no financieros no corrientes,49.130,CLP,2025-06-30,INVERCAP
Cuentas por cobrar no corrientes,27.735,CLP,2025-06-30,INVERCAP
"Cuentas por cobrar a entidades relacionadas, no corrientes",2.951,CLP,2025-06-30,INVERCAP
"Inventarios, no corrientes",143.173,CLP,2025-06-30,INVERCAP
Inversiones contabilizadas utilizando el método de la participación,41.570,CLP,2025-06-30,INVERCAP
Activos intangibles distintos de la plusvalía,1.282.776,CLP,2025-06-30,INVERCAP
Plusvalía,-,CLP,2025-06-30,INVERCAP
"Propiedades, planta y equipo",4.000.793,CLP,2025-06-30,INVERCAP
Activos biológicos no corrientes,-,CLP,2025-06-30,INVERCAP
Propiedad de inversión,55.798,CLP,2025-06-30,INVERCAP
Activos por derecho de uso,77.621,CLP,2025-06-30,INVERCAP
"Activos por impuestos corrientes, no corrientes",5.968,CLP,2025-06-30,INVERCAP
Activos por impuestos diferidos,27.719,CLP,2025-06-30,INVERCAP
Total de activos no corrientes,5.722.711,CLP,2025-06-30,INVERCAP
Total de activos,6.899.123,CLP,2025-06-30,INVERCAP
Otros pasivos financieros corrientes,594.789,CLP,2025-06-30,INVERCAP
Pasivos por arrendamientos corrientes,21.382,CLP,2025-06-30,INVERCAP
Cuentas por pagar comerciales y otras cuentas por pagar,356.414,CLP,2025-06-30,INVERCAP
"Cuentas por pagar a entidades relacionadas, corrientes",8.140,CLP,2025-06-30,INVERCAP
Otras provisiones a corto plazo,21.790,CLP,2025-06-30,INVERCAP
"Pasivos por impuestos corrientes, corrientes",4.247,CLP,2025-06-30,INVERCAP
Provisiones corrientes por beneficios a los empleados,31.246,CLP,2025-06-30,INVERCAP
Otros pasivos no financieros corrientes,13.526,CLP,2025-06-30,INVERCAP
Total de pasivos corrientes distintos de los pasivos incluidos en grupos de activos para su disposición clasificados como mantenidos para la venta,1.051.534,CLP,2025-06-30,INVERCAP
Pasivos incluidos en grupos de activos para su disposición clasificados como mantenidos para la venta,203,CLP,2025-06-30,INVERCAP
Pasivos corrientes totales,1.051.737,CLP,2025-06-30,INVERCAP
Otros pasivos financieros no corrientes,1.308.393,CLP,2025-06-30,INVERCAP
Pasivos por arrendamientos no corrientes,47.309,CLP,2025-06-30,INVERCAP
Cuentas por pagar no corrientes,-,CLP,2025-06-30,INVERCAP
"Cuentas por pagar a entidades relacionadas, no corrientes",6.916,CLP,2025-06-30,INVERCAP
Otras provisiones a largo plazo,289.993,CLP,2025-06-30,INVERCAP
Pasivo por impuestos diferidos,596.382,CLP,2025-06-30,INVERCAP
"Pasivos por impuestos corrientes, no corrientes",-,CLP,2025-06-30,INVERCAP
Provisiones no corrientes por beneficios a los empleados,61.995,CLP,2025-06-30,INVERCAP
Otros pasivos no financieros no corrientes,10.503,CLP,2025-06-30,INVERCAP
Total de pasivos no corrientes,2.321.491,CLP,2025-06-30,INVERCAP
Total de pasivos,3.373.228,CLP,2025-06-30,INVERCAP
Capital emitido y pagado,114.112,CLP,2025-06-30,INVERCAP
Ganancias (pérdidas) acumuladas,809.670,CLP,2025-06-30,INVERCAP
Prima de emisión,-,CLP,2025-06-30,INVERCAP
Acciones propias en cartera,-,CLP,2025-06-30,INVERCAP
Otras participaciones en el patrimonio,-,CLP,2025-06-30,INVERCAP
Otras reservas,-27.052,CLP,2025-06-30,INVERCAP
Patrimonio atribuible a los propietarios de la controladora,896.730,CLP,2025-06-30,INVERCAP
Participaciones no controladoras,2.629.165,CLP,2025-06-30,INVERCAP
Patrimonio total,3.525.895,CLP,2025-06-30,INVERCAP
Total de patrimonio y pasivos,6.899.123,CLP,2025-06-30,INVERCAP
Efectivo y equivalentes al efectivo,1.303.033,USD,2017-03-31,ANTARCHILE
Otros activos financieros corrientes,187.460,USD,2017-03-31,ANTARCHILE
Otros activos no financieros corrientes,211.161,USD,2017-03-31,ANTARCHILE
Deudores comerciales y otras cuentas por cobrar corrientes,1.410.886,USD,2017-03-31,ANTARCHILE
"Cuentas por cobrar a entidades relacionadas, corrientes",53.653,USD,2017-03-31,ANTARCHILE
Inventarios corrientes,1.428.257,USD,2017-03-31,ANTARCHILE
Activos biológicos corrientes,302.422,USD,2017-03-31,ANTARCHILE
"Activos por impuestos corrientes, corrientes",165.820,USD,2017-03-31,ANTARCHILE
Total de activos corrientes distintos de los activo o grupos de activos para su disposición clasificados como mantenidos para la venta o como mantenidos para distribuir a los propietarios,5.062.692,USD,2017-03-31,ANTARCHILE
Activos no corrientes o grupos de activos para su disposición clasificados como mantenidos para la venta o como mantenidos para distribuir a los propietarios,7.443,USD,2017-03-31,ANTARCHILE
Activos corrientes totales,5.070.135,USD,2017-03-31,ANTARCHILE
Otros activos financieros no corrientes,462.947,USD,2017-03-31,ANTARCHILE
Otros activos no financieros no corrientes,114.410,USD,2017-03-31,ANTARCHILE
Cuentas por cobrar no corrientes,35.655,USD,2017-03-31,ANTARCHILE
"Cuentas por cobrar a entidades relacionadas, no corrientes",25.284,USD,2017-03-31,ANTARCHILE
"Inventarios, no corrientes",-,USD,2017-03-31,ANTARCHILE
Inversiones contabilizadas utilizando el método de la participación,1.050.273,USD,2017-03-31,ANTARCHILE
Activos intangibles distintos de la plusvalía,834.581,USD,2017-03-31,ANTARCHILE
Plusvalía,417.626,USD,2017-03-31,ANTARCHILE
"Propiedades, planta y equipo",10.142.818,USD,2017-03-31,ANTARCHILE
Activos biológicos no corrientes,3.446.550,USD,2017-03-31,ANTARCHILE
Propiedad de inversión,45.868,USD,2017-03-31,ANTARCHILE
"Activos por impuestos corrientes, no corrientes",-,USD,2017-03-31,ANTARCHILE
Activos por impuestos diferidos,310.330,USD,2017-03-31,ANTARCHILE
Total de activos no corrientes,16.886.342,USD,2017-03-31,ANTARCHILE
Total de activos,21.956.477,USD,2017-03-31,ANTARCHILE
Otros pasivos financieros corrientes,961.124,USD,2017-03-31,ANTARCHILE
Cuentas por pagar comerciales y otras cuentas por pagar,1.306.847,USD,2017-03-31,ANTARCHILE
"Cuentas por pagar a entidades relacionadas, corrientes",9.886,USD,2017-03-31,ANTARCHILE
Otras provisiones a corto plazo,16.018,USD,2017-03-31,ANTARCHILE
"Pasivos por impuestos corrientes, corrientes",49.145,USD,2017-03-31,ANTARCHILE
Provisiones corrientes por beneficios a los empleados,8.256,USD,2017-03-31,ANTARCHILE
Otros pasivos no financieros corrientes,304.911,USD,2017-03-31,ANTARCHILE
Total de pasivos corrientes distintos de los pasivos incluidos en grupos de activos para su disposición clasificados como mantenidos para la venta,2.656.187,USD,2017-03-31,ANTARCHILE
Pasivos incluidos en grupos de activos para su disposición clasificados como mantenidos para la venta,-,USD,2017-03-31,ANTARCHILE
Pasivos corrientes totales,2.656.187,USD,2017-03-31,ANTARCHILE
Otros pasivos financieros no corrientes,5.897.141,USD,2017-03-31,ANTARCHILE
Cuentas por pagar no corrientes,958,USD,2017-03-31,ANTARCHILE
"Cuentas por pagar a entidades relacionadas, no corrientes",-,USD,2017-03-31,ANTARCHILE
Otras provisiones a largo plazo,69.037,USD,2017-03-31,ANTARCHILE
Pasivo por impuestos diferidos,2.292.041,USD,2017-03-31,ANTARCHILE
"Pasivos por impuestos corrientes, no corrientes",-,USD,2017-03-31,ANTARCHILE
Provisiones no corrientes por beneficios a los empleados,106.502,USD,2017-03-31,ANTARCHILE
Otros pasivos no financieros no corrientes,138.414,USD,2017-03-31,ANTARCHILE
Total de pasivos no corrientes,8.504.093,USD,2017-03-31,ANTARCHILE
Total de pasivos,11.160.280,USD,2017-03-31,ANTARCHILE
Capital emitido,1.391.235,USD,2017-03-31,ANTARCHILE
Ganancias (pérdidas) acumuladas,6.020.390,USD,2017-03-31,ANTARCHILE
Prima de emisión,-,USD,2017-03-31,ANTARCHILE
Acciones propias en cartera,-,USD,2017-03-31,ANTARCHILE
Otras participaciones en el patrimonio,-,USD,2017-03-31,ANTARCHILE
Otras reservas,-1.032.025,USD,2017-03-31,ANTARCHILE
Patrimonio atribuible a los propietarios de la controladora,6.379.600,USD,2017-03-31,ANTARCHILE
Participaciones no controladoras,4.416.597,USD,2017-03-31,ANTARCHILE
Patrimonio total,10.796.197,USD,2017-03-31,ANTARCHILE
Total de patrimonio y pasivos,21.956.477,USD,2017-03-31,ANTARCHILE
Efectivo y equivalentes al efectivo,1.195.978,USD,2017-06-30,ANTARCHILE
Otros activos financieros corrientes,196.351,USD,2017-06-30,ANTARCHILE
Otros activos no financieros corrientes,217.906,USD,2017-06-30,ANTARCHILE
Deudores comerciales y otras cuentas por cobrar corrientes,1.362.401,USD,2017-06-30,ANTARCHILE
"Cuentas por cobrar a entidades relacionadas, corrientes",48.299,USD,2017-06-30,ANTARCHILE
Inventarios corrientes,1.452.377,USD,2017-06-30,ANTARCHILE
Activos biológicos corrientes,305.175,USD,2017-06-30,ANTARCHILE
"Activos por impuestos corrientes, corrientes",98.616,USD,2017-06-30,ANTARCHILE
Total de activos corrientes distintos de los activo o grupos de activos para su disposición clasificados como mantenidos para la venta o como mantenidos para distribuir a los propietarios,4.877.103,USD,2017-06-30,ANTARCHILE
Activos no corrientes o grupos de activos para su disposición clasificados como mantenidos para la venta o como mantenidos para distribuir a los propietarios,6.854,USD,2017-06-30,ANTARCHILE
Activos corrientes totales,4.883.957,USD,2017-06-30,ANTARCHILE
Otros activos financieros no corrientes,446.833,USD,2017-06-30,ANTARCHILE
Otros activos no financieros no corrientes,116.183,USD,2017-06-30,ANTARCHILE
Cuentas por cobrar no corrientes,33.212,USD,2017-06-30,ANTARCHILE
"Cuentas por cobrar a entidades relacionadas, no corrientes",7.845,USD,2017-06-30,ANTARCHILE
"Inventarios, no corrientes",-,USD,2017-06-30,ANTARCHILE
Inversiones contabilizadas utilizando el método de la participación,935.031,USD,2017-06-30,ANTARCHILE
Activos intangibles distintos de la plusvalía,814.803,USD,2017-06-30,ANTARCHILE
Plusvalía,409.201,USD,2017-06-30,ANTARCHILE
"Propiedades, planta y equipo",10.099.752,USD,2017-06-30,ANTARCHILE
Activos biológicos no corrientes,3.519.006,USD,2017-06-30,ANTARCHILE
Propiedad de inversión,45.682,USD,2017-06-30,ANTARCHILE
"Activos por impuestos corrientes, no corrientes",-,USD,2017-06-30,ANTARCHILE
Activos por impuestos diferidos,325.590,USD,2017-06-30,ANTARCHILE
Total de activos no corrientes,16.753.138,USD,2017-06-30,ANTARCHILE
Total de activos,21.637.095,USD,2017-06-30,ANTARCHILE
Otros pasivos financieros corrientes,863.896,USD,2017-06-30,ANTARCHILE
Cuentas por pagar comerciales y otras cuentas por pagar,1.219.948,USD,2017-06-30,ANTARCHILE
"Cuentas por pagar a entidades relacionadas, corrientes",18.033,USD,2017-06-30,ANTARCHILE
Otras provisiones a corto plazo,16.095,USD,2017-06-30,ANTARCHILE
"Pasivos por impuestos corrientes, corrientes",31.811,USD,2017-06-30,ANTARCHILE
Provisiones corrientes por beneficios a los empleados,9.128,USD,2017-06-30,ANTARCHILE
Otros pasivos no financieros corrientes,193.138,USD,2017-06-30,ANTARCHILE
Total de pasivos corrientes distintos de los pasivos incluidos en grupos de activos para su disposición clasificados como mantenidos para la venta,2.352.049,USD,2017-06-30,ANTARCHILE
Pasivos incluidos en grupos de activos para su disposición clasificados como mantenidos para la venta,-,USD,2017-06-30,ANTARCHILE
Pasivos corrientes totales,2.352.049,USD,2017-06-30,ANTARCHILE
Otros pasivos financieros no corrientes,5.839.362,USD,2017-06-30,ANTARCHILE
Cuentas por pagar no corrientes,965,USD,2017-06-30,ANTARCHILE
"Cuentas por pagar a entidades relacionadas, no corrientes",-,USD,2017-06-30,ANTARCHILE
Otras provisiones a largo plazo,67.701,USD,2017-06-30,ANTARCHILE
Pasivo por impuestos diferidos,2.310.393,USD,2017-06-30,ANTARCHILE
"Pasivos por impuestos corrientes, no corrientes",-,USD,2017-06-30,ANTARCHILE
Provisiones no corrientes por beneficios a los empleados,107.876,USD,2017-06-30,ANTARCHILE
Otros pasivos no financieros no corrientes,134.245,USD,2017-06-30,ANTARCHILE
Total de pasivos no corrientes,8.460.542,USD,2017-06-30,ANTARCHILE
Total de pasivos,10.812.591,USD,2017-06-30,ANTARCHILE
Capital emitido,1.391.235,USD,2017-06-30,ANTARCHILE
Ganancias (pérdidas) acumuladas,6.081.257,USD,2017-06-30,ANTARCHILE
Prima de emisión,-,USD,2017-06-30,ANTARCHILE
Acciones propias en cartera,-,USD,2017-06-30,ANTARCHILE
Otras participaciones en el patrimonio,-,USD,2017-06-30,ANTARCHILE
Otras reservas,-1.081.078,USD,2017-06-30,ANTARCHILE
Patrimonio atribuible a los propietarios de la controladora,6.391.414,USD,2017-06-30,ANTARCHILE
Participaciones no controladoras,4.433.090,USD,2017-06-30,ANTARCHILE
Patrimonio total,10.824.504,USD,2017-06-30,ANTARCHILE
Total de patrimonio y pasivos,21.637.095,USD,2017-06-30,ANTARCHILE
Efectivo y equivalentes al efectivo,1.191.682,USD,2017-09-30,ANTARCHILE
Otros activos financieros corrientes,195.231,USD,2017-09-30,ANTARCHILE
Otros activos no financieros corrientes,193.439,USD,2017-09-30,ANTARCHILE
Deudores comerciales y otras cuentas por cobrar corrientes,1.616.552,USD,2017-09-30,ANTARCHILE
"Cuentas por cobrar a entidades relacionadas, corrientes",43.507,USD,2017-09-30,ANTARCHILE
Inventarios corrientes,1.441.576,USD,2017-09-30,ANTARCHILE
Activos biológicos corrientes,314.834,USD,2017-09-30,ANTARCHILE
"Activos por impuestos corrientes, corrientes",71.085,USD,2017-09-30,ANTARCHILE
Total de activos corrientes distintos de los activo o grupos de activos para su disposición clasificados como mantenidos para la venta o como mantenidos para distribuir a los propietarios,5.067.906,USD,2017-09-30,ANTARCHILE
Activos no corrientes o grupos de activos para su disposición clasificados como mantenidos para la venta o como mantenidos para distribuir a los propietarios,7.139,USD,2017-09-30,ANTARCHILE
Activos corrientes totales,5.075.045,USD,2017-09-30,ANTARCHILE
Otros activos financieros no corrientes,491.613,USD,2017-09-30,ANTARCHILE
Otros activos no financieros no corrientes,127.662,USD,2017-09-30,ANTARCHILE
Cuentas por cobrar no corrientes,34.492,USD,2017-09-30,ANTARCHILE
"Cuentas por cobrar a entidades relacionadas, no corrientes",7.941,USD,2017-09-30,ANTARCHILE
"Inventarios, no corrientes",-,USD,2017-09-30,ANTARCHILE
Inversiones contabilizadas utilizando el método de la participación,1.064.976,USD,2017-09-30,ANTARCHILE
Activos intangibles distintos de la plusvalía,830.794,USD,2017-09-30,ANTARCHILE
Plusvalía,412.889,USD,2017-09-30,ANTARCHILE
"Propiedades, planta y equipo",10.387.612,USD,2017-09-30,ANTARCHILE
Activos biológicos no corrientes,3.514.632,USD,2017-09-30,ANTARCHILE
Propiedad de inversión,47.337,USD,2017-09-30,ANTARCHILE
"Activos por impuestos corrientes, no corrientes",-,USD,2017-09-30,ANTARCHILE
Activos por impuestos diferidos,314.666,USD,2017-09-30,ANTARCHILE
Total de activos no corrientes,17.234.614,USD,2017-09-30,ANTARCHILE
Total de activos,22.309.659,USD,2017-09-30,ANTARCHILE
Otros pasivos financieros corrientes,1.088.085,USD,2017-09-30,ANTARCHILE
Cuentas por pagar comerciales y otras cuentas por pagar,1.457.089,USD,2017-09-30,ANTARCHILE
"Cuentas por pagar a entidades relacionadas, corrientes",8.419,USD,2017-09-30,ANTARCHILE
Otras provisiones a corto plazo,17.964,USD,2017-09-30,ANTARCHILE
"Pasivos por impuestos corrientes, corrientes",61.695,USD,2017-09-30,ANTARCHILE
Provisiones corrientes por beneficios a los empleados,10.295,USD,2017-09-30,ANTARCHILE
Otros pasivos no financieros corrientes,335.459,USD,2017-09-30,ANTARCHILE
Total de pasivos corrientes distintos de los pasivos incluidos en grupos de activos para su disposición clasificados como mantenidos para la venta,2.979.006,USD,2017-09-30,ANTARCHILE
Pasivos incluidos en grupos de activos para su disposición clasificados como mantenidos para la venta,-,USD,2017-09-30,ANTARCHILE
Pasivos corrientes totales,2.979.006,USD,2017-09-30,ANTARCHILE
Otros pasivos financieros no corrientes,5.518.457,USD,2017-09-30,ANTARCHILE
Cuentas por pagar no corrientes,1.004,USD,2017-09-30,ANTARCHILE
"Cuentas por pagar a entidades relacionadas, no corrientes",-,USD,2017-09-30,ANTARCHILE
Otras provisiones a largo plazo,68.672,USD,2017-09-30,ANTARCHILE
Pasivo por impuestos diferidos,2.303.549,USD,2017-09-30,ANTARCHILE
"Pasivos por impuestos corrientes, no corrientes",-,USD,2017-09-30,ANTARCHILE
Provisiones no corrientes por beneficios a los empleados,112.239,USD,2017-09-30,ANTARCHILE
Otros pasivos no financieros no corrientes,140.837,USD,2017-09-30,ANTARCHILE
Total de pasivos no corrientes,8.144.758,USD,2017-09-30,ANTARCHILE
Total de pasivos,11.123.764,USD,2017-09-30,ANTARCHILE
Capital emitido,1.391.235,USD,2017-09-30,ANTARCHILE
Ganancias (pérdidas) acumuladas,6.198.296,USD,2017-09-30,ANTARCHILE
Prima de emisión,-,USD,2017-09-30,ANTARCHILE
Acciones propias en cartera,-,USD,2017-09-30,ANTARCHILE
Otras participaciones en el patrimonio,-,USD,2017-09-30,ANTARCHILE
Otras reservas,-964.212,USD,2017-09-30,ANTARCHILE
Patrimonio atribuible a los propietarios de la controladora,6.625.319,USD,2017-09-30,ANTARCHILE
Participaciones no controladoras,4.560.576,USD,2017-09-30,ANTARCHILE
Patrimonio total,11.185.895,USD,2017-09-30,ANTARCHILE
Total de patrimonio y pasivos,22.309.659,USD,2017-09-30,ANTARCHILE
Efectivo y equivalentes al efectivo,1.456.409,USD,2017-12-31,ANTARCHILE
Otros activos financieros corrientes,188.877,USD,2017-12-31,ANTARCHILE
Otros activos no financieros corrientes,150.315,USD,2017-12-31,ANTARCHILE
Deudores comerciales y otras cuentas por cobrar corrientes,1.730.811,USD,2017-12-31,ANTARCHILE
"Cuentas por cobrar a entidades relacionadas, corrientes",43.603,USD,2017-12-31,ANTARCHILE
Inventarios corrientes,1.503.467,USD,2017-12-31,ANTARCHILE
Activos biológicos corrientes,311.349,USD,2017-12-31,ANTARCHILE
"Activos por impuestos corrientes, corrientes",89.591,USD,2017-12-31,ANTARCHILE
Total de activos corrientes distintos de los activo o grupos de activos para su disposición clasificados como mantenidos para la venta o como mantenidos para distribuir a los propietarios,5.474.422,USD,2017-12-31,ANTARCHILE
Activos no corrientes o grupos de activos para su disposición clasificados como mantenidos para la venta o como mantenidos para distribuir a los propietarios,10.306,USD,2017-12-31,ANTARCHILE
Activos corrientes totales,5.484.728,USD,2017-12-31,ANTARCHILE
Otros activos financieros no corrientes,480.695,USD,2017-12-31,ANTARCHILE
Otros activos no financieros no corrientes,138.248,USD,2017-12-31,ANTARCHILE
Cuentas por cobrar no corrientes,32.078,USD,2017-12-31,ANTARCHILE
"Cuentas por cobrar a entidades relacionadas, no corrientes",8.135,USD,2017-12-31,ANTARCHILE
"Inventarios, no corrientes",-,USD,2017-12-31,ANTARCHILE
Inversiones contabilizadas utilizando el método de la participación,1.041.406,USD,2017-12-31,ANTARCHILE
Activos intangibles distintos de la plusvalía,825.284,USD,2017-12-31,ANTARCHILE
Plusvalía,395.378,USD,2017-12-31,ANTARCHILE
"Propiedades, planta y equipo",10.490.870,USD,2017-12-31,ANTARCHILE
Activos biológicos no corrientes,3.459.146,USD,2017-12-31,ANTARCHILE
Propiedad de inversión,44.217,USD,2017-12-31,ANTARCHILE
"Activos por impuestos corrientes, no corrientes",-,USD,2017-12-31,ANTARCHILE
Activos por impuestos diferidos,327.529,USD,2017-12-31,ANTARCHILE
Total de activos no corrientes,17.242.986,USD,2017-12-31,ANTARCHILE
Total de activos,22.727.714,USD,2017-12-31,ANTARCHILE
Otros pasivos financieros corrientes,1.080.384,USD,2017-12-31,ANTARCHILE
Cuentas por pagar comerciales y otras cuentas por pagar,1.748.566,USD,2017-12-31,ANTARCHILE
"Cuentas por pagar a entidades relacionadas, corrientes",10.085,USD,2017-12-31,ANTARCHILE
Otras provisiones a corto plazo,21.420,USD,2017-12-31,ANTARCHILE
"Pasivos por impuestos corrientes, corrientes",41.347,USD,2017-12-31,ANTARCHILE
Provisiones corrientes por beneficios a los empleados,11.900,USD,2017-12-31,ANTARCHILE
Otros pasivos no financieros corrientes,355.935,USD,2017-12-31,ANTARCHILE
Total de pasivos corrientes distintos de los pasivos incluidos en grupos de activos para su disposición clasificados como mantenidos para la venta,3.269.637,USD,2017-12-31,ANTARCHILE
Pasivos incluidos en grupos de activos para su disposición clasificados como mantenidos para la venta,-,USD,2017-12-31,ANTARCHILE
Pasivos corrientes totales,3.269.637,USD,2017-12-31,ANTARCHILE
Otros pasivos financieros no corrientes,5.713.681,USD,2017-12-31,ANTARCHILE
Cuentas por pagar no corrientes,1.049,USD,2017-12-31,ANTARCHILE
"Cuentas por pagar a entidades relacionadas, no corrientes",-,USD,2017-12-31,ANTARCHILE
Otras provisiones a largo plazo,68.953,USD,2017-12-31,ANTARCHILE
Pasivo por impuestos diferidos,2.181.279,USD,2017-12-31,ANTARCHILE
"Pasivos por impuestos corrientes, no corrientes",-,USD,2017-12-31,ANTARCHILE
Provisiones no corrientes por beneficios a los empleados,119.001,USD,2017-12-31,ANTARCHILE
Otros pasivos no financieros no corrientes,190.648,USD,2017-12-31,ANTARCHILE
Total de pasivos no corrientes,8.274.611,USD,2017-12-31,ANTARCHILE
Total de pasivos,11.544.248,USD,2017-12-31,ANTARCHILE
Capital emitido,1.391.235,USD,2017-12-31,ANTARCHILE
Ganancias (pérdidas) acumuladas,6.220.745,USD,2017-12-31,ANTARCHILE
Prima de emisión,-,USD,2017-12-31,ANTARCHILE
Acciones propias en cartera,-,USD,2017-12-31,ANTARCHILE
Otras participaciones en el patrimonio,-,USD,2017-12-31,ANTARCHILE
Otras reservas,-983.992,USD,2017-12-31,ANTARCHILE
Patrimonio atribuible a los propietarios de la controladora,6.627.988,USD,2017-12-31,ANTARCHILE
Participaciones no controladoras,4.555.478,USD,2017-12-31,ANTARCHILE
Patrimonio total,11.183.466,USD,2017-12-31,ANTARCHILE
Total de patrimonio y pasivos,22.727.714,USD,2017-12-31,ANTARCHILE
Efectivo y equivalentes al efectivo,1.621.613,USD,2018-03-31,ANTARCHILE
Otros activos financieros corrientes,133.992,USD,2018-03-31,ANTARCHILE
Otros activos no financieros corrientes,224.733,USD,2018-03-31,ANTARCHILE
Deudores comerciales y otras cuentas por cobrar corrientes,2.221.510,USD,2018-03-31,ANTARCHILE
"Cuentas por cobrar a entidades relacionadas, corrientes",41.605,USD,2018-03-31,ANTARCHILE
Inventarios corrientes,1.596.836,USD,2018-03-31,ANTARCHILE
Activos biológicos corrientes,308.661,USD,2018-03-31,ANTARCHILE
"Activos por impuestos corrientes, corrientes",72.045,USD,2018-03-31,ANTARCHILE
Total de activos corrientes distintos de los activo o grupos de activos para su disposición clasificados como mantenidos para la venta o como mantenidos para distribuir a los propietarios,6.220.995,USD,2018-03-31,ANTARCHILE
Activos no corrientes o grupos de activos para su disposición clasificados como mantenidos para la venta o como mantenidos para distribuir a los propietarios,10.016,USD,2018-03-31,ANTARCHILE
Activos corrientes totales,6.231.011,USD,2018-03-31,ANTARCHILE
Otros activos financieros no corrientes,535.682,USD,2018-03-31,ANTARCHILE
Otros activos no financieros no corrientes,138.203,USD,2018-03-31,ANTARCHILE
Cuentas por cobrar no corrientes,35.617,USD,2018-03-31,ANTARCHILE
"Cuentas por cobrar a entidades relacionadas, no corrientes",7.707,USD,2018-03-31,ANTARCHILE
"Inventarios, no corrientes",-,USD,2018-03-31,ANTARCHILE
Inversiones contabilizadas utilizando el método de la participación,1.059.869,USD,2018-03-31,ANTARCHILE
Activos intangibles distintos de la plusvalía,873.615,USD,2018-03-31,ANTARCHILE
Plusvalía,582.743,USD,2018-03-31,ANTARCHILE
"Propiedades, planta y equipo",10.559.855,USD,2018-03-31,ANTARCHILE
Activos biológicos no corrientes,3.472.881,USD,2018-03-31,ANTARCHILE
Propiedad de inversión,45.197,USD,2018-03-31,ANTARCHILE
"Activos por impuestos corrientes, no corrientes",-,USD,2018-03-31,ANTARCHILE
Activos por impuestos diferidos,321.411,USD,2018-03-31,ANTARCHILE
Total de activos no corrientes,17.632.780,USD,2018-03-31,ANTARCHILE
Total de activos,23.863.791,USD,2018-03-31,ANTARCHILE
Otros pasivos financieros corrientes,1.077.742,USD,2018-03-31,ANTARCHILE
Cuentas por pagar comerciales y otras cuentas por pagar,1.586.516,USD,2018-03-31,ANTARCHILE
"Cuentas por pagar a entidades relacionadas, corrientes",14.184,USD,2018-03-31,ANTARCHILE
Otras provisiones a corto plazo,20.747,USD,2018-03-31,ANTARCHILE
"Pasivos por impuestos corrientes, corrientes",74.479,USD,2018-03-31,ANTARCHILE
Provisiones corrientes por beneficios a los empleados,11.316,USD,2018-03-31,ANTARCHILE
Otros pasivos no financieros corrientes,482.604,USD,2018-03-31,ANTARCHILE
Total de pasivos corrientes distintos de los pasivos incluidos en grupos de activos para su disposición clasificados como mantenidos para la venta,3.267.588,USD,2018-03-31,ANTARCHILE
Pasivos incluidos en grupos de activos para su disposición clasificados como mantenidos para la venta,-,USD,2018-03-31,ANTARCHILE
Pasivos corrientes totales,3.267.588,USD,2018-03-31,ANTARCHILE
Otros pasivos financieros no corrientes,6.579.406,USD,2018-03-31,ANTARCHILE
Cuentas por pagar no corrientes,1.076,USD,2018-03-31,ANTARCHILE
"Cuentas por pagar a entidades relacionadas, no corrientes",-,USD,2018-03-31,ANTARCHILE
Otras provisiones a largo plazo,71.650,USD,2018-03-31,ANTARCHILE
Pasivo por impuestos diferidos,2.204.003,USD,2018-03-31,ANTARCHILE
"Pasivos por impuestos corrientes, no corrientes",-,USD,2018-03-31,ANTARCHILE
Provisiones no corrientes por beneficios a los empleados,123.208,USD,2018-03-31,ANTARCHILE
Otros pasivos no financieros no corrientes,200.716,USD,2018-03-31,ANTARCHILE
Total de pasivos no corrientes,9.180.059,USD,2018-03-31,ANTARCHILE
Total de pasivos,12.447.647,USD,2018-03-31,ANTARCHILE
Capital emitido,1.391.235,USD,2018-03-31,ANTARCHILE
Ganancias (pérdidas) acumuladas,6.316.827,USD,2018-03-31,ANTARCHILE
Prima de emisión,-,USD,2018-03-31,ANTARCHILE
Acciones propias en cartera,-,USD,2018-03-31,ANTARCHILE
Otras participaciones en el patrimonio,-,USD,2018-03-31,ANTARCHILE
Otras reservas,-930.115,USD,2018-03-31,ANTARCHILE
Patrimonio atribuible a los propietarios de la controladora,6.777.947,USD,2018-03-31,ANTARCHILE
Participaciones no controladoras,4.638.197,USD,2018-03-31,ANTARCHILE
Patrimonio total,11.416.144,USD,2018-03-31,ANTARCHILE
Total de patrimonio y pasivos,23.863.791,USD,2018-03-31,ANTARCHILE
Efectivo y equivalentes al efectivo,1.268.557,USD,2018-06-30,ANTARCHILE
Otros activos financieros corrientes,477.090,USD,2018-06-30,ANTARCHILE
Otros activos no financieros corrientes,215.119,USD,2018-06-30,ANTARCHILE
Deudores comerciales y otras cuentas por cobrar corrientes,1.902.535,USD,2018-06-30,ANTARCHILE
"Cuentas por cobrar a entidades relacionadas, corrientes",39.429,USD,2018-06-30,ANTARCHILE
Inventarios corrientes,1.721.952,USD,2018-06-30,ANTARCHILE
Activos biológicos corrientes,269.492,USD,2018-06-30,ANTARCHILE
"Activos por impuestos corrientes, corrientes",81.968,USD,2018-06-30,ANTARCHILE
Total de activos corrientes distintos de los activo o grupos de activos para su disposición clasificados como mantenidos para la venta o como mantenidos para distribuir a los propietarios,5.976.142,USD,2018-06-30,ANTARCHILE
Activos no corrientes o grupos de activos para su disposición clasificados como mantenidos para la venta o como mantenidos para distribuir a los propietarios,23.498,USD,2018-06-30,ANTARCHILE
Activos corrientes totales,5.999.640,USD,2018-06-30,ANTARCHILE
Otros activos financieros no corrientes,455.304,USD,2018-06-30,ANTARCHILE
Otros activos no financieros no corrientes,156.895,USD,2018-06-30,ANTARCHILE
Cuentas por cobrar no corrientes,39.308,USD,2018-06-30,ANTARCHILE
"Cuentas por cobrar a entidades relacionadas, no corrientes",7.704,USD,2018-06-30,ANTARCHILE
"Inventarios, no corrientes",-,USD,2018-06-30,ANTARCHILE
Inversiones contabilizadas utilizando el método de la participación,1.210.424,USD,2018-06-30,ANTARCHILE
Activos intangibles distintos de la plusvalía,847.901,USD,2018-06-30,ANTARCHILE
Plusvalía,585.087,USD,2018-06-30,ANTARCHILE
"Propiedades, planta y equipo",10.325.023,USD,2018-06-30,ANTARCHILE
Activos biológicos no corrientes,3.422.496,USD,2018-06-30,ANTARCHILE
Propiedad de inversión,41.960,USD,2018-06-30,ANTARCHILE
"Activos por impuestos corrientes, no corrientes",-,USD,2018-06-30,ANTARCHILE
Activos por impuestos diferidos,304.191,USD,2018-06-30,ANTARCHILE
Total de activos no corrientes,17.396.293,USD,2018-06-30,ANTARCHILE
Total de activos,23.395.933,USD,2018-06-30,ANTARCHILE
Otros pasivos financieros corrientes,1.166.323,USD,2018-06-30,ANTARCHILE
Cuentas por pagar comerciales y otras cuentas por pagar,1.566.341,USD,2018-06-30,ANTARCHILE
"Cuentas por pagar a entidades relacionadas, corrientes",17.277,USD,2018-06-30,ANTARCHILE
Otras provisiones a corto plazo,21.869,USD,2018-06-30,ANTARCHILE
"Pasivos por impuestos corrientes, corrientes",92.591,USD,2018-06-30,ANTARCHILE
Provisiones corrientes por beneficios a los empleados,11.684,USD,2018-06-30,ANTARCHILE
Otros pasivos no financieros corrientes,337.588,USD,2018-06-30,ANTARCHILE
Total de pasivos corrientes distintos de los pasivos incluidos en grupos de activos para su disposición clasificados como mantenidos para la venta,3.213.673,USD,2018-06-30,ANTARCHILE
Pasivos incluidos en grupos de activos para su disposición clasificados como mantenidos para la venta,-,USD,2018-06-30,ANTARCHILE
Pasivos corrientes totales,3.213.673,USD,2018-06-30,ANTARCHILE
Otros pasivos financieros no corrientes,6.344.148,USD,2018-06-30,ANTARCHILE
Cuentas por pagar no corrientes,1.006,USD,2018-06-30,ANTARCHILE
"Cuentas por pagar a entidades relacionadas, no corrientes",-,USD,2018-06-30,ANTARCHILE
Otras provisiones a largo plazo,66.040,USD,2018-06-30,ANTARCHILE
Pasivo por impuestos diferidos,2.142.585,USD,2018-06-30,ANTARCHILE
"Pasivos por impuestos corrientes, no corrientes",119.276,USD,2018-06-30,ANTARCHILE
Provisiones no corrientes por beneficios a los empleados,182.804,USD,2018-06-30,ANTARCHILE
Otros pasivos no financieros no corrientes,-,USD,2018-06-30,ANTARCHILE
Total de pasivos no corrientes,8.855.859,USD,2018-06-30,ANTARCHILE
Total de pasivos,12.069.532,USD,2018-06-30,ANTARCHILE
Capital emitido,1.391.235,USD,2018-06-30,ANTARCHILE
Ganancias (pérdidas) acumuladas,6.446.955,USD,2018-06-30,ANTARCHILE
Prima de emisión,-,USD,2018-06-30,ANTARCHILE
Acciones propias en cartera,-,USD,2018-06-30,ANTARCHILE
Otras participaciones en el patrimonio,-,USD,2018-06-30,ANTARCHILE
Otras reservas,-1.133.783,USD,2018-06-30,ANTARCHILE
Patrimonio atribuible a los propietarios de la controladora,6.704.407,USD,2018-06-30,ANTARCHILE
Participaciones no controladoras,4.621.994,USD,2018-06-30,ANTARCHILE
Patrimonio total,11.326.401,USD,2018-06-30,ANTARCHILE
Total de patrimonio y pasivos,23.395.933,USD,2018-06-30,ANTARCHILE
Efectivo y equivalentes al efectivo,1.469.692,USD,2018-09-30,ANTARCHILE
Otros activos financieros corrientes,479.484,USD,2018-09-30,ANTARCHILE
Otros activos no financieros corrientes,169.775,USD,2018-09-30,ANTARCHILE
Deudores comerciales y otras cuentas por cobrar corrientes,2.040.100,USD,2018-09-30,ANTARCHILE
"Cuentas por cobrar a entidades relacionadas, corrientes",47.326,USD,2018-09-30,ANTARCHILE
Inventarios corrientes,1.798.953,USD,2018-09-30,ANTARCHILE
Activos biológicos corrientes,298.984,USD,2018-09-30,ANTARCHILE
"Activos por impuestos corrientes, corrientes",86.271,USD,2018-09-30,ANTARCHILE
Total de activos corrientes distintos de los activo o grupos de activos para su disposición clasificados como mantenidos para la venta o como mantenidos para distribuir a los propietarios,6.390.585,USD,2018-09-30,ANTARCHILE
Activos no corrientes o grupos de activos para su disposición clasificados como mantenidos para la venta o como mantenidos para distribuir a los propietarios,14.609,USD,2018-09-30,ANTARCHILE
Activos corrientes totales,6.405.194,USD,2018-09-30,ANTARCHILE
Otros activos financieros no corrientes,471.984,USD,2018-09-30,ANTARCHILE
Otros activos no financieros no corrientes,154.967,USD,2018-09-30,ANTARCHILE
Cuentas por cobrar no corrientes,39.672,USD,2018-09-30,ANTARCHILE
"Cuentas por cobrar a entidades relacionadas, no corrientes",7.800,USD,2018-09-30,ANTARCHILE
"Inventarios, no corrientes",-,USD,2018-09-30,ANTARCHILE
Inversiones contabilizadas utilizando el método de la participación,1.257.811,USD,2018-09-30,ANTARCHILE
Activos intangibles distintos de la plusvalía,842.211,USD,2018-09-30,ANTARCHILE
Plusvalía,591.719,USD,2018-09-30,ANTARCHILE
"Propiedades, planta y equipo",10.405.287,USD,2018-09-30,ANTARCHILE
Activos biológicos no corrientes,3.363.622,USD,2018-09-30,ANTARCHILE
Propiedad de inversión,41.367,USD,2018-09-30,ANTARCHILE
"Activos por impuestos corrientes, no corrientes",-,USD,2018-09-30,ANTARCHILE
Activos por impuestos diferidos,316.323,USD,2018-09-30,ANTARCHILE
Total de activos no corrientes,17.492.763,USD,2018-09-30,ANTARCHILE
Total de activos,23.897.957,USD,2018-09-30,ANTARCHILE
Otros pasivos financieros corrientes,1.310.727,USD,2018-09-30,ANTARCHILE
Cuentas por pagar comerciales y otras cuentas por pagar,1.784.455,USD,2018-09-30,ANTARCHILE
"Cuentas por pagar a entidades relacionadas, corrientes",18.626,USD,2018-09-30,ANTARCHILE
Otras provisiones a corto plazo,22.305,USD,2018-09-30,ANTARCHILE
"Pasivos por impuestos corrientes, corrientes",159.211,USD,2018-09-30,ANTARCHILE
Provisiones corrientes por beneficios a los empleados,13.029,USD,2018-09-30,ANTARCHILE
Otros pasivos no financieros corrientes,440.345,USD,2018-09-30,ANTARCHILE
Total de pasivos corrientes distintos de los pasivos incluidos en grupos de activos para su disposición clasificados como mantenidos para la venta,3.748.698,USD,2018-09-30,ANTARCHILE
Pasivos incluidos en grupos de activos para su disposición clasificados como mantenidos para la venta,-,USD,2018-09-30,ANTARCHILE
Pasivos corrientes totales,3.748.698,USD,2018-09-30,ANTARCHILE
Otros pasivos financieros no corrientes,6.187.177,USD,2018-09-30,ANTARCHILE
Cuentas por pagar no corrientes,998,USD,2018-09-30,ANTARCHILE
"Cuentas por pagar a entidades relacionadas, no corrientes",-,USD,2018-09-30,ANTARCHILE
Otras provisiones a largo plazo,65.736,USD,2018-09-30,ANTARCHILE
Pasivo por impuestos diferidos,2.123.970,USD,2018-09-30,ANTARCHILE
"Pasivos por impuestos corrientes, no corrientes",-,USD,2018-09-30,ANTARCHILE
Provisiones no corrientes por beneficios a los empleados,119.168,USD,2018-09-30,ANTARCHILE
Otros pasivos no financieros no corrientes,185.449,USD,2018-09-30,ANTARCHILE
Total de pasivos no corrientes,8.682.498,USD,2018-09-30,ANTARCHILE
Total de pasivos,12.431.196,USD,2018-09-30,ANTARCHILE
Capital emitido,1.391.235,USD,2018-09-30,ANTARCHILE
Ganancias (pérdidas) acumuladas,6.550.830,USD,2018-09-30,ANTARCHILE
Prima de emisión,-,USD,2018-09-30,ANTARCHILE
Acciones propias en cartera,-,USD,2018-09-30,ANTARCHILE
Otras participaciones en el patrimonio,-,USD,2018-09-30,ANTARCHILE
Otras reservas,-1.149.565,USD,2018-09-30,ANTARCHILE
Patrimonio atribuible a los propietarios de la controladora,6.792.500,USD,2018-09-30,ANTARCHILE
Participaciones no controladoras,4.674.261,USD,2018-09-30,ANTARCHILE
Patrimonio total,11.466.761,USD,2018-09-30,ANTARCHILE
Total de patrimonio y pasivos,23.897.957,USD,2018-09-30,ANTARCHILE
Efectivo y equivalentes al efectivo,1.744.842,USD,2018-12-31,ANTARCHILE
Otros activos financieros corrientes,338.916,USD,2018-12-31,ANTARCHILE
Otros activos no financieros corrientes,164.240,USD,2018-12-31,ANTARCHILE
Deudores comerciales y otras cuentas por cobrar corrientes,1.970.935,USD,2018-12-31,ANTARCHILE
"Cuentas por cobrar a entidades relacionadas, corrientes",50.526,USD,2018-12-31,ANTARCHILE
Inventarios corrientes,1.742.757,USD,2018-12-31,ANTARCHILE
Activos biológicos corrientes,319.021,USD,2018-12-31,ANTARCHILE
"Activos por impuestos corrientes, corrientes",109.009,USD,2018-12-31,ANTARCHILE
Total de activos corrientes distintos de los activo o grupos de activos para su disposición clasificados como mantenidos para la venta o como mantenidos para distribuir a los propietarios,6.440.246,USD,2018-12-31,ANTARCHILE
Activos no corrientes o grupos de activos para su disposición clasificados como mantenidos para la venta o como mantenidos para distribuir a los propietarios,18.439,USD,2018-12-31,ANTARCHILE
Activos corrientes totales,6.458.685,USD,2018-12-31,ANTARCHILE
Otros activos financieros no corrientes,420.924,USD,2018-12-31,ANTARCHILE
Otros activos no financieros no corrientes,153.225,USD,2018-12-31,ANTARCHILE
Cuentas por cobrar no corrientes,28.399,USD,2018-12-31,ANTARCHILE
"Cuentas por cobrar a entidades relacionadas, no corrientes",7.867,USD,2018-12-31,ANTARCHILE
"Inventarios, no corrientes",-,USD,2018-12-31,ANTARCHILE
Inversiones contabilizadas utilizando el método de la participación,1.203.474,USD,2018-12-31,ANTARCHILE
Activos intangibles distintos de la plusvalía,1.047.549,USD,2018-12-31,ANTARCHILE
Plusvalía,432.729,USD,2018-12-31,ANTARCHILE
"Propiedades, planta y equipo",10.553.256,USD,2018-12-31,ANTARCHILE
Activos biológicos no corrientes,3.336.339,USD,2018-12-31,ANTARCHILE
Propiedad de inversión,40.583,USD,2018-12-31,ANTARCHILE
"Activos por impuestos corrientes, no corrientes",-,USD,2018-12-31,ANTARCHILE
Activos por impuestos diferidos,343.350,USD,2018-12-31,ANTARCHILE
Total de activos no corrientes,17.567.695,USD,2018-12-31,ANTARCHILE
Total de activos,24.026.380,USD,2018-12-31,ANTARCHILE
Otros pasivos financieros corrientes,1.188.400,USD,2018-12-31,ANTARCHILE
Cuentas por pagar comerciales y otras cuentas por pagar,1.744.925,USD,2018-12-31,ANTARCHILE
"Cuentas por pagar a entidades relacionadas, corrientes",8.925,USD,2018-12-31,ANTARCHILE
Otras provisiones a corto plazo,19.763,USD,2018-12-31,ANTARCHILE
"Pasivos por impuestos corrientes, corrientes",177.460,USD,2018-12-31,ANTARCHILE
Provisiones corrientes por beneficios a los empleados,11.155,USD,2018-12-31,ANTARCHILE
Otros pasivos no financieros corrientes,432.077,USD,2018-12-31,ANTARCHILE
Total de pasivos corrientes distintos de los pasivos incluidos en grupos de activos para su disposición clasificados como mantenidos para la venta,3.582.705,USD,2018-12-31,ANTARCHILE
Pasivos incluidos en grupos de activos para su disposición clasificados como mantenidos para la venta,-,USD,2018-12-31,ANTARCHILE
Pasivos corrientes totales,3.582.705,USD,2018-12-31,ANTARCHILE
Otros pasivos financieros no corrientes,6.455.142,USD,2018-12-31,ANTARCHILE
Cuentas por pagar no corrientes,6.811,USD,2018-12-31,ANTARCHILE
"Cuentas por pagar a entidades relacionadas, no corrientes",-,USD,2018-12-31,ANTARCHILE
Otras provisiones a largo plazo,90.230,USD,2018-12-31,ANTARCHILE
Pasivo por impuestos diferidos,2.164.801,USD,2018-12-31,ANTARCHILE
"Pasivos por impuestos corrientes, no corrientes",-,USD,2018-12-31,ANTARCHILE
Provisiones no corrientes por beneficios a los empleados,112.462,USD,2018-12-31,ANTARCHILE
Otros pasivos no financieros no corrientes,188.719,USD,2018-12-31,ANTARCHILE
Total de pasivos no corrientes,9.018.165,USD,2018-12-31,ANTARCHILE
Total de pasivos,12.600.870,USD,2018-12-31,ANTARCHILE
Capital emitido,1.391.235,USD,2018-12-31,ANTARCHILE
Ganancias (pérdidas) acumuladas,6.598.044,USD,2018-12-31,ANTARCHILE
Prima de emisión,-,USD,2018-12-31,ANTARCHILE
Acciones propias en cartera,-,USD,2018-12-31,ANTARCHILE
Otras participaciones en el patrimonio,-,USD,2018-12-31,ANTARCHILE
Otras reservas,-1.210.827,USD,2018-12-31,ANTARCHILE
Patrimonio atribuible a los propietarios de la controladora,6.778.452,USD,2018-12-31,ANTARCHILE
Participaciones no controladoras,4.647.058,USD,2018-12-31,ANTARCHILE
Patrimonio total,11.425.510,USD,2018-12-31,ANTARCHILE
Total de patrimonio y pasivos,24.026.380,USD,2018-12-31,ANTARCHILE
Efectivo y equivalentes al efectivo,1.569.319,USD,2019-03-31,ANTARCHILE
Otros activos financieros corrientes,196.453,USD,2019-03-31,ANTARCHILE
Otros activos no financieros corrientes,268.927,USD,2019-03-31,ANTARCHILE
Deudores comerciales y otras cuentas por cobrar corrientes,2.028.566,USD,2019-03-31,ANTARCHILE
"Cuentas por cobrar a entidades relacionadas, corrientes",49.347,USD,2019-03-31,ANTARCHILE
Inventarios corrientes,1.846.735,USD,2019-03-31,ANTARCHILE
Activos biológicos corrientes,317.055,USD,2019-03-31,ANTARCHILE
"Activos por impuestos corrientes, corrientes",111.807,USD,2019-03-31,ANTARCHILE
Total de activos corrientes distintos de los activo o grupos de activos para su disposición clasificados como mantenidos para la venta o como mantenidos para distribuir a los propietarios,6.388.209,USD,2019-03-31,ANTARCHILE
Activos no corrientes o grupos de activos para su disposición clasificados como mantenidos para la venta o como mantenidos para distribuir a los propietarios,17.424,USD,2019-03-31,ANTARCHILE
Activos corrientes totales,6.405.633,USD,2019-03-31,ANTARCHILE
Otros activos financieros no corrientes,476.899,USD,2019-03-31,ANTARCHILE
Otros activos no financieros no corrientes,157.622,USD,2019-03-31,ANTARCHILE
Cuentas por cobrar no corrientes,25.982,USD,2019-03-31,ANTARCHILE
"Cuentas por cobrar a entidades relacionadas, no corrientes",7.496,USD,2019-03-31,ANTARCHILE
"Inventarios, no corrientes",-,USD,2019-03-31,ANTARCHILE
Inversiones contabilizadas utilizando el método de la participación,1.240.518,USD,2019-03-31,ANTARCHILE
Activos intangibles distintos de la plusvalía,1.057.907,USD,2019-03-31,ANTARCHILE
Plusvalía,423.761,USD,2019-03-31,ANTARCHILE
"Propiedades, planta y equipo",11.406.084,USD,2019-03-31,ANTARCHILE
Activos biológicos no corrientes,3.366.164,USD,2019-03-31,ANTARCHILE
Propiedad de inversión,41.536,USD,2019-03-31,ANTARCHILE
"Activos por impuestos corrientes, no corrientes",-,USD,2019-03-31,ANTARCHILE
Activos por impuestos diferidos,379.611,USD,2019-03-31,ANTARCHILE
Total de activos no corrientes,18.583.580,USD,2019-03-31,ANTARCHILE
Total de activos,24.989.213,USD,2019-03-31,ANTARCHILE
Otros pasivos financieros corrientes,1.303.154,USD,2019-03-31,ANTARCHILE
Cuentas por pagar comerciales y otras cuentas por pagar,1.786.795,USD,2019-03-31,ANTARCHILE
"Cuentas por pagar a entidades relacionadas, corrientes",10.987,USD,2019-03-31,ANTARCHILE
Otras provisiones a corto plazo,20.570,USD,2019-03-31,ANTARCHILE
"Pasivos por impuestos corrientes, corrientes",181.834,USD,2019-03-31,ANTARCHILE
Provisiones corrientes por beneficios a los empleados,11.380,USD,2019-03-31,ANTARCHILE
Otros pasivos no financieros corrientes,538.135,USD,2019-03-31,ANTARCHILE
Total de pasivos corrientes distintos de los pasivos incluidos en grupos de activos para su disposición clasificados como mantenidos para la venta,3.852.855,USD,2019-03-31,ANTARCHILE
Pasivos incluidos en grupos de activos para su disposición clasificados como mantenidos para la venta,-,USD,2019-03-31,ANTARCHILE
Pasivos corrientes totales,3.852.855,USD,2019-03-31,ANTARCHILE
Otros pasivos financieros no corrientes,6.924.233,USD,2019-03-31,ANTARCHILE
Cuentas por pagar no corrientes,6.943,USD,2019-03-31,ANTARCHILE
"Cuentas por pagar a entidades relacionadas, no corrientes",-,USD,2019-03-31,ANTARCHILE
Otras provisiones a largo plazo,90.466,USD,2019-03-31,ANTARCHILE
Pasivo por impuestos diferidos,2.177.099,USD,2019-03-31,ANTARCHILE
"Pasivos por impuestos corrientes, no corrientes",-,USD,2019-03-31,ANTARCHILE
Provisiones no corrientes por beneficios a los empleados,114.283,USD,2019-03-31,ANTARCHILE
Otros pasivos no financieros no corrientes,190.709,USD,2019-03-31,ANTARCHILE
Total de pasivos no corrientes,9.503.733,USD,2019-03-31,ANTARCHILE
Total de pasivos,13.356.588,USD,2019-03-31,ANTARCHILE
Capital emitido y pagado,1.391.235,USD,2019-03-31,ANTARCHILE
Ganancias (pérdidas) acumuladas,6.676.135,USD,2019-03-31,ANTARCHILE
Prima de emisión,-,USD,2019-03-31,ANTARCHILE
Acciones propias en cartera,-,USD,2019-03-31,ANTARCHILE
Otras participaciones en el patrimonio,-,USD,2019-03-31,ANTARCHILE
Otras reservas,-1.152.131,USD,2019-03-31,ANTARCHILE
Patrimonio atribuible a los propietarios de la controladora,6.915.239,USD,2019-03-31,ANTARCHILE
Participaciones no controladoras,4.717.386,USD,2019-03-31,ANTARCHILE
Patrimonio total,11.632.625,USD,2019-03-31,ANTARCHILE
Total de patrimonio y pasivos,24.989.213,USD,2019-03-31,ANTARCHILE
Efectivo y equivalentes al efectivo,2.017.614,USD,2019-06-30,ANTARCHILE
Otros activos financieros corrientes,165.837,USD,2019-06-30,ANTARCHILE
Otros activos no financieros corrientes,225.687,USD,2019-06-30,ANTARCHILE
Deudores comerciales y otras cuentas por cobrar corrientes,1.906.070,USD,2019-06-30,ANTARCHILE
"Cuentas por cobrar a entidades relacionadas, corrientes",47.343,USD,2019-06-30,ANTARCHILE
Inventarios corrientes,1.937.466,USD,2019-06-30,ANTARCHILE
Activos biológicos corrientes,308.589,USD,2019-06-30,ANTARCHILE
"Activos por impuestos corrientes, corrientes",146.985,USD,2019-06-30,ANTARCHILE
Total de activos corrientes distintos de los activo o grupos de activos para su disposición clasificados como mantenidos para la venta o como mantenidos para distribuir a los propietarios,6.755.591,USD,2019-06-30,ANTARCHILE
Activos no corrientes o grupos de activos para su disposición clasificados como mantenidos para la venta o como mantenidos para distribuir a los propietarios,18.079,USD,2019-06-30,ANTARCHILE
Activos corrientes totales,6.773.670,USD,2019-06-30,ANTARCHILE
Otros activos financieros no corrientes,466.194,USD,2019-06-30,ANTARCHILE
Otros activos no financieros no corrientes,174.161,USD,2019-06-30,ANTARCHILE
Cuentas por cobrar no corrientes,22.879,USD,2019-06-30,ANTARCHILE
"Cuentas por cobrar a entidades relacionadas, no corrientes",7.599,USD,2019-06-30,ANTARCHILE
"Inventarios, no corrientes",-,USD,2019-06-30,ANTARCHILE
Inversiones contabilizadas utilizando el método de la participación,1.225.554,USD,2019-06-30,ANTARCHILE
Activos intangibles distintos de la plusvalía,1.050.466,USD,2019-06-30,ANTARCHILE
Plusvalía,423.802,USD,2019-06-30,ANTARCHILE
"Propiedades, planta y equipo",11.743.362,USD,2019-06-30,ANTARCHILE
Activos biológicos no corrientes,3.374.596,USD,2019-06-30,ANTARCHILE
Propiedad de inversión,41.033,USD,2019-06-30,ANTARCHILE
"Activos por impuestos corrientes, no corrientes",-,USD,2019-06-30,ANTARCHILE
Activos por impuestos diferidos,413.746,USD,2019-06-30,ANTARCHILE
Total de activos no corrientes,18.943.392,USD,2019-06-30,ANTARCHILE
Total de activos,25.717.062,USD,2019-06-30,ANTARCHILE
Otros pasivos financieros corrientes,1.262.989,USD,2019-06-30,ANTARCHILE
Cuentas por pagar comerciales y otras cuentas por pagar,1.806.272,USD,2019-06-30,ANTARCHILE
"Cuentas por pagar a entidades relacionadas, corrientes",14.403,USD,2019-06-30,ANTARCHILE
Otras provisiones a corto plazo,19.886,USD,2019-06-30,ANTARCHILE
"Pasivos por impuestos corrientes, corrientes",18.770,USD,2019-06-30,ANTARCHILE
Provisiones corrientes por beneficios a los empleados,11.783,USD,2019-06-30,ANTARCHILE
Otros pasivos no financieros corrientes,220.124,USD,2019-06-30,ANTARCHILE
Total de pasivos corrientes distintos de los pasivos incluidos en grupos de activos para su disposición clasificados como mantenidos para la venta,3.354.227,USD,2019-06-30,ANTARCHILE
Pasivos incluidos en grupos de activos para su disposición clasificados como mantenidos para la venta,-,USD,2019-06-30,ANTARCHILE
Pasivos corrientes totales,3.354.227,USD,2019-06-30,ANTARCHILE
Otros pasivos financieros no corrientes,8.035.814,USD,2019-06-30,ANTARCHILE
Cuentas por pagar no corrientes,5.909,USD,2019-06-30,ANTARCHILE
"Cuentas por pagar a entidades relacionadas, no corrientes",-,USD,2019-06-30,ANTARCHILE
Otras provisiones a largo plazo,90.165,USD,2019-06-30,ANTARCHILE
Pasivo por impuestos diferidos,2.208.261,USD,2019-06-30,ANTARCHILE
"Pasivos por impuestos corrientes, no corrientes",-,USD,2019-06-30,ANTARCHILE
Provisiones no corrientes por beneficios a los empleados,116.605,USD,2019-06-30,ANTARCHILE
Otros pasivos no financieros no corrientes,197.113,USD,2019-06-30,ANTARCHILE
Total de pasivos no corrientes,10.653.867,USD,2019-06-30,ANTARCHILE
Total de pasivos,14.008.094,USD,2019-06-30,ANTARCHILE
Capital emitido y pagado,1.391.235,USD,2019-06-30,ANTARCHILE
Ganancias (pérdidas) acumuladas,6.737.085,USD,2019-06-30,ANTARCHILE
Prima de emisión,-,USD,2019-06-30,ANTARCHILE
Acciones propias en cartera,-,USD,2019-06-30,ANTARCHILE
Otras participaciones en el patrimonio,-,USD,2019-06-30,ANTARCHILE
Otras reservas,-1.177.517,USD,2019-06-30,ANTARCHILE
Patrimonio atribuible a los propietarios de la controladora,6.950.803,USD,2019-06-30,ANTARCHILE
Participaciones no controladoras,4.758.165,USD,2019-06-30,ANTARCHILE
Patrimonio total,11.708.968,USD,2019-06-30,ANTARCHILE
Total de patrimonio y pasivos,25.717.062,USD,2019-06-30,ANTARCHILE
Efectivo y equivalentes al efectivo,1.728.334,USD,2019-09-30,ANTARCHILE
Otros activos financieros corrientes,163.522,USD,2019-09-30,ANTARCHILE
Otros activos no financieros corrientes,200.464,USD,2019-09-30,ANTARCHILE
Deudores comerciales y otras cuentas por cobrar corrientes,1.790.943,USD,2019-09-30,ANTARCHILE
"Cuentas por cobrar a entidades relacionadas, corrientes",48.874,USD,2019-09-30,ANTARCHILE
Inventarios corrientes,1.831.821,USD,2019-09-30,ANTARCHILE
Activos biológicos corrientes,324.374,USD,2019-09-30,ANTARCHILE
"Activos por impuestos corrientes, corrientes",190.773,USD,2019-09-30,ANTARCHILE
Total de activos corrientes distintos de los activo o grupos de activos para su disposición clasificados como mantenidos para la venta o como mantenidos para distribuir a los propietarios,6.279.105,USD,2019-09-30,ANTARCHILE
Activos no corrientes o grupos de activos para su disposición clasificados como mantenidos para la venta o como mantenidos para distribuir a los propietarios,20.898,USD,2019-09-30,ANTARCHILE
Activos corrientes totales,6.300.003,USD,2019-09-30,ANTARCHILE
Otros activos financieros no corrientes,484.002,USD,2019-09-30,ANTARCHILE
Otros activos no financieros no corrientes,153.497,USD,2019-09-30,ANTARCHILE
Cuentas por cobrar no corrientes,21.801,USD,2019-09-30,ANTARCHILE
"Cuentas por cobrar a entidades relacionadas, no corrientes",7.673,USD,2019-09-30,ANTARCHILE
"Inventarios, no corrientes",-,USD,2019-09-30,ANTARCHILE
Inversiones contabilizadas utilizando el método de la participación,1.226.797,USD,2019-09-30,ANTARCHILE
Activos intangibles distintos de la plusvalía,1.005.012,USD,2019-09-30,ANTARCHILE
Plusvalía,417.173,USD,2019-09-30,ANTARCHILE
"Propiedades, planta y equipo",11.548.291,USD,2019-09-30,ANTARCHILE
Activos biológicos no corrientes,3.308.594,USD,2019-09-30,ANTARCHILE
Propiedad de inversión,38.326,USD,2019-09-30,ANTARCHILE
"Activos por impuestos corrientes, no corrientes",-,USD,2019-09-30,ANTARCHILE
Activos por impuestos diferidos,418.589,USD,2019-09-30,ANTARCHILE
Total de activos no corrientes,18.629.755,USD,2019-09-30,ANTARCHILE
Total de activos,24.929.758,USD,2019-09-30,ANTARCHILE
Otros pasivos financieros corrientes,1.306.309,USD,2019-09-30,ANTARCHILE
Cuentas por pagar comerciales y otras cuentas por pagar,1.663.661,USD,2019-09-30,ANTARCHILE
"Cuentas por pagar a entidades relacionadas, corrientes",6.301,USD,2019-09-30,ANTARCHILE
Otras provisiones a corto plazo,20.933,USD,2019-09-30,ANTARCHILE
"Pasivos por impuestos corrientes, corrientes",23.460,USD,2019-09-30,ANTARCHILE
Provisiones corrientes por beneficios a los empleados,11.593,USD,2019-09-30,ANTARCHILE
Otros pasivos no financieros corrientes,230.405,USD,2019-09-30,ANTARCHILE
Total de pasivos corrientes distintos de los pasivos incluidos en grupos de activos para su disposición clasificados como mantenidos para la venta,3.262.662,USD,2019-09-30,ANTARCHILE
Pasivos incluidos en grupos de activos para su disposición clasificados como mantenidos para la venta,-,USD,2019-09-30,ANTARCHILE
Pasivos corrientes totales,3.262.662,USD,2019-09-30,ANTARCHILE
Otros pasivos financieros no corrientes,7.638.188,USD,2019-09-30,ANTARCHILE
Cuentas por pagar no corrientes,4.447,USD,2019-09-30,ANTARCHILE
"Cuentas por pagar a entidades relacionadas, no corrientes",-,USD,2019-09-30,ANTARCHILE
Otras provisiones a largo plazo,86.850,USD,2019-09-30,ANTARCHILE
Pasivo por impuestos diferidos,2.175.883,USD,2019-09-30,ANTARCHILE
"Pasivos por impuestos corrientes, no corrientes",-,USD,2019-09-30,ANTARCHILE
Provisiones no corrientes por beneficios a los empleados,109.929,USD,2019-09-30,ANTARCHILE
Otros pasivos no financieros no corrientes,182.736,USD,2019-09-30,ANTARCHILE
Total de pasivos no corrientes,10.198.033,USD,2019-09-30,ANTARCHILE
Total de pasivos,13.460.695,USD,2019-09-30,ANTARCHILE
Capital emitido y pagado,1.391.235,USD,2019-09-30,ANTARCHILE
Ganancias (pérdidas) acumuladas,6.732.673,USD,2019-09-30,ANTARCHILE
Prima de emisión,-,USD,2019-09-30,ANTARCHILE
Acciones propias en cartera,-,USD,2019-09-30,ANTARCHILE
Otras participaciones en el patrimonio,-,USD,2019-09-30,ANTARCHILE
Otras reservas,-1.332.868,USD,2019-09-30,ANTARCHILE
Patrimonio atribuible a los propietarios de la controladora,6.791.040,USD,2019-09-30,ANTARCHILE
Participaciones no controladoras,4.678.023,USD,2019-09-30,ANTARCHILE
Patrimonio total,11.469.063,USD,2019-09-30,ANTARCHILE
Total de patrimonio y pasivos,24.929.758,USD,2019-09-30,ANTARCHILE
Efectivo y equivalentes al efectivo,2.252.868,USD,2019-12-31,ANTARCHILE
Otros activos financieros corrientes,124.918,USD,2019-12-31,ANTARCHILE
Otros activos no financieros corrientes,211.141,USD,2019-12-31,ANTARCHILE
Deudores comerciales y otras cuentas por cobrar corrientes,1.675.956,USD,2019-12-31,ANTARCHILE
"Cuentas por cobrar a entidades relacionadas, corrientes",84.628,USD,2019-12-31,ANTARCHILE
Inventarios corrientes,1.823.893,USD,2019-12-31,ANTARCHILE
Activos biológicos corrientes,275.792,USD,2019-12-31,ANTARCHILE
"Activos por impuestos corrientes, corrientes",269.520,USD,2019-12-31,ANTARCHILE
Total de activos corrientes distintos de los activo o grupos de activos para su disposición clasificados como mantenidos para la venta o como mantenidos para distribuir a los propietarios,6.718.716,USD,2019-12-31,ANTARCHILE
Activos no corrientes o grupos de activos para su disposición clasificados como mantenidos para la venta o como mantenidos para distribuir a los propietarios,359.349,USD,2019-12-31,ANTARCHILE
Activos corrientes totales,7.078.065,USD,2019-12-31,ANTARCHILE
Otros activos financieros no corrientes,377.402,USD,2019-12-31,ANTARCHILE
Otros activos no financieros no corrientes,180.604,USD,2019-12-31,ANTARCHILE
Cuentas por cobrar no corrientes,19.870,USD,2019-12-31,ANTARCHILE
"Cuentas por cobrar a entidades relacionadas, no corrientes",7.456,USD,2019-12-31,ANTARCHILE
"Inventarios, no corrientes",-,USD,2019-12-31,ANTARCHILE
Inversiones contabilizadas utilizando el método de la participación,1.071.530,USD,2019-12-31,ANTARCHILE
Activos intangibles distintos de la plusvalía,977.805,USD,2019-12-31,ANTARCHILE
Plusvalía,413.693,USD,2019-12-31,ANTARCHILE
"Propiedades, planta y equipo",11.486.389,USD,2019-12-31,ANTARCHILE
Activos biológicos no corrientes,3.393.634,USD,2019-12-31,ANTARCHILE
Propiedad de inversión,35.300,USD,2019-12-31,ANTARCHILE
"Activos por impuestos corrientes, no corrientes",-,USD,2019-12-31,ANTARCHILE
Activos por impuestos diferidos,484.868,USD,2019-12-31,ANTARCHILE
Total de activos no corrientes,18.448.551,USD,2019-12-31,ANTARCHILE
Total de activos,25.526.616,USD,2019-12-31,ANTARCHILE
Otros pasivos financieros corrientes,972.231,USD,2019-12-31,ANTARCHILE
Cuentas por pagar comerciales y otras cuentas por pagar,1.794.325,USD,2019-12-31,ANTARCHILE
"Cuentas por pagar a entidades relacionadas, corrientes",6.137,USD,2019-12-31,ANTARCHILE
Otras provisiones a corto plazo,18.999,USD,2019-12-31,ANTARCHILE
"Pasivos por impuestos corrientes, corrientes",25.124,USD,2019-12-31,ANTARCHILE
Provisiones corrientes por beneficios a los empleados,11.810,USD,2019-12-31,ANTARCHILE
Otros pasivos no financieros corrientes,135.704,USD,2019-12-31,ANTARCHILE
Total de pasivos corrientes distintos de los pasivos incluidos en grupos de activos para su disposición clasificados como mantenidos para la venta,2.964.330,USD,2019-12-31,ANTARCHILE
Pasivos incluidos en grupos de activos para su disposición clasificados como mantenidos para la venta,186.860,USD,2019-12-31,ANTARCHILE
Pasivos corrientes totales,3.151.190,USD,2019-12-31,ANTARCHILE
Otros pasivos financieros no corrientes,8.470.209,USD,2019-12-31,ANTARCHILE
Cuentas por pagar no corrientes,3.189,USD,2019-12-31,ANTARCHILE
"Cuentas por pagar a entidades relacionadas, no corrientes",-,USD,2019-12-31,ANTARCHILE
Otras provisiones a largo plazo,80.556,USD,2019-12-31,ANTARCHILE
Pasivo por impuestos diferidos,2.169.305,USD,2019-12-31,ANTARCHILE
"Pasivos por impuestos corrientes, no corrientes",-,USD,2019-12-31,ANTARCHILE
Provisiones no corrientes por beneficios a los empleados,114.883,USD,2019-12-31,ANTARCHILE
Otros pasivos no financieros no corrientes,185.176,USD,2019-12-31,ANTARCHILE
Total de pasivos no corrientes,11.023.318,USD,2019-12-31,ANTARCHILE
Total de pasivos,14.174.508,USD,2019-12-31,ANTARCHILE
Capital emitido y pagado,1.391.235,USD,2019-12-31,ANTARCHILE
Ganancias (pérdidas) acumuladas,6.661.369,USD,2019-12-31,ANTARCHILE
Prima de emisión,-,USD,2019-12-31,ANTARCHILE
Acciones propias en cartera,-,USD,2019-12-31,ANTARCHILE
Otras participaciones en el patrimonio,-,USD,2019-12-31,ANTARCHILE
Otras reservas,-1.355.112,USD,2019-12-31,ANTARCHILE
Patrimonio atribuible a los propietarios de la controladora,6.697.492,USD,2019-12-31,ANTARCHILE
Participaciones no controladoras,4.654.616,USD,2019-12-31,ANTARCHILE
Patrimonio total,11.352.108,USD,2019-12-31,ANTARCHILE
Total de patrimonio y pasivos,25.526.616,USD,2019-12-31,ANTARCHILE
Efectivo y equivalentes al efectivo,1.775.565,USD,2020-03-31,ANTARCHILE
Otros activos financieros corrientes,179.481,USD,2020-03-31,ANTARCHILE
Otros activos no financieros corrientes,230.958,USD,2020-03-31,ANTARCHILE
Deudores comerciales y otras cuentas por cobrar corrientes,1.577.849,USD,2020-03-31,ANTARCHILE
"Cuentas por cobrar a entidades relacionadas, corrientes",81.408,USD,2020-03-31,ANTARCHILE
Inventarios corrientes,1.748.452,USD,2020-03-31,ANTARCHILE
Activos biológicos corrientes,260.744,USD,2020-03-31,ANTARCHILE
"Activos por impuestos corrientes, corrientes",308.444,USD,2020-03-31,ANTARCHILE
Total de activos corrientes distintos de los activo o grupos de activos para su disposición clasificados como mantenidos para la venta o como mantenidos para distribuir a los propietarios,6.162.901,USD,2020-03-31,ANTARCHILE
Activos no corrientes o grupos de activos para su disposición clasificados como mantenidos para la venta o como mantenidos para distribuir a los propietarios,317.643,USD,2020-03-31,ANTARCHILE
Activos corrientes totales,6.480.544,USD,2020-03-31,ANTARCHILE
Otros activos financieros no corrientes,346.250,USD,2020-03-31,ANTARCHILE
Otros activos no financieros no corrientes,173.572,USD,2020-03-31,ANTARCHILE
Cuentas por cobrar no corrientes,17.251,USD,2020-03-31,ANTARCHILE
"Cuentas por cobrar a entidades relacionadas, no corrientes",7.554,USD,2020-03-31,ANTARCHILE
"Inventarios, no corrientes",-,USD,2020-03-31,ANTARCHILE
Inversiones contabilizadas utilizando el método de la participación,1.058.832,USD,2020-03-31,ANTARCHILE
Activos intangibles distintos de la plusvalía,884.729,USD,2020-03-31,ANTARCHILE
Plusvalía,392.729,USD,2020-03-31,ANTARCHILE
"Propiedades, planta y equipo",10.438.810,USD,2020-03-31,ANTARCHILE
Activos biológicos no corrientes,3.347.839,USD,2020-03-31,ANTARCHILE
Propiedad de inversión,30.793,USD,2020-03-31,ANTARCHILE
Activos por derecho de uso,735.432,USD,2020-03-31,ANTARCHILE
"Activos por impuestos corrientes, no corrientes",-,USD,2020-03-31,ANTARCHILE
Activos por impuestos diferidos,511.123,USD,2020-03-31,ANTARCHILE
Total de activos no corrientes,17.944.914,USD,2020-03-31,ANTARCHILE
Total de activos,24.425.458,USD,2020-03-31,ANTARCHILE
Otros pasivos financieros corrientes,975.512,USD,2020-03-31,ANTARCHILE
Pasivos por arrendamientos corrientes,116.858,USD,2020-03-31,ANTARCHILE
Cuentas por pagar comerciales y otras cuentas por pagar,1.389.330,USD,2020-03-31,ANTARCHILE
"Cuentas por pagar a entidades relacionadas, corrientes",8.293,USD,2020-03-31,ANTARCHILE
Otras provisiones a corto plazo,19.651,USD,2020-03-31,ANTARCHILE
"Pasivos por impuestos corrientes, corrientes",36.852,USD,2020-03-31,ANTARCHILE
Provisiones corrientes por beneficios a los empleados,9.849,USD,2020-03-31,ANTARCHILE
Otros pasivos no financieros corrientes,127.998,USD,2020-03-31,ANTARCHILE
Total de pasivos corrientes distintos de los pasivos incluidos en grupos de activos para su disposición clasificados como mantenidos para la venta,2.684.343,USD,2020-03-31,ANTARCHILE
Pasivos incluidos en grupos de activos para su disposición clasificados como mantenidos para la venta,161.389,USD,2020-03-31,ANTARCHILE
Pasivos corrientes totales,2.845.732,USD,2020-03-31,ANTARCHILE
Otros pasivos financieros no corrientes,7.909.452,USD,2020-03-31,ANTARCHILE
Pasivos por arrendamientos no corrientes,593.297,USD,2020-03-31,ANTARCHILE
Cuentas por pagar no corrientes,3.047,USD,2020-03-31,ANTARCHILE
"Cuentas por pagar a entidades relacionadas, no corrientes",-,USD,2020-03-31,ANTARCHILE
Otras provisiones a largo plazo,68.536,USD,2020-03-31,ANTARCHILE
Pasivo por impuestos diferidos,2.100.777,USD,2020-03-31,ANTARCHILE
"Pasivos por impuestos corrientes, no corrientes",-,USD,2020-03-31,ANTARCHILE
Provisiones no corrientes por beneficios a los empleados,104.507,USD,2020-03-31,ANTARCHILE
Otros pasivos no financieros no corrientes,150.766,USD,2020-03-31,ANTARCHILE
Total de pasivos no corrientes,10.930.382,USD,2020-03-31,ANTARCHILE
Total de pasivos,13.776.114,USD,2020-03-31,ANTARCHILE
Capital emitido y pagado,1.391.235,USD,2020-03-31,ANTARCHILE
Ganancias (pérdidas) acumuladas,6.658.228,USD,2020-03-31,ANTARCHILE
Prima de emisión,-,USD,2020-03-31,ANTARCHILE
Acciones propias en cartera,-,USD,2020-03-31,ANTARCHILE
Otras participaciones en el patrimonio,-,USD,2020-03-31,ANTARCHILE
Otras reservas,-1.782.224,USD,2020-03-31,ANTARCHILE
Patrimonio atribuible a los propietarios de la controladora,6.267.239,USD,2020-03-31,ANTARCHILE
Participaciones no controladoras,4.382.105,USD,2020-03-31,ANTARCHILE
Patrimonio total,10.649.344,USD,2020-03-31,ANTARCHILE
Total de patrimonio y pasivos,24.425.458,USD,2020-03-31,ANTARCHILE
Efectivo y equivalentes al efectivo,2.109.760,USD,2020-06-30,ANTARCHILE
Otros activos financieros corrientes,138.270,USD,2020-06-30,ANTARCHILE
Otros activos no financieros corrientes,229.400,USD,2020-06-30,ANTARCHILE
Deudores comerciales y otras cuentas por cobrar corrientes,1.444.885,USD,2020-06-30,ANTARCHILE
"Cuentas por cobrar a entidades relacionadas, corrientes",31.712,USD,2020-06-30,ANTARCHILE
Inventarios corrientes,1.668.648,USD,2020-06-30,ANTARCHILE
Activos biológicos corrientes,276.606,USD,2020-06-30,ANTARCHILE
"Activos por impuestos corrientes, corrientes",231.465,USD,2020-06-30,ANTARCHILE
Total de activos corrientes distintos de los activo o grupos de activos para su disposición clasificados como mantenidos para la venta o como mantenidos para distribuir a los propietarios,6.130.746,USD,2020-06-30,ANTARCHILE
Activos no corrientes o grupos de activos para su disposición clasificados como mantenidos para la venta o como mantenidos para distribuir a los propietarios,342.282,USD,2020-06-30,ANTARCHILE
Activos corrientes totales,6.473.028,USD,2020-06-30,ANTARCHILE
Otros activos financieros no corrientes,410.404,USD,2020-06-30,ANTARCHILE
Otros activos no financieros no corrientes,183.145,USD,2020-06-30,ANTARCHILE
Cuentas por cobrar no corrientes,15.022,USD,2020-06-30,ANTARCHILE
"Cuentas por cobrar a entidades relacionadas, no corrientes",7.650,USD,2020-06-30,ANTARCHILE
"Inventarios, no corrientes",-,USD,2020-06-30,ANTARCHILE
Inversiones contabilizadas utilizando el método de la participación,1.080.078,USD,2020-06-30,ANTARCHILE
Activos intangibles distintos de la plusvalía,904.252,USD,2020-06-30,ANTARCHILE
Plusvalía,398.919,USD,2020-06-30,ANTARCHILE
"Propiedades, planta y equipo",10.664.275,USD,2020-06-30,ANTARCHILE
Activos biológicos no corrientes,3.323.730,USD,2020-06-30,ANTARCHILE
Propiedad de inversión,25.722,USD,2020-06-30,ANTARCHILE
Activos por derecho de uso,728.173,USD,2020-06-30,ANTARCHILE
"Activos por impuestos corrientes, no corrientes",-,USD,2020-06-30,ANTARCHILE
Activos por impuestos diferidos,539.587,USD,2020-06-30,ANTARCHILE
Total de activos no corrientes,18.280.957,USD,2020-06-30,ANTARCHILE
Total de activos,24.753.985,USD,2020-06-30,ANTARCHILE
Otros pasivos financieros corrientes,1.074.306,USD,2020-06-30,ANTARCHILE
Pasivos por arrendamientos corrientes,118.476,USD,2020-06-30,ANTARCHILE
Cuentas por pagar comerciales y otras cuentas por pagar,1.319.637,USD,2020-06-30,ANTARCHILE
"Cuentas por pagar a entidades relacionadas, corrientes",10.915,USD,2020-06-30,ANTARCHILE
Otras provisiones a corto plazo,19.238,USD,2020-06-30,ANTARCHILE
"Pasivos por impuestos corrientes, corrientes",42.780,USD,2020-06-30,ANTARCHILE
Provisiones corrientes por beneficios a los empleados,11.668,USD,2020-06-30,ANTARCHILE
Otros pasivos no financieros corrientes,48.808,USD,2020-06-30,ANTARCHILE
Total de pasivos corrientes distintos de los pasivos incluidos en grupos de activos para su disposición clasificados como mantenidos para la venta,2.645.828,USD,2020-06-30,ANTARCHILE
Pasivos incluidos en grupos de activos para su disposición clasificados como mantenidos para la venta,166.049,USD,2020-06-30,ANTARCHILE
Pasivos corrientes totales,2.811.877,USD,2020-06-30,ANTARCHILE
Otros pasivos financieros no corrientes,8.150.678,USD,2020-06-30,ANTARCHILE
Pasivos por arrendamientos no corrientes,597.749,USD,2020-06-30,ANTARCHILE
Cuentas por pagar no corrientes,852,USD,2020-06-30,ANTARCHILE
"Cuentas por pagar a entidades relacionadas, no corrientes",1.644,USD,2020-06-30,ANTARCHILE
Otras provisiones a largo plazo,69.830,USD,2020-06-30,ANTARCHILE
Pasivo por impuestos diferidos,2.105.199,USD,2020-06-30,ANTARCHILE
"Pasivos por impuestos corrientes, no corrientes",-,USD,2020-06-30,ANTARCHILE
Provisiones no corrientes por beneficios a los empleados,110.737,USD,2020-06-30,ANTARCHILE
Otros pasivos no financieros no corrientes,146.767,USD,2020-06-30,ANTARCHILE
Total de pasivos no corrientes,11.183.456,USD,2020-06-30,ANTARCHILE
Total de pasivos,13.995.333,USD,2020-06-30,ANTARCHILE
Capital emitido y pagado,1.391.235,USD,2020-06-30,ANTARCHILE
Ganancias (pérdidas) acumuladas,6.669.469,USD,2020-06-30,ANTARCHILE
Prima de emisión,-,USD,2020-06-30,ANTARCHILE
Acciones propias en cartera,-,USD,2020-06-30,ANTARCHILE
Otras participaciones en el patrimonio,-,USD,2020-06-30,ANTARCHILE
Otras reservas,-1.678.278,USD,2020-06-30,ANTARCHILE
Patrimonio atribuible a los propietarios de la controladora,6.382.426,USD,2020-06-30,ANTARCHILE
Participaciones no controladoras,4.376.226,USD,2020-06-30,ANTARCHILE
Patrimonio total,10.758.652,USD,2020-06-30,ANTARCHILE
Total de patrimonio y pasivos,24.753.985,USD,2020-06-30,ANTARCHILE
Efectivo y equivalentes al efectivo,2.196.865,USD,2020-09-30,ANTARCHILE
Otros activos financieros corrientes,136.676,USD,2020-09-30,ANTARCHILE
Otros activos no financieros corrientes,206.400,USD,2020-09-30,ANTARCHILE
Deudores comerciales y otras cuentas por cobrar corrientes,1.349.948,USD,2020-09-30,ANTARCHILE
"Cuentas por cobrar a entidades relacionadas, corrientes",48.982,USD,2020-09-30,ANTARCHILE
Inventarios corrientes,1.597.564,USD,2020-09-30,ANTARCHILE
Activos biológicos corrientes,270.343,USD,2020-09-30,ANTARCHILE
"Activos por impuestos corrientes, corrientes",194.159,USD,2020-09-30,ANTARCHILE
Total de activos corrientes distintos de los activo o grupos de activos para su disposición clasificados como mantenidos para la venta o como mantenidos para distribuir a los propietarios,6.000.937,USD,2020-09-30,ANTARCHILE
Activos no corrientes o grupos de activos para su disposición clasificados como mantenidos para la venta o como mantenidos para distribuir a los propietarios,349.823,USD,2020-09-30,ANTARCHILE
Activos corrientes totales,6.350.760,USD,2020-09-30,ANTARCHILE
Otros activos financieros no corrientes,395.787,USD,2020-09-30,ANTARCHILE
Otros activos no financieros no corrientes,173.405,USD,2020-09-30,ANTARCHILE
Cuentas por cobrar no corrientes,15.317,USD,2020-09-30,ANTARCHILE
"Cuentas por cobrar a entidades relacionadas, no corrientes",7.723,USD,2020-09-30,ANTARCHILE
"Inventarios, no corrientes",-,USD,2020-09-30,ANTARCHILE
Inversiones contabilizadas utilizando el método de la participación,1.128.185,USD,2020-09-30,ANTARCHILE
Activos intangibles distintos de la plusvalía,881.022,USD,2020-09-30,ANTARCHILE
Plusvalía,394.296,USD,2020-09-30,ANTARCHILE
"Propiedades, planta y equipo",10.951.694,USD,2020-09-30,ANTARCHILE
Activos biológicos no corrientes,3.300.249,USD,2020-09-30,ANTARCHILE
Propiedad de inversión,26.745,USD,2020-09-30,ANTARCHILE
Activos por derecho de uso,712.612,USD,2020-09-30,ANTARCHILE
"Activos por impuestos corrientes, no corrientes",-,USD,2020-09-30,ANTARCHILE
Activos por impuestos diferidos,538.130,USD,2020-09-30,ANTARCHILE
Total de activos no corrientes,18.525.165,USD,2020-09-30,ANTARCHILE
Total de activos,24.875.925,USD,2020-09-30,ANTARCHILE
Otros pasivos financieros corrientes,735.660,USD,2020-09-30,ANTARCHILE
Pasivos por arrendamientos corrientes,116.942,USD,2020-09-30,ANTARCHILE
Cuentas por pagar comerciales y otras cuentas por pagar,1.342.206,USD,2020-09-30,ANTARCHILE
"Cuentas por pagar a entidades relacionadas, corrientes",7.253,USD,2020-09-30,ANTARCHILE
Otras provisiones a corto plazo,21.267,USD,2020-09-30,ANTARCHILE
"Pasivos por impuestos corrientes, corrientes",43.544,USD,2020-09-30,ANTARCHILE
Provisiones corrientes por beneficios a los empleados,11.406,USD,2020-09-30,ANTARCHILE
Otros pasivos no financieros corrientes,114.371,USD,2020-09-30,ANTARCHILE
Total de pasivos corrientes distintos de los pasivos incluidos en grupos de activos para su disposición clasificados como mantenidos para la venta,2.392.649,USD,2020-09-30,ANTARCHILE
Pasivos incluidos en grupos de activos para su disposición clasificados como mantenidos para la venta,172.128,USD,2020-09-30,ANTARCHILE
Pasivos corrientes totales,2.564.777,USD,2020-09-30,ANTARCHILE
Otros pasivos financieros no corrientes,8.440.824,USD,2020-09-30,ANTARCHILE
Pasivos por arrendamientos no corrientes,590.118,USD,2020-09-30,ANTARCHILE
Cuentas por pagar no corrientes,888,USD,2020-09-30,ANTARCHILE
"Cuentas por pagar a entidades relacionadas, no corrientes",1.713,USD,2020-09-30,ANTARCHILE
Otras provisiones a largo plazo,68.726,USD,2020-09-30,ANTARCHILE
Pasivo por impuestos diferidos,2.087.788,USD,2020-09-30,ANTARCHILE
"Pasivos por impuestos corrientes, no corrientes",-,USD,2020-09-30,ANTARCHILE
Provisiones no corrientes por beneficios a los empleados,114.667,USD,2020-09-30,ANTARCHILE
Otros pasivos no financieros no corrientes,144.071,USD,2020-09-30,ANTARCHILE
Total de pasivos no corrientes,11.448.795,USD,2020-09-30,ANTARCHILE
Total de pasivos,14.013.572,USD,2020-09-30,ANTARCHILE
Capital emitido y pagado,1.391.235,USD,2020-09-30,ANTARCHILE
Ganancias (pérdidas) acumuladas,6.704.542,USD,2020-09-30,ANTARCHILE
Prima de emisión,-,USD,2020-09-30,ANTARCHILE
Acciones propias en cartera,-,USD,2020-09-30,ANTARCHILE
Otras participaciones en el patrimonio,-,USD,2020-09-30,ANTARCHILE
Otras reservas,-1.650.742,USD,2020-09-30,ANTARCHILE
Patrimonio atribuible a los propietarios de la controladora,6.445.035,USD,2020-09-30,ANTARCHILE
Participaciones no controladoras,4.417.318,USD,2020-09-30,ANTARCHILE
Patrimonio total,10.862.353,USD,2020-09-30,ANTARCHILE
Total de patrimonio y pasivos,24.875.925,USD,2020-09-30,ANTARCHILE
Efectivo y equivalentes al efectivo,2.186.145,USD,2020-12-31,ANTARCHILE
Otros activos financieros corrientes,193.670,USD,2020-12-31,ANTARCHILE
Otros activos no financieros corrientes,205.154,USD,2020-12-31,ANTARCHILE
Deudores comerciales y otras cuentas por cobrar corrientes,1.550.635,USD,2020-12-31,ANTARCHILE
"Cuentas por cobrar a entidades relacionadas, corrientes",41.312,USD,2020-12-31,ANTARCHILE
Inventarios corrientes,1.608.652,USD,2020-12-31,ANTARCHILE
Activos biológicos corrientes,302.710,USD,2020-12-31,ANTARCHILE
"Activos por impuestos corrientes, corrientes",377.241,USD,2020-12-31,ANTARCHILE
Total de activos corrientes distintos de los activo o grupos de activos para su disposición clasificados como mantenidos para la venta o como mantenidos para distribuir a los propietarios,6.465.519,USD,2020-12-31,ANTARCHILE
Activos no corrientes o grupos de activos para su disposición clasificados como mantenidos para la venta o como mantenidos para distribuir a los propietarios,373.631,USD,2020-12-31,ANTARCHILE
Activos corrientes totales,6.839.150,USD,2020-12-31,ANTARCHILE
Otros activos financieros no corrientes,421.897,USD,2020-12-31,ANTARCHILE
Otros activos no financieros no corrientes,169.251,USD,2020-12-31,ANTARCHILE
Cuentas por cobrar no corrientes,26.670,USD,2020-12-31,ANTARCHILE
"Cuentas por cobrar a entidades relacionadas, no corrientes",7.797,USD,2020-12-31,ANTARCHILE
"Inventarios, no corrientes",-,USD,2020-12-31,ANTARCHILE
Inversiones contabilizadas utilizando el método de la participación,1.113.013,USD,2020-12-31,ANTARCHILE
Activos intangibles distintos de la plusvalía,928.072,USD,2020-12-31,ANTARCHILE
Plusvalía,399.159,USD,2020-12-31,ANTARCHILE
"Propiedades, planta y equipo",11.453.989,USD,2020-12-31,ANTARCHILE
Activos biológicos no corrientes,3.296.117,USD,2020-12-31,ANTARCHILE
Propiedad de inversión,29.632,USD,2020-12-31,ANTARCHILE
Activos por derecho de uso,758.498,USD,2020-12-31,ANTARCHILE
"Activos por impuestos corrientes, no corrientes",-,USD,2020-12-31,ANTARCHILE
Activos por impuestos diferidos,113.661,USD,2020-12-31,ANTARCHILE
Total de activos no corrientes,18.717.756,USD,2020-12-31,ANTARCHILE
Total de activos,25.556.906,USD,2020-12-31,ANTARCHILE
Otros pasivos financieros corrientes,729.543,USD,2020-12-31,ANTARCHILE
Pasivos por arrendamientos corrientes,130.219,USD,2020-12-31,ANTARCHILE
Cuentas por pagar comerciales y otras cuentas por pagar,1.648.241,USD,2020-12-31,ANTARCHILE
"Cuentas por pagar a entidades relacionadas, corrientes",11.522,USD,2020-12-31,ANTARCHILE
Otras provisiones a corto plazo,21.468,USD,2020-12-31,ANTARCHILE
"Pasivos por impuestos corrientes, corrientes",57.935,USD,2020-12-31,ANTARCHILE
Provisiones corrientes por beneficios a los empleados,12.675,USD,2020-12-31,ANTARCHILE
Otros pasivos no financieros corrientes,134.459,USD,2020-12-31,ANTARCHILE
Total de pasivos corrientes distintos de los pasivos incluidos en grupos de activos para su disposición clasificados como mantenidos para la venta,2.746.062,USD,2020-12-31,ANTARCHILE
Pasivos incluidos en grupos de activos para su disposición clasificados como mantenidos para la venta,192.622,USD,2020-12-31,ANTARCHILE
Pasivos corrientes totales,2.938.684,USD,2020-12-31,ANTARCHILE
Otros pasivos financieros no corrientes,8.500.992,USD,2020-12-31,ANTARCHILE
Pasivos por arrendamientos no corrientes,628.138,USD,2020-12-31,ANTARCHILE
Cuentas por pagar no corrientes,1.000,USD,2020-12-31,ANTARCHILE
"Cuentas por pagar a entidades relacionadas, no corrientes",1.899,USD,2020-12-31,ANTARCHILE
Otras provisiones a largo plazo,68.405,USD,2020-12-31,ANTARCHILE
Pasivo por impuestos diferidos,1.887.409,USD,2020-12-31,ANTARCHILE
"Pasivos por impuestos corrientes, no corrientes",-,USD,2020-12-31,ANTARCHILE
Provisiones no corrientes por beneficios a los empleados,124.328,USD,2020-12-31,ANTARCHILE
Otros pasivos no financieros no corrientes,130.030,USD,2020-12-31,ANTARCHILE
Total de pasivos no corrientes,11.342.201,USD,2020-12-31,ANTARCHILE
Total de pasivos,14.280.885,USD,2020-12-31,ANTARCHILE
Capital emitido y pagado,1.391.235,USD,2020-12-31,ANTARCHILE
Ganancias (pérdidas) acumuladas,6.757.635,USD,2020-12-31,ANTARCHILE
Prima de emisión,-,USD,2020-12-31,ANTARCHILE
Acciones propias en cartera,-,USD,2020-12-31,ANTARCHILE
Otras participaciones en el patrimonio,-,USD,2020-12-31,ANTARCHILE
Otras reservas,-1.469.444,USD,2020-12-31,ANTARCHILE
Patrimonio atribuible a los propietarios de la controladora,6.679.426,USD,2020-12-31,ANTARCHILE
Participaciones no controladoras,4.596.595,USD,2020-12-31,ANTARCHILE
Patrimonio total,11.276.021,USD,2020-12-31,ANTARCHILE
Total de patrimonio y pasivos,25.556.906,USD,2020-12-31,ANTARCHILE
Efectivo y equivalentes al efectivo,1.931.764,CLP,2021-03-31,ANTARCHILE
Otros activos financieros corrientes,139.737,CLP,2021-03-31,ANTARCHILE
Otros activos no financieros corrientes,270.111,CLP,2021-03-31,ANTARCHILE
Deudores comerciales y otras cuentas por cobrar corrientes,1.670.489,CLP,2021-03-31,ANTARCHILE
"Cuentas por cobrar a entidades relacionadas, corrientes",37.890,CLP,2021-03-31,ANTARCHILE
Inventarios corrientes,1.622.003,CLP,2021-03-31,ANTARCHILE
Activos biológicos corrientes,296.070,CLP,2021-03-31,ANTARCHILE
"Activos por impuestos corrientes, corrientes",295.938,CLP,2021-03-31,ANTARCHILE
Total de activos corrientes distintos de los activo o grupos de activos para su disposición clasificados como mantenidos para la venta o como mantenidos para distribuir a los propietarios,6.264.002,CLP,2021-03-31,ANTARCHILE
Activos no corrientes o grupos de activos para su disposición clasificados como mantenidos para la venta o como mantenidos para distribuir a los propietarios,492.976,CLP,2021-03-31,ANTARCHILE
Activos corrientes totales,6.756.978,CLP,2021-03-31,ANTARCHILE
Otros activos financieros no corrientes,468.123,CLP,2021-03-31,ANTARCHILE
Otros activos no financieros no corrientes,180.276,CLP,2021-03-31,ANTARCHILE
Cuentas por cobrar no corrientes,26.189,CLP,2021-03-31,ANTARCHILE
"Cuentas por cobrar a entidades relacionadas, no corrientes",7.869,CLP,2021-03-31,ANTARCHILE
"Inventarios, no corrientes",-,CLP,2021-03-31,ANTARCHILE
Inversiones contabilizadas utilizando el método de la participación,1.130.092,CLP,2021-03-31,ANTARCHILE
Activos intangibles distintos de la plusvalía,894.124,CLP,2021-03-31,ANTARCHILE
Plusvalía,387.651,CLP,2021-03-31,ANTARCHILE
"Propiedades, planta y equipo",11.405.279,CLP,2021-03-31,ANTARCHILE
Activos biológicos no corrientes,3.166.478,CLP,2021-03-31,ANTARCHILE
Propiedad de inversión,29.026,CLP,2021-03-31,ANTARCHILE
Activos por derecho de uso,743.287,CLP,2021-03-31,ANTARCHILE
"Activos por impuestos corrientes, no corrientes",-,CLP,2021-03-31,ANTARCHILE
Activos por impuestos diferidos,111.025,CLP,2021-03-31,ANTARCHILE
Total de activos no corrientes,18.549.419,CLP,2021-03-31,ANTARCHILE
Total de activos,25.306.397,CLP,2021-03-31,ANTARCHILE
Otros pasivos financieros corrientes,760.040,CLP,2021-03-31,ANTARCHILE
Pasivos por arrendamientos corrientes,122.093,CLP,2021-03-31,ANTARCHILE
Cuentas por pagar comerciales y otras cuentas por pagar,1.616.851,CLP,2021-03-31,ANTARCHILE
"Cuentas por pagar a entidades relacionadas, corrientes",12.902,CLP,2021-03-31,ANTARCHILE
Otras provisiones a corto plazo,22.792,CLP,2021-03-31,ANTARCHILE
"Pasivos por impuestos corrientes, corrientes",95.657,CLP,2021-03-31,ANTARCHILE
Provisiones corrientes por beneficios a los empleados,11.464,CLP,2021-03-31,ANTARCHILE
Otros pasivos no financieros corrientes,213.933,CLP,2021-03-31,ANTARCHILE
Total de pasivos corrientes distintos de los pasivos incluidos en grupos de activos para su disposición clasificados como mantenidos para la venta,2.855.732,CLP,2021-03-31,ANTARCHILE
Pasivos incluidos en grupos de activos para su disposición clasificados como mantenidos para la venta,194.362,CLP,2021-03-31,ANTARCHILE
Pasivos corrientes totales,3.050.094,CLP,2021-03-31,ANTARCHILE
Otros pasivos financieros no corrientes,8.095.649,CLP,2021-03-31,ANTARCHILE
Pasivos por arrendamientos no corrientes,623.956,CLP,2021-03-31,ANTARCHILE
Cuentas por pagar no corrientes,998,CLP,2021-03-31,ANTARCHILE
"Cuentas por pagar a entidades relacionadas, no corrientes",1.870,CLP,2021-03-31,ANTARCHILE
Otras provisiones a largo plazo,67.328,CLP,2021-03-31,ANTARCHILE
Pasivo por impuestos diferidos,1.879.176,CLP,2021-03-31,ANTARCHILE
"Pasivos por impuestos corrientes, no corrientes",-,CLP,2021-03-31,ANTARCHILE
Provisiones no corrientes por beneficios a los empleados,122.337,CLP,2021-03-31,ANTARCHILE
Otros pasivos no financieros no corrientes,124.397,CLP,2021-03-31,ANTARCHILE
Total de pasivos no corrientes,10.915.711,CLP,2021-03-31,ANTARCHILE
Total de pasivos,13.965.805,CLP,2021-03-31,ANTARCHILE
Capital emitido y pagado,1.391.235,CLP,2021-03-31,ANTARCHILE
Ganancias (pérdidas) acumuladas,6.844.625,CLP,2021-03-31,ANTARCHILE
Prima de emisión,-,CLP,2021-03-31,ANTARCHILE
Acciones propias en cartera,-,CLP,2021-03-31,ANTARCHILE
Otras participaciones en el patrimonio,-,CLP,2021-03-31,ANTARCHILE
Otras reservas,-1.493.115,CLP,2021-03-31,ANTARCHILE
Patrimonio atribuible a los propietarios de la controladora,6.742.745,CLP,2021-03-31,ANTARCHILE
Participaciones no controladoras,4.597.847,CLP,2021-03-31,ANTARCHILE
Patrimonio total,11.340.592,CLP,2021-03-31,ANTARCHILE
Total de patrimonio y pasivos,25.306.397,CLP,2021-03-31,ANTARCHILE
Efectivo y equivalentes al efectivo,2.092.540,USD,2021-06-30,ANTARCHILE
Otros activos financieros corrientes,128.180,USD,2021-06-30,ANTARCHILE
Otros activos no financieros corrientes,252.073,USD,2021-06-30,ANTARCHILE
Deudores comerciales y otras cuentas por cobrar corrientes,1.881.588,USD,2021-06-30,ANTARCHILE
"Cuentas por cobrar a entidades relacionadas, corrientes",25.240,USD,2021-06-30,ANTARCHILE
Inventarios corrientes,1.766.864,USD,2021-06-30,ANTARCHILE
Activos biológicos corrientes,297.890,USD,2021-06-30,ANTARCHILE
"Activos por impuestos corrientes, corrientes",153.733,USD,2021-06-30,ANTARCHILE
Total de activos corrientes distintos de los activo o grupos de activos para su disposición clasificados como mantenidos para la venta o como mantenidos para distribuir a los propietarios,6.598.108,USD,2021-06-30,ANTARCHILE
Activos no corrientes o grupos de activos para su disposición clasificados como mantenidos para la venta o como mantenidos para distribuir a los propietarios,495.668,USD,2021-06-30,ANTARCHILE
Activos corrientes totales,7.093.776,USD,2021-06-30,ANTARCHILE
Otros activos financieros no corrientes,382.908,USD,2021-06-30,ANTARCHILE
Otros activos no financieros no corrientes,173.445,USD,2021-06-30,ANTARCHILE
Cuentas por cobrar no corrientes,25.441,USD,2021-06-30,ANTARCHILE
"Cuentas por cobrar a entidades relacionadas, no corrientes",15.410,USD,2021-06-30,ANTARCHILE
"Inventarios, no corrientes",-,USD,2021-06-30,ANTARCHILE
Inversiones contabilizadas utilizando el método de la participación,1.165.591,USD,2021-06-30,ANTARCHILE
Activos intangibles distintos de la plusvalía,875.940,USD,2021-06-30,ANTARCHILE
Plusvalía,384.456,USD,2021-06-30,ANTARCHILE
"Propiedades, planta y equipo",11.636.996,USD,2021-06-30,ANTARCHILE
Activos biológicos no corrientes,3.189.681,USD,2021-06-30,ANTARCHILE
Propiedad de inversión,28.972,USD,2021-06-30,ANTARCHILE
Activos por derecho de uso,731.493,USD,2021-06-30,ANTARCHILE
"Activos por impuestos corrientes, no corrientes",-,USD,2021-06-30,ANTARCHILE
Activos por impuestos diferidos,101.209,USD,2021-06-30,ANTARCHILE
Total de activos no corrientes,18.711.542,USD,2021-06-30,ANTARCHILE
Total de activos,25.805.318,USD,2021-06-30,ANTARCHILE
Otros pasivos financieros corrientes,773.814,USD,2021-06-30,ANTARCHILE
Pasivos por arrendamientos corrientes,115.100,USD,2021-06-30,ANTARCHILE
Cuentas por pagar comerciales y otras cuentas por pagar,1.763.493,USD,2021-06-30,ANTARCHILE
"Cuentas por pagar a entidades relacionadas, corrientes",16.833,USD,2021-06-30,ANTARCHILE
Otras provisiones a corto plazo,23.124,USD,2021-06-30,ANTARCHILE
"Pasivos por impuestos corrientes, corrientes",113.734,USD,2021-06-30,ANTARCHILE
Provisiones corrientes por beneficios a los empleados,12.156,USD,2021-06-30,ANTARCHILE
Otros pasivos no financieros corrientes,264.310,USD,2021-06-30,ANTARCHILE
Total de pasivos corrientes distintos de los pasivos incluidos en grupos de activos para su disposición clasificados como mantenidos para la venta,3.082.564,USD,2021-06-30,ANTARCHILE
Pasivos incluidos en grupos de activos para su disposición clasificados como mantenidos para la venta,191.378,USD,2021-06-30,ANTARCHILE
Pasivos corrientes totales,3.273.942,USD,2021-06-30,ANTARCHILE
Otros pasivos financieros no corrientes,8.113.864,USD,2021-06-30,ANTARCHILE
Pasivos por arrendamientos no corrientes,621.629,USD,2021-06-30,ANTARCHILE
Cuentas por pagar no corrientes,1.002,USD,2021-06-30,ANTARCHILE
"Cuentas por pagar a entidades relacionadas, no corrientes",1.855,USD,2021-06-30,ANTARCHILE
Otras provisiones a largo plazo,65.474,USD,2021-06-30,ANTARCHILE
Pasivo por impuestos diferidos,1.915.043,USD,2021-06-30,ANTARCHILE
"Pasivos por impuestos corrientes, no corrientes",-,USD,2021-06-30,ANTARCHILE
Provisiones no corrientes por beneficios a los empleados,125.051,USD,2021-06-30,ANTARCHILE
Otros pasivos no financieros no corrientes,136.973,USD,2021-06-30,ANTARCHILE
Total de pasivos no corrientes,10.980.891,USD,2021-06-30,ANTARCHILE
Total de pasivos,14.254.833,USD,2021-06-30,ANTARCHILE
Capital emitido y pagado,1.391.235,USD,2021-06-30,ANTARCHILE
Ganancias (pérdidas) acumuladas,7.001.426,USD,2021-06-30,ANTARCHILE
Prima de emisión,-,USD,2021-06-30,ANTARCHILE
Acciones propias en cartera,-,USD,2021-06-30,ANTARCHILE
Otras participaciones en el patrimonio,-,USD,2021-06-30,ANTARCHILE
Otras reservas,-1.557.700,USD,2021-06-30,ANTARCHILE
Patrimonio atribuible a los propietarios de la controladora,6.834.961,USD,2021-06-30,ANTARCHILE
Participaciones no controladoras,4.715.524,USD,2021-06-30,ANTARCHILE
Patrimonio total,11.550.485,USD,2021-06-30,ANTARCHILE
Total de patrimonio y pasivos,25.805.318,USD,2021-06-30,ANTARCHILE
Efectivo y equivalentes al efectivo,2.451.779,CLP,2021-09-30,ANTARCHILE
Otros activos financieros corrientes,183.003,CLP,2021-09-30,ANTARCHILE
Otros activos no financieros corrientes,207.662,CLP,2021-09-30,ANTARCHILE
Deudores comerciales y otras cuentas por cobrar corrientes,2.246.743,CLP,2021-09-30,ANTARCHILE
"Cuentas por cobrar a entidades relacionadas, corrientes",22.990,CLP,2021-09-30,ANTARCHILE
Inventarios corrientes,1.838.760,CLP,2021-09-30,ANTARCHILE
Activos biológicos corrientes,315.035,CLP,2021-09-30,ANTARCHILE
"Activos por impuestos corrientes, corrientes",135.753,CLP,2021-09-30,ANTARCHILE
Total de activos corrientes distintos de los activo o grupos de activos para su disposición clasificados como mantenidos para la venta o como mantenidos para distribuir a los propietarios,7.401.725,CLP,2021-09-30,ANTARCHILE
Activos no corrientes o grupos de activos para su disposición clasificados como mantenidos para la venta o como mantenidos para distribuir a los propietarios,324.766,CLP,2021-09-30,ANTARCHILE
Activos corrientes totales,7.726.491,CLP,2021-09-30,ANTARCHILE
Otros activos financieros no corrientes,470.012,CLP,2021-09-30,ANTARCHILE
Otros activos no financieros no corrientes,152.533,CLP,2021-09-30,ANTARCHILE
Cuentas por cobrar no corrientes,22.368,CLP,2021-09-30,ANTARCHILE
"Cuentas por cobrar a entidades relacionadas, no corrientes",15.400,CLP,2021-09-30,ANTARCHILE
"Inventarios, no corrientes",-,CLP,2021-09-30,ANTARCHILE
Inversiones contabilizadas utilizando el método de la participación,1.208.184,CLP,2021-09-30,ANTARCHILE
Activos intangibles distintos de la plusvalía,853.532,CLP,2021-09-30,ANTARCHILE
Plusvalía,372.910,CLP,2021-09-30,ANTARCHILE
"Propiedades, planta y equipo",11.623.346,CLP,2021-09-30,ANTARCHILE
Activos biológicos no corrientes,3.134.735,CLP,2021-09-30,ANTARCHILE
Propiedad de inversión,26.207,CLP,2021-09-30,ANTARCHILE
Activos por derecho de uso,679.838,CLP,2021-09-30,ANTARCHILE
"Activos por impuestos corrientes, no corrientes",-,CLP,2021-09-30,ANTARCHILE
Activos por impuestos diferidos,93.441,CLP,2021-09-30,ANTARCHILE
Total de activos no corrientes,18.652.506,CLP,2021-09-30,ANTARCHILE
Total de activos,26.378.997,CLP,2021-09-30,ANTARCHILE
Otros pasivos financieros corrientes,770.848,CLP,2021-09-30,ANTARCHILE
Pasivos por arrendamientos corrientes,101.539,CLP,2021-09-30,ANTARCHILE
Cuentas por pagar comerciales y otras cuentas por pagar,1.866.693,CLP,2021-09-30,ANTARCHILE
"Cuentas por pagar a entidades relacionadas, corrientes",5.069,CLP,2021-09-30,ANTARCHILE
Otras provisiones a corto plazo,24.656,CLP,2021-09-30,ANTARCHILE
"Pasivos por impuestos corrientes, corrientes",211.534,CLP,2021-09-30,ANTARCHILE
Provisiones corrientes por beneficios a los empleados,11.682,CLP,2021-09-30,ANTARCHILE
Otros pasivos no financieros corrientes,617.245,CLP,2021-09-30,ANTARCHILE
Total de pasivos corrientes distintos de los pasivos incluidos en grupos de activos para su disposición clasificados como mantenidos para la venta,3.609.266,CLP,2021-09-30,ANTARCHILE
Pasivos incluidos en grupos de activos para su disposición clasificados como mantenidos para la venta,172.729,CLP,2021-09-30,ANTARCHILE
Pasivos corrientes totales,3.781.995,CLP,2021-09-30,ANTARCHILE
Otros pasivos financieros no corrientes,8.062.947,CLP,2021-09-30,ANTARCHILE
Pasivos por arrendamientos no corrientes,577.843,CLP,2021-09-30,ANTARCHILE
Cuentas por pagar no corrientes,2.576,CLP,2021-09-30,ANTARCHILE
"Cuentas por pagar a entidades relacionadas, no corrientes",-,CLP,2021-09-30,ANTARCHILE
Otras provisiones a largo plazo,67.675,CLP,2021-09-30,ANTARCHILE
Pasivo por impuestos diferidos,1.962.514,CLP,2021-09-30,ANTARCHILE
"Pasivos por impuestos corrientes, no corrientes",-,CLP,2021-09-30,ANTARCHILE
Provisiones no corrientes por beneficios a los empleados,114.694,CLP,2021-09-30,ANTARCHILE
Otros pasivos no financieros no corrientes,124.933,CLP,2021-09-30,ANTARCHILE
Total de pasivos no corrientes,10.913.182,CLP,2021-09-30,ANTARCHILE
Total de pasivos,14.695.177,CLP,2021-09-30,ANTARCHILE
Capital emitido y pagado,1.391.235,CLP,2021-09-30,ANTARCHILE
Ganancias (pérdidas) acumuladas,7.282.884,CLP,2021-09-30,ANTARCHILE
Prima de emisión,-,CLP,2021-09-30,ANTARCHILE
Acciones propias en cartera,-,CLP,2021-09-30,ANTARCHILE
Otras participaciones en el patrimonio,-,CLP,2021-09-30,ANTARCHILE
Otras reservas,-1.681.339,CLP,2021-09-30,ANTARCHILE
Patrimonio atribuible a los propietarios de la controladora,6.992.780,CLP,2021-09-30,ANTARCHILE
Participaciones no controladoras,4.691.040,CLP,2021-09-30,ANTARCHILE
Patrimonio total,11.683.820,CLP,2021-09-30,ANTARCHILE
Total de patrimonio y pasivos,26.378.997,CLP,2021-09-30,ANTARCHILE
Efectivo y equivalentes al efectivo,1.732.772,USD,2021-12-31,ANTARCHILE
Otros activos financieros corrientes,185.644,USD,2021-12-31,ANTARCHILE
Otros activos no financieros corrientes,216.737,USD,2021-12-31,ANTARCHILE
Deudores comerciales y otras cuentas por cobrar corrientes,2.107.479,USD,2021-12-31,ANTARCHILE
"Cuentas por cobrar a entidades relacionadas, corrientes",23.567,USD,2021-12-31,ANTARCHILE
Inventarios corrientes,1.953.649,USD,2021-12-31,ANTARCHILE
Activos biológicos corrientes,329.586,USD,2021-12-31,ANTARCHILE
"Activos por impuestos corrientes, corrientes",358.446,USD,2021-12-31,ANTARCHILE
Total de activos corrientes distintos de los activo o grupos de activos para su disposición clasificados como mantenidos para la venta o como mantenidos para distribuir a los propietarios,6.907.880,USD,2021-12-31,ANTARCHILE
Activos no corrientes o grupos de activos para su disposición clasificados como mantenidos para la venta o como mantenidos para distribuir a los propietarios,329.132,USD,2021-12-31,ANTARCHILE
Activos corrientes totales,7.237.012,USD,2021-12-31,ANTARCHILE
Otros activos financieros no corrientes,375.108,USD,2021-12-31,ANTARCHILE
Otros activos no financieros no corrientes,196.217,USD,2021-12-31,ANTARCHILE
Cuentas por cobrar no corrientes,23.772,USD,2021-12-31,ANTARCHILE
"Cuentas por cobrar a entidades relacionadas, no corrientes",14.865,USD,2021-12-31,ANTARCHILE
"Inventarios, no corrientes",-,USD,2021-12-31,ANTARCHILE
Inversiones contabilizadas utilizando el método de la participación,1.261.309,USD,2021-12-31,ANTARCHILE
Activos intangibles distintos de la plusvalía,692.287,USD,2021-12-31,ANTARCHILE
Plusvalía,389.719,USD,2021-12-31,ANTARCHILE
"Propiedades, planta y equipo",11.857.490,USD,2021-12-31,ANTARCHILE
Activos biológicos no corrientes,3.008.897,USD,2021-12-31,ANTARCHILE
Propiedad de inversión,31.631,USD,2021-12-31,ANTARCHILE
Activos por derecho de uso,663.202,USD,2021-12-31,ANTARCHILE
"Activos por impuestos corrientes, no corrientes",-,USD,2021-12-31,ANTARCHILE
Activos por impuestos diferidos,115.825,USD,2021-12-31,ANTARCHILE
Total de activos no corrientes,18.630.322,USD,2021-12-31,ANTARCHILE
Total de activos,25.867.334,USD,2021-12-31,ANTARCHILE
Otros pasivos financieros corrientes,611.864,USD,2021-12-31,ANTARCHILE
Pasivos por arrendamientos corrientes,115.866,USD,2021-12-31,ANTARCHILE
Cuentas por pagar comerciales y otras cuentas por pagar,1.901.404,USD,2021-12-31,ANTARCHILE
"Cuentas por pagar a entidades relacionadas, corrientes",5.448,USD,2021-12-31,ANTARCHILE
Otras provisiones a corto plazo,22.436,USD,2021-12-31,ANTARCHILE
"Pasivos por impuestos corrientes, corrientes",262.177,USD,2021-12-31,ANTARCHILE
Provisiones corrientes por beneficios a los empleados,9.711,USD,2021-12-31,ANTARCHILE
Otros pasivos no financieros corrientes,317.083,USD,2021-12-31,ANTARCHILE
Total de pasivos corrientes distintos de los pasivos incluidos en grupos de activos para su disposición clasificados como mantenidos para la venta,3.245.989,USD,2021-12-31,ANTARCHILE
Pasivos incluidos en grupos de activos para su disposición clasificados como mantenidos para la venta,162.647,USD,2021-12-31,ANTARCHILE
Pasivos corrientes totales,3.408.636,USD,2021-12-31,ANTARCHILE
Otros pasivos financieros no corrientes,7.958.104,USD,2021-12-31,ANTARCHILE
Pasivos por arrendamientos no corrientes,544.040,USD,2021-12-31,ANTARCHILE
Cuentas por pagar no corrientes,5.118,USD,2021-12-31,ANTARCHILE
"Cuentas por pagar a entidades relacionadas, no corrientes",-,USD,2021-12-31,ANTARCHILE
Otras provisiones a largo plazo,57.126,USD,2021-12-31,ANTARCHILE
Pasivo por impuestos diferidos,2.128.048,USD,2021-12-31,ANTARCHILE
"Pasivos por impuestos corrientes, no corrientes",-,USD,2021-12-31,ANTARCHILE
Provisiones no corrientes por beneficios a los empleados,115.002,USD,2021-12-31,ANTARCHILE
Otros pasivos no financieros no corrientes,109.130,USD,2021-12-31,ANTARCHILE
Total de pasivos no corrientes,10.916.568,USD,2021-12-31,ANTARCHILE
Total de pasivos,14.325.204,USD,2021-12-31,ANTARCHILE
Capital emitido y pagado,1.391.235,USD,2021-12-31,ANTARCHILE
Ganancias (pérdidas) acumuladas,7.258.439,USD,2021-12-31,ANTARCHILE
Prima de emisión,-,USD,2021-12-31,ANTARCHILE
Acciones propias en cartera,1.483,USD,2021-12-31,ANTARCHILE
Otras participaciones en el patrimonio,-,USD,2021-12-31,ANTARCHILE
Otras reservas,-1.845.877,USD,2021-12-31,ANTARCHILE
Patrimonio atribuible a los propietarios de la controladora,6.802.314,USD,2021-12-31,ANTARCHILE
Participaciones no controladoras,4.739.816,USD,2021-12-31,ANTARCHILE
Patrimonio total,11.542.130,USD,2021-12-31,ANTARCHILE
Total de patrimonio y pasivos,25.867.334,USD,2021-12-31,ANTARCHILE
Efectivo y equivalentes al efectivo,1.853.814,USD,2022-03-31,ANTARCHILE
Otros activos financieros corrientes,180.516,USD,2022-03-31,ANTARCHILE
Otros activos no financieros corrientes,274.228,USD,2022-03-31,ANTARCHILE
Deudores comerciales y otras cuentas por cobrar corrientes,2.378.877,USD,2022-03-31,ANTARCHILE
"Cuentas por cobrar a entidades relacionadas, corrientes",19.039,USD,2022-03-31,ANTARCHILE
Inventarios corrientes,2.263.727,USD,2022-03-31,ANTARCHILE
Activos biológicos corrientes,355.581,USD,2022-03-31,ANTARCHILE
"Activos por impuestos corrientes, corrientes",362.092,USD,2022-03-31,ANTARCHILE
Total de activos corrientes distintos de los activo o grupos de activos para su disposición clasificados como mantenidos para la venta o como mantenidos para distribuir a los propietarios,7.687.874,USD,2022-03-31,ANTARCHILE
Activos no corrientes o grupos de activos para su disposición clasificados como mantenidos para la venta o como mantenidos para distribuir a los propietarios,310.884,USD,2022-03-31,ANTARCHILE
Activos corrientes totales,7.998.758,USD,2022-03-31,ANTARCHILE
Otros activos financieros no corrientes,363.759,USD,2022-03-31,ANTARCHILE
Otros activos no financieros no corrientes,216.835,USD,2022-03-31,ANTARCHILE
Cuentas por cobrar no corrientes,36.632,USD,2022-03-31,ANTARCHILE
"Cuentas por cobrar a entidades relacionadas, no corrientes",14.647,USD,2022-03-31,ANTARCHILE
"Inventarios, no corrientes",-,USD,2022-03-31,ANTARCHILE
Inversiones contabilizadas utilizando el método de la participación,1.380.856,USD,2022-03-31,ANTARCHILE
Activos intangibles distintos de la plusvalía,697.162,USD,2022-03-31,ANTARCHILE
Plusvalía,401.946,USD,2022-03-31,ANTARCHILE
"Propiedades, planta y equipo",12.269.273,USD,2022-03-31,ANTARCHILE
Activos biológicos no corrientes,3.062.648,USD,2022-03-31,ANTARCHILE
Propiedad de inversión,33.775,USD,2022-03-31,ANTARCHILE
Activos por derecho de uso,765.981,USD,2022-03-31,ANTARCHILE
"Activos por impuestos corrientes, no corrientes",-,USD,2022-03-31,ANTARCHILE
Activos por impuestos diferidos,111.638,USD,2022-03-31,ANTARCHILE
Total de activos no corrientes,19.355.152,USD,2022-03-31,ANTARCHILE
Total de activos,27.353.910,USD,2022-03-31,ANTARCHILE
Otros pasivos financieros corrientes,865.615,USD,2022-03-31,ANTARCHILE
Pasivos por arrendamientos corrientes,117.885,USD,2022-03-31,ANTARCHILE
Cuentas por pagar comerciales y otras cuentas por pagar,2.179.320,USD,2022-03-31,ANTARCHILE
"Cuentas por pagar a entidades relacionadas, corrientes",4.894,USD,2022-03-31,ANTARCHILE
Otras provisiones a corto plazo,23.650,USD,2022-03-31,ANTARCHILE
"Pasivos por impuestos corrientes, corrientes",300.748,USD,2022-03-31,ANTARCHILE
Provisiones corrientes por beneficios a los empleados,11.608,USD,2022-03-31,ANTARCHILE
Otros pasivos no financieros corrientes,600.491,USD,2022-03-31,ANTARCHILE
Total de pasivos corrientes distintos de los pasivos incluidos en grupos de activos para su disposición clasificados como mantenidos para la venta,4.104.211,USD,2022-03-31,ANTARCHILE
Pasivos incluidos en grupos de activos para su disposición clasificados como mantenidos para la venta,181.398,USD,2022-03-31,ANTARCHILE
Pasivos corrientes totales,4.285.609,USD,2022-03-31,ANTARCHILE
Otros pasivos financieros no corrientes,7.686.595,USD,2022-03-31,ANTARCHILE
Pasivos por arrendamientos no corrientes,634.467,USD,2022-03-31,ANTARCHILE
Cuentas por pagar no corrientes,5.770,USD,2022-03-31,ANTARCHILE
"Cuentas por pagar a entidades relacionadas, no corrientes",-,USD,2022-03-31,ANTARCHILE
Otras provisiones a largo plazo,56.735,USD,2022-03-31,ANTARCHILE
Pasivo por impuestos diferidos,2.186.482,USD,2022-03-31,ANTARCHILE
"Pasivos por impuestos corrientes, no corrientes",-,USD,2022-03-31,ANTARCHILE
Provisiones no corrientes por beneficios a los empleados,123.677,USD,2022-03-31,ANTARCHILE
Otros pasivos no financieros no corrientes,125.444,USD,2022-03-31,ANTARCHILE
Total de pasivos no corrientes,10.819.170,USD,2022-03-31,ANTARCHILE
Total de pasivos,15.104.779,USD,2022-03-31,ANTARCHILE
Capital emitido y pagado,1.391.235,USD,2022-03-31,ANTARCHILE
Ganancias (pérdidas) acumuladas,7.491.770,USD,2022-03-31,ANTARCHILE
Prima de emisión,-,USD,2022-03-31,ANTARCHILE
Acciones propias en cartera,4.571,USD,2022-03-31,ANTARCHILE
Otras participaciones en el patrimonio,-,USD,2022-03-31,ANTARCHILE
Otras reservas,-1.646.685,USD,2022-03-31,ANTARCHILE
Patrimonio atribuible a los propietarios de la controladora,7.231.749,USD,2022-03-31,ANTARCHILE
Participaciones no controladoras,5.017.382,USD,2022-03-31,ANTARCHILE
Patrimonio total,12.249.131,USD,2022-03-31,ANTARCHILE
Total de patrimonio y pasivos,27.353.910,USD,2022-03-31,ANTARCHILE
Efectivo y equivalentes al efectivo,1.622.432,USD,2022-06-30,ANTARCHILE
Otros activos financieros corrientes,320.762,USD,2022-06-30,ANTARCHILE
Otros activos no financieros corrientes,268.327,USD,2022-06-30,ANTARCHILE
Deudores comerciales y otras cuentas por cobrar corrientes,2.699.581,USD,2022-06-30,ANTARCHILE
"Cuentas por cobrar a entidades relacionadas, corrientes",26.336,USD,2022-06-30,ANTARCHILE
Inventarios corrientes,2.487.935,USD,2022-06-30,ANTARCHILE
Activos biológicos corrientes,364.043,USD,2022-06-30,ANTARCHILE
"Activos por impuestos corrientes, corrientes",245.732,USD,2022-06-30,ANTARCHILE
Total de activos corrientes distintos de los activo o grupos de activos para su disposición clasificados como mantenidos para la venta o como mantenidos para distribuir a los propietarios,8.035.148,USD,2022-06-30,ANTARCHILE
Activos no corrientes o grupos de activos para su disposición clasificados como mantenidos para la venta o como mantenidos para distribuir a los propietarios,343.807,USD,2022-06-30,ANTARCHILE
Activos corrientes totales,8.378.955,USD,2022-06-30,ANTARCHILE
Otros activos financieros no corrientes,387.558,USD,2022-06-30,ANTARCHILE
Otros activos no financieros no corrientes,200.231,USD,2022-06-30,ANTARCHILE
Cuentas por cobrar no corrientes,39.360,USD,2022-06-30,ANTARCHILE
"Cuentas por cobrar a entidades relacionadas, no corrientes",13.705,USD,2022-06-30,ANTARCHILE
"Inventarios, no corrientes",-,USD,2022-06-30,ANTARCHILE
Inversiones contabilizadas utilizando el método de la participación,1.377.587,USD,2022-06-30,ANTARCHILE
Activos intangibles distintos de la plusvalía,595.508,USD,2022-06-30,ANTARCHILE
Plusvalía,391.478,USD,2022-06-30,ANTARCHILE
"Propiedades, planta y equipo",12.186.784,USD,2022-06-30,ANTARCHILE
Activos biológicos no corrientes,3.008.550,USD,2022-06-30,ANTARCHILE
Propiedad de inversión,29.216,USD,2022-06-30,ANTARCHILE
Activos por derecho de uso,730.941,USD,2022-06-30,ANTARCHILE
"Activos por impuestos corrientes, no corrientes",-,USD,2022-06-30,ANTARCHILE
Activos por impuestos diferidos,102.888,USD,2022-06-30,ANTARCHILE
Total de activos no corrientes,19.063.806,USD,2022-06-30,ANTARCHILE
Total de activos,27.442.761,USD,2022-06-30,ANTARCHILE
Otros pasivos financieros corrientes,1.089.357,USD,2022-06-30,ANTARCHILE
Pasivos por arrendamientos corrientes,101.723,USD,2022-06-30,ANTARCHILE
Cuentas por pagar comerciales y otras cuentas por pagar,2.499.101,USD,2022-06-30,ANTARCHILE
"Cuentas por pagar a entidades relacionadas, corrientes",4.902,USD,2022-06-30,ANTARCHILE
Otras provisiones a corto plazo,29.235,USD,2022-06-30,ANTARCHILE
"Pasivos por impuestos corrientes, corrientes",85.761,USD,2022-06-30,ANTARCHILE
Provisiones corrientes por beneficios a los empleados,10.595,USD,2022-06-30,ANTARCHILE
Otros pasivos no financieros corrientes,473.892,USD,2022-06-30,ANTARCHILE
Total de pasivos corrientes distintos de los pasivos incluidos en grupos de activos para su disposición clasificados como mantenidos para la venta,4.294.566,USD,2022-06-30,ANTARCHILE
Pasivos incluidos en grupos de activos para su disposición clasificados como mantenidos para la venta,162.427,USD,2022-06-30,ANTARCHILE
Pasivos corrientes totales,4.456.993,USD,2022-06-30,ANTARCHILE
Otros pasivos financieros no corrientes,7.576.870,USD,2022-06-30,ANTARCHILE
Pasivos por arrendamientos no corrientes,615.579,USD,2022-06-30,ANTARCHILE
Cuentas por pagar no corrientes,5.091,USD,2022-06-30,ANTARCHILE
"Cuentas por pagar a entidades relacionadas, no corrientes",-,USD,2022-06-30,ANTARCHILE
Otras provisiones a largo plazo,54.620,USD,2022-06-30,ANTARCHILE
Pasivo por impuestos diferidos,2.219.878,USD,2022-06-30,ANTARCHILE
"Pasivos por impuestos corrientes, no corrientes",-,USD,2022-06-30,ANTARCHILE
Provisiones no corrientes por beneficios a los empleados,114.043,USD,2022-06-30,ANTARCHILE
Otros pasivos no financieros no corrientes,112.227,USD,2022-06-30,ANTARCHILE
Total de pasivos no corrientes,10.698.308,USD,2022-06-30,ANTARCHILE
Total de pasivos,15.155.301,USD,2022-06-30,ANTARCHILE
Capital emitido y pagado,1.391.235,USD,2022-06-30,ANTARCHILE
Ganancias (pérdidas) acumuladas,7.617.773,USD,2022-06-30,ANTARCHILE
Prima de emisión,-,USD,2022-06-30,ANTARCHILE
Acciones propias en cartera,5.485,USD,2022-06-30,ANTARCHILE
Otras participaciones en el patrimonio,-,USD,2022-06-30,ANTARCHILE
Otras reservas,-1.752.228,USD,2022-06-30,ANTARCHILE
Patrimonio atribuible a los propietarios de la controladora,7.251.295,USD,2022-06-30,ANTARCHILE
Participaciones no controladoras,5.036.165,USD,2022-06-30,ANTARCHILE
Patrimonio total,12.287.460,USD,2022-06-30,ANTARCHILE
Total de patrimonio y pasivos,27.442.761,USD,2022-06-30,ANTARCHILE
Efectivo y equivalentes al efectivo,1.500.016,USD,2022-09-30,ANTARCHILE
Otros activos financieros corrientes,308.479,USD,2022-09-30,ANTARCHILE
Otros activos no financieros corrientes,284.704,USD,2022-09-30,ANTARCHILE
Deudores comerciales y otras cuentas por cobrar corrientes,2.425.934,USD,2022-09-30,ANTARCHILE
"Cuentas por cobrar a entidades relacionadas, corrientes",87.379,USD,2022-09-30,ANTARCHILE
Inventarios corrientes,2.478.135,USD,2022-09-30,ANTARCHILE
Activos biológicos corrientes,362.301,USD,2022-09-30,ANTARCHILE
"Activos por impuestos corrientes, corrientes",282.649,USD,2022-09-30,ANTARCHILE
Total de activos corrientes distintos de los activo o grupos de activos para su disposición clasificados como mantenidos para la venta o como mantenidos para distribuir a los propietarios,7.729.597,USD,2022-09-30,ANTARCHILE
Activos no corrientes o grupos de activos para su disposición clasificados como mantenidos para la venta o como mantenidos para distribuir a los propietarios,335.717,USD,2022-09-30,ANTARCHILE
Activos corrientes totales,8.065.314,USD,2022-09-30,ANTARCHILE
Otros activos financieros no corrientes,438.792,USD,2022-09-30,ANTARCHILE
Otros activos no financieros no corrientes,166.343,USD,2022-09-30,ANTARCHILE
Cuentas por cobrar no corrientes,35.065,USD,2022-09-30,ANTARCHILE
"Cuentas por cobrar a entidades relacionadas, no corrientes",14.290,USD,2022-09-30,ANTARCHILE
"Inventarios, no corrientes",-,USD,2022-09-30,ANTARCHILE
Inversiones contabilizadas utilizando el método de la participación,1.358.644,USD,2022-09-30,ANTARCHILE
Activos intangibles distintos de la plusvalía,568.866,USD,2022-09-30,ANTARCHILE
Plusvalía,411.990,USD,2022-09-30,ANTARCHILE
"Propiedades, planta y equipo",12.357.986,USD,2022-09-30,ANTARCHILE
Activos biológicos no corrientes,3.000.871,USD,2022-09-30,ANTARCHILE
Propiedad de inversión,21.070,USD,2022-09-30,ANTARCHILE
Activos por derecho de uso,761.271,USD,2022-09-30,ANTARCHILE
"Activos por impuestos corrientes, no corrientes",-,USD,2022-09-30,ANTARCHILE
Activos por impuestos diferidos,104.518,USD,2022-09-30,ANTARCHILE
Total de activos no corrientes,19.239.706,USD,2022-09-30,ANTARCHILE
Total de activos,27.305.020,USD,2022-09-30,ANTARCHILE
Otros pasivos financieros corrientes,1.368.442,USD,2022-09-30,ANTARCHILE
Pasivos por arrendamientos corrientes,114.080,USD,2022-09-30,ANTARCHILE
Cuentas por pagar comerciales y otras cuentas por pagar,1.932.533,USD,2022-09-30,ANTARCHILE
"Cuentas por pagar a entidades relacionadas, corrientes",4.302,USD,2022-09-30,ANTARCHILE
Otras provisiones a corto plazo,32.782,USD,2022-09-30,ANTARCHILE
"Pasivos por impuestos corrientes, corrientes",84.601,USD,2022-09-30,ANTARCHILE
Provisiones corrientes por beneficios a los empleados,10.394,USD,2022-09-30,ANTARCHILE
Otros pasivos no financieros corrientes,673.786,USD,2022-09-30,ANTARCHILE
Total de pasivos corrientes distintos de los pasivos incluidos en grupos de activos para su disposición clasificados como mantenidos para la venta,4.220.920,USD,2022-09-30,ANTARCHILE
Pasivos incluidos en grupos de activos para su disposición clasificados como mantenidos para la venta,151.366,USD,2022-09-30,ANTARCHILE
Pasivos corrientes totales,4.372.286,USD,2022-09-30,ANTARCHILE
Otros pasivos financieros no corrientes,7.316.756,USD,2022-09-30,ANTARCHILE
Pasivos por arrendamientos no corrientes,639.777,USD,2022-09-30,ANTARCHILE
Cuentas por pagar no corrientes,4.980,USD,2022-09-30,ANTARCHILE
"Cuentas por pagar a entidades relacionadas, no corrientes",22.717,USD,2022-09-30,ANTARCHILE
Otras provisiones a largo plazo,55.056,USD,2022-09-30,ANTARCHILE
Pasivo por impuestos diferidos,2.197.695,USD,2022-09-30,ANTARCHILE
"Pasivos por impuestos corrientes, no corrientes",-,USD,2022-09-30,ANTARCHILE
Provisiones no corrientes por beneficios a los empleados,119.975,USD,2022-09-30,ANTARCHILE
Otros pasivos no financieros no corrientes,99.263,USD,2022-09-30,ANTARCHILE
Total de pasivos no corrientes,10.456.219,USD,2022-09-30,ANTARCHILE
Total de pasivos,14.828.505,USD,2022-09-30,ANTARCHILE
Capital emitido y pagado,1.391.235,USD,2022-09-30,ANTARCHILE
Ganancias (pérdidas) acumuladas,7.792.042,USD,2022-09-30,ANTARCHILE
Prima de emisión,-,USD,2022-09-30,ANTARCHILE
Acciones propias en cartera,10.646,USD,2022-09-30,ANTARCHILE
Otras participaciones en el patrimonio,-,USD,2022-09-30,ANTARCHILE
Otras reservas,-1.787.045,USD,2022-09-30,ANTARCHILE
Patrimonio atribuible a los propietarios de la controladora,7.385.586,USD,2022-09-30,ANTARCHILE
Participaciones no controladoras,5.090.929,USD,2022-09-30,ANTARCHILE
Patrimonio total,12.476.515,USD,2022-09-30,ANTARCHILE
Total de patrimonio y pasivos,27.305.020,USD,2022-09-30,ANTARCHILE
Efectivo y equivalentes al efectivo,1.401.469,USD,2022-12-31,ANTARCHILE
Otros activos financieros corrientes,558.660,USD,2022-12-31,ANTARCHILE
Otros activos no financieros corrientes,264.638,USD,2022-12-31,ANTARCHILE
Deudores comerciales y otras cuentas por cobrar corrientes,2.718.627,USD,2022-12-31,ANTARCHILE
"Cuentas por cobrar a entidades relacionadas, corrientes",15.862,USD,2022-12-31,ANTARCHILE
Inventarios corrientes,2.698.644,USD,2022-12-31,ANTARCHILE
Activos biológicos corrientes,330.435,USD,2022-12-31,ANTARCHILE
"Activos por impuestos corrientes, corrientes",423.452,USD,2022-12-31,ANTARCHILE
Total de activos corrientes distintos de los activo o grupos de activos para su disposición clasificados como mantenidos para la venta o como mantenidos para distribuir a los propietarios,8.411.787,USD,2022-12-31,ANTARCHILE
Activos no corrientes o grupos de activos para su disposición clasificados como mantenidos para la venta o como mantenidos para distribuir a los propietarios,367.266,USD,2022-12-31,ANTARCHILE
Activos corrientes totales,8.779.053,USD,2022-12-31,ANTARCHILE
Otros activos financieros no corrientes,360.596,USD,2022-12-31,ANTARCHILE
Otros activos no financieros no corrientes,192.632,USD,2022-12-31,ANTARCHILE
Cuentas por cobrar no corrientes,47.069,USD,2022-12-31,ANTARCHILE
"Cuentas por cobrar a entidades relacionadas, no corrientes",14.431,USD,2022-12-31,ANTARCHILE
"Inventarios, no corrientes",-,USD,2022-12-31,ANTARCHILE
Inversiones contabilizadas utilizando el método de la participación,1.393.903,USD,2022-12-31,ANTARCHILE
Activos intangibles distintos de la plusvalía,661.468,USD,2022-12-31,ANTARCHILE
Plusvalía,575.025,USD,2022-12-31,ANTARCHILE
"Propiedades, planta y equipo",12.688.849,USD,2022-12-31,ANTARCHILE
Activos biológicos no corrientes,2.864.935,USD,2022-12-31,ANTARCHILE
Propiedad de inversión,23.040,USD,2022-12-31,ANTARCHILE
Activos por derecho de uso,875.264,USD,2022-12-31,ANTARCHILE
"Activos por impuestos corrientes, no corrientes",-,USD,2022-12-31,ANTARCHILE
Activos por impuestos diferidos,116.083,USD,2022-12-31,ANTARCHILE
Total de activos no corrientes,19.813.295,USD,2022-12-31,ANTARCHILE
Total de activos,28.592.348,USD,2022-12-31,ANTARCHILE
Otros pasivos financieros corrientes,2.131.079,USD,2022-12-31,ANTARCHILE
Pasivos por arrendamientos corrientes,119.417,USD,2022-12-31,ANTARCHILE
Cuentas por pagar comerciales y otras cuentas por pagar,2.188.471,USD,2022-12-31,ANTARCHILE
"Cuentas por pagar a entidades relacionadas, corrientes",14.025,USD,2022-12-31,ANTARCHILE
Otras provisiones a corto plazo,35.026,USD,2022-12-31,ANTARCHILE
"Pasivos por impuestos corrientes, corrientes",72.229,USD,2022-12-31,ANTARCHILE
Provisiones corrientes por beneficios a los empleados,14.527,USD,2022-12-31,ANTARCHILE
Otros pasivos no financieros corrientes,660.880,USD,2022-12-31,ANTARCHILE
Total de pasivos corrientes distintos de los pasivos incluidos en grupos de activos para su disposición clasificados como mantenidos para la venta,5.235.654,USD,2022-12-31,ANTARCHILE
Pasivos incluidos en grupos de activos para su disposición clasificados como mantenidos para la venta,172.508,USD,2022-12-31,ANTARCHILE
Pasivos corrientes totales,5.408.162,USD,2022-12-31,ANTARCHILE
Otros pasivos financieros no corrientes,7.259.163,USD,2022-12-31,ANTARCHILE
Pasivos por arrendamientos no corrientes,783.047,USD,2022-12-31,ANTARCHILE
Cuentas por pagar no corrientes,23.068,USD,2022-12-31,ANTARCHILE
"Cuentas por pagar a entidades relacionadas, no corrientes",24.133,USD,2022-12-31,ANTARCHILE
Otras provisiones a largo plazo,66.975,USD,2022-12-31,ANTARCHILE
Pasivo por impuestos diferidos,2.195.090,USD,2022-12-31,ANTARCHILE
"Pasivos por impuestos corrientes, no corrientes",-,USD,2022-12-31,ANTARCHILE
Provisiones no corrientes por beneficios a los empleados,140.936,USD,2022-12-31,ANTARCHILE
Otros pasivos no financieros no corrientes,100.556,USD,2022-12-31,ANTARCHILE
Total de pasivos no corrientes,10.592.968,USD,2022-12-31,ANTARCHILE
Total de pasivos,16.001.130,USD,2022-12-31,ANTARCHILE
Capital emitido y pagado,1.391.235,USD,2022-12-31,ANTARCHILE
Ganancias (pérdidas) acumuladas,7.776.162,USD,2022-12-31,ANTARCHILE
Prima de emisión,-,USD,2022-12-31,ANTARCHILE
Acciones propias en cartera,12.355,USD,2022-12-31,ANTARCHILE
Otras participaciones en el patrimonio,-,USD,2022-12-31,ANTARCHILE
Otras reservas,-1.682.098,USD,2022-12-31,ANTARCHILE
Patrimonio atribuible a los propietarios de la controladora,7.472.944,USD,2022-12-31,ANTARCHILE
Participaciones no controladoras,5.118.274,USD,2022-12-31,ANTARCHILE
Patrimonio total,12.591.218,USD,2022-12-31,ANTARCHILE
Total de patrimonio y pasivos,28.592.348,USD,2022-12-31,ANTARCHILE
Efectivo y equivalentes al efectivo,1.756.020,USD,2023-03-31,ANTARCHILE
Otros activos financieros corrientes,279.698,USD,2023-03-31,ANTARCHILE
Otros activos no financieros corrientes,345.354,USD,2023-03-31,ANTARCHILE
Deudores comerciales y otras cuentas por cobrar corrientes,2.727.385,USD,2023-03-31,ANTARCHILE
"Cuentas por cobrar a entidades relacionadas, corrientes",19.217,USD,2023-03-31,ANTARCHILE
Inventarios corrientes,2.744.546,USD,2023-03-31,ANTARCHILE
Activos biológicos corrientes,349.721,USD,2023-03-31,ANTARCHILE
"Activos por impuestos corrientes, corrientes",455.890,USD,2023-03-31,ANTARCHILE
Total de activos corrientes distintos de los activo o grupos de activos para su disposición clasificados como mantenidos para la venta o como mantenidos para distribuir a los propietarios,8.677.831,USD,2023-03-31,ANTARCHILE
Activos no corrientes o grupos de activos para su disposición clasificados como mantenidos para la venta o como mantenidos para distribuir a los propietarios,384.987,USD,2023-03-31,ANTARCHILE
Activos corrientes totales,9.062.818,USD,2023-03-31,ANTARCHILE
Otros activos financieros no corrientes,461.611,USD,2023-03-31,ANTARCHILE
Otros activos no financieros no corrientes,216.352,USD,2023-03-31,ANTARCHILE
Cuentas por cobrar no corrientes,56.251,USD,2023-03-31,ANTARCHILE
"Cuentas por cobrar a entidades relacionadas, no corrientes",14.013,USD,2023-03-31,ANTARCHILE
"Inventarios, no corrientes",-,USD,2023-03-31,ANTARCHILE
Inversiones contabilizadas utilizando el método de la participación,1.454.837,USD,2023-03-31,ANTARCHILE
Activos intangibles distintos de la plusvalía,665.877,USD,2023-03-31,ANTARCHILE
Plusvalía,601.004,USD,2023-03-31,ANTARCHILE
"Propiedades, planta y equipo",12.962.704,USD,2023-03-31,ANTARCHILE
Activos biológicos no corrientes,2.834.844,USD,2023-03-31,ANTARCHILE
Propiedad de inversión,25.402,USD,2023-03-31,ANTARCHILE
Activos por derecho de uso,931.109,USD,2023-03-31,ANTARCHILE
"Activos por impuestos corrientes, no corrientes",-,USD,2023-03-31,ANTARCHILE
Activos por impuestos diferidos,122.765,USD,2023-03-31,ANTARCHILE
Total de activos no corrientes,20.346.769,USD,2023-03-31,ANTARCHILE
Total de activos,29.409.587,USD,2023-03-31,ANTARCHILE
Otros pasivos financieros corrientes,2.311.052,USD,2023-03-31,ANTARCHILE
Pasivos por arrendamientos corrientes,113.259,USD,2023-03-31,ANTARCHILE
Cuentas por pagar comerciales y otras cuentas por pagar,2.020.397,USD,2023-03-31,ANTARCHILE
"Cuentas por pagar a entidades relacionadas, corrientes",17.776,USD,2023-03-31,ANTARCHILE
Otras provisiones a corto plazo,32.741,USD,2023-03-31,ANTARCHILE
"Pasivos por impuestos corrientes, corrientes",66.690,USD,2023-03-31,ANTARCHILE
Provisiones corrientes por beneficios a los empleados,14.814,USD,2023-03-31,ANTARCHILE
Otros pasivos no financieros corrientes,754.405,USD,2023-03-31,ANTARCHILE
Total de pasivos corrientes distintos de los pasivos incluidos en grupos de activos para su disposición clasificados como mantenidos para la venta,5.331.134,USD,2023-03-31,ANTARCHILE
Pasivos incluidos en grupos de activos para su disposición clasificados como mantenidos para la venta,185.625,USD,2023-03-31,ANTARCHILE
Pasivos corrientes totales,5.516.759,USD,2023-03-31,ANTARCHILE
Otros pasivos financieros no corrientes,7.730.356,USD,2023-03-31,ANTARCHILE
Pasivos por arrendamientos no corrientes,867.635,USD,2023-03-31,ANTARCHILE
Cuentas por pagar no corrientes,25.087,USD,2023-03-31,ANTARCHILE
"Cuentas por pagar a entidades relacionadas, no corrientes",23.545,USD,2023-03-31,ANTARCHILE
Otras provisiones a largo plazo,57.538,USD,2023-03-31,ANTARCHILE
Pasivo por impuestos diferidos,2.121.270,USD,2023-03-31,ANTARCHILE
"Pasivos por impuestos corrientes, no corrientes",-,USD,2023-03-31,ANTARCHILE
Provisiones no corrientes por beneficios a los empleados,154.557,USD,2023-03-31,ANTARCHILE
Otros pasivos no financieros no corrientes,103.676,USD,2023-03-31,ANTARCHILE
Total de pasivos no corrientes,11.083.664,USD,2023-03-31,ANTARCHILE
Total de pasivos,16.600.423,USD,2023-03-31,ANTARCHILE
Capital emitido y pagado,1.391.235,USD,2023-03-31,ANTARCHILE
Ganancias (pérdidas) acumuladas,7.824.378,USD,2023-03-31,ANTARCHILE
Prima de emisión,-,USD,2023-03-31,ANTARCHILE
Acciones propias en cartera,16.370,USD,2023-03-31,ANTARCHILE
Otras participaciones en el patrimonio,-,USD,2023-03-31,ANTARCHILE
Otras reservas,-1.573.930,USD,2023-03-31,ANTARCHILE
Patrimonio atribuible a los propietarios de la controladora,7.625.313,USD,2023-03-31,ANTARCHILE
Participaciones no controladoras,5.183.851,USD,2023-03-31,ANTARCHILE
Patrimonio total,12.809.164,USD,2023-03-31,ANTARCHILE
Total de patrimonio y pasivos,29.409.587,USD,2023-03-31,ANTARCHILE
Efectivo y equivalentes al efectivo,1.381.505,USD,2023-06-30,ANTARCHILE
Otros activos financieros corrientes,245.067,USD,2023-06-30,ANTARCHILE
Otros activos no financieros corrientes,366.610,USD,2023-06-30,ANTARCHILE
Deudores comerciales y otras cuentas por cobrar corrientes,2.395.239,USD,2023-06-30,ANTARCHILE
"Cuentas por cobrar a entidades relacionadas, corrientes",14.858,USD,2023-06-30,ANTARCHILE
Inventarios corrientes,2.663.600,USD,2023-06-30,ANTARCHILE
Activos biológicos corrientes,361.769,USD,2023-06-30,ANTARCHILE
"Activos por impuestos corrientes, corrientes",333.369,USD,2023-06-30,ANTARCHILE
Total de activos corrientes distintos de los activo o grupos de activos para su disposición clasificados como mantenidos para la venta o como mantenidos para distribuir a los propietarios,7.762.017,USD,2023-06-30,ANTARCHILE
Activos no corrientes o grupos de activos para su disposición clasificados como mantenidos para la venta o como mantenidos para distribuir a los propietarios,1.191.798,USD,2023-06-30,ANTARCHILE
Activos corrientes totales,8.953.815,USD,2023-06-30,ANTARCHILE
Otros activos financieros no corrientes,489.770,USD,2023-06-30,ANTARCHILE
Otros activos no financieros no corrientes,226.124,USD,2023-06-30,ANTARCHILE
Cuentas por cobrar no corrientes,102.932,USD,2023-06-30,ANTARCHILE
"Cuentas por cobrar a entidades relacionadas, no corrientes",5.083,USD,2023-06-30,ANTARCHILE
"Inventarios, no corrientes",-,USD,2023-06-30,ANTARCHILE
Inversiones contabilizadas utilizando el método de la participación,1.589.020,USD,2023-06-30,ANTARCHILE
Activos intangibles distintos de la plusvalía,596.630,USD,2023-06-30,ANTARCHILE
Plusvalía,457.909,USD,2023-06-30,ANTARCHILE
"Propiedades, planta y equipo",12.723.310,USD,2023-06-30,ANTARCHILE
Activos biológicos no corrientes,2.858.504,USD,2023-06-30,ANTARCHILE
Propiedad de inversión,26.782,USD,2023-06-30,ANTARCHILE
Activos por derecho de uso,1.008.796,USD,2023-06-30,ANTARCHILE
"Activos por impuestos corrientes, no corrientes",-,USD,2023-06-30,ANTARCHILE
Activos por impuestos diferidos,132.928,USD,2023-06-30,ANTARCHILE
Total de activos no corrientes,20.217.788,USD,2023-06-30,ANTARCHILE
Total de activos,29.171.603,USD,2023-06-30,ANTARCHILE
Otros pasivos financieros corrientes,2.185.652,USD,2023-06-30,ANTARCHILE
Pasivos por arrendamientos corrientes,113.058,USD,2023-06-30,ANTARCHILE
Cuentas por pagar comerciales y otras cuentas por pagar,1.795.456,USD,2023-06-30,ANTARCHILE
"Cuentas por pagar a entidades relacionadas, corrientes",16.221,USD,2023-06-30,ANTARCHILE
Otras provisiones a corto plazo,23.874,USD,2023-06-30,ANTARCHILE
"Pasivos por impuestos corrientes, corrientes",47.568,USD,2023-06-30,ANTARCHILE
Provisiones corrientes por beneficios a los empleados,16.453,USD,2023-06-30,ANTARCHILE
Otros pasivos no financieros corrientes,198.543,USD,2023-06-30,ANTARCHILE
Total de pasivos corrientes distintos de los pasivos incluidos en grupos de activos para su disposición clasificados como mantenidos para la venta,4.396.825,USD,2023-06-30,ANTARCHILE
Pasivos incluidos en grupos de activos para su disposición clasificados como mantenidos para la venta,347.521,USD,2023-06-30,ANTARCHILE
Pasivos corrientes totales,4.744.346,USD,2023-06-30,ANTARCHILE
Otros pasivos financieros no corrientes,8.037.623,USD,2023-06-30,ANTARCHILE
Pasivos por arrendamientos no corrientes,938.462,USD,2023-06-30,ANTARCHILE
Cuentas por pagar no corrientes,26.596,USD,2023-06-30,ANTARCHILE
"Cuentas por pagar a entidades relacionadas, no corrientes",20.858,USD,2023-06-30,ANTARCHILE
Otras provisiones a largo plazo,51.360,USD,2023-06-30,ANTARCHILE
Pasivo por impuestos diferidos,2.065.832,USD,2023-06-30,ANTARCHILE
"Pasivos por impuestos corrientes, no corrientes",-,USD,2023-06-30,ANTARCHILE
Provisiones no corrientes por beneficios a los empleados,156.802,USD,2023-06-30,ANTARCHILE
Otros pasivos no financieros no corrientes,109.738,USD,2023-06-30,ANTARCHILE
Total de pasivos no corrientes,11.407.271,USD,2023-06-30,ANTARCHILE
Total de pasivos,16.151.617,USD,2023-06-30,ANTARCHILE
Capital emitido y pagado,1.391.235,USD,2023-06-30,ANTARCHILE
Ganancias (pérdidas) acumuladas,7.845.551,USD,2023-06-30,ANTARCHILE
Prima de emisión,-,USD,2023-06-30,ANTARCHILE
Acciones propias en cartera,16.733,USD,2023-06-30,ANTARCHILE
Otras participaciones en el patrimonio,-,USD,2023-06-30,ANTARCHILE
Otras reservas,-1.461.723,USD,2023-06-30,ANTARCHILE
Patrimonio atribuible a los propietarios de la controladora,7.758.330,USD,2023-06-30,ANTARCHILE
Participaciones no controladoras,5.261.656,USD,2023-06-30,ANTARCHILE
Patrimonio total,13.019.986,USD,2023-06-30,ANTARCHILE
Total de patrimonio y pasivos,29.171.603,USD,2023-06-30,ANTARCHILE
Efectivo y equivalentes al efectivo,1.201.595,USD,2023-09-30,ANTARCHILE
Otros activos financieros corrientes,461.457,USD,2023-09-30,ANTARCHILE
Otros activos no financieros corrientes,323.195,USD,2023-09-30,ANTARCHILE
Deudores comerciales y otras cuentas por cobrar corrientes,2.404.326,USD,2023-09-30,ANTARCHILE
"Cuentas por cobrar a entidades relacionadas, corrientes",18.493,USD,2023-09-30,ANTARCHILE
Inventarios corrientes,2.584.502,USD,2023-09-30,ANTARCHILE
Activos biológicos corrientes,420.244,USD,2023-09-30,ANTARCHILE
"Activos por impuestos corrientes, corrientes",242.754,USD,2023-09-30,ANTARCHILE
Total de activos corrientes distintos de los activo o grupos de activos para su disposición clasificados como mantenidos para la venta o como mantenidos para distribuir a los propietarios,7.656.566,USD,2023-09-30,ANTARCHILE
Activos no corrientes o grupos de activos para su disposición clasificados como mantenidos para la venta o como mantenidos para distribuir a los propietarios,1.186.715,USD,2023-09-30,ANTARCHILE
Activos corrientes totales,8.843.281,USD,2023-09-30,ANTARCHILE
Otros activos financieros no corrientes,349.164,USD,2023-09-30,ANTARCHILE
Otros activos no financieros no corrientes,211.212,USD,2023-09-30,ANTARCHILE
Cuentas por cobrar no corrientes,114.428,USD,2023-09-30,ANTARCHILE
"Cuentas por cobrar a entidades relacionadas, no corrientes",5.083,USD,2023-09-30,ANTARCHILE
"Inventarios, no corrientes",-,USD,2023-09-30,ANTARCHILE
Inversiones contabilizadas utilizando el método de la participación,1.574.865,USD,2023-09-30,ANTARCHILE
Activos intangibles distintos de la plusvalía,577.084,USD,2023-09-30,ANTARCHILE
Plusvalía,439.808,USD,2023-09-30,ANTARCHILE
"Propiedades, planta y equipo",12.544.580,USD,2023-09-30,ANTARCHILE
Activos biológicos no corrientes,2.795.531,USD,2023-09-30,ANTARCHILE
Propiedad de inversión,25.225,USD,2023-09-30,ANTARCHILE
Activos por derecho de uso,1.077.882,USD,2023-09-30,ANTARCHILE
"Activos por impuestos corrientes, no corrientes",-,USD,2023-09-30,ANTARCHILE
Activos por impuestos diferidos,124.213,USD,2023-09-30,ANTARCHILE
Total de activos no corrientes,19.839.075,USD,2023-09-30,ANTARCHILE
Total de activos,28.682.356,USD,2023-09-30,ANTARCHILE
Otros pasivos financieros corrientes,2.644.403,USD,2023-09-30,ANTARCHILE
Pasivos por arrendamientos corrientes,101.345,USD,2023-09-30,ANTARCHILE
Cuentas por pagar comerciales y otras cuentas por pagar,1.902.729,USD,2023-09-30,ANTARCHILE
"Cuentas por pagar a entidades relacionadas, corrientes",10.940,USD,2023-09-30,ANTARCHILE
Otras provisiones a corto plazo,23.979,USD,2023-09-30,ANTARCHILE
"Pasivos por impuestos corrientes, corrientes",85.189,USD,2023-09-30,ANTARCHILE
Provisiones corrientes por beneficios a los empleados,15.839,USD,2023-09-30,ANTARCHILE
Otros pasivos no financieros corrientes,178.758,USD,2023-09-30,ANTARCHILE
Total de pasivos corrientes distintos de los pasivos incluidos en grupos de activos para su disposición clasificados como mantenidos para la venta,4.963.182,USD,2023-09-30,ANTARCHILE
Pasivos incluidos en grupos de activos para su disposición clasificados como mantenidos para la venta,339.709,USD,2023-09-30,ANTARCHILE
Pasivos corrientes totales,5.302.891,USD,2023-09-30,ANTARCHILE
Otros pasivos financieros no corrientes,7.380.656,USD,2023-09-30,ANTARCHILE
Pasivos por arrendamientos no corrientes,1.002.106,USD,2023-09-30,ANTARCHILE
Cuentas por pagar no corrientes,24.366,USD,2023-09-30,ANTARCHILE
"Cuentas por pagar a entidades relacionadas, no corrientes",20.858,USD,2023-09-30,ANTARCHILE
Otras provisiones a largo plazo,48.106,USD,2023-09-30,ANTARCHILE
Pasivo por impuestos diferidos,1.926.095,USD,2023-09-30,ANTARCHILE
"Pasivos por impuestos corrientes, no corrientes",-,USD,2023-09-30,ANTARCHILE
Provisiones no corrientes por beneficios a los empleados,140.809,USD,2023-09-30,ANTARCHILE
Otros pasivos no financieros no corrientes,98.824,USD,2023-09-30,ANTARCHILE
Total de pasivos no corrientes,10.641.820,USD,2023-09-30,ANTARCHILE
Total de pasivos,15.944.711,USD,2023-09-30,ANTARCHILE
Capital emitido y pagado,1.391.235,USD,2023-09-30,ANTARCHILE
Ganancias (pérdidas) acumuladas,7.825.812,USD,2023-09-30,ANTARCHILE
Prima de emisión,-,USD,2023-09-30,ANTARCHILE
Acciones propias en cartera,16.858,USD,2023-09-30,ANTARCHILE
Otras participaciones en el patrimonio,-,USD,2023-09-30,ANTARCHILE
Otras reservas,-1.644.319,USD,2023-09-30,ANTARCHILE
Patrimonio atribuible a los propietarios de la controladora,7.555.870,USD,2023-09-30,ANTARCHILE
Participaciones no controladoras,5.181.775,USD,2023-09-30,ANTARCHILE
Patrimonio total,12.737.645,USD,2023-09-30,ANTARCHILE
Total de patrimonio y pasivos,28.682.356,USD,2023-09-30,ANTARCHILE
Efectivo y equivalentes al efectivo,1.594.256,USD,2023-12-31,ANTARCHILE
Otros activos financieros corrientes,398.924,USD,2023-12-31,ANTARCHILE
Otros activos no financieros corrientes,306.035,USD,2023-12-31,ANTARCHILE
Deudores comerciales y otras cuentas por cobrar corrientes,2.672.821,USD,2023-12-31,ANTARCHILE
"Cuentas por cobrar a entidades relacionadas, corrientes",9.046,USD,2023-12-31,ANTARCHILE
Inventarios corrientes,2.510.714,USD,2023-12-31,ANTARCHILE
Activos biológicos corrientes,370.957,USD,2023-12-31,ANTARCHILE
"Activos por impuestos corrientes, corrientes",279.401,USD,2023-12-31,ANTARCHILE
Total de activos corrientes distintos de los activo o grupos de activos para su disposición clasificados como mantenidos para la venta o como mantenidos para distribuir a los propietarios,8.142.154,USD,2023-12-31,ANTARCHILE
Activos no corrientes o grupos de activos para su disposición clasificados como mantenidos para la venta o como mantenidos para distribuir a los propietarios,773.971,USD,2023-12-31,ANTARCHILE
Activos corrientes totales,8.916.125,USD,2023-12-31,ANTARCHILE
Otros activos financieros no corrientes,406.510,USD,2023-12-31,ANTARCHILE
Otros activos no financieros no corrientes,229.071,USD,2023-12-31,ANTARCHILE
Cuentas por cobrar no corrientes,147.536,USD,2023-12-31,ANTARCHILE
"Cuentas por cobrar a entidades relacionadas, no corrientes",4.524,USD,2023-12-31,ANTARCHILE
"Inventarios, no corrientes",-,USD,2023-12-31,ANTARCHILE
Inversiones contabilizadas utilizando el método de la participación,1.565.225,USD,2023-12-31,ANTARCHILE
Activos intangibles distintos de la plusvalía,603.896,USD,2023-12-31,ANTARCHILE
Plusvalía,423.826,USD,2023-12-31,ANTARCHILE
"Propiedades, planta y equipo",12.750.126,USD,2023-12-31,ANTARCHILE
Activos biológicos no corrientes,2.651.622,USD,2023-12-31,ANTARCHILE
Propiedad de inversión,25.845,USD,2023-12-31,ANTARCHILE
Activos por derecho de uso,1.167.847,USD,2023-12-31,ANTARCHILE
"Activos por impuestos corrientes, no corrientes",-,USD,2023-12-31,ANTARCHILE
Activos por impuestos diferidos,191.808,USD,2023-12-31,ANTARCHILE
Total de activos no corrientes,20.167.836,USD,2023-12-31,ANTARCHILE
Total de activos,29.083.961,USD,2023-12-31,ANTARCHILE
Otros pasivos financieros corrientes,2.063.717,USD,2023-12-31,ANTARCHILE
Pasivos por arrendamientos corrientes,130.049,USD,2023-12-31,ANTARCHILE
Cuentas por pagar comerciales y otras cuentas por pagar,1.959.446,USD,2023-12-31,ANTARCHILE
"Cuentas por pagar a entidades relacionadas, corrientes",7.372,USD,2023-12-31,ANTARCHILE
Otras provisiones a corto plazo,14.635,USD,2023-12-31,ANTARCHILE
"Pasivos por impuestos corrientes, corrientes",157.686,USD,2023-12-31,ANTARCHILE
Provisiones corrientes por beneficios a los empleados,17.028,USD,2023-12-31,ANTARCHILE
Otros pasivos no financieros corrientes,240.574,USD,2023-12-31,ANTARCHILE
Total de pasivos corrientes distintos de los pasivos incluidos en grupos de activos para su disposición clasificados como mantenidos para la venta,4.590.507,USD,2023-12-31,ANTARCHILE
Pasivos incluidos en grupos de activos para su disposición clasificados como mantenidos para la venta,261.762,USD,2023-12-31,ANTARCHILE
Pasivos corrientes totales,4.852.269,USD,2023-12-31,ANTARCHILE
Otros pasivos financieros no corrientes,7.748.473,USD,2023-12-31,ANTARCHILE
Pasivos por arrendamientos no corrientes,1.038.246,USD,2023-12-31,ANTARCHILE
Cuentas por pagar no corrientes,54.581,USD,2023-12-31,ANTARCHILE
"Cuentas por pagar a entidades relacionadas, no corrientes",56.017,USD,2023-12-31,ANTARCHILE
Otras provisiones a largo plazo,48.626,USD,2023-12-31,ANTARCHILE
Pasivo por impuestos diferidos,1.902.369,USD,2023-12-31,ANTARCHILE
"Pasivos por impuestos corrientes, no corrientes",-,USD,2023-12-31,ANTARCHILE
Provisiones no corrientes por beneficios a los empleados,142.758,USD,2023-12-31,ANTARCHILE
Otros pasivos no financieros no corrientes,100.988,USD,2023-12-31,ANTARCHILE
Total de pasivos no corrientes,11.092.058,USD,2023-12-31,ANTARCHILE
Total de pasivos,15.944.327,USD,2023-12-31,ANTARCHILE
Capital emitido y pagado,1.390.610,USD,2023-12-31,ANTARCHILE
Ganancias (pérdidas) acumuladas,7.887.417,USD,2023-12-31,ANTARCHILE
Prima de emisión,-858,USD,2023-12-31,ANTARCHILE
Acciones propias en cartera,16.865,USD,2023-12-31,ANTARCHILE
Otras participaciones en el patrimonio,-,USD,2023-12-31,ANTARCHILE
Otras reservas,-1.457.907,USD,2023-12-31,ANTARCHILE
Patrimonio atribuible a los propietarios de la controladora,7.802.397,USD,2023-12-31,ANTARCHILE
Participaciones no controladoras,5.337.237,USD,2023-12-31,ANTARCHILE
Patrimonio total,13.139.634,USD,2023-12-31,ANTARCHILE
Total de patrimonio y pasivos,29.083.961,USD,2023-12-31,ANTARCHILE
Efectivo y equivalentes al efectivo,1.718.928,USD,2024-03-31,ANTARCHILE
Otros activos financieros corrientes,418.414,USD,2024-03-31,ANTARCHILE
Otros activos no financieros corrientes,339.931,USD,2024-03-31,ANTARCHILE
Deudores comerciales y otras cuentas por cobrar corrientes,2.412.693,USD,2024-03-31,ANTARCHILE
"Cuentas por cobrar a entidades relacionadas, corrientes",13.952,USD,2024-03-31,ANTARCHILE
Inventarios corrientes,2.511.894,USD,2024-03-31,ANTARCHILE
Activos biológicos corrientes,387.733,USD,2024-03-31,ANTARCHILE
"Activos por impuestos corrientes, corrientes",256.809,USD,2024-03-31,ANTARCHILE
Total de activos corrientes distintos de los activo o grupos de activos para su disposición clasificados como mantenidos para la venta o como mantenidos para distribuir a los propietarios,8.060.354,USD,2024-03-31,ANTARCHILE
Activos no corrientes o grupos de activos para su disposición clasificados como mantenidos para la venta o como mantenidos para distribuir a los propietarios,752.559,USD,2024-03-31,ANTARCHILE
Activos corrientes totales,8.812.913,USD,2024-03-31,ANTARCHILE
Otros activos financieros no corrientes,337.358,USD,2024-03-31,ANTARCHILE
Otros activos no financieros no corrientes,227.265,USD,2024-03-31,ANTARCHILE
Cuentas por cobrar no corrientes,133.344,USD,2024-03-31,ANTARCHILE
"Cuentas por cobrar a entidades relacionadas, no corrientes",4.525,USD,2024-03-31,ANTARCHILE
"Inventarios, no corrientes",-,USD,2024-03-31,ANTARCHILE
Inversiones contabilizadas utilizando el método de la participación,1.526.464,USD,2024-03-31,ANTARCHILE
Activos intangibles distintos de la plusvalía,576.661,USD,2024-03-31,ANTARCHILE
Plusvalía,400.783,USD,2024-03-31,ANTARCHILE
"Propiedades, planta y equipo",12.594.029,USD,2024-03-31,ANTARCHILE
Activos biológicos no corrientes,2.651.350,USD,2024-03-31,ANTARCHILE
Propiedad de inversión,23.762,USD,2024-03-31,ANTARCHILE
Activos por derecho de uso,1.126.908,USD,2024-03-31,ANTARCHILE
"Activos por impuestos corrientes, no corrientes",-,USD,2024-03-31,ANTARCHILE
Activos por impuestos diferidos,204.704,USD,2024-03-31,ANTARCHILE
Total de activos no corrientes,19.807.153,USD,2024-03-31,ANTARCHILE
Total de activos,28.620.066,USD,2024-03-31,ANTARCHILE
Otros pasivos financieros corrientes,1.972.216,USD,2024-03-31,ANTARCHILE
Pasivos por arrendamientos corrientes,111.332,USD,2024-03-31,ANTARCHILE
Cuentas por pagar comerciales y otras cuentas por pagar,1.908.989,USD,2024-03-31,ANTARCHILE
"Cuentas por pagar a entidades relacionadas, corrientes",7.038,USD,2024-03-31,ANTARCHILE
Otras provisiones a corto plazo,14.089,USD,2024-03-31,ANTARCHILE
"Pasivos por impuestos corrientes, corrientes",137.075,USD,2024-03-31,ANTARCHILE
Provisiones corrientes por beneficios a los empleados,13.695,USD,2024-03-31,ANTARCHILE
Otros pasivos no financieros corrientes,367.377,USD,2024-03-31,ANTARCHILE
Total de pasivos corrientes distintos de los pasivos incluidos en grupos de activos para su disposición clasificados como mantenidos para la venta,4.531.811,USD,2024-03-31,ANTARCHILE
Pasivos incluidos en grupos de activos para su disposición clasificados como mantenidos para la venta,251.030,USD,2024-03-31,ANTARCHILE
Pasivos corrientes totales,4.782.841,USD,2024-03-31,ANTARCHILE
Otros pasivos financieros no corrientes,7.550.338,USD,2024-03-31,ANTARCHILE
Pasivos por arrendamientos no corrientes,1.020.055,USD,2024-03-31,ANTARCHILE
Cuentas por pagar no corrientes,49.491,USD,2024-03-31,ANTARCHILE
"Cuentas por pagar a entidades relacionadas, no corrientes",58.573,USD,2024-03-31,ANTARCHILE
Otras provisiones a largo plazo,46.094,USD,2024-03-31,ANTARCHILE
Pasivo por impuestos diferidos,1.894.789,USD,2024-03-31,ANTARCHILE
"Pasivos por impuestos corrientes, no corrientes",-,USD,2024-03-31,ANTARCHILE
Provisiones no corrientes por beneficios a los empleados,129.595,USD,2024-03-31,ANTARCHILE
Otros pasivos no financieros no corrientes,92.485,USD,2024-03-31,ANTARCHILE
Total de pasivos no corrientes,10.841.420,USD,2024-03-31,ANTARCHILE
Total de pasivos,15.624.261,USD,2024-03-31,ANTARCHILE
Capital emitido y pagado,1.387.522,USD,2024-03-31,ANTARCHILE
Ganancias (pérdidas) acumuladas,7.952.531,USD,2024-03-31,ANTARCHILE
Prima de emisión,-858,USD,2024-03-31,ANTARCHILE
Acciones propias en cartera,14.023,USD,2024-03-31,ANTARCHILE
Otras participaciones en el patrimonio,-,USD,2024-03-31,ANTARCHILE
Otras reservas,-1.624.379,USD,2024-03-31,ANTARCHILE
Patrimonio atribuible a los propietarios de la controladora,7.700.793,USD,2024-03-31,ANTARCHILE
Participaciones no controladoras,5.295.012,USD,2024-03-31,ANTARCHILE
Patrimonio total,12.995.805,USD,2024-03-31,ANTARCHILE
Total de patrimonio y pasivos,28.620.066,USD,2024-03-31,ANTARCHILE
Efectivo y equivalentes al efectivo,1.580.206,USD,2024-06-30,ANTARCHILE
Otros activos financieros corrientes,362.840,USD,2024-06-30,ANTARCHILE
Otros activos no financieros corrientes,362.050,USD,2024-06-30,ANTARCHILE
Deudores comerciales y otras cuentas por cobrar corrientes,2.299.803,USD,2024-06-30,ANTARCHILE
"Cuentas por cobrar a entidades relacionadas, corrientes",9.922,USD,2024-06-30,ANTARCHILE
Inventarios corrientes,2.636.440,USD,2024-06-30,ANTARCHILE
Activos biológicos corrientes,387.338,USD,2024-06-30,ANTARCHILE
"Activos por impuestos corrientes, corrientes",183.594,USD,2024-06-30,ANTARCHILE
Total de activos corrientes distintos de los activo o grupos de activos para su disposición clasificados como mantenidos para la venta o como mantenidos para distribuir a los propietarios,7.822.193,USD,2024-06-30,ANTARCHILE
Activos no corrientes o grupos de activos para su disposición clasificados como mantenidos para la venta o como mantenidos para distribuir a los propietarios,818.409,USD,2024-06-30,ANTARCHILE
Activos corrientes totales,8.640.602,USD,2024-06-30,ANTARCHILE
Otros activos financieros no corrientes,348.774,USD,2024-06-30,ANTARCHILE
Otros activos no financieros no corrientes,203.947,USD,2024-06-30,ANTARCHILE
Cuentas por cobrar no corrientes,131.633,USD,2024-06-30,ANTARCHILE
"Cuentas por cobrar a entidades relacionadas, no corrientes",3.955,USD,2024-06-30,ANTARCHILE
"Inventarios, no corrientes",-,USD,2024-06-30,ANTARCHILE
Inversiones contabilizadas utilizando el método de la participación,1.621.009,USD,2024-06-30,ANTARCHILE
Activos intangibles distintos de la plusvalía,553.427,USD,2024-06-30,ANTARCHILE
Plusvalía,415.335,USD,2024-06-30,ANTARCHILE
"Propiedades, planta y equipo",12.553.730,USD,2024-06-30,ANTARCHILE
Activos biológicos no corrientes,2.589.284,USD,2024-06-30,ANTARCHILE
Propiedad de inversión,23.963,USD,2024-06-30,ANTARCHILE
Activos por derecho de uso,1.108.347,USD,2024-06-30,ANTARCHILE
"Activos por impuestos corrientes, no corrientes",-,USD,2024-06-30,ANTARCHILE
Activos por impuestos diferidos,212.765,USD,2024-06-30,ANTARCHILE
Total de activos no corrientes,19.766.169,USD,2024-06-30,ANTARCHILE
Total de activos,28.406.771,USD,2024-06-30,ANTARCHILE
Otros pasivos financieros corrientes,2.272.468,USD,2024-06-30,ANTARCHILE
Pasivos por arrendamientos corrientes,106.750,USD,2024-06-30,ANTARCHILE
Cuentas por pagar comerciales y otras cuentas por pagar,1.687.675,USD,2024-06-30,ANTARCHILE
"Cuentas por pagar a entidades relacionadas, corrientes",9.082,USD,2024-06-30,ANTARCHILE
Otras provisiones a corto plazo,14.800,USD,2024-06-30,ANTARCHILE
"Pasivos por impuestos corrientes, corrientes",83.877,USD,2024-06-30,ANTARCHILE
Provisiones corrientes por beneficios a los empleados,24.618,USD,2024-06-30,ANTARCHILE
Otros pasivos no financieros corrientes,310.843,USD,2024-06-30,ANTARCHILE
Total de pasivos corrientes distintos de los pasivos incluidos en grupos de activos para su disposición clasificados como mantenidos para la venta,4.510.113,USD,2024-06-30,ANTARCHILE
Pasivos incluidos en grupos de activos para su disposición clasificados como mantenidos para la venta,294.174,USD,2024-06-30,ANTARCHILE
Pasivos corrientes totales,4.804.287,USD,2024-06-30,ANTARCHILE
Otros pasivos financieros no corrientes,7.390.766,USD,2024-06-30,ANTARCHILE
Pasivos por arrendamientos no corrientes,1.018.232,USD,2024-06-30,ANTARCHILE
Cuentas por pagar no corrientes,44.274,USD,2024-06-30,ANTARCHILE
"Cuentas por pagar a entidades relacionadas, no corrientes",57.700,USD,2024-06-30,ANTARCHILE
Otras provisiones a largo plazo,51.637,USD,2024-06-30,ANTARCHILE
Pasivo por impuestos diferidos,1.795.978,USD,2024-06-30,ANTARCHILE
"Pasivos por impuestos corrientes, no corrientes",-,USD,2024-06-30,ANTARCHILE
Provisiones no corrientes por beneficios a los empleados,133.580,USD,2024-06-30,ANTARCHILE
Otros pasivos no financieros no corrientes,82.509,USD,2024-06-30,ANTARCHILE
Total de pasivos no corrientes,10.574.676,USD,2024-06-30,ANTARCHILE
Total de pasivos,15.378.963,USD,2024-06-30,ANTARCHILE
Capital emitido y pagado,1.386.608,USD,2024-06-30,ANTARCHILE
Ganancias (pérdidas) acumuladas,8.044.511,USD,2024-06-30,ANTARCHILE
Prima de emisión,-858,USD,2024-06-30,ANTARCHILE
Acciones propias en cartera,13.682,USD,2024-06-30,ANTARCHILE
Otras participaciones en el patrimonio,-,USD,2024-06-30,ANTARCHILE
Otras reservas,-1.702.258,USD,2024-06-30,ANTARCHILE
Patrimonio atribuible a los propietarios de la controladora,7.714.321,USD,2024-06-30,ANTARCHILE
Participaciones no controladoras,5.313.487,USD,2024-06-30,ANTARCHILE
Patrimonio total,13.027.808,USD,2024-06-30,ANTARCHILE
Total de patrimonio y pasivos,28.406.771,USD,2024-06-30,ANTARCHILE
Efectivo y equivalentes al efectivo,1.881.718,USD,2024-09-30,ANTARCHILE
Otros activos financieros corrientes,307.846,USD,2024-09-30,ANTARCHILE
Otros activos no financieros corrientes,357.602,USD,2024-09-30,ANTARCHILE
Deudores comerciales y otras cuentas por cobrar corrientes,2.302.049,USD,2024-09-30,ANTARCHILE
"Cuentas por cobrar a entidades relacionadas, corrientes",16.700,USD,2024-09-30,ANTARCHILE
Inventarios corrientes,2.665.192,USD,2024-09-30,ANTARCHILE
Activos biológicos corrientes,377.819,USD,2024-09-30,ANTARCHILE
"Activos por impuestos corrientes, corrientes",210.978,USD,2024-09-30,ANTARCHILE
Total de activos corrientes distintos de los activo o grupos de activos para su disposición clasificados como mantenidos para la venta o como mantenidos para distribuir a los propietarios,8.119.904,USD,2024-09-30,ANTARCHILE
Activos no corrientes o grupos de activos para su disposición clasificados como mantenidos para la venta o como mantenidos para distribuir a los propietarios,395.311,USD,2024-09-30,ANTARCHILE
Activos corrientes totales,8.515.215,USD,2024-09-30,ANTARCHILE
Otros activos financieros no corrientes,392.369,USD,2024-09-30,ANTARCHILE
Otros activos no financieros no corrientes,192.480,USD,2024-09-30,ANTARCHILE
Cuentas por cobrar no corrientes,121.435,USD,2024-09-30,ANTARCHILE
"Cuentas por cobrar a entidades relacionadas, no corrientes",3.673,USD,2024-09-30,ANTARCHILE
"Inventarios, no corrientes",-,USD,2024-09-30,ANTARCHILE
Inversiones contabilizadas utilizando el método de la participación,1.679.093,USD,2024-09-30,ANTARCHILE
Activos intangibles distintos de la plusvalía,552.708,USD,2024-09-30,ANTARCHILE
Plusvalía,417.816,USD,2024-09-30,ANTARCHILE
"Propiedades, planta y equipo",12.669.552,USD,2024-09-30,ANTARCHILE
Activos biológicos no corrientes,2.597.374,USD,2024-09-30,ANTARCHILE
Propiedad de inversión,25.028,USD,2024-09-30,ANTARCHILE
Activos por derecho de uso,1.168.347,USD,2024-09-30,ANTARCHILE
"Activos por impuestos corrientes, no corrientes",-,USD,2024-09-30,ANTARCHILE
Activos por impuestos diferidos,185.689,USD,2024-09-30,ANTARCHILE
Total de activos no corrientes,20.005.564,USD,2024-09-30,ANTARCHILE
Total de activos,28.520.779,USD,2024-09-30,ANTARCHILE
Otros pasivos financieros corrientes,1.137.204,USD,2024-09-30,ANTARCHILE
Pasivos por arrendamientos corrientes,102.173,USD,2024-09-30,ANTARCHILE
Cuentas por pagar comerciales y otras cuentas por pagar,1.813.615,USD,2024-09-30,ANTARCHILE
"Cuentas por pagar a entidades relacionadas, corrientes",8.388,USD,2024-09-30,ANTARCHILE
Otras provisiones a corto plazo,12.437,USD,2024-09-30,ANTARCHILE
"Pasivos por impuestos corrientes, corrientes",128.989,USD,2024-09-30,ANTARCHILE
Provisiones corrientes por beneficios a los empleados,29.360,USD,2024-09-30,ANTARCHILE
Otros pasivos no financieros corrientes,447.301,USD,2024-09-30,ANTARCHILE
Total de pasivos corrientes distintos de los pasivos incluidos en grupos de activos para su disposición clasificados como mantenidos para la venta,3.679.467,USD,2024-09-30,ANTARCHILE
Pasivos incluidos en grupos de activos para su disposición clasificados como mantenidos para la venta,217.042,USD,2024-09-30,ANTARCHILE
Pasivos corrientes totales,3.896.509,USD,2024-09-30,ANTARCHILE
Otros pasivos financieros no corrientes,7.525.132,USD,2024-09-30,ANTARCHILE
Pasivos por arrendamientos no corrientes,1.054.195,USD,2024-09-30,ANTARCHILE
Cuentas por pagar no corrientes,45.428,USD,2024-09-30,ANTARCHILE
"Cuentas por pagar a entidades relacionadas, no corrientes",58.801,USD,2024-09-30,ANTARCHILE
Otras provisiones a largo plazo,51.506,USD,2024-09-30,ANTARCHILE
Pasivo por impuestos diferidos,1.801.546,USD,2024-09-30,ANTARCHILE
"Pasivos por impuestos corrientes, no corrientes",-,USD,2024-09-30,ANTARCHILE
Provisiones no corrientes por beneficios a los empleados,142.099,USD,2024-09-30,ANTARCHILE
Otros pasivos no financieros no corrientes,82.179,USD,2024-09-30,ANTARCHILE
Total de pasivos no corrientes,10.760.886,USD,2024-09-30,ANTARCHILE
Total de pasivos,14.657.395,USD,2024-09-30,ANTARCHILE
Capital emitido y pagado,1.381.447,USD,2024-09-30,ANTARCHILE
Ganancias (pérdidas) acumuladas,8.237.104,USD,2024-09-30,ANTARCHILE
Prima de emisión,-858,USD,2024-09-30,ANTARCHILE
Acciones propias en cartera,9.303,USD,2024-09-30,ANTARCHILE
Otras participaciones en el patrimonio,-,USD,2024-09-30,ANTARCHILE
Otras reservas,-1.384.109,USD,2024-09-30,ANTARCHILE
Patrimonio atribuible a los propietarios de la controladora,8.224.281,USD,2024-09-30,ANTARCHILE
Participaciones no controladoras,5.639.103,USD,2024-09-30,ANTARCHILE
Patrimonio total,13.863.384,USD,2024-09-30,ANTARCHILE
Total de patrimonio y pasivos,28.520.779,USD,2024-09-30,ANTARCHILE
Efectivo y equivalentes al efectivo,2.089.967,USD,2024-12-31,ANTARCHILE
Otros activos financieros corrientes,275.710,USD,2024-12-31,ANTARCHILE
Otros activos no financieros corrientes,319.172,USD,2024-12-31,ANTARCHILE
Deudores comerciales y otras cuentas por cobrar corrientes,2.463.674,USD,2024-12-31,ANTARCHILE
"Cuentas por cobrar a entidades relacionadas, corrientes",16.756,USD,2024-12-31,ANTARCHILE
Inventarios corrientes,2.443.187,USD,2024-12-31,ANTARCHILE
Activos biológicos corrientes,315.500,USD,2024-12-31,ANTARCHILE
"Activos por impuestos corrientes, corrientes",184.686,USD,2024-12-31,ANTARCHILE
Total de activos corrientes distintos de los activo o grupos de activos para su disposición clasificados como mantenidos para la venta o como mantenidos para distribuir a los propietarios,8.108.652,USD,2024-12-31,ANTARCHILE
Activos no corrientes o grupos de activos para su disposición clasificados como mantenidos para la venta o como mantenidos para distribuir a los propietarios,377.176,USD,2024-12-31,ANTARCHILE
Activos corrientes totales,8.485.828,USD,2024-12-31,ANTARCHILE
Otros activos financieros no corrientes,328.735,USD,2024-12-31,ANTARCHILE
Otros activos no financieros no corrientes,191.436,USD,2024-12-31,ANTARCHILE
Cuentas por cobrar no corrientes,117.109,USD,2024-12-31,ANTARCHILE
"Cuentas por cobrar a entidades relacionadas, no corrientes",3.684,USD,2024-12-31,ANTARCHILE
"Inventarios, no corrientes",-,USD,2024-12-31,ANTARCHILE
Inversiones contabilizadas utilizando el método de la participación,1.540.478,USD,2024-12-31,ANTARCHILE
Activos intangibles distintos de la plusvalía,616.440,USD,2024-12-31,ANTARCHILE
Plusvalía,420.212,USD,2024-12-31,ANTARCHILE
"Propiedades, planta y equipo",12.851.061,USD,2024-12-31,ANTARCHILE
Activos biológicos no corrientes,2.747.894,USD,2024-12-31,ANTARCHILE
Propiedad de inversión,22.686,USD,2024-12-31,ANTARCHILE
Activos por derecho de uso,1.235.687,USD,2024-12-31,ANTARCHILE
"Activos por impuestos corrientes, no corrientes",-,USD,2024-12-31,ANTARCHILE
Activos por impuestos diferidos,188.876,USD,2024-12-31,ANTARCHILE
Total de activos no corrientes,20.264.298,USD,2024-12-31,ANTARCHILE
Total de activos,28.750.126,USD,2024-12-31,ANTARCHILE
Otros pasivos financieros corrientes,1.205.285,USD,2024-12-31,ANTARCHILE
Pasivos por arrendamientos corrientes,122.967,USD,2024-12-31,ANTARCHILE
Cuentas por pagar comerciales y otras cuentas por pagar,1.961.703,USD,2024-12-31,ANTARCHILE
"Cuentas por pagar a entidades relacionadas, corrientes",8.983,USD,2024-12-31,ANTARCHILE
Otras provisiones a corto plazo,13.889,USD,2024-12-31,ANTARCHILE
"Pasivos por impuestos corrientes, corrientes",146.344,USD,2024-12-31,ANTARCHILE
Provisiones corrientes por beneficios a los empleados,17.016,USD,2024-12-31,ANTARCHILE
Otros pasivos no financieros corrientes,288.777,USD,2024-12-31,ANTARCHILE
Total de pasivos corrientes distintos de los pasivos incluidos en grupos de activos para su disposición clasificados como mantenidos para la venta,3.764.964,USD,2024-12-31,ANTARCHILE
Pasivos incluidos en grupos de activos para su disposición clasificados como mantenidos para la venta,223.225,USD,2024-12-31,ANTARCHILE
Pasivos corrientes totales,3.988.189,USD,2024-12-31,ANTARCHILE
Otros pasivos financieros no corrientes,7.924.652,USD,2024-12-31,ANTARCHILE
Pasivos por arrendamientos no corrientes,1.085.573,USD,2024-12-31,ANTARCHILE
Cuentas por pagar no corrientes,38.061,USD,2024-12-31,ANTARCHILE
"Cuentas por pagar a entidades relacionadas, no corrientes",56.099,USD,2024-12-31,ANTARCHILE
Otras provisiones a largo plazo,54.792,USD,2024-12-31,ANTARCHILE
Pasivo por impuestos diferidos,1.805.942,USD,2024-12-31,ANTARCHILE
"Pasivos por impuestos corrientes, no corrientes",-,USD,2024-12-31,ANTARCHILE
Provisiones no corrientes por beneficios a los empleados,135.413,USD,2024-12-31,ANTARCHILE
Otros pasivos no financieros no corrientes,69.210,USD,2024-12-31,ANTARCHILE
Total de pasivos no corrientes,11.169.742,USD,2024-12-31,ANTARCHILE
Total de pasivos,15.157.931,USD,2024-12-31,ANTARCHILE
Capital emitido y pagado,1.379.738,USD,2024-12-31,ANTARCHILE
Ganancias (pérdidas) acumuladas,8.309.354,USD,2024-12-31,ANTARCHILE
Prima de emisión,-858,USD,2024-12-31,ANTARCHILE
Acciones propias en cartera,8.010,USD,2024-12-31,ANTARCHILE
Otras participaciones en el patrimonio,-,USD,2024-12-31,ANTARCHILE
Otras reservas,-1.623.827,USD,2024-12-31,ANTARCHILE
Patrimonio atribuible a los propietarios de la controladora,8.056.397,USD,2024-12-31,ANTARCHILE
Participaciones no controladoras,5.535.798,USD,2024-12-31,ANTARCHILE
Patrimonio total,13.592.195,USD,2024-12-31,ANTARCHILE
Total de patrimonio y pasivos,28.750.126,USD,2024-12-31,ANTARCHILE
Efectivo y equivalentes al efectivo,2.061.185,USD,2025-03-31,ANTARCHILE
Otros activos financieros corrientes,277.588,USD,2025-03-31,ANTARCHILE
Otros activos no financieros corrientes,379.977,USD,2025-03-31,ANTARCHILE
Deudores comerciales y otras cuentas por cobrar corrientes,2.549.169,USD,2025-03-31,ANTARCHILE
"Cuentas por cobrar a entidades relacionadas, corrientes",8.087,USD,2025-03-31,ANTARCHILE
Inventarios corrientes,2.586.072,USD,2025-03-31,ANTARCHILE
Activos biológicos corrientes,315.795,USD,2025-03-31,ANTARCHILE
"Activos por impuestos corrientes, corrientes",188.857,USD,2025-03-31,ANTARCHILE
Total de activos corrientes distintos de los activo o grupos de activos para su disposición clasificados como mantenidos para la venta o como mantenidos para distribuir a los propietarios,8.366.730,USD,2025-03-31,ANTARCHILE
Activos no corrientes o grupos de activos para su disposición clasificados como mantenidos para la venta o como mantenidos para distribuir a los propietarios,393.604,USD,2025-03-31,ANTARCHILE
Activos corrientes totales,8.760.334,USD,2025-03-31,ANTARCHILE
Otros activos financieros no corrientes,461.873,USD,2025-03-31,ANTARCHILE
Otros activos no financieros no corrientes,226.626,USD,2025-03-31,ANTARCHILE
Cuentas por cobrar no corrientes,139.819,USD,2025-03-31,ANTARCHILE
"Cuentas por cobrar a entidades relacionadas, no corrientes",3.688,USD,2025-03-31,ANTARCHILE
"Inventarios, no corrientes",-,USD,2025-03-31,ANTARCHILE
Inversiones contabilizadas utilizando el método de la participación,1.619.833,USD,2025-03-31,ANTARCHILE
Activos intangibles distintos de la plusvalía,634.705,USD,2025-03-31,ANTARCHILE
Plusvalía,433.307,USD,2025-03-31,ANTARCHILE
"Propiedades, planta y equipo",13.124.806,USD,2025-03-31,ANTARCHILE
Activos biológicos no corrientes,2.774.854,USD,2025-03-31,ANTARCHILE
Propiedad de inversión,22.895,USD,2025-03-31,ANTARCHILE
Activos por derecho de uso,1.284.914,USD,2025-03-31,ANTARCHILE
"Activos por impuestos corrientes, no corrientes",-,USD,2025-03-31,ANTARCHILE
Activos por impuestos diferidos,208.441,USD,2025-03-31,ANTARCHILE
Total de activos no corrientes,20.935.761,USD,2025-03-31,ANTARCHILE
Total de activos,29.696.095,USD,2025-03-31,ANTARCHILE
Otros pasivos financieros corrientes,1.346.981,USD,2025-03-31,ANTARCHILE
Pasivos por arrendamientos corrientes,132.350,USD,2025-03-31,ANTARCHILE
Cuentas por pagar comerciales y otras cuentas por pagar,2.006.055,USD,2025-03-31,ANTARCHILE
"Cuentas por pagar a entidades relacionadas, corrientes",4.202,USD,2025-03-31,ANTARCHILE
Otras provisiones a corto plazo,13.377,USD,2025-03-31,ANTARCHILE
"Pasivos por impuestos corrientes, corrientes",170.160,USD,2025-03-31,ANTARCHILE
Provisiones corrientes por beneficios a los empleados,16.643,USD,2025-03-31,ANTARCHILE
Otros pasivos no financieros corrientes,369.093,USD,2025-03-31,ANTARCHILE
Total de pasivos corrientes distintos de los pasivos incluidos en grupos de activos para su disposición clasificados como mantenidos para la venta,4.058.861,USD,2025-03-31,ANTARCHILE
Pasivos incluidos en grupos de activos para su disposición clasificados como mantenidos para la venta,226.729,USD,2025-03-31,ANTARCHILE
Pasivos corrientes totales,4.285.590,USD,2025-03-31,ANTARCHILE
Otros pasivos financieros no corrientes,8.018.474,USD,2025-03-31,ANTARCHILE
Pasivos por arrendamientos no corrientes,1.174.318,USD,2025-03-31,ANTARCHILE
Cuentas por pagar no corrientes,38.016,USD,2025-03-31,ANTARCHILE
"Cuentas por pagar a entidades relacionadas, no corrientes",57.020,USD,2025-03-31,ANTARCHILE
Otras provisiones a largo plazo,52.869,USD,2025-03-31,ANTARCHILE
Pasivo por impuestos diferidos,1.837.390,USD,2025-03-31,ANTARCHILE
"Pasivos por impuestos corrientes, no corrientes",-,USD,2025-03-31,ANTARCHILE
Provisiones no corrientes por beneficios a los empleados,136.607,USD,2025-03-31,ANTARCHILE
Otros pasivos no financieros no corrientes,72.598,USD,2025-03-31,ANTARCHILE
Total de pasivos no corrientes,11.387.292,USD,2025-03-31,ANTARCHILE
Total de pasivos,15.672.882,USD,2025-03-31,ANTARCHILE
Capital emitido y pagado,1.375.848,USD,2025-03-31,ANTARCHILE
Ganancias (pérdidas) acumuladas,8.393.171,USD,2025-03-31,ANTARCHILE
Prima de emisión,-858,USD,2025-03-31,ANTARCHILE
Acciones propias en cartera,4.539,USD,2025-03-31,ANTARCHILE
Otras participaciones en el patrimonio,-,USD,2025-03-31,ANTARCHILE
Otras reservas,-1.442.531,USD,2025-03-31,ANTARCHILE
Patrimonio atribuible a los propietarios de la controladora,8.321.091,USD,2025-03-31,ANTARCHILE
Participaciones no controladoras,5.702.122,USD,2025-03-31,ANTARCHILE
Patrimonio total,14.023.213,USD,2025-03-31,ANTARCHILE
Total de patrimonio y pasivos,29.696.095,USD,2025-03-31,ANTARCHILE
Efectivo y equivalentes al efectivo,2.407.910,USD,2025-06-30,ANTARCHILE
Otros activos financieros corrientes,387.131,USD,2025-06-30,ANTARCHILE
Otros activos no financieros corrientes,352.542,USD,2025-06-30,ANTARCHILE
Deudores comerciales y otras cuentas por cobrar corrientes,2.366.676,USD,2025-06-30,ANTARCHILE
"Cuentas por cobrar a entidades relacionadas, corrientes",5.940,USD,2025-06-30,ANTARCHILE
Inventarios corrientes,2.740.391,USD,2025-06-30,ANTARCHILE
Activos biológicos corrientes,310.301,USD,2025-06-30,ANTARCHILE
"Activos por impuestos corrientes, corrientes",164.807,USD,2025-06-30,ANTARCHILE
Total de activos corrientes distintos de los activo o grupos de activos para su disposición clasificados como mantenidos para la venta o como mantenidos para distribuir a los propietarios,8.735.698,USD,2025-06-30,ANTARCHILE
Activos no corrientes o grupos de activos para su disposición clasificados como mantenidos para la venta o como mantenidos para distribuir a los propietarios,350.622,USD,2025-06-30,ANTARCHILE
Activos corrientes totales,9.086.320,USD,2025-06-30,ANTARCHILE
Otros activos financieros no corrientes,646.369,USD,2025-06-30,ANTARCHILE
Otros activos no financieros no corrientes,329.987,USD,2025-06-30,ANTARCHILE
Cuentas por cobrar no corrientes,174.795,USD,2025-06-30,ANTARCHILE
"Cuentas por cobrar a entidades relacionadas, no corrientes",3.741,USD,2025-06-30,ANTARCHILE
"Inventarios, no corrientes",-,USD,2025-06-30,ANTARCHILE
Inversiones contabilizadas utilizando el método de la participación,1.638.762,USD,2025-06-30,ANTARCHILE
Activos intangibles distintos de la plusvalía,634.128,USD,2025-06-30,ANTARCHILE
Plusvalía,453.937,USD,2025-06-30,ANTARCHILE
"Propiedades, planta y equipo",13.542.994,USD,2025-06-30,ANTARCHILE
Activos biológicos no corrientes,2.784.048,USD,2025-06-30,ANTARCHILE
Propiedad de inversión,22.641,USD,2025-06-30,ANTARCHILE
Activos por derecho de uso,1.344.533,USD,2025-06-30,ANTARCHILE
"Activos por impuestos corrientes, no corrientes",-,USD,2025-06-30,ANTARCHILE
Activos por impuestos diferidos,215.941,USD,2025-06-30,ANTARCHILE
Total de activos no corrientes,21.791.876,USD,2025-06-30,ANTARCHILE
Total de activos,30.878.196,USD,2025-06-30,ANTARCHILE
Otros pasivos financieros corrientes,1.362.767,USD,2025-06-30,ANTARCHILE
Pasivos por arrendamientos corrientes,126.281,USD,2025-06-30,ANTARCHILE
Cuentas por pagar comerciales y otras cuentas por pagar,2.100.216,USD,2025-06-30,ANTARCHILE
"Cuentas por pagar a entidades relacionadas, corrientes",8.020,USD,2025-06-30,ANTARCHILE
Otras provisiones a corto plazo,13.226,USD,2025-06-30,ANTARCHILE
"Pasivos por impuestos corrientes, corrientes",99.948,USD,2025-06-30,ANTARCHILE
Provisiones corrientes por beneficios a los empleados,17.461,USD,2025-06-30,ANTARCHILE
Otros pasivos no financieros corrientes,213.559,USD,2025-06-30,ANTARCHILE
Total de pasivos corrientes distintos de los pasivos incluidos en grupos de activos para su disposición clasificados como mantenidos para la venta,3.941.478,USD,2025-06-30,ANTARCHILE
Pasivos incluidos en grupos de activos para su disposición clasificados como mantenidos para la venta,197.323,USD,2025-06-30,ANTARCHILE
Pasivos corrientes totales,4.138.801,USD,2025-06-30,ANTARCHILE
Otros pasivos financieros no corrientes,8.623.130,USD,2025-06-30,ANTARCHILE
Pasivos por arrendamientos no corrientes,1.270.536,USD,2025-06-30,ANTARCHILE
Cuentas por pagar no corrientes,79.362,USD,2025-06-30,ANTARCHILE
"Cuentas por pagar a entidades relacionadas, no corrientes",58.055,USD,2025-06-30,ANTARCHILE
Otras provisiones a largo plazo,52.226,USD,2025-06-30,ANTARCHILE
Pasivo por impuestos diferidos,1.885.993,USD,2025-06-30,ANTARCHILE
"Pasivos por impuestos corrientes, no corrientes",-,USD,2025-06-30,ANTARCHILE
Provisiones no corrientes por beneficios a los empleados,141.565,USD,2025-06-30,ANTARCHILE
Otros pasivos no financieros no corrientes,77.100,USD,2025-06-30,ANTARCHILE
Total de pasivos no corrientes,12.187.967,USD,2025-06-30,ANTARCHILE
Total de pasivos,16.326.768,USD,2025-06-30,ANTARCHILE
Capital emitido y pagado,1.375.429,USD,2025-06-30,ANTARCHILE
Ganancias (pérdidas) acumuladas,8.484.966,USD,2025-06-30,ANTARCHILE
Prima de emisión,-858,USD,2025-06-30,ANTARCHILE
Acciones propias en cartera,4.810,USD,2025-06-30,ANTARCHILE
Otras participaciones en el patrimonio,-,USD,2025-06-30,ANTARCHILE
Otras reservas,-1.215.113,USD,2025-06-30,ANTARCHILE
Patrimonio atribuible a los propietarios de la controladora,8.639.614,USD,2025-06-30,ANTARCHILE
Participaciones no controladoras,5.911.814,USD,2025-06-30,ANTARCHILE
Patrimonio total,14.551.428,USD,2025-06-30,ANTARCHILE
Total de patrimonio y pasivos,30.878.196,USD,2025-06-30,ANTARCHILE
Efectivo y equivalentes al efectivo,22.749,USD,2017-03-31,ORO_BLANCO
Otros activos financieros corrientes,38.889,USD,2017-03-31,ORO_BLANCO
Otros activos no financieros corrientes,-,USD,2017-03-31,ORO_BLANCO
Deudores comerciales y otras cuentas por cobrar corrientes,-,USD,2017-03-31,ORO_BLANCO
"Cuentas por cobrar a entidades relacionadas, corrientes",335.718,USD,2017-03-31,ORO_BLANCO
Inventarios corrientes,-,USD,2017-03-31,ORO_BLANCO
Activos biológicos corrientes,-,USD,2017-03-31,ORO_BLANCO
"Activos por impuestos corrientes, corrientes",23.930,USD,2017-03-31,ORO_BLANCO
Total de activos corrientes distintos de los activo o grupos de activos para su disposición clasificados como mantenidos para la venta o como mantenidos para distribuir a los propietarios,421.286,USD,2017-03-31,ORO_BLANCO
Activos no corrientes o grupos de activos para su disposición clasificados como mantenidos para la venta o como mantenidos para distribuir a los propietarios,-,USD,2017-03-31,ORO_BLANCO
Activos corrientes totales,421.286,USD,2017-03-31,ORO_BLANCO
Otros activos financieros no corrientes,-,USD,2017-03-31,ORO_BLANCO
Otros activos no financieros no corrientes,-,USD,2017-03-31,ORO_BLANCO
Cuentas por cobrar no corrientes,-,USD,2017-03-31,ORO_BLANCO
"Cuentas por cobrar a entidades relacionadas, no corrientes",-,USD,2017-03-31,ORO_BLANCO
"Inventarios, no corrientes",-,USD,2017-03-31,ORO_BLANCO
Inversiones contabilizadas utilizando el método de la participación,985.849,USD,2017-03-31,ORO_BLANCO
Activos intangibles distintos de la plusvalía,-,USD,2017-03-31,ORO_BLANCO
Plusvalía,486.669,USD,2017-03-31,ORO_BLANCO
"Propiedades, planta y equipo",1,USD,2017-03-31,ORO_BLANCO
Activos biológicos no corrientes,-,USD,2017-03-31,ORO_BLANCO
Propiedad de inversión,-,USD,2017-03-31,ORO_BLANCO
"Activos por impuestos corrientes, no corrientes",-,USD,2017-03-31,ORO_BLANCO
Activos por impuestos diferidos,2.607,USD,2017-03-31,ORO_BLANCO
Total de activos no corrientes,1.475.126,USD,2017-03-31,ORO_BLANCO
Total de activos,1.896.412,USD,2017-03-31,ORO_BLANCO
Otros pasivos financieros corrientes,60.306,USD,2017-03-31,ORO_BLANCO
Cuentas por pagar comerciales y otras cuentas por pagar,1.353,USD,2017-03-31,ORO_BLANCO
"Cuentas por pagar a entidades relacionadas, corrientes",-,USD,2017-03-31,ORO_BLANCO
Otras provisiones a corto plazo,-,USD,2017-03-31,ORO_BLANCO
"Pasivos por impuestos corrientes, corrientes",586,USD,2017-03-31,ORO_BLANCO
Provisiones corrientes por beneficios a los empleados,-,USD,2017-03-31,ORO_BLANCO
Otros pasivos no financieros corrientes,9.408,USD,2017-03-31,ORO_BLANCO
Total de pasivos corrientes distintos de los pasivos incluidos en grupos de activos para su disposición clasificados como mantenidos para la venta,71.653,USD,2017-03-31,ORO_BLANCO
Pasivos incluidos en grupos de activos para su disposición clasificados como mantenidos para la venta,-,USD,2017-03-31,ORO_BLANCO
Pasivos corrientes totales,71.653,USD,2017-03-31,ORO_BLANCO
Otros pasivos financieros no corrientes,478.325,USD,2017-03-31,ORO_BLANCO
Cuentas por pagar no corrientes,-,USD,2017-03-31,ORO_BLANCO
"Cuentas por pagar a entidades relacionadas, no corrientes",-,USD,2017-03-31,ORO_BLANCO
Otras provisiones a largo plazo,-,USD,2017-03-31,ORO_BLANCO
Pasivo por impuestos diferidos,1.828,USD,2017-03-31,ORO_BLANCO
"Pasivos por impuestos corrientes, no corrientes",-,USD,2017-03-31,ORO_BLANCO
Provisiones no corrientes por beneficios a los empleados,-,USD,2017-03-31,ORO_BLANCO
Otros pasivos no financieros no corrientes,-,USD,2017-03-31,ORO_BLANCO
Total de pasivos no corrientes,480.153,USD,2017-03-31,ORO_BLANCO
Total de pasivos,551.806,USD,2017-03-31,ORO_BLANCO
Capital emitido,775.504,USD,2017-03-31,ORO_BLANCO
Ganancias (pérdidas) acumuladas,464.299,USD,2017-03-31,ORO_BLANCO
Prima de emisión,83.212,USD,2017-03-31,ORO_BLANCO
Acciones propias en cartera,-,USD,2017-03-31,ORO_BLANCO
Otras participaciones en el patrimonio,851,USD,2017-03-31,ORO_BLANCO
Otras reservas,-96.645,USD,2017-03-31,ORO_BLANCO
Patrimonio atribuible a los propietarios de la controladora,1.227.221,USD,2017-03-31,ORO_BLANCO
Participaciones no controladoras,117.385,USD,2017-03-31,ORO_BLANCO
Patrimonio total,1.344.606,USD,2017-03-31,ORO_BLANCO
Total de patrimonio y pasivos,1.896.412,USD,2017-03-31,ORO_BLANCO
Efectivo y equivalentes al efectivo,50.598,USD,2017-06-30,ORO_BLANCO
Otros activos financieros corrientes,26.123,USD,2017-06-30,ORO_BLANCO
Otros activos no financieros corrientes,-,USD,2017-06-30,ORO_BLANCO
Deudores comerciales y otras cuentas por cobrar corrientes,-,USD,2017-06-30,ORO_BLANCO
"Cuentas por cobrar a entidades relacionadas, corrientes",330.349,USD,2017-06-30,ORO_BLANCO
Inventarios corrientes,-,USD,2017-06-30,ORO_BLANCO
Activos biológicos corrientes,-,USD,2017-06-30,ORO_BLANCO
"Activos por impuestos corrientes, corrientes",25.907,USD,2017-06-30,ORO_BLANCO
Total de activos corrientes distintos de los activo o grupos de activos para su disposición clasificados como mantenidos para la venta o como mantenidos para distribuir a los propietarios,432.977,USD,2017-06-30,ORO_BLANCO
Activos no corrientes o grupos de activos para su disposición clasificados como mantenidos para la venta o como mantenidos para distribuir a los propietarios,-,USD,2017-06-30,ORO_BLANCO
Activos corrientes totales,432.977,USD,2017-06-30,ORO_BLANCO
Otros activos financieros no corrientes,-,USD,2017-06-30,ORO_BLANCO
Otros activos no financieros no corrientes,-,USD,2017-06-30,ORO_BLANCO
Cuentas por cobrar no corrientes,-,USD,2017-06-30,ORO_BLANCO
"Cuentas por cobrar a entidades relacionadas, no corrientes",-,USD,2017-06-30,ORO_BLANCO
"Inventarios, no corrientes",-,USD,2017-06-30,ORO_BLANCO
Inversiones contabilizadas utilizando el método de la participación,984.480,USD,2017-06-30,ORO_BLANCO
Activos intangibles distintos de la plusvalía,-,USD,2017-06-30,ORO_BLANCO
Plusvalía,486.669,USD,2017-06-30,ORO_BLANCO
"Propiedades, planta y equipo",-,USD,2017-06-30,ORO_BLANCO
Activos biológicos no corrientes,-,USD,2017-06-30,ORO_BLANCO
Propiedad de inversión,-,USD,2017-06-30,ORO_BLANCO
"Activos por impuestos corrientes, no corrientes",-,USD,2017-06-30,ORO_BLANCO
Activos por impuestos diferidos,2.716,USD,2017-06-30,ORO_BLANCO
Total de activos no corrientes,1.473.865,USD,2017-06-30,ORO_BLANCO
Total de activos,1.906.842,USD,2017-06-30,ORO_BLANCO
Otros pasivos financieros corrientes,66.498,USD,2017-06-30,ORO_BLANCO
Cuentas por pagar comerciales y otras cuentas por pagar,244,USD,2017-06-30,ORO_BLANCO
"Cuentas por pagar a entidades relacionadas, corrientes",-,USD,2017-06-30,ORO_BLANCO
Otras provisiones a corto plazo,-,USD,2017-06-30,ORO_BLANCO
"Pasivos por impuestos corrientes, corrientes",518,USD,2017-06-30,ORO_BLANCO
Provisiones corrientes por beneficios a los empleados,-,USD,2017-06-30,ORO_BLANCO
Otros pasivos no financieros corrientes,6.132,USD,2017-06-30,ORO_BLANCO
Total de pasivos corrientes distintos de los pasivos incluidos en grupos de activos para su disposición clasificados como mantenidos para la venta,73.392,USD,2017-06-30,ORO_BLANCO
Pasivos incluidos en grupos de activos para su disposición clasificados como mantenidos para la venta,-,USD,2017-06-30,ORO_BLANCO
Pasivos corrientes totales,73.392,USD,2017-06-30,ORO_BLANCO
Otros pasivos financieros no corrientes,478.480,USD,2017-06-30,ORO_BLANCO
Cuentas por pagar no corrientes,-,USD,2017-06-30,ORO_BLANCO
"Cuentas por pagar a entidades relacionadas, no corrientes",-,USD,2017-06-30,ORO_BLANCO
Otras provisiones a largo plazo,-,USD,2017-06-30,ORO_BLANCO
Pasivo por impuestos diferidos,1.698,USD,2017-06-30,ORO_BLANCO
"Pasivos por impuestos corrientes, no corrientes",-,USD,2017-06-30,ORO_BLANCO
Provisiones no corrientes por beneficios a los empleados,53,USD,2017-06-30,ORO_BLANCO
Otros pasivos no financieros no corrientes,-,USD,2017-06-30,ORO_BLANCO
Total de pasivos no corrientes,480.231,USD,2017-06-30,ORO_BLANCO
Total de pasivos,553.623,USD,2017-06-30,ORO_BLANCO
Capital emitido,775.504,USD,2017-06-30,ORO_BLANCO
Ganancias (pérdidas) acumuladas,475.594,USD,2017-06-30,ORO_BLANCO
Prima de emisión,83.212,USD,2017-06-30,ORO_BLANCO
Acciones propias en cartera,-,USD,2017-06-30,ORO_BLANCO
Otras participaciones en el patrimonio,851,USD,2017-06-30,ORO_BLANCO
Otras reservas,-100.579,USD,2017-06-30,ORO_BLANCO
Patrimonio atribuible a los propietarios de la controladora,1.234.582,USD,2017-06-30,ORO_BLANCO
Participaciones no controladoras,118.637,USD,2017-06-30,ORO_BLANCO
Patrimonio total,1.353.219,USD,2017-06-30,ORO_BLANCO
Total de patrimonio y pasivos,1.906.842,USD,2017-06-30,ORO_BLANCO
Efectivo y equivalentes al efectivo,43.491,USD,2017-09-30,ORO_BLANCO
Otros activos financieros corrientes,36.350,USD,2017-09-30,ORO_BLANCO
Otros activos no financieros corrientes,-,USD,2017-09-30,ORO_BLANCO
Deudores comerciales y otras cuentas por cobrar corrientes,-,USD,2017-09-30,ORO_BLANCO
"Cuentas por cobrar a entidades relacionadas, corrientes",373.026,USD,2017-09-30,ORO_BLANCO
Inventarios corrientes,-,USD,2017-09-30,ORO_BLANCO
Activos biológicos corrientes,-,USD,2017-09-30,ORO_BLANCO
"Activos por impuestos corrientes, corrientes",27.549,USD,2017-09-30,ORO_BLANCO
Total de activos corrientes distintos de los activo o grupos de activos para su disposición clasificados como mantenidos para la venta o como mantenidos para distribuir a los propietarios,480.416,USD,2017-09-30,ORO_BLANCO
Activos no corrientes o grupos de activos para su disposición clasificados como mantenidos para la venta o como mantenidos para distribuir a los propietarios,-,USD,2017-09-30,ORO_BLANCO
Activos corrientes totales,480.416,USD,2017-09-30,ORO_BLANCO
Otros activos financieros no corrientes,-,USD,2017-09-30,ORO_BLANCO
Otros activos no financieros no corrientes,-,USD,2017-09-30,ORO_BLANCO
Cuentas por cobrar no corrientes,-,USD,2017-09-30,ORO_BLANCO
"Cuentas por cobrar a entidades relacionadas, no corrientes",-,USD,2017-09-30,ORO_BLANCO
"Inventarios, no corrientes",-,USD,2017-09-30,ORO_BLANCO
Inversiones contabilizadas utilizando el método de la participación,985.228,USD,2017-09-30,ORO_BLANCO
Activos intangibles distintos de la plusvalía,-,USD,2017-09-30,ORO_BLANCO
Plusvalía,486.669,USD,2017-09-30,ORO_BLANCO
"Propiedades, planta y equipo",-,USD,2017-09-30,ORO_BLANCO
Activos biológicos no corrientes,-,USD,2017-09-30,ORO_BLANCO
Propiedad de inversión,-,USD,2017-09-30,ORO_BLANCO
"Activos por impuestos corrientes, no corrientes",-,USD,2017-09-30,ORO_BLANCO
Activos por impuestos diferidos,2.415,USD,2017-09-30,ORO_BLANCO
Total de activos no corrientes,1.474.312,USD,2017-09-30,ORO_BLANCO
Total de activos,1.954.728,USD,2017-09-30,ORO_BLANCO
Otros pasivos financieros corrientes,53.229,USD,2017-09-30,ORO_BLANCO
Cuentas por pagar comerciales y otras cuentas por pagar,154,USD,2017-09-30,ORO_BLANCO
"Cuentas por pagar a entidades relacionadas, corrientes",-,USD,2017-09-30,ORO_BLANCO
Otras provisiones a corto plazo,-,USD,2017-09-30,ORO_BLANCO
"Pasivos por impuestos corrientes, corrientes",644,USD,2017-09-30,ORO_BLANCO
Provisiones corrientes por beneficios a los empleados,-,USD,2017-09-30,ORO_BLANCO
Otros pasivos no financieros corrientes,5.529,USD,2017-09-30,ORO_BLANCO
Total de pasivos corrientes distintos de los pasivos incluidos en grupos de activos para su disposición clasificados como mantenidos para la venta,59.556,USD,2017-09-30,ORO_BLANCO
Pasivos incluidos en grupos de activos para su disposición clasificados como mantenidos para la venta,-,USD,2017-09-30,ORO_BLANCO
Pasivos corrientes totales,59.556,USD,2017-09-30,ORO_BLANCO
Otros pasivos financieros no corrientes,526.623,USD,2017-09-30,ORO_BLANCO
Cuentas por pagar no corrientes,-,USD,2017-09-30,ORO_BLANCO
"Cuentas por pagar a entidades relacionadas, no corrientes",-,USD,2017-09-30,ORO_BLANCO
Otras provisiones a largo plazo,-,USD,2017-09-30,ORO_BLANCO
Pasivo por impuestos diferidos,1.629,USD,2017-09-30,ORO_BLANCO
"Pasivos por impuestos corrientes, no corrientes",-,USD,2017-09-30,ORO_BLANCO
Provisiones no corrientes por beneficios a los empleados,76,USD,2017-09-30,ORO_BLANCO
Otros pasivos no financieros no corrientes,-,USD,2017-09-30,ORO_BLANCO
Total de pasivos no corrientes,528.328,USD,2017-09-30,ORO_BLANCO
Total de pasivos,587.884,USD,2017-09-30,ORO_BLANCO
Capital emitido,775.504,USD,2017-09-30,ORO_BLANCO
Ganancias (pérdidas) acumuladas,485.940,USD,2017-09-30,ORO_BLANCO
Prima de emisión,83.212,USD,2017-09-30,ORO_BLANCO
Acciones propias en cartera,-,USD,2017-09-30,ORO_BLANCO
Otras participaciones en el patrimonio,851,USD,2017-09-30,ORO_BLANCO
Otras reservas,-99.096,USD,2017-09-30,ORO_BLANCO
Patrimonio atribuible a los propietarios de la controladora,1.246.411,USD,2017-09-30,ORO_BLANCO
Participaciones no controladoras,120.433,USD,2017-09-30,ORO_BLANCO
Patrimonio total,1.366.844,USD,2017-09-30,ORO_BLANCO
Total de patrimonio y pasivos,1.954.728,USD,2017-09-30,ORO_BLANCO
Efectivo y equivalentes al efectivo,58.882,USD,2017-12-31,ORO_BLANCO
Otros activos financieros corrientes,33.314,USD,2017-12-31,ORO_BLANCO
Otros activos no financieros corrientes,-,USD,2017-12-31,ORO_BLANCO
Deudores comerciales y otras cuentas por cobrar corrientes,-,USD,2017-12-31,ORO_BLANCO
"Cuentas por cobrar a entidades relacionadas, corrientes",375.964,USD,2017-12-31,ORO_BLANCO
Inventarios corrientes,-,USD,2017-12-31,ORO_BLANCO
Activos biológicos corrientes,-,USD,2017-12-31,ORO_BLANCO
"Activos por impuestos corrientes, corrientes",28.332,USD,2017-12-31,ORO_BLANCO
Total de activos corrientes distintos de los activo o grupos de activos para su disposición clasificados como mantenidos para la venta o como mantenidos para distribuir a los propietarios,496.492,USD,2017-12-31,ORO_BLANCO
Activos no corrientes o grupos de activos para su disposición clasificados como mantenidos para la venta o como mantenidos para distribuir a los propietarios,-,USD,2017-12-31,ORO_BLANCO
Activos corrientes totales,496.492,USD,2017-12-31,ORO_BLANCO
Otros activos financieros no corrientes,-,USD,2017-12-31,ORO_BLANCO
Otros activos no financieros no corrientes,-,USD,2017-12-31,ORO_BLANCO
Cuentas por cobrar no corrientes,-,USD,2017-12-31,ORO_BLANCO
"Cuentas por cobrar a entidades relacionadas, no corrientes",-,USD,2017-12-31,ORO_BLANCO
"Inventarios, no corrientes",-,USD,2017-12-31,ORO_BLANCO
Inversiones contabilizadas utilizando el método de la participación,984.194,USD,2017-12-31,ORO_BLANCO
Activos intangibles distintos de la plusvalía,-,USD,2017-12-31,ORO_BLANCO
Plusvalía,486.669,USD,2017-12-31,ORO_BLANCO
"Propiedades, planta y equipo",-,USD,2017-12-31,ORO_BLANCO
Activos biológicos no corrientes,-,USD,2017-12-31,ORO_BLANCO
Propiedad de inversión,-,USD,2017-12-31,ORO_BLANCO
"Activos por impuestos corrientes, no corrientes",-,USD,2017-12-31,ORO_BLANCO
Activos por impuestos diferidos,942,USD,2017-12-31,ORO_BLANCO
Total de activos no corrientes,1.471.805,USD,2017-12-31,ORO_BLANCO
Total de activos,1.968.297,USD,2017-12-31,ORO_BLANCO
Otros pasivos financieros corrientes,58.727,USD,2017-12-31,ORO_BLANCO
Cuentas por pagar comerciales y otras cuentas por pagar,203,USD,2017-12-31,ORO_BLANCO
"Cuentas por pagar a entidades relacionadas, corrientes",-,USD,2017-12-31,ORO_BLANCO
Otras provisiones a corto plazo,-,USD,2017-12-31,ORO_BLANCO
"Pasivos por impuestos corrientes, corrientes",766,USD,2017-12-31,ORO_BLANCO
Provisiones corrientes por beneficios a los empleados,-,USD,2017-12-31,ORO_BLANCO
Otros pasivos no financieros corrientes,5.355,USD,2017-12-31,ORO_BLANCO
Total de pasivos corrientes distintos de los pasivos incluidos en grupos de activos para su disposición clasificados como mantenidos para la venta,65.051,USD,2017-12-31,ORO_BLANCO
Pasivos incluidos en grupos de activos para su disposición clasificados como mantenidos para la venta,-,USD,2017-12-31,ORO_BLANCO
Pasivos corrientes totales,65.051,USD,2017-12-31,ORO_BLANCO
Otros pasivos financieros no corrientes,519.826,USD,2017-12-31,ORO_BLANCO
Cuentas por pagar no corrientes,-,USD,2017-12-31,ORO_BLANCO
"Cuentas por pagar a entidades relacionadas, no corrientes",-,USD,2017-12-31,ORO_BLANCO
Otras provisiones a largo plazo,-,USD,2017-12-31,ORO_BLANCO
Pasivo por impuestos diferidos,1.555,USD,2017-12-31,ORO_BLANCO
"Pasivos por impuestos corrientes, no corrientes",-,USD,2017-12-31,ORO_BLANCO
Provisiones no corrientes por beneficios a los empleados,104,USD,2017-12-31,ORO_BLANCO
Otros pasivos no financieros no corrientes,-,USD,2017-12-31,ORO_BLANCO
Total de pasivos no corrientes,521.485,USD,2017-12-31,ORO_BLANCO
Total de pasivos,586.536,USD,2017-12-31,ORO_BLANCO
Capital emitido,775.504,USD,2017-12-31,ORO_BLANCO
Ganancias (pérdidas) acumuladas,496.393,USD,2017-12-31,ORO_BLANCO
Prima de emisión,83.212,USD,2017-12-31,ORO_BLANCO
Acciones propias en cartera,-,USD,2017-12-31,ORO_BLANCO
Otras participaciones en el patrimonio,851,USD,2017-12-31,ORO_BLANCO
Otras reservas,-96.412,USD,2017-12-31,ORO_BLANCO
Patrimonio atribuible a los propietarios de la controladora,1.259.548,USD,2017-12-31,ORO_BLANCO
Participaciones no controladoras,122.213,USD,2017-12-31,ORO_BLANCO
Patrimonio total,1.381.761,USD,2017-12-31,ORO_BLANCO
Total de patrimonio y pasivos,1.968.297,USD,2017-12-31,ORO_BLANCO
Efectivo y equivalentes al efectivo,7.960,USD,2018-03-31,ORO_BLANCO
Otros activos financieros corrientes,54.986,USD,2018-03-31,ORO_BLANCO
Otros activos no financieros corrientes,-,USD,2018-03-31,ORO_BLANCO
Deudores comerciales y otras cuentas por cobrar corrientes,-,USD,2018-03-31,ORO_BLANCO
"Cuentas por cobrar a entidades relacionadas, corrientes",391.285,USD,2018-03-31,ORO_BLANCO
Inventarios corrientes,-,USD,2018-03-31,ORO_BLANCO
Activos biológicos corrientes,-,USD,2018-03-31,ORO_BLANCO
"Activos por impuestos corrientes, corrientes",28.332,USD,2018-03-31,ORO_BLANCO
Total de activos corrientes distintos de los activo o grupos de activos para su disposición clasificados como mantenidos para la venta o como mantenidos para distribuir a los propietarios,482.563,USD,2018-03-31,ORO_BLANCO
Activos no corrientes o grupos de activos para su disposición clasificados como mantenidos para la venta o como mantenidos para distribuir a los propietarios,-,USD,2018-03-31,ORO_BLANCO
Activos corrientes totales,482.563,USD,2018-03-31,ORO_BLANCO
Otros activos financieros no corrientes,-,USD,2018-03-31,ORO_BLANCO
Otros activos no financieros no corrientes,-,USD,2018-03-31,ORO_BLANCO
Cuentas por cobrar no corrientes,-,USD,2018-03-31,ORO_BLANCO
"Cuentas por cobrar a entidades relacionadas, no corrientes",-,USD,2018-03-31,ORO_BLANCO
"Inventarios, no corrientes",-,USD,2018-03-31,ORO_BLANCO
Inversiones contabilizadas utilizando el método de la participación,1.038.122,USD,2018-03-31,ORO_BLANCO
Activos intangibles distintos de la plusvalía,-,USD,2018-03-31,ORO_BLANCO
Plusvalía,486.669,USD,2018-03-31,ORO_BLANCO
"Propiedades, planta y equipo",-,USD,2018-03-31,ORO_BLANCO
Activos biológicos no corrientes,-,USD,2018-03-31,ORO_BLANCO
Propiedad de inversión,-,USD,2018-03-31,ORO_BLANCO
"Activos por impuestos corrientes, no corrientes",-,USD,2018-03-31,ORO_BLANCO
Activos por impuestos diferidos,1.993,USD,2018-03-31,ORO_BLANCO
Total de activos no corrientes,1.526.784,USD,2018-03-31,ORO_BLANCO
Total de activos,2.009.347,USD,2018-03-31,ORO_BLANCO
Otros pasivos financieros corrientes,98.378,USD,2018-03-31,ORO_BLANCO
Cuentas por pagar comerciales y otras cuentas por pagar,4.501,USD,2018-03-31,ORO_BLANCO
"Cuentas por pagar a entidades relacionadas, corrientes",-,USD,2018-03-31,ORO_BLANCO
Otras provisiones a corto plazo,-,USD,2018-03-31,ORO_BLANCO
"Pasivos por impuestos corrientes, corrientes",911,USD,2018-03-31,ORO_BLANCO
Provisiones corrientes por beneficios a los empleados,-,USD,2018-03-31,ORO_BLANCO
Otros pasivos no financieros corrientes,11.692,USD,2018-03-31,ORO_BLANCO
Total de pasivos corrientes distintos de los pasivos incluidos en grupos de activos para su disposición clasificados como mantenidos para la venta,115.482,USD,2018-03-31,ORO_BLANCO
Pasivos incluidos en grupos de activos para su disposición clasificados como mantenidos para la venta,-,USD,2018-03-31,ORO_BLANCO
Pasivos corrientes totales,115.482,USD,2018-03-31,ORO_BLANCO
Otros pasivos financieros no corrientes,492.709,USD,2018-03-31,ORO_BLANCO
Cuentas por pagar no corrientes,-,USD,2018-03-31,ORO_BLANCO
"Cuentas por pagar a entidades relacionadas, no corrientes",-,USD,2018-03-31,ORO_BLANCO
Otras provisiones a largo plazo,-,USD,2018-03-31,ORO_BLANCO
Pasivo por impuestos diferidos,1.486,USD,2018-03-31,ORO_BLANCO
"Pasivos por impuestos corrientes, no corrientes",-,USD,2018-03-31,ORO_BLANCO
Provisiones no corrientes por beneficios a los empleados,107,USD,2018-03-31,ORO_BLANCO
Otros pasivos no financieros no corrientes,-,USD,2018-03-31,ORO_BLANCO
Total de pasivos no corrientes,494.302,USD,2018-03-31,ORO_BLANCO
Total de pasivos,609.784,USD,2018-03-31,ORO_BLANCO
Capital emitido,775.504,USD,2018-03-31,ORO_BLANCO
Ganancias (pérdidas) acumuladas,507.659,USD,2018-03-31,ORO_BLANCO
Prima de emisión,83.212,USD,2018-03-31,ORO_BLANCO
Acciones propias en cartera,-,USD,2018-03-31,ORO_BLANCO
Otras participaciones en el patrimonio,851,USD,2018-03-31,ORO_BLANCO
Otras reservas,-92.177,USD,2018-03-31,ORO_BLANCO
Patrimonio atribuible a los propietarios de la controladora,1.275.049,USD,2018-03-31,ORO_BLANCO
Participaciones no controladoras,124.514,USD,2018-03-31,ORO_BLANCO
Patrimonio total,1.399.563,USD,2018-03-31,ORO_BLANCO
Total de patrimonio y pasivos,2.009.347,USD,2018-03-31,ORO_BLANCO
Efectivo y equivalentes al efectivo,57.585,USD,2018-06-30,ORO_BLANCO
Otros activos financieros corrientes,36.406,USD,2018-06-30,ORO_BLANCO
Otros activos no financieros corrientes,-,USD,2018-06-30,ORO_BLANCO
Deudores comerciales y otras cuentas por cobrar corrientes,-,USD,2018-06-30,ORO_BLANCO
"Cuentas por cobrar a entidades relacionadas, corrientes",378.268,USD,2018-06-30,ORO_BLANCO
Inventarios corrientes,-,USD,2018-06-30,ORO_BLANCO
Activos biológicos corrientes,-,USD,2018-06-30,ORO_BLANCO
"Activos por impuestos corrientes, corrientes",28.831,USD,2018-06-30,ORO_BLANCO
Total de activos corrientes distintos de los activo o grupos de activos para su disposición clasificados como mantenidos para la venta o como mantenidos para distribuir a los propietarios,501.090,USD,2018-06-30,ORO_BLANCO
Activos no corrientes o grupos de activos para su disposición clasificados como mantenidos para la venta o como mantenidos para distribuir a los propietarios,-,USD,2018-06-30,ORO_BLANCO
Activos corrientes totales,501.090,USD,2018-06-30,ORO_BLANCO
Otros activos financieros no corrientes,-,USD,2018-06-30,ORO_BLANCO
Otros activos no financieros no corrientes,-,USD,2018-06-30,ORO_BLANCO
Cuentas por cobrar no corrientes,-,USD,2018-06-30,ORO_BLANCO
"Cuentas por cobrar a entidades relacionadas, no corrientes",-,USD,2018-06-30,ORO_BLANCO
"Inventarios, no corrientes",-,USD,2018-06-30,ORO_BLANCO
Inversiones contabilizadas utilizando el método de la participación,1.243.212,USD,2018-06-30,ORO_BLANCO
Activos intangibles distintos de la plusvalía,-,USD,2018-06-30,ORO_BLANCO
Plusvalía,486.669,USD,2018-06-30,ORO_BLANCO
"Propiedades, planta y equipo",-,USD,2018-06-30,ORO_BLANCO
Activos biológicos no corrientes,-,USD,2018-06-30,ORO_BLANCO
Propiedad de inversión,-,USD,2018-06-30,ORO_BLANCO
"Activos por impuestos corrientes, no corrientes",-,USD,2018-06-30,ORO_BLANCO
Activos por impuestos diferidos,-,USD,2018-06-30,ORO_BLANCO
Total de activos no corrientes,1.729.881,USD,2018-06-30,ORO_BLANCO
Total de activos,2.230.971,USD,2018-06-30,ORO_BLANCO
Otros pasivos financieros corrientes,347.669,USD,2018-06-30,ORO_BLANCO
Cuentas por pagar comerciales y otras cuentas por pagar,29,USD,2018-06-30,ORO_BLANCO
"Cuentas por pagar a entidades relacionadas, corrientes",-,USD,2018-06-30,ORO_BLANCO
Otras provisiones a corto plazo,-,USD,2018-06-30,ORO_BLANCO
"Pasivos por impuestos corrientes, corrientes",503,USD,2018-06-30,ORO_BLANCO
Provisiones corrientes por beneficios a los empleados,-,USD,2018-06-30,ORO_BLANCO
Otros pasivos no financieros corrientes,7.688,USD,2018-06-30,ORO_BLANCO
Total de pasivos corrientes distintos de los pasivos incluidos en grupos de activos para su disposición clasificados como mantenidos para la venta,355.889,USD,2018-06-30,ORO_BLANCO
Pasivos incluidos en grupos de activos para su disposición clasificados como mantenidos para la venta,-,USD,2018-06-30,ORO_BLANCO
Pasivos corrientes totales,355.889,USD,2018-06-30,ORO_BLANCO
Otros pasivos financieros no corrientes,456.172,USD,2018-06-30,ORO_BLANCO
Cuentas por pagar no corrientes,-,USD,2018-06-30,ORO_BLANCO
"Cuentas por pagar a entidades relacionadas, no corrientes",-,USD,2018-06-30,ORO_BLANCO
Otras provisiones a largo plazo,-,USD,2018-06-30,ORO_BLANCO
Pasivo por impuestos diferidos,1.613,USD,2018-06-30,ORO_BLANCO
"Pasivos por impuestos corrientes, no corrientes",-,USD,2018-06-30,ORO_BLANCO
Provisiones no corrientes por beneficios a los empleados,99,USD,2018-06-30,ORO_BLANCO
Otros pasivos no financieros no corrientes,-,USD,2018-06-30,ORO_BLANCO
Total de pasivos no corrientes,457.884,USD,2018-06-30,ORO_BLANCO
Total de pasivos,813.773,USD,2018-06-30,ORO_BLANCO
Capital emitido,775.504,USD,2018-06-30,ORO_BLANCO
Ganancias (pérdidas) acumuladas,524.606,USD,2018-06-30,ORO_BLANCO
Prima de emisión,83.212,USD,2018-06-30,ORO_BLANCO
Acciones propias en cartera,-,USD,2018-06-30,ORO_BLANCO
Otras participaciones en el patrimonio,851,USD,2018-06-30,ORO_BLANCO
Otras reservas,-93.632,USD,2018-06-30,ORO_BLANCO
Patrimonio atribuible a los propietarios de la controladora,1.290.541,USD,2018-06-30,ORO_BLANCO
Participaciones no controladoras,126.657,USD,2018-06-30,ORO_BLANCO
Patrimonio total,1.417.198,USD,2018-06-30,ORO_BLANCO
Total de patrimonio y pasivos,2.230.971,USD,2018-06-30,ORO_BLANCO
Efectivo y equivalentes al efectivo,77.436,USD,2018-09-30,ORO_BLANCO
Otros activos financieros corrientes,23.775,USD,2018-09-30,ORO_BLANCO
Otros activos no financieros corrientes,-,USD,2018-09-30,ORO_BLANCO
Deudores comerciales y otras cuentas por cobrar corrientes,-,USD,2018-09-30,ORO_BLANCO
"Cuentas por cobrar a entidades relacionadas, corrientes",382.648,USD,2018-09-30,ORO_BLANCO
Inventarios corrientes,-,USD,2018-09-30,ORO_BLANCO
Activos biológicos corrientes,-,USD,2018-09-30,ORO_BLANCO
"Activos por impuestos corrientes, corrientes",28.716,USD,2018-09-30,ORO_BLANCO
Total de activos corrientes distintos de los activo o grupos de activos para su disposición clasificados como mantenidos para la venta o como mantenidos para distribuir a los propietarios,512.575,USD,2018-09-30,ORO_BLANCO
Activos no corrientes o grupos de activos para su disposición clasificados como mantenidos para la venta o como mantenidos para distribuir a los propietarios,-,USD,2018-09-30,ORO_BLANCO
Activos corrientes totales,512.575,USD,2018-09-30,ORO_BLANCO
Otros activos financieros no corrientes,-,USD,2018-09-30,ORO_BLANCO
Otros activos no financieros no corrientes,-,USD,2018-09-30,ORO_BLANCO
Cuentas por cobrar no corrientes,-,USD,2018-09-30,ORO_BLANCO
"Cuentas por cobrar a entidades relacionadas, no corrientes",-,USD,2018-09-30,ORO_BLANCO
"Inventarios, no corrientes",-,USD,2018-09-30,ORO_BLANCO
Inversiones contabilizadas utilizando el método de la participación,1.242.577,USD,2018-09-30,ORO_BLANCO
Activos intangibles distintos de la plusvalía,-,USD,2018-09-30,ORO_BLANCO
Plusvalía,486.669,USD,2018-09-30,ORO_BLANCO
"Propiedades, planta y equipo",3,USD,2018-09-30,ORO_BLANCO
Activos biológicos no corrientes,-,USD,2018-09-30,ORO_BLANCO
Propiedad de inversión,-,USD,2018-09-30,ORO_BLANCO
"Activos por impuestos corrientes, no corrientes",-,USD,2018-09-30,ORO_BLANCO
Activos por impuestos diferidos,-,USD,2018-09-30,ORO_BLANCO
Total de activos no corrientes,1.729.249,USD,2018-09-30,ORO_BLANCO
Total de activos,2.241.824,USD,2018-09-30,ORO_BLANCO
Otros pasivos financieros corrientes,60.800,USD,2018-09-30,ORO_BLANCO
Cuentas por pagar comerciales y otras cuentas por pagar,172,USD,2018-09-30,ORO_BLANCO
"Cuentas por pagar a entidades relacionadas, corrientes",-,USD,2018-09-30,ORO_BLANCO
Otras provisiones a corto plazo,-,USD,2018-09-30,ORO_BLANCO
"Pasivos por impuestos corrientes, corrientes",2.082,USD,2018-09-30,ORO_BLANCO
Provisiones corrientes por beneficios a los empleados,-,USD,2018-09-30,ORO_BLANCO
Otros pasivos no financieros corrientes,1.725,USD,2018-09-30,ORO_BLANCO
Total de pasivos corrientes distintos de los pasivos incluidos en grupos de activos para su disposición clasificados como mantenidos para la venta,64.779,USD,2018-09-30,ORO_BLANCO
Pasivos incluidos en grupos de activos para su disposición clasificados como mantenidos para la venta,-,USD,2018-09-30,ORO_BLANCO
Pasivos corrientes totales,64.779,USD,2018-09-30,ORO_BLANCO
Otros pasivos financieros no corrientes,743.689,USD,2018-09-30,ORO_BLANCO
Cuentas por pagar no corrientes,-,USD,2018-09-30,ORO_BLANCO
"Cuentas por pagar a entidades relacionadas, no corrientes",-,USD,2018-09-30,ORO_BLANCO
Otras provisiones a largo plazo,-,USD,2018-09-30,ORO_BLANCO
Pasivo por impuestos diferidos,4.653,USD,2018-09-30,ORO_BLANCO
"Pasivos por impuestos corrientes, no corrientes",-,USD,2018-09-30,ORO_BLANCO
Provisiones no corrientes por beneficios a los empleados,117,USD,2018-09-30,ORO_BLANCO
Otros pasivos no financieros no corrientes,-,USD,2018-09-30,ORO_BLANCO
Total de pasivos no corrientes,748.459,USD,2018-09-30,ORO_BLANCO
Total de pasivos,813.238,USD,2018-09-30,ORO_BLANCO
Capital emitido,775.504,USD,2018-09-30,ORO_BLANCO
Ganancias (pérdidas) acumuladas,527.595,USD,2018-09-30,ORO_BLANCO
Prima de emisión,83.212,USD,2018-09-30,ORO_BLANCO
Acciones propias en cartera,-,USD,2018-09-30,ORO_BLANCO
Otras participaciones en el patrimonio,851,USD,2018-09-30,ORO_BLANCO
Otras reservas,-86.609,USD,2018-09-30,ORO_BLANCO
Patrimonio atribuible a los propietarios de la controladora,1.300.553,USD,2018-09-30,ORO_BLANCO
Participaciones no controladoras,128.033,USD,2018-09-30,ORO_BLANCO
Patrimonio total,1.428.586,USD,2018-09-30,ORO_BLANCO
Total de patrimonio y pasivos,2.241.824,USD,2018-09-30,ORO_BLANCO
Efectivo y equivalentes al efectivo,66.112,USD,2018-12-31,ORO_BLANCO
Otros activos financieros corrientes,30.087,USD,2018-12-31,ORO_BLANCO
Otros activos no financieros corrientes,-,USD,2018-12-31,ORO_BLANCO
Deudores comerciales y otras cuentas por cobrar corrientes,-,USD,2018-12-31,ORO_BLANCO
"Cuentas por cobrar a entidades relacionadas, corrientes",383.869,USD,2018-12-31,ORO_BLANCO
Inventarios corrientes,-,USD,2018-12-31,ORO_BLANCO
Activos biológicos corrientes,-,USD,2018-12-31,ORO_BLANCO
"Activos por impuestos corrientes, corrientes",31.804,USD,2018-12-31,ORO_BLANCO
Total de activos corrientes distintos de los activo o grupos de activos para su disposición clasificados como mantenidos para la venta o como mantenidos para distribuir a los propietarios,511.872,USD,2018-12-31,ORO_BLANCO
Activos no corrientes o grupos de activos para su disposición clasificados como mantenidos para la venta o como mantenidos para distribuir a los propietarios,-,USD,2018-12-31,ORO_BLANCO
Activos corrientes totales,511.872,USD,2018-12-31,ORO_BLANCO
Otros activos financieros no corrientes,-,USD,2018-12-31,ORO_BLANCO
Otros activos no financieros no corrientes,-,USD,2018-12-31,ORO_BLANCO
Cuentas por cobrar no corrientes,-,USD,2018-12-31,ORO_BLANCO
"Cuentas por cobrar a entidades relacionadas, no corrientes",-,USD,2018-12-31,ORO_BLANCO
"Inventarios, no corrientes",-,USD,2018-12-31,ORO_BLANCO
Inversiones contabilizadas utilizando el método de la participación,1.242.451,USD,2018-12-31,ORO_BLANCO
Activos intangibles distintos de la plusvalía,-,USD,2018-12-31,ORO_BLANCO
Plusvalía,486.669,USD,2018-12-31,ORO_BLANCO
"Propiedades, planta y equipo",3,USD,2018-12-31,ORO_BLANCO
Activos biológicos no corrientes,-,USD,2018-12-31,ORO_BLANCO
Propiedad de inversión,-,USD,2018-12-31,ORO_BLANCO
"Activos por impuestos corrientes, no corrientes",-,USD,2018-12-31,ORO_BLANCO
Activos por impuestos diferidos,-,USD,2018-12-31,ORO_BLANCO
Total de activos no corrientes,1.729.123,USD,2018-12-31,ORO_BLANCO
Total de activos,2.240.995,USD,2018-12-31,ORO_BLANCO
Otros pasivos financieros corrientes,48.770,USD,2018-12-31,ORO_BLANCO
Cuentas por pagar comerciales y otras cuentas por pagar,190,USD,2018-12-31,ORO_BLANCO
"Cuentas por pagar a entidades relacionadas, corrientes",-,USD,2018-12-31,ORO_BLANCO
Otras provisiones a corto plazo,-,USD,2018-12-31,ORO_BLANCO
"Pasivos por impuestos corrientes, corrientes",816,USD,2018-12-31,ORO_BLANCO
Provisiones corrientes por beneficios a los empleados,-,USD,2018-12-31,ORO_BLANCO
Otros pasivos no financieros corrientes,6.758,USD,2018-12-31,ORO_BLANCO
Total de pasivos corrientes distintos de los pasivos incluidos en grupos de activos para su disposición clasificados como mantenidos para la venta,56.534,USD,2018-12-31,ORO_BLANCO
Pasivos incluidos en grupos de activos para su disposición clasificados como mantenidos para la venta,-,USD,2018-12-31,ORO_BLANCO
Pasivos corrientes totales,56.534,USD,2018-12-31,ORO_BLANCO
Otros pasivos financieros no corrientes,747.108,USD,2018-12-31,ORO_BLANCO
Cuentas por pagar no corrientes,-,USD,2018-12-31,ORO_BLANCO
"Cuentas por pagar a entidades relacionadas, no corrientes",-,USD,2018-12-31,ORO_BLANCO
Otras provisiones a largo plazo,-,USD,2018-12-31,ORO_BLANCO
Pasivo por impuestos diferidos,1.624,USD,2018-12-31,ORO_BLANCO
"Pasivos por impuestos corrientes, no corrientes",-,USD,2018-12-31,ORO_BLANCO
Provisiones no corrientes por beneficios a los empleados,194,USD,2018-12-31,ORO_BLANCO
Otros pasivos no financieros no corrientes,-,USD,2018-12-31,ORO_BLANCO
Total de pasivos no corrientes,748.926,USD,2018-12-31,ORO_BLANCO
Total de pasivos,805.460,USD,2018-12-31,ORO_BLANCO
Capital emitido,775.504,USD,2018-12-31,ORO_BLANCO
Ganancias (pérdidas) acumuladas,540.557,USD,2018-12-31,ORO_BLANCO
Prima de emisión,83.212,USD,2018-12-31,ORO_BLANCO
Acciones propias en cartera,-,USD,2018-12-31,ORO_BLANCO
Otras participaciones en el patrimonio,851,USD,2018-12-31,ORO_BLANCO
Otras reservas,-93.665,USD,2018-12-31,ORO_BLANCO
Patrimonio atribuible a los propietarios de la controladora,1.306.459,USD,2018-12-31,ORO_BLANCO
Participaciones no controladoras,129.076,USD,2018-12-31,ORO_BLANCO
Patrimonio total,1.435.535,USD,2018-12-31,ORO_BLANCO
Total de patrimonio y pasivos,2.240.995,USD,2018-12-31,ORO_BLANCO
Efectivo y equivalentes al efectivo,23.651,USD,2019-03-31,ORO_BLANCO
Otros activos financieros corrientes,50.298,USD,2019-03-31,ORO_BLANCO
Otros activos no financieros corrientes,-,USD,2019-03-31,ORO_BLANCO
Deudores comerciales y otras cuentas por cobrar corrientes,-,USD,2019-03-31,ORO_BLANCO
"Cuentas por cobrar a entidades relacionadas, corrientes",387.926,USD,2019-03-31,ORO_BLANCO
Inventarios corrientes,-,USD,2019-03-31,ORO_BLANCO
Activos biológicos corrientes,-,USD,2019-03-31,ORO_BLANCO
"Activos por impuestos corrientes, corrientes",27.916,USD,2019-03-31,ORO_BLANCO
Total de activos corrientes distintos de los activo o grupos de activos para su disposición clasificados como mantenidos para la venta o como mantenidos para distribuir a los propietarios,489.791,USD,2019-03-31,ORO_BLANCO
Activos no corrientes o grupos de activos para su disposición clasificados como mantenidos para la venta o como mantenidos para distribuir a los propietarios,-,USD,2019-03-31,ORO_BLANCO
Activos corrientes totales,489.791,USD,2019-03-31,ORO_BLANCO
Otros activos financieros no corrientes,-,USD,2019-03-31,ORO_BLANCO
Otros activos no financieros no corrientes,-,USD,2019-03-31,ORO_BLANCO
Cuentas por cobrar no corrientes,-,USD,2019-03-31,ORO_BLANCO
"Cuentas por cobrar a entidades relacionadas, no corrientes",-,USD,2019-03-31,ORO_BLANCO
"Inventarios, no corrientes",-,USD,2019-03-31,ORO_BLANCO
Inversiones contabilizadas utilizando el método de la participación,1.243.115,USD,2019-03-31,ORO_BLANCO
Activos intangibles distintos de la plusvalía,-,USD,2019-03-31,ORO_BLANCO
Plusvalía,486.669,USD,2019-03-31,ORO_BLANCO
"Propiedades, planta y equipo",3,USD,2019-03-31,ORO_BLANCO
Activos biológicos no corrientes,-,USD,2019-03-31,ORO_BLANCO
Propiedad de inversión,-,USD,2019-03-31,ORO_BLANCO
"Activos por impuestos corrientes, no corrientes",-,USD,2019-03-31,ORO_BLANCO
Activos por impuestos diferidos,4.313,USD,2019-03-31,ORO_BLANCO
Total de activos no corrientes,1.734.100,USD,2019-03-31,ORO_BLANCO
Total de activos,2.223.891,USD,2019-03-31,ORO_BLANCO
Otros pasivos financieros corrientes,170.758,USD,2019-03-31,ORO_BLANCO
Cuentas por pagar comerciales y otras cuentas por pagar,85,USD,2019-03-31,ORO_BLANCO
"Cuentas por pagar a entidades relacionadas, corrientes",-,USD,2019-03-31,ORO_BLANCO
Otras provisiones a corto plazo,-,USD,2019-03-31,ORO_BLANCO
"Pasivos por impuestos corrientes, corrientes",759,USD,2019-03-31,ORO_BLANCO
Provisiones corrientes por beneficios a los empleados,-,USD,2019-03-31,ORO_BLANCO
Otros pasivos no financieros corrientes,11.130,USD,2019-03-31,ORO_BLANCO
Total de pasivos corrientes distintos de los pasivos incluidos en grupos de activos para su disposición clasificados como mantenidos para la venta,182.732,USD,2019-03-31,ORO_BLANCO
Pasivos incluidos en grupos de activos para su disposición clasificados como mantenidos para la venta,-,USD,2019-03-31,ORO_BLANCO
Pasivos corrientes totales,182.732,USD,2019-03-31,ORO_BLANCO
Otros pasivos financieros no corrientes,597.281,USD,2019-03-31,ORO_BLANCO
Cuentas por pagar no corrientes,-,USD,2019-03-31,ORO_BLANCO
"Cuentas por pagar a entidades relacionadas, no corrientes",-,USD,2019-03-31,ORO_BLANCO
Otras provisiones a largo plazo,-,USD,2019-03-31,ORO_BLANCO
Pasivo por impuestos diferidos,597,USD,2019-03-31,ORO_BLANCO
"Pasivos por impuestos corrientes, no corrientes",-,USD,2019-03-31,ORO_BLANCO
Provisiones no corrientes por beneficios a los empleados,282,USD,2019-03-31,ORO_BLANCO
Otros pasivos no financieros no corrientes,-,USD,2019-03-31,ORO_BLANCO
Total de pasivos no corrientes,598.160,USD,2019-03-31,ORO_BLANCO
Total de pasivos,780.892,USD,2019-03-31,ORO_BLANCO
Capital emitido y pagado,775.504,USD,2019-03-31,ORO_BLANCO
Ganancias (pérdidas) acumuladas,549.524,USD,2019-03-31,ORO_BLANCO
Prima de emisión,83.212,USD,2019-03-31,ORO_BLANCO
Acciones propias en cartera,-,USD,2019-03-31,ORO_BLANCO
Otras participaciones en el patrimonio,851,USD,2019-03-31,ORO_BLANCO
Otras reservas,-96.207,USD,2019-03-31,ORO_BLANCO
Patrimonio atribuible a los propietarios de la controladora,1.312.884,USD,2019-03-31,ORO_BLANCO
Participaciones no controladoras,130.115,USD,2019-03-31,ORO_BLANCO
Patrimonio total,1.442.999,USD,2019-03-31,ORO_BLANCO
Total de patrimonio y pasivos,2.223.891,USD,2019-03-31,ORO_BLANCO
Efectivo y equivalentes al efectivo,52.401,USD,2019-06-30,ORO_BLANCO
Otros activos financieros corrientes,20.458,USD,2019-06-30,ORO_BLANCO
Otros activos no financieros corrientes,-,USD,2019-06-30,ORO_BLANCO
Deudores comerciales y otras cuentas por cobrar corrientes,-,USD,2019-06-30,ORO_BLANCO
"Cuentas por cobrar a entidades relacionadas, corrientes",381.621,USD,2019-06-30,ORO_BLANCO
Inventarios corrientes,-,USD,2019-06-30,ORO_BLANCO
Activos biológicos corrientes,-,USD,2019-06-30,ORO_BLANCO
"Activos por impuestos corrientes, corrientes",32.929,USD,2019-06-30,ORO_BLANCO
Total de activos corrientes distintos de los activo o grupos de activos para su disposición clasificados como mantenidos para la venta o como mantenidos para distribuir a los propietarios,487.409,USD,2019-06-30,ORO_BLANCO
Activos no corrientes o grupos de activos para su disposición clasificados como mantenidos para la venta o como mantenidos para distribuir a los propietarios,-,USD,2019-06-30,ORO_BLANCO
Activos corrientes totales,487.409,USD,2019-06-30,ORO_BLANCO
Otros activos financieros no corrientes,-,USD,2019-06-30,ORO_BLANCO
Otros activos no financieros no corrientes,-,USD,2019-06-30,ORO_BLANCO
Cuentas por cobrar no corrientes,-,USD,2019-06-30,ORO_BLANCO
"Cuentas por cobrar a entidades relacionadas, no corrientes",-,USD,2019-06-30,ORO_BLANCO
"Inventarios, no corrientes",-,USD,2019-06-30,ORO_BLANCO
Inversiones contabilizadas utilizando el método de la participación,1.243.370,USD,2019-06-30,ORO_BLANCO
Activos intangibles distintos de la plusvalía,-,USD,2019-06-30,ORO_BLANCO
Plusvalía,486.669,USD,2019-06-30,ORO_BLANCO
"Propiedades, planta y equipo",2,USD,2019-06-30,ORO_BLANCO
Activos biológicos no corrientes,-,USD,2019-06-30,ORO_BLANCO
Propiedad de inversión,-,USD,2019-06-30,ORO_BLANCO
"Activos por impuestos corrientes, no corrientes",-,USD,2019-06-30,ORO_BLANCO
Activos por impuestos diferidos,453,USD,2019-06-30,ORO_BLANCO
Total de activos no corrientes,1.730.494,USD,2019-06-30,ORO_BLANCO
Total de activos,2.217.903,USD,2019-06-30,ORO_BLANCO
Otros pasivos financieros corrientes,167.485,USD,2019-06-30,ORO_BLANCO
Cuentas por pagar comerciales y otras cuentas por pagar,107,USD,2019-06-30,ORO_BLANCO
"Cuentas por pagar a entidades relacionadas, corrientes",-,USD,2019-06-30,ORO_BLANCO
Otras provisiones a corto plazo,-,USD,2019-06-30,ORO_BLANCO
"Pasivos por impuestos corrientes, corrientes",450,USD,2019-06-30,ORO_BLANCO
Provisiones corrientes por beneficios a los empleados,-,USD,2019-06-30,ORO_BLANCO
Otros pasivos no financieros corrientes,3.242,USD,2019-06-30,ORO_BLANCO
Total de pasivos corrientes distintos de los pasivos incluidos en grupos de activos para su disposición clasificados como mantenidos para la venta,171.284,USD,2019-06-30,ORO_BLANCO
Pasivos incluidos en grupos de activos para su disposición clasificados como mantenidos para la venta,-,USD,2019-06-30,ORO_BLANCO
Pasivos corrientes totales,171.284,USD,2019-06-30,ORO_BLANCO
Otros pasivos financieros no corrientes,591.338,USD,2019-06-30,ORO_BLANCO
Cuentas por pagar no corrientes,-,USD,2019-06-30,ORO_BLANCO
"Cuentas por pagar a entidades relacionadas, no corrientes",-,USD,2019-06-30,ORO_BLANCO
Otras provisiones a largo plazo,-,USD,2019-06-30,ORO_BLANCO
Pasivo por impuestos diferidos,1.754,USD,2019-06-30,ORO_BLANCO
"Pasivos por impuestos corrientes, no corrientes",-,USD,2019-06-30,ORO_BLANCO
Provisiones no corrientes por beneficios a los empleados,299,USD,2019-06-30,ORO_BLANCO
Otros pasivos no financieros no corrientes,-,USD,2019-06-30,ORO_BLANCO
Total de pasivos no corrientes,593.391,USD,2019-06-30,ORO_BLANCO
Total de pasivos,764.675,USD,2019-06-30,ORO_BLANCO
Capital emitido y pagado,775.504,USD,2019-06-30,ORO_BLANCO
Ganancias (pérdidas) acumuladas,554.867,USD,2019-06-30,ORO_BLANCO
Prima de emisión,83.212,USD,2019-06-30,ORO_BLANCO
Acciones propias en cartera,-,USD,2019-06-30,ORO_BLANCO
Otras participaciones en el patrimonio,851,USD,2019-06-30,ORO_BLANCO
Otras reservas,-92.665,USD,2019-06-30,ORO_BLANCO
Patrimonio atribuible a los propietarios de la controladora,1.321.769,USD,2019-06-30,ORO_BLANCO
Participaciones no controladoras,131.459,USD,2019-06-30,ORO_BLANCO
Patrimonio total,1.453.228,USD,2019-06-30,ORO_BLANCO
Total de patrimonio y pasivos,2.217.903,USD,2019-06-30,ORO_BLANCO
Efectivo y equivalentes al efectivo,44.270,USD,2019-09-30,ORO_BLANCO
Otros activos financieros corrientes,118.117,USD,2019-09-30,ORO_BLANCO
Otros activos no financieros corrientes,-,USD,2019-09-30,ORO_BLANCO
Deudores comerciales y otras cuentas por cobrar corrientes,-,USD,2019-09-30,ORO_BLANCO
"Cuentas por cobrar a entidades relacionadas, corrientes",388.867,USD,2019-09-30,ORO_BLANCO
Inventarios corrientes,-,USD,2019-09-30,ORO_BLANCO
Activos biológicos corrientes,-,USD,2019-09-30,ORO_BLANCO
"Activos por impuestos corrientes, corrientes",32.985,USD,2019-09-30,ORO_BLANCO
Total de activos corrientes distintos de los activo o grupos de activos para su disposición clasificados como mantenidos para la venta o como mantenidos para distribuir a los propietarios,584.239,USD,2019-09-30,ORO_BLANCO
Activos no corrientes o grupos de activos para su disposición clasificados como mantenidos para la venta o como mantenidos para distribuir a los propietarios,-,USD,2019-09-30,ORO_BLANCO
Activos corrientes totales,584.239,USD,2019-09-30,ORO_BLANCO
Otros activos financieros no corrientes,-,USD,2019-09-30,ORO_BLANCO
Otros activos no financieros no corrientes,-,USD,2019-09-30,ORO_BLANCO
Cuentas por cobrar no corrientes,-,USD,2019-09-30,ORO_BLANCO
"Cuentas por cobrar a entidades relacionadas, no corrientes",-,USD,2019-09-30,ORO_BLANCO
"Inventarios, no corrientes",-,USD,2019-09-30,ORO_BLANCO
Inversiones contabilizadas utilizando el método de la participación,1.244.310,USD,2019-09-30,ORO_BLANCO
Activos intangibles distintos de la plusvalía,-,USD,2019-09-30,ORO_BLANCO
Plusvalía,486.669,USD,2019-09-30,ORO_BLANCO
"Propiedades, planta y equipo",2,USD,2019-09-30,ORO_BLANCO
Activos biológicos no corrientes,-,USD,2019-09-30,ORO_BLANCO
Propiedad de inversión,-,USD,2019-09-30,ORO_BLANCO
"Activos por impuestos corrientes, no corrientes",-,USD,2019-09-30,ORO_BLANCO
Activos por impuestos diferidos,-,USD,2019-09-30,ORO_BLANCO
Total de activos no corrientes,1.730.981,USD,2019-09-30,ORO_BLANCO
Total de activos,2.315.220,USD,2019-09-30,ORO_BLANCO
Otros pasivos financieros corrientes,195.178,USD,2019-09-30,ORO_BLANCO
Cuentas por pagar comerciales y otras cuentas por pagar,86,USD,2019-09-30,ORO_BLANCO
"Cuentas por pagar a entidades relacionadas, corrientes",-,USD,2019-09-30,ORO_BLANCO
Otras provisiones a corto plazo,-,USD,2019-09-30,ORO_BLANCO
"Pasivos por impuestos corrientes, corrientes",575,USD,2019-09-30,ORO_BLANCO
Provisiones corrientes por beneficios a los empleados,-,USD,2019-09-30,ORO_BLANCO
Otros pasivos no financieros corrientes,1.534,USD,2019-09-30,ORO_BLANCO
Total de pasivos corrientes distintos de los pasivos incluidos en grupos de activos para su disposición clasificados como mantenidos para la venta,197.373,USD,2019-09-30,ORO_BLANCO
Pasivos incluidos en grupos de activos para su disposición clasificados como mantenidos para la venta,-,USD,2019-09-30,ORO_BLANCO
Pasivos corrientes totales,197.373,USD,2019-09-30,ORO_BLANCO
Otros pasivos financieros no corrientes,648.230,USD,2019-09-30,ORO_BLANCO
Cuentas por pagar no corrientes,-,USD,2019-09-30,ORO_BLANCO
"Cuentas por pagar a entidades relacionadas, no corrientes",-,USD,2019-09-30,ORO_BLANCO
Otras provisiones a largo plazo,-,USD,2019-09-30,ORO_BLANCO
Pasivo por impuestos diferidos,4.219,USD,2019-09-30,ORO_BLANCO
"Pasivos por impuestos corrientes, no corrientes",-,USD,2019-09-30,ORO_BLANCO
Provisiones no corrientes por beneficios a los empleados,307,USD,2019-09-30,ORO_BLANCO
Otros pasivos no financieros no corrientes,-,USD,2019-09-30,ORO_BLANCO
Total de pasivos no corrientes,652.756,USD,2019-09-30,ORO_BLANCO
Total de pasivos,850.129,USD,2019-09-30,ORO_BLANCO
Capital emitido y pagado,775.504,USD,2019-09-30,ORO_BLANCO
Ganancias (pérdidas) acumuladas,557.815,USD,2019-09-30,ORO_BLANCO
Prima de emisión,83.212,USD,2019-09-30,ORO_BLANCO
Acciones propias en cartera,-,USD,2019-09-30,ORO_BLANCO
Otras participaciones en el patrimonio,851,USD,2019-09-30,ORO_BLANCO
Otras reservas,-85.043,USD,2019-09-30,ORO_BLANCO
Patrimonio atribuible a los propietarios de la controladora,1.332.339,USD,2019-09-30,ORO_BLANCO
Participaciones no controladoras,132.752,USD,2019-09-30,ORO_BLANCO
Patrimonio total,1.465.091,USD,2019-09-30,ORO_BLANCO
Total de patrimonio y pasivos,2.315.220,USD,2019-09-30,ORO_BLANCO
Efectivo y equivalentes al efectivo,21.432,USD,2019-12-31,ORO_BLANCO
Otros activos financieros corrientes,19.650,USD,2019-12-31,ORO_BLANCO
Otros activos no financieros corrientes,-,USD,2019-12-31,ORO_BLANCO
Deudores comerciales y otras cuentas por cobrar corrientes,-,USD,2019-12-31,ORO_BLANCO
"Cuentas por cobrar a entidades relacionadas, corrientes",393.228,USD,2019-12-31,ORO_BLANCO
Inventarios corrientes,-,USD,2019-12-31,ORO_BLANCO
Activos biológicos corrientes,-,USD,2019-12-31,ORO_BLANCO
"Activos por impuestos corrientes, corrientes",35.322,USD,2019-12-31,ORO_BLANCO
Total de activos corrientes distintos de los activo o grupos de activos para su disposición clasificados como mantenidos para la venta o como mantenidos para distribuir a los propietarios,469.632,USD,2019-12-31,ORO_BLANCO
Activos no corrientes o grupos de activos para su disposición clasificados como mantenidos para la venta o como mantenidos para distribuir a los propietarios,-,USD,2019-12-31,ORO_BLANCO
Activos corrientes totales,469.632,USD,2019-12-31,ORO_BLANCO
Otros activos financieros no corrientes,-,USD,2019-12-31,ORO_BLANCO
Otros activos no financieros no corrientes,-,USD,2019-12-31,ORO_BLANCO
Cuentas por cobrar no corrientes,-,USD,2019-12-31,ORO_BLANCO
"Cuentas por cobrar a entidades relacionadas, no corrientes",-,USD,2019-12-31,ORO_BLANCO
"Inventarios, no corrientes",-,USD,2019-12-31,ORO_BLANCO
Inversiones contabilizadas utilizando el método de la participación,1.242.645,USD,2019-12-31,ORO_BLANCO
Activos intangibles distintos de la plusvalía,-,USD,2019-12-31,ORO_BLANCO
Plusvalía,486.669,USD,2019-12-31,ORO_BLANCO
"Propiedades, planta y equipo",1,USD,2019-12-31,ORO_BLANCO
Activos biológicos no corrientes,-,USD,2019-12-31,ORO_BLANCO
Propiedad de inversión,-,USD,2019-12-31,ORO_BLANCO
"Activos por impuestos corrientes, no corrientes",-,USD,2019-12-31,ORO_BLANCO
Activos por impuestos diferidos,2.517,USD,2019-12-31,ORO_BLANCO
Total de activos no corrientes,1.731.832,USD,2019-12-31,ORO_BLANCO
Total de activos,2.201.464,USD,2019-12-31,ORO_BLANCO
Otros pasivos financieros corrientes,192.162,USD,2019-12-31,ORO_BLANCO
Cuentas por pagar comerciales y otras cuentas por pagar,322,USD,2019-12-31,ORO_BLANCO
"Cuentas por pagar a entidades relacionadas, corrientes",-,USD,2019-12-31,ORO_BLANCO
Otras provisiones a corto plazo,-,USD,2019-12-31,ORO_BLANCO
"Pasivos por impuestos corrientes, corrientes",2.425,USD,2019-12-31,ORO_BLANCO
Provisiones corrientes por beneficios a los empleados,-,USD,2019-12-31,ORO_BLANCO
Otros pasivos no financieros corrientes,288,USD,2019-12-31,ORO_BLANCO
Total de pasivos corrientes distintos de los pasivos incluidos en grupos de activos para su disposición clasificados como mantenidos para la venta,195.197,USD,2019-12-31,ORO_BLANCO
Pasivos incluidos en grupos de activos para su disposición clasificados como mantenidos para la venta,-,USD,2019-12-31,ORO_BLANCO
Pasivos corrientes totales,195.197,USD,2019-12-31,ORO_BLANCO
Otros pasivos financieros no corrientes,560.114,USD,2019-12-31,ORO_BLANCO
Cuentas por pagar no corrientes,-,USD,2019-12-31,ORO_BLANCO
"Cuentas por pagar a entidades relacionadas, no corrientes",-,USD,2019-12-31,ORO_BLANCO
Otras provisiones a largo plazo,-,USD,2019-12-31,ORO_BLANCO
Pasivo por impuestos diferidos,-,USD,2019-12-31,ORO_BLANCO
"Pasivos por impuestos corrientes, no corrientes",-,USD,2019-12-31,ORO_BLANCO
Provisiones no corrientes por beneficios a los empleados,585,USD,2019-12-31,ORO_BLANCO
Otros pasivos no financieros no corrientes,-,USD,2019-12-31,ORO_BLANCO
Total de pasivos no corrientes,560.699,USD,2019-12-31,ORO_BLANCO
Total de pasivos,755.896,USD,2019-12-31,ORO_BLANCO
Capital emitido y pagado,775.504,USD,2019-12-31,ORO_BLANCO
Ganancias (pérdidas) acumuladas,555.568,USD,2019-12-31,ORO_BLANCO
Prima de emisión,83.212,USD,2019-12-31,ORO_BLANCO
Acciones propias en cartera,-,USD,2019-12-31,ORO_BLANCO
Otras participaciones en el patrimonio,851,USD,2019-12-31,ORO_BLANCO
Otras reservas,-100.529,USD,2019-12-31,ORO_BLANCO
Patrimonio atribuible a los propietarios de la controladora,1.314.606,USD,2019-12-31,ORO_BLANCO
Participaciones no controladoras,130.962,USD,2019-12-31,ORO_BLANCO
Patrimonio total,1.445.568,USD,2019-12-31,ORO_BLANCO
Total de patrimonio y pasivos,2.201.464,USD,2019-12-31,ORO_BLANCO
Efectivo y equivalentes al efectivo,14.560,USD,2020-03-31,ORO_BLANCO
Otros activos financieros corrientes,47.670,USD,2020-03-31,ORO_BLANCO
Otros activos no financieros corrientes,-,USD,2020-03-31,ORO_BLANCO
Deudores comerciales y otras cuentas por cobrar corrientes,-,USD,2020-03-31,ORO_BLANCO
"Cuentas por cobrar a entidades relacionadas, corrientes",397.571,USD,2020-03-31,ORO_BLANCO
Inventarios corrientes,-,USD,2020-03-31,ORO_BLANCO
Activos biológicos corrientes,-,USD,2020-03-31,ORO_BLANCO
"Activos por impuestos corrientes, corrientes",39.446,USD,2020-03-31,ORO_BLANCO
Total de activos corrientes distintos de los activo o grupos de activos para su disposición clasificados como mantenidos para la venta o como mantenidos para distribuir a los propietarios,499.247,USD,2020-03-31,ORO_BLANCO
Activos no corrientes o grupos de activos para su disposición clasificados como mantenidos para la venta o como mantenidos para distribuir a los propietarios,-,USD,2020-03-31,ORO_BLANCO
Activos corrientes totales,499.247,USD,2020-03-31,ORO_BLANCO
Otros activos financieros no corrientes,1.237.525,USD,2020-03-31,ORO_BLANCO
Otros activos no financieros no corrientes,-,USD,2020-03-31,ORO_BLANCO
Cuentas por cobrar no corrientes,-,USD,2020-03-31,ORO_BLANCO
"Cuentas por cobrar a entidades relacionadas, no corrientes",-,USD,2020-03-31,ORO_BLANCO
"Inventarios, no corrientes",-,USD,2020-03-31,ORO_BLANCO
Inversiones contabilizadas utilizando el método de la participación,-,USD,2020-03-31,ORO_BLANCO
Activos intangibles distintos de la plusvalía,-,USD,2020-03-31,ORO_BLANCO
Plusvalía,486.669,USD,2020-03-31,ORO_BLANCO
"Propiedades, planta y equipo",1,USD,2020-03-31,ORO_BLANCO
Activos biológicos no corrientes,-,USD,2020-03-31,ORO_BLANCO
Propiedad de inversión,-,USD,2020-03-31,ORO_BLANCO
Activos por derecho de uso,-,USD,2020-03-31,ORO_BLANCO
"Activos por impuestos corrientes, no corrientes",-,USD,2020-03-31,ORO_BLANCO
Activos por impuestos diferidos,13.136,USD,2020-03-31,ORO_BLANCO
Total de activos no corrientes,1.737.331,USD,2020-03-31,ORO_BLANCO
Total de activos,2.236.578,USD,2020-03-31,ORO_BLANCO
Otros pasivos financieros corrientes,225.210,USD,2020-03-31,ORO_BLANCO
Pasivos por arrendamientos corrientes,-,USD,2020-03-31,ORO_BLANCO
Cuentas por pagar comerciales y otras cuentas por pagar,409,USD,2020-03-31,ORO_BLANCO
"Cuentas por pagar a entidades relacionadas, corrientes",-,USD,2020-03-31,ORO_BLANCO
Otras provisiones a corto plazo,-,USD,2020-03-31,ORO_BLANCO
"Pasivos por impuestos corrientes, corrientes",3.162,USD,2020-03-31,ORO_BLANCO
Provisiones corrientes por beneficios a los empleados,-,USD,2020-03-31,ORO_BLANCO
Otros pasivos no financieros corrientes,2.412,USD,2020-03-31,ORO_BLANCO
Total de pasivos corrientes distintos de los pasivos incluidos en grupos de activos para su disposición clasificados como mantenidos para la venta,231.193,USD,2020-03-31,ORO_BLANCO
Pasivos incluidos en grupos de activos para su disposición clasificados como mantenidos para la venta,-,USD,2020-03-31,ORO_BLANCO
Pasivos corrientes totales,231.193,USD,2020-03-31,ORO_BLANCO
Otros pasivos financieros no corrientes,587.958,USD,2020-03-31,ORO_BLANCO
Pasivos por arrendamientos no corrientes,-,USD,2020-03-31,ORO_BLANCO
Cuentas por pagar no corrientes,-,USD,2020-03-31,ORO_BLANCO
"Cuentas por pagar a entidades relacionadas, no corrientes",-,USD,2020-03-31,ORO_BLANCO
Otras provisiones a largo plazo,-,USD,2020-03-31,ORO_BLANCO
Pasivo por impuestos diferidos,-,USD,2020-03-31,ORO_BLANCO
"Pasivos por impuestos corrientes, no corrientes",-,USD,2020-03-31,ORO_BLANCO
Provisiones no corrientes por beneficios a los empleados,514,USD,2020-03-31,ORO_BLANCO
Otros pasivos no financieros no corrientes,-,USD,2020-03-31,ORO_BLANCO
Total de pasivos no corrientes,588.472,USD,2020-03-31,ORO_BLANCO
Total de pasivos,819.665,USD,2020-03-31,ORO_BLANCO
Capital emitido y pagado,775.504,USD,2020-03-31,ORO_BLANCO
Ganancias (pérdidas) acumuladas,560.021,USD,2020-03-31,ORO_BLANCO
Prima de emisión,83.212,USD,2020-03-31,ORO_BLANCO
Acciones propias en cartera,-,USD,2020-03-31,ORO_BLANCO
Otras participaciones en el patrimonio,851,USD,2020-03-31,ORO_BLANCO
Otras reservas,-130.619,USD,2020-03-31,ORO_BLANCO
Patrimonio atribuible a los propietarios de la controladora,1.288.969,USD,2020-03-31,ORO_BLANCO
Participaciones no controladoras,127.944,USD,2020-03-31,ORO_BLANCO
Patrimonio total,1.416.913,USD,2020-03-31,ORO_BLANCO
Total de patrimonio y pasivos,2.236.578,USD,2020-03-31,ORO_BLANCO
Efectivo y equivalentes al efectivo,35.038,USD,2020-06-30,ORO_BLANCO
Otros activos financieros corrientes,17.946,USD,2020-06-30,ORO_BLANCO
Otros activos no financieros corrientes,-,USD,2020-06-30,ORO_BLANCO
Deudores comerciales y otras cuentas por cobrar corrientes,-,USD,2020-06-30,ORO_BLANCO
"Cuentas por cobrar a entidades relacionadas, corrientes",399.484,USD,2020-06-30,ORO_BLANCO
Inventarios corrientes,-,USD,2020-06-30,ORO_BLANCO
Activos biológicos corrientes,-,USD,2020-06-30,ORO_BLANCO
"Activos por impuestos corrientes, corrientes",40.443,USD,2020-06-30,ORO_BLANCO
Total de activos corrientes distintos de los activo o grupos de activos para su disposición clasificados como mantenidos para la venta o como mantenidos para distribuir a los propietarios,492.911,USD,2020-06-30,ORO_BLANCO
Activos no corrientes o grupos de activos para su disposición clasificados como mantenidos para la venta o como mantenidos para distribuir a los propietarios,-,USD,2020-06-30,ORO_BLANCO
Activos corrientes totales,492.911,USD,2020-06-30,ORO_BLANCO
Otros activos financieros no corrientes,-,USD,2020-06-30,ORO_BLANCO
Otros activos no financieros no corrientes,-,USD,2020-06-30,ORO_BLANCO
Cuentas por cobrar no corrientes,-,USD,2020-06-30,ORO_BLANCO
"Cuentas por cobrar a entidades relacionadas, no corrientes",-,USD,2020-06-30,ORO_BLANCO
"Inventarios, no corrientes",-,USD,2020-06-30,ORO_BLANCO
Inversiones contabilizadas utilizando el método de la participación,1.239.892,USD,2020-06-30,ORO_BLANCO
Activos intangibles distintos de la plusvalía,-,USD,2020-06-30,ORO_BLANCO
Plusvalía,486.669,USD,2020-06-30,ORO_BLANCO
"Propiedades, planta y equipo",-,USD,2020-06-30,ORO_BLANCO
Activos biológicos no corrientes,-,USD,2020-06-30,ORO_BLANCO
Propiedad de inversión,-,USD,2020-06-30,ORO_BLANCO
Activos por derecho de uso,-,USD,2020-06-30,ORO_BLANCO
"Activos por impuestos corrientes, no corrientes",-,USD,2020-06-30,ORO_BLANCO
Activos por impuestos diferidos,10.397,USD,2020-06-30,ORO_BLANCO
Total de activos no corrientes,1.736.958,USD,2020-06-30,ORO_BLANCO
Total de activos,2.229.869,USD,2020-06-30,ORO_BLANCO
Otros pasivos financieros corrientes,220.642,USD,2020-06-30,ORO_BLANCO
Pasivos por arrendamientos corrientes,-,USD,2020-06-30,ORO_BLANCO
Cuentas por pagar comerciales y otras cuentas por pagar,146,USD,2020-06-30,ORO_BLANCO
"Cuentas por pagar a entidades relacionadas, corrientes",-,USD,2020-06-30,ORO_BLANCO
Otras provisiones a corto plazo,-,USD,2020-06-30,ORO_BLANCO
"Pasivos por impuestos corrientes, corrientes",2.640,USD,2020-06-30,ORO_BLANCO
Provisiones corrientes por beneficios a los empleados,-,USD,2020-06-30,ORO_BLANCO
Otros pasivos no financieros corrientes,3.160,USD,2020-06-30,ORO_BLANCO
Total de pasivos corrientes distintos de los pasivos incluidos en grupos de activos para su disposición clasificados como mantenidos para la venta,226.588,USD,2020-06-30,ORO_BLANCO
Pasivos incluidos en grupos de activos para su disposición clasificados como mantenidos para la venta,-,USD,2020-06-30,ORO_BLANCO
Pasivos corrientes totales,226.588,USD,2020-06-30,ORO_BLANCO
Otros pasivos financieros no corrientes,569.289,USD,2020-06-30,ORO_BLANCO
Pasivos por arrendamientos no corrientes,-,USD,2020-06-30,ORO_BLANCO
Cuentas por pagar no corrientes,-,USD,2020-06-30,ORO_BLANCO
"Cuentas por pagar a entidades relacionadas, no corrientes",-,USD,2020-06-30,ORO_BLANCO
Otras provisiones a largo plazo,-,USD,2020-06-30,ORO_BLANCO
Pasivo por impuestos diferidos,-,USD,2020-06-30,ORO_BLANCO
"Pasivos por impuestos corrientes, no corrientes",-,USD,2020-06-30,ORO_BLANCO
Provisiones no corrientes por beneficios a los empleados,535,USD,2020-06-30,ORO_BLANCO
Otros pasivos no financieros no corrientes,-,USD,2020-06-30,ORO_BLANCO
Total de pasivos no corrientes,569.824,USD,2020-06-30,ORO_BLANCO
Total de pasivos,796.412,USD,2020-06-30,ORO_BLANCO
Capital emitido y pagado,775.504,USD,2020-06-30,ORO_BLANCO
Ganancias (pérdidas) acumuladas,565.800,USD,2020-06-30,ORO_BLANCO
Prima de emisión,83.212,USD,2020-06-30,ORO_BLANCO
Acciones propias en cartera,-,USD,2020-06-30,ORO_BLANCO
Otras participaciones en el patrimonio,851,USD,2020-06-30,ORO_BLANCO
Otras reservas,-121.959,USD,2020-06-30,ORO_BLANCO
Patrimonio atribuible a los propietarios de la controladora,1.303.408,USD,2020-06-30,ORO_BLANCO
Participaciones no controladoras,130.049,USD,2020-06-30,ORO_BLANCO
Patrimonio total,1.433.457,USD,2020-06-30,ORO_BLANCO
Total de patrimonio y pasivos,2.229.869,USD,2020-06-30,ORO_BLANCO
Efectivo y equivalentes al efectivo,186.972,USD,2020-09-30,ORO_BLANCO
Otros activos financieros corrientes,24.963,USD,2020-09-30,ORO_BLANCO
Otros activos no financieros corrientes,-,USD,2020-09-30,ORO_BLANCO
Deudores comerciales y otras cuentas por cobrar corrientes,-,USD,2020-09-30,ORO_BLANCO
"Cuentas por cobrar a entidades relacionadas, corrientes",403.930,USD,2020-09-30,ORO_BLANCO
Inventarios corrientes,-,USD,2020-09-30,ORO_BLANCO
Activos biológicos corrientes,-,USD,2020-09-30,ORO_BLANCO
"Activos por impuestos corrientes, corrientes",35.512,USD,2020-09-30,ORO_BLANCO
Total de activos corrientes distintos de los activo o grupos de activos para su disposición clasificados como mantenidos para la venta o como mantenidos para distribuir a los propietarios,651.377,USD,2020-09-30,ORO_BLANCO
Activos no corrientes o grupos de activos para su disposición clasificados como mantenidos para la venta o como mantenidos para distribuir a los propietarios,-,USD,2020-09-30,ORO_BLANCO
Activos corrientes totales,651.377,USD,2020-09-30,ORO_BLANCO
Otros activos financieros no corrientes,-,USD,2020-09-30,ORO_BLANCO
Otros activos no financieros no corrientes,-,USD,2020-09-30,ORO_BLANCO
Cuentas por cobrar no corrientes,-,USD,2020-09-30,ORO_BLANCO
"Cuentas por cobrar a entidades relacionadas, no corrientes",-,USD,2020-09-30,ORO_BLANCO
"Inventarios, no corrientes",-,USD,2020-09-30,ORO_BLANCO
Inversiones contabilizadas utilizando el método de la participación,1.232.947,USD,2020-09-30,ORO_BLANCO
Activos intangibles distintos de la plusvalía,-,USD,2020-09-30,ORO_BLANCO
Plusvalía,486.669,USD,2020-09-30,ORO_BLANCO
"Propiedades, planta y equipo",-,USD,2020-09-30,ORO_BLANCO
Activos biológicos no corrientes,-,USD,2020-09-30,ORO_BLANCO
Propiedad de inversión,-,USD,2020-09-30,ORO_BLANCO
Activos por derecho de uso,-,USD,2020-09-30,ORO_BLANCO
"Activos por impuestos corrientes, no corrientes",-,USD,2020-09-30,ORO_BLANCO
Activos por impuestos diferidos,9.134,USD,2020-09-30,ORO_BLANCO
Total de activos no corrientes,1.728.750,USD,2020-09-30,ORO_BLANCO
Total de activos,2.380.127,USD,2020-09-30,ORO_BLANCO
Otros pasivos financieros corrientes,68.529,USD,2020-09-30,ORO_BLANCO
Pasivos por arrendamientos corrientes,-,USD,2020-09-30,ORO_BLANCO
Cuentas por pagar comerciales y otras cuentas por pagar,150,USD,2020-09-30,ORO_BLANCO
"Cuentas por pagar a entidades relacionadas, corrientes",-,USD,2020-09-30,ORO_BLANCO
Otras provisiones a corto plazo,-,USD,2020-09-30,ORO_BLANCO
"Pasivos por impuestos corrientes, corrientes",2.869,USD,2020-09-30,ORO_BLANCO
Provisiones corrientes por beneficios a los empleados,-,USD,2020-09-30,ORO_BLANCO
Otros pasivos no financieros corrientes,444,USD,2020-09-30,ORO_BLANCO
Total de pasivos corrientes distintos de los pasivos incluidos en grupos de activos para su disposición clasificados como mantenidos para la venta,71.992,USD,2020-09-30,ORO_BLANCO
Pasivos incluidos en grupos de activos para su disposición clasificados como mantenidos para la venta,-,USD,2020-09-30,ORO_BLANCO
Pasivos corrientes totales,71.992,USD,2020-09-30,ORO_BLANCO
Otros pasivos financieros no corrientes,699.616,USD,2020-09-30,ORO_BLANCO
Pasivos por arrendamientos no corrientes,-,USD,2020-09-30,ORO_BLANCO
Cuentas por pagar no corrientes,-,USD,2020-09-30,ORO_BLANCO
"Cuentas por pagar a entidades relacionadas, no corrientes",-,USD,2020-09-30,ORO_BLANCO
Otras provisiones a largo plazo,-,USD,2020-09-30,ORO_BLANCO
Pasivo por impuestos diferidos,-,USD,2020-09-30,ORO_BLANCO
"Pasivos por impuestos corrientes, no corrientes",-,USD,2020-09-30,ORO_BLANCO
Provisiones no corrientes por beneficios a los empleados,639,USD,2020-09-30,ORO_BLANCO
Otros pasivos no financieros no corrientes,-,USD,2020-09-30,ORO_BLANCO
Total de pasivos no corrientes,700.255,USD,2020-09-30,ORO_BLANCO
Total de pasivos,772.247,USD,2020-09-30,ORO_BLANCO
Capital emitido y pagado,931.796,USD,2020-09-30,ORO_BLANCO
Ganancias (pérdidas) acumuladas,558.371,USD,2020-09-30,ORO_BLANCO
Prima de emisión,83.212,USD,2020-09-30,ORO_BLANCO
Acciones propias en cartera,-,USD,2020-09-30,ORO_BLANCO
Otras participaciones en el patrimonio,851,USD,2020-09-30,ORO_BLANCO
Otras reservas,-113.704,USD,2020-09-30,ORO_BLANCO
Patrimonio atribuible a los propietarios de la controladora,1.460.526,USD,2020-09-30,ORO_BLANCO
Participaciones no controladoras,147.354,USD,2020-09-30,ORO_BLANCO
Patrimonio total,1.607.880,USD,2020-09-30,ORO_BLANCO
Total de patrimonio y pasivos,2.380.127,USD,2020-09-30,ORO_BLANCO
Efectivo y equivalentes al efectivo,142.588,USD,2020-12-31,ORO_BLANCO
Otros activos financieros corrientes,25.641,USD,2020-12-31,ORO_BLANCO
Otros activos no financieros corrientes,-,USD,2020-12-31,ORO_BLANCO
Deudores comerciales y otras cuentas por cobrar corrientes,-,USD,2020-12-31,ORO_BLANCO
"Cuentas por cobrar a entidades relacionadas, corrientes",409.091,USD,2020-12-31,ORO_BLANCO
Inventarios corrientes,-,USD,2020-12-31,ORO_BLANCO
Activos biológicos corrientes,-,USD,2020-12-31,ORO_BLANCO
"Activos por impuestos corrientes, corrientes",33.198,USD,2020-12-31,ORO_BLANCO
Total de activos corrientes distintos de los activo o grupos de activos para su disposición clasificados como mantenidos para la venta o como mantenidos para distribuir a los propietarios,610.518,USD,2020-12-31,ORO_BLANCO
Activos no corrientes o grupos de activos para su disposición clasificados como mantenidos para la venta o como mantenidos para distribuir a los propietarios,-,USD,2020-12-31,ORO_BLANCO
Activos corrientes totales,610.518,USD,2020-12-31,ORO_BLANCO
Otros activos financieros no corrientes,-,USD,2020-12-31,ORO_BLANCO
Otros activos no financieros no corrientes,-,USD,2020-12-31,ORO_BLANCO
Cuentas por cobrar no corrientes,-,USD,2020-12-31,ORO_BLANCO
"Cuentas por cobrar a entidades relacionadas, no corrientes",-,USD,2020-12-31,ORO_BLANCO
"Inventarios, no corrientes",-,USD,2020-12-31,ORO_BLANCO
Inversiones contabilizadas utilizando el método de la participación,1.251.882,USD,2020-12-31,ORO_BLANCO
Activos intangibles distintos de la plusvalía,-,USD,2020-12-31,ORO_BLANCO
Plusvalía,486.669,USD,2020-12-31,ORO_BLANCO
"Propiedades, planta y equipo",-,USD,2020-12-31,ORO_BLANCO
Activos biológicos no corrientes,-,USD,2020-12-31,ORO_BLANCO
Propiedad de inversión,-,USD,2020-12-31,ORO_BLANCO
Activos por derecho de uso,-,USD,2020-12-31,ORO_BLANCO
"Activos por impuestos corrientes, no corrientes",-,USD,2020-12-31,ORO_BLANCO
Activos por impuestos diferidos,6.216,USD,2020-12-31,ORO_BLANCO
Total de activos no corrientes,1.744.767,USD,2020-12-31,ORO_BLANCO
Total de activos,2.355.285,USD,2020-12-31,ORO_BLANCO
Otros pasivos financieros corrientes,64.292,USD,2020-12-31,ORO_BLANCO
Pasivos por arrendamientos corrientes,-,USD,2020-12-31,ORO_BLANCO
Cuentas por pagar comerciales y otras cuentas por pagar,189,USD,2020-12-31,ORO_BLANCO
"Cuentas por pagar a entidades relacionadas, corrientes",-,USD,2020-12-31,ORO_BLANCO
Otras provisiones a corto plazo,-,USD,2020-12-31,ORO_BLANCO
"Pasivos por impuestos corrientes, corrientes",3.141,USD,2020-12-31,ORO_BLANCO
Provisiones corrientes por beneficios a los empleados,-,USD,2020-12-31,ORO_BLANCO
Otros pasivos no financieros corrientes,1.919,USD,2020-12-31,ORO_BLANCO
Total de pasivos corrientes distintos de los pasivos incluidos en grupos de activos para su disposición clasificados como mantenidos para la venta,69.541,USD,2020-12-31,ORO_BLANCO
Pasivos incluidos en grupos de activos para su disposición clasificados como mantenidos para la venta,-,USD,2020-12-31,ORO_BLANCO
Pasivos corrientes totales,69.541,USD,2020-12-31,ORO_BLANCO
Otros pasivos financieros no corrientes,653.200,USD,2020-12-31,ORO_BLANCO
Pasivos por arrendamientos no corrientes,-,USD,2020-12-31,ORO_BLANCO
Cuentas por pagar no corrientes,-,USD,2020-12-31,ORO_BLANCO
"Cuentas por pagar a entidades relacionadas, no corrientes",-,USD,2020-12-31,ORO_BLANCO
Otras provisiones a largo plazo,-,USD,2020-12-31,ORO_BLANCO
Pasivo por impuestos diferidos,-,USD,2020-12-31,ORO_BLANCO
"Pasivos por impuestos corrientes, no corrientes",-,USD,2020-12-31,ORO_BLANCO
Provisiones no corrientes por beneficios a los empleados,785,USD,2020-12-31,ORO_BLANCO
Otros pasivos no financieros no corrientes,-,USD,2020-12-31,ORO_BLANCO
Total de pasivos no corrientes,653.985,USD,2020-12-31,ORO_BLANCO
Total de pasivos,723.526,USD,2020-12-31,ORO_BLANCO
Capital emitido y pagado,938.986,USD,2020-12-31,ORO_BLANCO
Ganancias (pérdidas) acumuladas,562.949,USD,2020-12-31,ORO_BLANCO
Prima de emisión,83.212,USD,2020-12-31,ORO_BLANCO
Acciones propias en cartera,-,USD,2020-12-31,ORO_BLANCO
Otras participaciones en el patrimonio,851,USD,2020-12-31,ORO_BLANCO
Otras reservas,-103.789,USD,2020-12-31,ORO_BLANCO
Patrimonio atribuible a los propietarios de la controladora,1.482.209,USD,2020-12-31,ORO_BLANCO
Participaciones no controladoras,149.550,USD,2020-12-31,ORO_BLANCO
Patrimonio total,1.631.759,USD,2020-12-31,ORO_BLANCO
Total de patrimonio y pasivos,2.355.285,USD,2020-12-31,ORO_BLANCO
Efectivo y equivalentes al efectivo,378.285,USD,2021-03-31,ORO_BLANCO
Otros activos financieros corrientes,33.302,USD,2021-03-31,ORO_BLANCO
Otros activos no financieros corrientes,-,USD,2021-03-31,ORO_BLANCO
Deudores comerciales y otras cuentas por cobrar corrientes,-,USD,2021-03-31,ORO_BLANCO
"Cuentas por cobrar a entidades relacionadas, corrientes",413.498,USD,2021-03-31,ORO_BLANCO
Inventarios corrientes,-,USD,2021-03-31,ORO_BLANCO
Activos biológicos corrientes,-,USD,2021-03-31,ORO_BLANCO
"Activos por impuestos corrientes, corrientes",26.814,USD,2021-03-31,ORO_BLANCO
Total de activos corrientes distintos de los activo o grupos de activos para su disposición clasificados como mantenidos para la venta o como mantenidos para distribuir a los propietarios,851.899,USD,2021-03-31,ORO_BLANCO
Activos no corrientes o grupos de activos para su disposición clasificados como mantenidos para la venta o como mantenidos para distribuir a los propietarios,-,USD,2021-03-31,ORO_BLANCO
Activos corrientes totales,851.899,USD,2021-03-31,ORO_BLANCO
Otros activos financieros no corrientes,-,USD,2021-03-31,ORO_BLANCO
Otros activos no financieros no corrientes,-,USD,2021-03-31,ORO_BLANCO
Cuentas por cobrar no corrientes,-,USD,2021-03-31,ORO_BLANCO
"Cuentas por cobrar a entidades relacionadas, no corrientes",-,USD,2021-03-31,ORO_BLANCO
"Inventarios, no corrientes",-,USD,2021-03-31,ORO_BLANCO
Inversiones contabilizadas utilizando el método de la participación,1.035.629,USD,2021-03-31,ORO_BLANCO
Activos intangibles distintos de la plusvalía,-,USD,2021-03-31,ORO_BLANCO
Plusvalía,486.669,USD,2021-03-31,ORO_BLANCO
"Propiedades, planta y equipo",-,USD,2021-03-31,ORO_BLANCO
Activos biológicos no corrientes,-,USD,2021-03-31,ORO_BLANCO
Propiedad de inversión,-,USD,2021-03-31,ORO_BLANCO
Activos por derecho de uso,-,USD,2021-03-31,ORO_BLANCO
"Activos por impuestos corrientes, no corrientes",-,USD,2021-03-31,ORO_BLANCO
Activos por impuestos diferidos,3.513,USD,2021-03-31,ORO_BLANCO
Total de activos no corrientes,1.525.811,USD,2021-03-31,ORO_BLANCO
Total de activos,2.377.710,USD,2021-03-31,ORO_BLANCO
Otros pasivos financieros corrientes,56.354,USD,2021-03-31,ORO_BLANCO
Pasivos por arrendamientos corrientes,-,USD,2021-03-31,ORO_BLANCO
Cuentas por pagar comerciales y otras cuentas por pagar,178,USD,2021-03-31,ORO_BLANCO
"Cuentas por pagar a entidades relacionadas, corrientes",-,USD,2021-03-31,ORO_BLANCO
Otras provisiones a corto plazo,-,USD,2021-03-31,ORO_BLANCO
"Pasivos por impuestos corrientes, corrientes",3.421,USD,2021-03-31,ORO_BLANCO
Provisiones corrientes por beneficios a los empleados,-,USD,2021-03-31,ORO_BLANCO
Otros pasivos no financieros corrientes,12.103,USD,2021-03-31,ORO_BLANCO
Total de pasivos corrientes distintos de los pasivos incluidos en grupos de activos para su disposición clasificados como mantenidos para la venta,72.056,USD,2021-03-31,ORO_BLANCO
Pasivos incluidos en grupos de activos para su disposición clasificados como mantenidos para la venta,-,USD,2021-03-31,ORO_BLANCO
Pasivos corrientes totales,72.056,USD,2021-03-31,ORO_BLANCO
Otros pasivos financieros no corrientes,639.853,USD,2021-03-31,ORO_BLANCO
Pasivos por arrendamientos no corrientes,-,USD,2021-03-31,ORO_BLANCO
Cuentas por pagar no corrientes,-,USD,2021-03-31,ORO_BLANCO
"Cuentas por pagar a entidades relacionadas, no corrientes",-,USD,2021-03-31,ORO_BLANCO
Otras provisiones a largo plazo,-,USD,2021-03-31,ORO_BLANCO
Pasivo por impuestos diferidos,-,USD,2021-03-31,ORO_BLANCO
"Pasivos por impuestos corrientes, no corrientes",-,USD,2021-03-31,ORO_BLANCO
Provisiones no corrientes por beneficios a los empleados,346,USD,2021-03-31,ORO_BLANCO
Otros pasivos no financieros no corrientes,-,USD,2021-03-31,ORO_BLANCO
Total de pasivos no corrientes,640.199,USD,2021-03-31,ORO_BLANCO
Total de pasivos,712.255,USD,2021-03-31,ORO_BLANCO
Capital emitido y pagado,938.986,USD,2021-03-31,ORO_BLANCO
Ganancias (pérdidas) acumuladas,585.872,USD,2021-03-31,ORO_BLANCO
Prima de emisión,83.212,USD,2021-03-31,ORO_BLANCO
Acciones propias en cartera,-,USD,2021-03-31,ORO_BLANCO
Otras participaciones en el patrimonio,851,USD,2021-03-31,ORO_BLANCO
Otras reservas,-96.918,USD,2021-03-31,ORO_BLANCO
Patrimonio atribuible a los propietarios de la controladora,1.512.003,USD,2021-03-31,ORO_BLANCO
Participaciones no controladoras,153.452,USD,2021-03-31,ORO_BLANCO
Patrimonio total,1.665.455,USD,2021-03-31,ORO_BLANCO
Total de patrimonio y pasivos,2.377.710,USD,2021-03-31,ORO_BLANCO
Efectivo y equivalentes al efectivo,328.794,USD,2021-06-30,ORO_BLANCO
Otros activos financieros corrientes,19.649,USD,2021-06-30,ORO_BLANCO
Otros activos no financieros corrientes,-,USD,2021-06-30,ORO_BLANCO
Deudores comerciales y otras cuentas por cobrar corrientes,-,USD,2021-06-30,ORO_BLANCO
"Cuentas por cobrar a entidades relacionadas, corrientes",417.656,USD,2021-06-30,ORO_BLANCO
Inventarios corrientes,-,USD,2021-06-30,ORO_BLANCO
Activos biológicos corrientes,-,USD,2021-06-30,ORO_BLANCO
"Activos por impuestos corrientes, corrientes",22.105,USD,2021-06-30,ORO_BLANCO
Total de activos corrientes distintos de los activo o grupos de activos para su disposición clasificados como mantenidos para la venta o como mantenidos para distribuir a los propietarios,788.204,USD,2021-06-30,ORO_BLANCO
Activos no corrientes o grupos de activos para su disposición clasificados como mantenidos para la venta o como mantenidos para distribuir a los propietarios,-,USD,2021-06-30,ORO_BLANCO
Activos corrientes totales,788.204,USD,2021-06-30,ORO_BLANCO
Otros activos financieros no corrientes,-,USD,2021-06-30,ORO_BLANCO
Otros activos no financieros no corrientes,-,USD,2021-06-30,ORO_BLANCO
Cuentas por cobrar no corrientes,-,USD,2021-06-30,ORO_BLANCO
"Cuentas por cobrar a entidades relacionadas, no corrientes",-,USD,2021-06-30,ORO_BLANCO
"Inventarios, no corrientes",-,USD,2021-06-30,ORO_BLANCO
Inversiones contabilizadas utilizando el método de la participación,1.247.257,USD,2021-06-30,ORO_BLANCO
Activos intangibles distintos de la plusvalía,-,USD,2021-06-30,ORO_BLANCO
Plusvalía,486.669,USD,2021-06-30,ORO_BLANCO
"Propiedades, planta y equipo",-,USD,2021-06-30,ORO_BLANCO
Activos biológicos no corrientes,-,USD,2021-06-30,ORO_BLANCO
Propiedad de inversión,-,USD,2021-06-30,ORO_BLANCO
Activos por derecho de uso,-,USD,2021-06-30,ORO_BLANCO
"Activos por impuestos corrientes, no corrientes",-,USD,2021-06-30,ORO_BLANCO
Activos por impuestos diferidos,10.032,USD,2021-06-30,ORO_BLANCO
Total de activos no corrientes,1.743.958,USD,2021-06-30,ORO_BLANCO
Total de activos,2.532.162,USD,2021-06-30,ORO_BLANCO
Otros pasivos financieros corrientes,43.393,USD,2021-06-30,ORO_BLANCO
Pasivos por arrendamientos corrientes,-,USD,2021-06-30,ORO_BLANCO
Cuentas por pagar comerciales y otras cuentas por pagar,136,USD,2021-06-30,ORO_BLANCO
"Cuentas por pagar a entidades relacionadas, corrientes",-,USD,2021-06-30,ORO_BLANCO
Otras provisiones a corto plazo,-,USD,2021-06-30,ORO_BLANCO
"Pasivos por impuestos corrientes, corrientes",2.677,USD,2021-06-30,ORO_BLANCO
Provisiones corrientes por beneficios a los empleados,-,USD,2021-06-30,ORO_BLANCO
Otros pasivos no financieros corrientes,61.678,USD,2021-06-30,ORO_BLANCO
Total de pasivos corrientes distintos de los pasivos incluidos en grupos de activos para su disposición clasificados como mantenidos para la venta,107.884,USD,2021-06-30,ORO_BLANCO
Pasivos incluidos en grupos de activos para su disposición clasificados como mantenidos para la venta,-,USD,2021-06-30,ORO_BLANCO
Pasivos corrientes totales,107.884,USD,2021-06-30,ORO_BLANCO
Otros pasivos financieros no corrientes,664.002,USD,2021-06-30,ORO_BLANCO
Pasivos por arrendamientos no corrientes,-,USD,2021-06-30,ORO_BLANCO
Cuentas por pagar no corrientes,-,USD,2021-06-30,ORO_BLANCO
"Cuentas por pagar a entidades relacionadas, no corrientes",-,USD,2021-06-30,ORO_BLANCO
Otras provisiones a largo plazo,-,USD,2021-06-30,ORO_BLANCO
Pasivo por impuestos diferidos,-,USD,2021-06-30,ORO_BLANCO
"Pasivos por impuestos corrientes, no corrientes",-,USD,2021-06-30,ORO_BLANCO
Provisiones no corrientes por beneficios a los empleados,-,USD,2021-06-30,ORO_BLANCO
Otros pasivos no financieros no corrientes,-,USD,2021-06-30,ORO_BLANCO
Total de pasivos no corrientes,664.002,USD,2021-06-30,ORO_BLANCO
Total de pasivos,771.886,USD,2021-06-30,ORO_BLANCO
Capital emitido y pagado,938.986,USD,2021-06-30,ORO_BLANCO
Ganancias (pérdidas) acumuladas,692.045,USD,2021-06-30,ORO_BLANCO
Prima de emisión,83.212,USD,2021-06-30,ORO_BLANCO
Acciones propias en cartera,-,USD,2021-06-30,ORO_BLANCO
Otras participaciones en el patrimonio,851,USD,2021-06-30,ORO_BLANCO
Otras reservas,-119.068,USD,2021-06-30,ORO_BLANCO
Patrimonio atribuible a los propietarios de la controladora,1.596.026,USD,2021-06-30,ORO_BLANCO
Participaciones no controladoras,164.250,USD,2021-06-30,ORO_BLANCO
Patrimonio total,1.760.276,USD,2021-06-30,ORO_BLANCO
Total de patrimonio y pasivos,2.532.162,USD,2021-06-30,ORO_BLANCO
Efectivo y equivalentes al efectivo,224.022,USD,2021-09-30,ORO_BLANCO
Otros activos financieros corrientes,252.850,USD,2021-09-30,ORO_BLANCO
Otros activos no financieros corrientes,-,USD,2021-09-30,ORO_BLANCO
Deudores comerciales y otras cuentas por cobrar corrientes,23.468,USD,2021-09-30,ORO_BLANCO
"Cuentas por cobrar a entidades relacionadas, corrientes",-,USD,2021-09-30,ORO_BLANCO
Inventarios corrientes,-,USD,2021-09-30,ORO_BLANCO
Activos biológicos corrientes,-,USD,2021-09-30,ORO_BLANCO
"Activos por impuestos corrientes, corrientes",24.401,USD,2021-09-30,ORO_BLANCO
Total de activos corrientes distintos de los activo o grupos de activos para su disposición clasificados como mantenidos para la venta o como mantenidos para distribuir a los propietarios,524.741,USD,2021-09-30,ORO_BLANCO
Activos no corrientes o grupos de activos para su disposición clasificados como mantenidos para la venta o como mantenidos para distribuir a los propietarios,-,USD,2021-09-30,ORO_BLANCO
Activos corrientes totales,524.741,USD,2021-09-30,ORO_BLANCO
Otros activos financieros no corrientes,-,USD,2021-09-30,ORO_BLANCO
Otros activos no financieros no corrientes,-,USD,2021-09-30,ORO_BLANCO
Cuentas por cobrar no corrientes,-,USD,2021-09-30,ORO_BLANCO
"Cuentas por cobrar a entidades relacionadas, no corrientes",422.348,USD,2021-09-30,ORO_BLANCO
"Inventarios, no corrientes",-,USD,2021-09-30,ORO_BLANCO
Inversiones contabilizadas utilizando el método de la participación,1.097.339,USD,2021-09-30,ORO_BLANCO
Activos intangibles distintos de la plusvalía,-,USD,2021-09-30,ORO_BLANCO
Plusvalía,486.669,USD,2021-09-30,ORO_BLANCO
"Propiedades, planta y equipo",-,USD,2021-09-30,ORO_BLANCO
Activos biológicos no corrientes,-,USD,2021-09-30,ORO_BLANCO
Propiedad de inversión,-,USD,2021-09-30,ORO_BLANCO
Activos por derecho de uso,-,USD,2021-09-30,ORO_BLANCO
"Activos por impuestos corrientes, no corrientes",-,USD,2021-09-30,ORO_BLANCO
Activos por impuestos diferidos,1.046,USD,2021-09-30,ORO_BLANCO
Total de activos no corrientes,2.007.402,USD,2021-09-30,ORO_BLANCO
Total de activos,2.532.143,USD,2021-09-30,ORO_BLANCO
Otros pasivos financieros corrientes,232.932,USD,2021-09-30,ORO_BLANCO
Pasivos por arrendamientos corrientes,-,USD,2021-09-30,ORO_BLANCO
Cuentas por pagar comerciales y otras cuentas por pagar,11,USD,2021-09-30,ORO_BLANCO
"Cuentas por pagar a entidades relacionadas, corrientes",131,USD,2021-09-30,ORO_BLANCO
Otras provisiones a corto plazo,-,USD,2021-09-30,ORO_BLANCO
"Pasivos por impuestos corrientes, corrientes",3.476,USD,2021-09-30,ORO_BLANCO
Provisiones corrientes por beneficios a los empleados,-,USD,2021-09-30,ORO_BLANCO
Otros pasivos no financieros corrientes,63.059,USD,2021-09-30,ORO_BLANCO
Total de pasivos corrientes distintos de los pasivos incluidos en grupos de activos para su disposición clasificados como mantenidos para la venta,299.609,USD,2021-09-30,ORO_BLANCO
Pasivos incluidos en grupos de activos para su disposición clasificados como mantenidos para la venta,-,USD,2021-09-30,ORO_BLANCO
Pasivos corrientes totales,299.609,USD,2021-09-30,ORO_BLANCO
Otros pasivos financieros no corrientes,505.217,USD,2021-09-30,ORO_BLANCO
Pasivos por arrendamientos no corrientes,-,USD,2021-09-30,ORO_BLANCO
Cuentas por pagar no corrientes,-,USD,2021-09-30,ORO_BLANCO
"Cuentas por pagar a entidades relacionadas, no corrientes",-,USD,2021-09-30,ORO_BLANCO
Otras provisiones a largo plazo,-,USD,2021-09-30,ORO_BLANCO
Pasivo por impuestos diferidos,4.444,USD,2021-09-30,ORO_BLANCO
"Pasivos por impuestos corrientes, no corrientes",-,USD,2021-09-30,ORO_BLANCO
Provisiones no corrientes por beneficios a los empleados,-,USD,2021-09-30,ORO_BLANCO
Otros pasivos no financieros no corrientes,-,USD,2021-09-30,ORO_BLANCO
Total de pasivos no corrientes,509.661,USD,2021-09-30,ORO_BLANCO
Total de pasivos,809.270,USD,2021-09-30,ORO_BLANCO
Capital emitido y pagado,938.986,USD,2021-09-30,ORO_BLANCO
Ganancias (pérdidas) acumuladas,695.118,USD,2021-09-30,ORO_BLANCO
Prima de emisión,83.212,USD,2021-09-30,ORO_BLANCO
Acciones propias en cartera,-,USD,2021-09-30,ORO_BLANCO
Otras participaciones en el patrimonio,851,USD,2021-09-30,ORO_BLANCO
Otras reservas,-155.462,USD,2021-09-30,ORO_BLANCO
Patrimonio atribuible a los propietarios de la controladora,1.562.705,USD,2021-09-30,ORO_BLANCO
Participaciones no controladoras,160.168,USD,2021-09-30,ORO_BLANCO
Patrimonio total,1.722.873,USD,2021-09-30,ORO_BLANCO
Total de patrimonio y pasivos,2.532.143,USD,2021-09-30,ORO_BLANCO
Efectivo y equivalentes al efectivo,314.618,USD,2021-12-31,ORO_BLANCO
Otros activos financieros corrientes,272.928,USD,2021-12-31,ORO_BLANCO
Otros activos no financieros corrientes,-,USD,2021-12-31,ORO_BLANCO
Deudores comerciales y otras cuentas por cobrar corrientes,3.009,USD,2021-12-31,ORO_BLANCO
"Cuentas por cobrar a entidades relacionadas, corrientes",-,USD,2021-12-31,ORO_BLANCO
Inventarios corrientes,-,USD,2021-12-31,ORO_BLANCO
Activos biológicos corrientes,-,USD,2021-12-31,ORO_BLANCO
"Activos por impuestos corrientes, corrientes",23.141,USD,2021-12-31,ORO_BLANCO
Total de activos corrientes distintos de los activo o grupos de activos para su disposición clasificados como mantenidos para la venta o como mantenidos para distribuir a los propietarios,613.696,USD,2021-12-31,ORO_BLANCO
Activos no corrientes o grupos de activos para su disposición clasificados como mantenidos para la venta o como mantenidos para distribuir a los propietarios,-,USD,2021-12-31,ORO_BLANCO
Activos corrientes totales,613.696,USD,2021-12-31,ORO_BLANCO
Otros activos financieros no corrientes,134.363,USD,2021-12-31,ORO_BLANCO
Otros activos no financieros no corrientes,-,USD,2021-12-31,ORO_BLANCO
Cuentas por cobrar no corrientes,-,USD,2021-12-31,ORO_BLANCO
"Cuentas por cobrar a entidades relacionadas, no corrientes",421.115,USD,2021-12-31,ORO_BLANCO
"Inventarios, no corrientes",-,USD,2021-12-31,ORO_BLANCO
Inversiones contabilizadas utilizando el método de la participación,917.415,USD,2021-12-31,ORO_BLANCO
Activos intangibles distintos de la plusvalía,-,USD,2021-12-31,ORO_BLANCO
Plusvalía,486.669,USD,2021-12-31,ORO_BLANCO
"Propiedades, planta y equipo",-,USD,2021-12-31,ORO_BLANCO
Activos biológicos no corrientes,-,USD,2021-12-31,ORO_BLANCO
Propiedad de inversión,-,USD,2021-12-31,ORO_BLANCO
Activos por derecho de uso,-,USD,2021-12-31,ORO_BLANCO
"Activos por impuestos corrientes, no corrientes",-,USD,2021-12-31,ORO_BLANCO
Activos por impuestos diferidos,1.405,USD,2021-12-31,ORO_BLANCO
Total de activos no corrientes,1.960.967,USD,2021-12-31,ORO_BLANCO
Total de activos,2.574.663,USD,2021-12-31,ORO_BLANCO
Otros pasivos financieros corrientes,228.489,USD,2021-12-31,ORO_BLANCO
Pasivos por arrendamientos corrientes,-,USD,2021-12-31,ORO_BLANCO
Cuentas por pagar comerciales y otras cuentas por pagar,173,USD,2021-12-31,ORO_BLANCO
"Cuentas por pagar a entidades relacionadas, corrientes",209,USD,2021-12-31,ORO_BLANCO
Otras provisiones a corto plazo,45.208,USD,2021-12-31,ORO_BLANCO
"Pasivos por impuestos corrientes, corrientes",-,USD,2021-12-31,ORO_BLANCO
Provisiones corrientes por beneficios a los empleados,-,USD,2021-12-31,ORO_BLANCO
Otros pasivos no financieros corrientes,180.093,USD,2021-12-31,ORO_BLANCO
Total de pasivos corrientes distintos de los pasivos incluidos en grupos de activos para su disposición clasificados como mantenidos para la venta,454.172,USD,2021-12-31,ORO_BLANCO
Pasivos incluidos en grupos de activos para su disposición clasificados como mantenidos para la venta,-,USD,2021-12-31,ORO_BLANCO
Pasivos corrientes totales,454.172,USD,2021-12-31,ORO_BLANCO
Otros pasivos financieros no corrientes,474.147,USD,2021-12-31,ORO_BLANCO
Pasivos por arrendamientos no corrientes,-,USD,2021-12-31,ORO_BLANCO
Cuentas por pagar no corrientes,-,USD,2021-12-31,ORO_BLANCO
"Cuentas por pagar a entidades relacionadas, no corrientes",-,USD,2021-12-31,ORO_BLANCO
Otras provisiones a largo plazo,-,USD,2021-12-31,ORO_BLANCO
Pasivo por impuestos diferidos,5.832,USD,2021-12-31,ORO_BLANCO
"Pasivos por impuestos corrientes, no corrientes",-,USD,2021-12-31,ORO_BLANCO
Provisiones no corrientes por beneficios a los empleados,-,USD,2021-12-31,ORO_BLANCO
Otros pasivos no financieros no corrientes,-,USD,2021-12-31,ORO_BLANCO
Total de pasivos no corrientes,479.979,USD,2021-12-31,ORO_BLANCO
Total de pasivos,934.151,USD,2021-12-31,ORO_BLANCO
Capital emitido y pagado,938.986,USD,2021-12-31,ORO_BLANCO
Ganancias (pérdidas) acumuladas,621.854,USD,2021-12-31,ORO_BLANCO
Prima de emisión,83.212,USD,2021-12-31,ORO_BLANCO
Acciones propias en cartera,-,USD,2021-12-31,ORO_BLANCO
Otras participaciones en el patrimonio,851,USD,2021-12-31,ORO_BLANCO
Otras reservas,-158.280,USD,2021-12-31,ORO_BLANCO
Patrimonio atribuible a los propietarios de la controladora,1.486.623,USD,2021-12-31,ORO_BLANCO
Participaciones no controladoras,153.889,USD,2021-12-31,ORO_BLANCO
Patrimonio total,1.640.512,USD,2021-12-31,ORO_BLANCO
Total de patrimonio y pasivos,2.574.663,USD,2021-12-31,ORO_BLANCO
Efectivo y equivalentes al efectivo,334.164,USD,2022-03-31,ORO_BLANCO
Otros activos financieros corrientes,369.937,USD,2022-03-31,ORO_BLANCO
Otros activos no financieros corrientes,-,USD,2022-03-31,ORO_BLANCO
Deudores comerciales y otras cuentas por cobrar corrientes,1,USD,2022-03-31,ORO_BLANCO
"Cuentas por cobrar a entidades relacionadas, corrientes",-,USD,2022-03-31,ORO_BLANCO
Inventarios corrientes,-,USD,2022-03-31,ORO_BLANCO
Activos biológicos corrientes,-,USD,2022-03-31,ORO_BLANCO
"Activos por impuestos corrientes, corrientes",23.104,USD,2022-03-31,ORO_BLANCO
Total de activos corrientes distintos de los activo o grupos de activos para su disposición clasificados como mantenidos para la venta o como mantenidos para distribuir a los propietarios,727.206,USD,2022-03-31,ORO_BLANCO
Activos no corrientes o grupos de activos para su disposición clasificados como mantenidos para la venta o como mantenidos para distribuir a los propietarios,-,USD,2022-03-31,ORO_BLANCO
Activos corrientes totales,727.206,USD,2022-03-31,ORO_BLANCO
Otros activos financieros no corrientes,112.488,USD,2022-03-31,ORO_BLANCO
Otros activos no financieros no corrientes,-,USD,2022-03-31,ORO_BLANCO
Cuentas por cobrar no corrientes,0,USD,2022-03-31,ORO_BLANCO
"Cuentas por cobrar a entidades relacionadas, no corrientes",424.641,USD,2022-03-31,ORO_BLANCO
"Inventarios, no corrientes",-,USD,2022-03-31,ORO_BLANCO
Inversiones contabilizadas utilizando el método de la participación,793.847,USD,2022-03-31,ORO_BLANCO
Activos intangibles distintos de la plusvalía,-,USD,2022-03-31,ORO_BLANCO
Plusvalía,486.669,USD,2022-03-31,ORO_BLANCO
"Propiedades, planta y equipo",-,USD,2022-03-31,ORO_BLANCO
Activos biológicos no corrientes,-,USD,2022-03-31,ORO_BLANCO
Propiedad de inversión,-,USD,2022-03-31,ORO_BLANCO
Activos por derecho de uso,-,USD,2022-03-31,ORO_BLANCO
"Activos por impuestos corrientes, no corrientes",-,USD,2022-03-31,ORO_BLANCO
Activos por impuestos diferidos,1.797,USD,2022-03-31,ORO_BLANCO
Total de activos no corrientes,1.819.442,USD,2022-03-31,ORO_BLANCO
Total de activos,2.546.648,USD,2022-03-31,ORO_BLANCO
Otros pasivos financieros corrientes,231.375,USD,2022-03-31,ORO_BLANCO
Pasivos por arrendamientos corrientes,-,USD,2022-03-31,ORO_BLANCO
Cuentas por pagar comerciales y otras cuentas por pagar,107,USD,2022-03-31,ORO_BLANCO
"Cuentas por pagar a entidades relacionadas, corrientes",194,USD,2022-03-31,ORO_BLANCO
Otras provisiones a corto plazo,31.500,USD,2022-03-31,ORO_BLANCO
"Pasivos por impuestos corrientes, corrientes",990,USD,2022-03-31,ORO_BLANCO
Provisiones corrientes por beneficios a los empleados,-,USD,2022-03-31,ORO_BLANCO
Otros pasivos no financieros corrientes,227.830,USD,2022-03-31,ORO_BLANCO
Total de pasivos corrientes distintos de los pasivos incluidos en grupos de activos para su disposición clasificados como mantenidos para la venta,491.996,USD,2022-03-31,ORO_BLANCO
Pasivos incluidos en grupos de activos para su disposición clasificados como mantenidos para la venta,-,USD,2022-03-31,ORO_BLANCO
Pasivos corrientes totales,491.996,USD,2022-03-31,ORO_BLANCO
Otros pasivos financieros no corrientes,440.036,USD,2022-03-31,ORO_BLANCO
Pasivos por arrendamientos no corrientes,-,USD,2022-03-31,ORO_BLANCO
Cuentas por pagar no corrientes,-,USD,2022-03-31,ORO_BLANCO
"Cuentas por pagar a entidades relacionadas, no corrientes",-,USD,2022-03-31,ORO_BLANCO
Otras provisiones a largo plazo,-,USD,2022-03-31,ORO_BLANCO
Pasivo por impuestos diferidos,7.273,USD,2022-03-31,ORO_BLANCO
"Pasivos por impuestos corrientes, no corrientes",-,USD,2022-03-31,ORO_BLANCO
Provisiones no corrientes por beneficios a los empleados,-,USD,2022-03-31,ORO_BLANCO
Otros pasivos no financieros no corrientes,-,USD,2022-03-31,ORO_BLANCO
Total de pasivos no corrientes,447.309,USD,2022-03-31,ORO_BLANCO
Total de pasivos,939.305,USD,2022-03-31,ORO_BLANCO
Capital emitido y pagado,938.986,USD,2022-03-31,ORO_BLANCO
Ganancias (pérdidas) acumuladas,560.480,USD,2022-03-31,ORO_BLANCO
Prima de emisión,83.212,USD,2022-03-31,ORO_BLANCO
Acciones propias en cartera,-,USD,2022-03-31,ORO_BLANCO
Otras participaciones en el patrimonio,851,USD,2022-03-31,ORO_BLANCO
Otras reservas,-126.602,USD,2022-03-31,ORO_BLANCO
Patrimonio atribuible a los propietarios de la controladora,1.456.927,USD,2022-03-31,ORO_BLANCO
Participaciones no controladoras,150.416,USD,2022-03-31,ORO_BLANCO
Patrimonio total,1.607.343,USD,2022-03-31,ORO_BLANCO
Total de patrimonio y pasivos,2.546.648,USD,2022-03-31,ORO_BLANCO
Efectivo y equivalentes al efectivo,221.507,USD,2022-06-30,ORO_BLANCO
Otros activos financieros corrientes,231.870,USD,2022-06-30,ORO_BLANCO
Otros activos no financieros corrientes,-,USD,2022-06-30,ORO_BLANCO
Deudores comerciales y otras cuentas por cobrar corrientes,0,USD,2022-06-30,ORO_BLANCO
"Cuentas por cobrar a entidades relacionadas, corrientes",-,USD,2022-06-30,ORO_BLANCO
Inventarios corrientes,-,USD,2022-06-30,ORO_BLANCO
Activos biológicos corrientes,-,USD,2022-06-30,ORO_BLANCO
"Activos por impuestos corrientes, corrientes",23.827,USD,2022-06-30,ORO_BLANCO
Total de activos corrientes distintos de los activo o grupos de activos para su disposición clasificados como mantenidos para la venta o como mantenidos para distribuir a los propietarios,477.204,USD,2022-06-30,ORO_BLANCO
Activos no corrientes o grupos de activos para su disposición clasificados como mantenidos para la venta o como mantenidos para distribuir a los propietarios,-,USD,2022-06-30,ORO_BLANCO
Activos corrientes totales,477.204,USD,2022-06-30,ORO_BLANCO
Otros activos financieros no corrientes,107.849,USD,2022-06-30,ORO_BLANCO
Otros activos no financieros no corrientes,-,USD,2022-06-30,ORO_BLANCO
Cuentas por cobrar no corrientes,0,USD,2022-06-30,ORO_BLANCO
"Cuentas por cobrar a entidades relacionadas, no corrientes",396.570,USD,2022-06-30,ORO_BLANCO
"Inventarios, no corrientes",-,USD,2022-06-30,ORO_BLANCO
Inversiones contabilizadas utilizando el método de la participación,856.492,USD,2022-06-30,ORO_BLANCO
Activos intangibles distintos de la plusvalía,-,USD,2022-06-30,ORO_BLANCO
Plusvalía,486.669,USD,2022-06-30,ORO_BLANCO
"Propiedades, planta y equipo",-,USD,2022-06-30,ORO_BLANCO
Activos biológicos no corrientes,-,USD,2022-06-30,ORO_BLANCO
Propiedad de inversión,-,USD,2022-06-30,ORO_BLANCO
Activos por derecho de uso,-,USD,2022-06-30,ORO_BLANCO
"Activos por impuestos corrientes, no corrientes",39.953,USD,2022-06-30,ORO_BLANCO
Activos por impuestos diferidos,2.590,USD,2022-06-30,ORO_BLANCO
Total de activos no corrientes,1.890.123,USD,2022-06-30,ORO_BLANCO
Total de activos,2.367.327,USD,2022-06-30,ORO_BLANCO
Otros pasivos financieros corrientes,227.624,USD,2022-06-30,ORO_BLANCO
Pasivos por arrendamientos corrientes,-,USD,2022-06-30,ORO_BLANCO
Cuentas por pagar comerciales y otras cuentas por pagar,101,USD,2022-06-30,ORO_BLANCO
"Cuentas por pagar a entidades relacionadas, corrientes",56,USD,2022-06-30,ORO_BLANCO
Otras provisiones a corto plazo,26.630,USD,2022-06-30,ORO_BLANCO
"Pasivos por impuestos corrientes, corrientes",-,USD,2022-06-30,ORO_BLANCO
Provisiones corrientes por beneficios a los empleados,-,USD,2022-06-30,ORO_BLANCO
Otros pasivos no financieros corrientes,100,USD,2022-06-30,ORO_BLANCO
Total de pasivos corrientes distintos de los pasivos incluidos en grupos de activos para su disposición clasificados como mantenidos para la venta,254.511,USD,2022-06-30,ORO_BLANCO
Pasivos incluidos en grupos de activos para su disposición clasificados como mantenidos para la venta,-,USD,2022-06-30,ORO_BLANCO
Pasivos corrientes totales,254.511,USD,2022-06-30,ORO_BLANCO
Otros pasivos financieros no corrientes,431.315,USD,2022-06-30,ORO_BLANCO
Pasivos por arrendamientos no corrientes,-,USD,2022-06-30,ORO_BLANCO
Cuentas por pagar no corrientes,-,USD,2022-06-30,ORO_BLANCO
"Cuentas por pagar a entidades relacionadas, no corrientes",1.346,USD,2022-06-30,ORO_BLANCO
Otras provisiones a largo plazo,-,USD,2022-06-30,ORO_BLANCO
Pasivo por impuestos diferidos,8.599,USD,2022-06-30,ORO_BLANCO
"Pasivos por impuestos corrientes, no corrientes",-,USD,2022-06-30,ORO_BLANCO
Provisiones no corrientes por beneficios a los empleados,-,USD,2022-06-30,ORO_BLANCO
Otros pasivos no financieros no corrientes,-,USD,2022-06-30,ORO_BLANCO
Total de pasivos no corrientes,441.260,USD,2022-06-30,ORO_BLANCO
Total de pasivos,695.771,USD,2022-06-30,ORO_BLANCO
Capital emitido y pagado,938.986,USD,2022-06-30,ORO_BLANCO
Ganancias (pérdidas) acumuladas,609.477,USD,2022-06-30,ORO_BLANCO
Prima de emisión,83.212,USD,2022-06-30,ORO_BLANCO
Acciones propias en cartera,-,USD,2022-06-30,ORO_BLANCO
Otras participaciones en el patrimonio,851,USD,2022-06-30,ORO_BLANCO
Otras reservas,-118.408,USD,2022-06-30,ORO_BLANCO
Patrimonio atribuible a los propietarios de la controladora,1.514.118,USD,2022-06-30,ORO_BLANCO
Participaciones no controladoras,157.438,USD,2022-06-30,ORO_BLANCO
Patrimonio total,1.671.556,USD,2022-06-30,ORO_BLANCO
Total de patrimonio y pasivos,2.367.327,USD,2022-06-30,ORO_BLANCO
Efectivo y equivalentes al efectivo,140.540,USD,2022-09-30,ORO_BLANCO
Otros activos financieros corrientes,146.415,USD,2022-09-30,ORO_BLANCO
Otros activos no financieros corrientes,-,USD,2022-09-30,ORO_BLANCO
Deudores comerciales y otras cuentas por cobrar corrientes,2.215,USD,2022-09-30,ORO_BLANCO
"Cuentas por cobrar a entidades relacionadas, corrientes",-,USD,2022-09-30,ORO_BLANCO
Inventarios corrientes,-,USD,2022-09-30,ORO_BLANCO
Activos biológicos corrientes,-,USD,2022-09-30,ORO_BLANCO
"Activos por impuestos corrientes, corrientes",23.128,USD,2022-09-30,ORO_BLANCO
Total de activos corrientes distintos de los activo o grupos de activos para su disposición clasificados como mantenidos para la venta o como mantenidos para distribuir a los propietarios,312.298,USD,2022-09-30,ORO_BLANCO
Activos no corrientes o grupos de activos para su disposición clasificados como mantenidos para la venta o como mantenidos para distribuir a los propietarios,-,USD,2022-09-30,ORO_BLANCO
Activos corrientes totales,312.298,USD,2022-09-30,ORO_BLANCO
Otros activos financieros no corrientes,5.056,USD,2022-09-30,ORO_BLANCO
Otros activos no financieros no corrientes,-,USD,2022-09-30,ORO_BLANCO
Cuentas por cobrar no corrientes,0,USD,2022-09-30,ORO_BLANCO
"Cuentas por cobrar a entidades relacionadas, no corrientes",444.483,USD,2022-09-30,ORO_BLANCO
"Inventarios, no corrientes",-,USD,2022-09-30,ORO_BLANCO
Inversiones contabilizadas utilizando el método de la participación,1.058.702,USD,2022-09-30,ORO_BLANCO
Activos intangibles distintos de la plusvalía,-,USD,2022-09-30,ORO_BLANCO
Plusvalía,486.669,USD,2022-09-30,ORO_BLANCO
"Propiedades, planta y equipo",-,USD,2022-09-30,ORO_BLANCO
Activos biológicos no corrientes,-,USD,2022-09-30,ORO_BLANCO
Propiedad de inversión,-,USD,2022-09-30,ORO_BLANCO
Activos por derecho de uso,-,USD,2022-09-30,ORO_BLANCO
"Activos por impuestos corrientes, no corrientes",38.781,USD,2022-09-30,ORO_BLANCO
Activos por impuestos diferidos,3.160,USD,2022-09-30,ORO_BLANCO
Total de activos no corrientes,2.036.851,USD,2022-09-30,ORO_BLANCO
Total de activos,2.349.149,USD,2022-09-30,ORO_BLANCO
Otros pasivos financieros corrientes,46.325,USD,2022-09-30,ORO_BLANCO
Pasivos por arrendamientos corrientes,-,USD,2022-09-30,ORO_BLANCO
Cuentas por pagar comerciales y otras cuentas por pagar,50,USD,2022-09-30,ORO_BLANCO
"Cuentas por pagar a entidades relacionadas, corrientes",47,USD,2022-09-30,ORO_BLANCO
Otras provisiones a corto plazo,3.830,USD,2022-09-30,ORO_BLANCO
"Pasivos por impuestos corrientes, corrientes",-,USD,2022-09-30,ORO_BLANCO
Provisiones corrientes por beneficios a los empleados,-,USD,2022-09-30,ORO_BLANCO
Otros pasivos no financieros corrientes,12.276,USD,2022-09-30,ORO_BLANCO
Total de pasivos corrientes distintos de los pasivos incluidos en grupos de activos para su disposición clasificados como mantenidos para la venta,62.528,USD,2022-09-30,ORO_BLANCO
Pasivos incluidos en grupos de activos para su disposición clasificados como mantenidos para la venta,-,USD,2022-09-30,ORO_BLANCO
Pasivos corrientes totales,62.528,USD,2022-09-30,ORO_BLANCO
Otros pasivos financieros no corrientes,416.521,USD,2022-09-30,ORO_BLANCO
Pasivos por arrendamientos no corrientes,-,USD,2022-09-30,ORO_BLANCO
Cuentas por pagar no corrientes,-,USD,2022-09-30,ORO_BLANCO
"Cuentas por pagar a entidades relacionadas, no corrientes",1.361,USD,2022-09-30,ORO_BLANCO
Otras provisiones a largo plazo,-,USD,2022-09-30,ORO_BLANCO
Pasivo por impuestos diferidos,10.007,USD,2022-09-30,ORO_BLANCO
"Pasivos por impuestos corrientes, no corrientes",-,USD,2022-09-30,ORO_BLANCO
Provisiones no corrientes por beneficios a los empleados,-,USD,2022-09-30,ORO_BLANCO
Otros pasivos no financieros no corrientes,-,USD,2022-09-30,ORO_BLANCO
Total de pasivos no corrientes,427.889,USD,2022-09-30,ORO_BLANCO
Total de pasivos,490.417,USD,2022-09-30,ORO_BLANCO
Capital emitido y pagado,938.986,USD,2022-09-30,ORO_BLANCO
Ganancias (pérdidas) acumuladas,766.336,USD,2022-09-30,ORO_BLANCO
Prima de emisión,83.212,USD,2022-09-30,ORO_BLANCO
Acciones propias en cartera,-,USD,2022-09-30,ORO_BLANCO
Otras participaciones en el patrimonio,851,USD,2022-09-30,ORO_BLANCO
Otras reservas,-109.608,USD,2022-09-30,ORO_BLANCO
Patrimonio atribuible a los propietarios de la controladora,1.679.777,USD,2022-09-30,ORO_BLANCO
Participaciones no controladoras,178.955,USD,2022-09-30,ORO_BLANCO
Patrimonio total,1.858.732,USD,2022-09-30,ORO_BLANCO
Total de patrimonio y pasivos,2.349.149,USD,2022-09-30,ORO_BLANCO
Efectivo y equivalentes al efectivo,180.100,USD,2022-12-31,ORO_BLANCO
Otros activos financieros corrientes,34.888,USD,2022-12-31,ORO_BLANCO
Otros activos no financieros corrientes,-,USD,2022-12-31,ORO_BLANCO
Deudores comerciales y otras cuentas por cobrar corrientes,0,USD,2022-12-31,ORO_BLANCO
"Cuentas por cobrar a entidades relacionadas, corrientes",50.760,USD,2022-12-31,ORO_BLANCO
Inventarios corrientes,-,USD,2022-12-31,ORO_BLANCO
Activos biológicos corrientes,-,USD,2022-12-31,ORO_BLANCO
"Activos por impuestos corrientes, corrientes",30.014,USD,2022-12-31,ORO_BLANCO
Total de activos corrientes distintos de los activo o grupos de activos para su disposición clasificados como mantenidos para la venta o como mantenidos para distribuir a los propietarios,295.762,USD,2022-12-31,ORO_BLANCO
Activos no corrientes o grupos de activos para su disposición clasificados como mantenidos para la venta o como mantenidos para distribuir a los propietarios,-,USD,2022-12-31,ORO_BLANCO
Activos corrientes totales,295.762,USD,2022-12-31,ORO_BLANCO
Otros activos financieros no corrientes,-,USD,2022-12-31,ORO_BLANCO
Otros activos no financieros no corrientes,-,USD,2022-12-31,ORO_BLANCO
Cuentas por cobrar no corrientes,0,USD,2022-12-31,ORO_BLANCO
"Cuentas por cobrar a entidades relacionadas, no corrientes",444.324,USD,2022-12-31,ORO_BLANCO
"Inventarios, no corrientes",-,USD,2022-12-31,ORO_BLANCO
Inversiones contabilizadas utilizando el método de la participación,1.265.056,USD,2022-12-31,ORO_BLANCO
Activos intangibles distintos de la plusvalía,-,USD,2022-12-31,ORO_BLANCO
Plusvalía,486.669,USD,2022-12-31,ORO_BLANCO
"Propiedades, planta y equipo",-,USD,2022-12-31,ORO_BLANCO
Activos biológicos no corrientes,-,USD,2022-12-31,ORO_BLANCO
Propiedad de inversión,-,USD,2022-12-31,ORO_BLANCO
Activos por derecho de uso,-,USD,2022-12-31,ORO_BLANCO
"Activos por impuestos corrientes, no corrientes",43.511,USD,2022-12-31,ORO_BLANCO
Activos por impuestos diferidos,3.286,USD,2022-12-31,ORO_BLANCO
Total de activos no corrientes,2.242.846,USD,2022-12-31,ORO_BLANCO
Total de activos,2.538.608,USD,2022-12-31,ORO_BLANCO
Otros pasivos financieros corrientes,36.944,USD,2022-12-31,ORO_BLANCO
Pasivos por arrendamientos corrientes,-,USD,2022-12-31,ORO_BLANCO
Cuentas por pagar comerciales y otras cuentas por pagar,64,USD,2022-12-31,ORO_BLANCO
"Cuentas por pagar a entidades relacionadas, corrientes",-,USD,2022-12-31,ORO_BLANCO
Otras provisiones a corto plazo,-,USD,2022-12-31,ORO_BLANCO
"Pasivos por impuestos corrientes, corrientes",-,USD,2022-12-31,ORO_BLANCO
Provisiones corrientes por beneficios a los empleados,-,USD,2022-12-31,ORO_BLANCO
Otros pasivos no financieros corrientes,82.017,USD,2022-12-31,ORO_BLANCO
Total de pasivos corrientes distintos de los pasivos incluidos en grupos de activos para su disposición clasificados como mantenidos para la venta,119.025,USD,2022-12-31,ORO_BLANCO
Pasivos incluidos en grupos de activos para su disposición clasificados como mantenidos para la venta,-,USD,2022-12-31,ORO_BLANCO
Pasivos corrientes totales,119.025,USD,2022-12-31,ORO_BLANCO
Otros pasivos financieros no corrientes,366.685,USD,2022-12-31,ORO_BLANCO
Pasivos por arrendamientos no corrientes,-,USD,2022-12-31,ORO_BLANCO
Cuentas por pagar no corrientes,-,USD,2022-12-31,ORO_BLANCO
"Cuentas por pagar a entidades relacionadas, no corrientes",1.375,USD,2022-12-31,ORO_BLANCO
Otras provisiones a largo plazo,-,USD,2022-12-31,ORO_BLANCO
Pasivo por impuestos diferidos,11.789,USD,2022-12-31,ORO_BLANCO
"Pasivos por impuestos corrientes, no corrientes",-,USD,2022-12-31,ORO_BLANCO
Provisiones no corrientes por beneficios a los empleados,-,USD,2022-12-31,ORO_BLANCO
Otros pasivos no financieros no corrientes,-,USD,2022-12-31,ORO_BLANCO
Total de pasivos no corrientes,379.849,USD,2022-12-31,ORO_BLANCO
Total de pasivos,498.874,USD,2022-12-31,ORO_BLANCO
Capital emitido y pagado,938.986,USD,2022-12-31,ORO_BLANCO
Ganancias (pérdidas) acumuladas,910.910,USD,2022-12-31,ORO_BLANCO
Prima de emisión,83.212,USD,2022-12-31,ORO_BLANCO
Acciones propias en cartera,-,USD,2022-12-31,ORO_BLANCO
Otras participaciones en el patrimonio,851,USD,2022-12-31,ORO_BLANCO
Otras reservas,-93.336,USD,2022-12-31,ORO_BLANCO
Patrimonio atribuible a los propietarios de la controladora,1.840.623,USD,2022-12-31,ORO_BLANCO
Participaciones no controladoras,199.111,USD,2022-12-31,ORO_BLANCO
Patrimonio total,2.039.734,USD,2022-12-31,ORO_BLANCO
Total de patrimonio y pasivos,2.538.608,USD,2022-12-31,ORO_BLANCO
Efectivo y equivalentes al efectivo,180.517,USD,2023-03-31,ORO_BLANCO
Otros activos financieros corrientes,79.076,USD,2023-03-31,ORO_BLANCO
Otros activos no financieros corrientes,-,USD,2023-03-31,ORO_BLANCO
Deudores comerciales y otras cuentas por cobrar corrientes,-,USD,2023-03-31,ORO_BLANCO
"Cuentas por cobrar a entidades relacionadas, corrientes",51.673,USD,2023-03-31,ORO_BLANCO
Inventarios corrientes,-,USD,2023-03-31,ORO_BLANCO
Activos biológicos corrientes,-,USD,2023-03-31,ORO_BLANCO
"Activos por impuestos corrientes, corrientes",32.337,USD,2023-03-31,ORO_BLANCO
Total de activos corrientes distintos de los activo o grupos de activos para su disposición clasificados como mantenidos para la venta o como mantenidos para distribuir a los propietarios,343.603,USD,2023-03-31,ORO_BLANCO
Activos no corrientes o grupos de activos para su disposición clasificados como mantenidos para la venta o como mantenidos para distribuir a los propietarios,-,USD,2023-03-31,ORO_BLANCO
Activos corrientes totales,343.603,USD,2023-03-31,ORO_BLANCO
Otros activos financieros no corrientes,-,USD,2023-03-31,ORO_BLANCO
Otros activos no financieros no corrientes,-,USD,2023-03-31,ORO_BLANCO
Cuentas por cobrar no corrientes,-,USD,2023-03-31,ORO_BLANCO
"Cuentas por cobrar a entidades relacionadas, no corrientes",449.468,USD,2023-03-31,ORO_BLANCO
"Inventarios, no corrientes",-,USD,2023-03-31,ORO_BLANCO
Inversiones contabilizadas utilizando el método de la participación,1.368.401,USD,2023-03-31,ORO_BLANCO
Activos intangibles distintos de la plusvalía,-,USD,2023-03-31,ORO_BLANCO
Plusvalía,486.669,USD,2023-03-31,ORO_BLANCO
"Propiedades, planta y equipo",-,USD,2023-03-31,ORO_BLANCO
Activos biológicos no corrientes,-,USD,2023-03-31,ORO_BLANCO
Propiedad de inversión,-,USD,2023-03-31,ORO_BLANCO
Activos por derecho de uso,-,USD,2023-03-31,ORO_BLANCO
"Activos por impuestos corrientes, no corrientes",47.114,USD,2023-03-31,ORO_BLANCO
Activos por impuestos diferidos,3.930,USD,2023-03-31,ORO_BLANCO
Total de activos no corrientes,2.355.582,USD,2023-03-31,ORO_BLANCO
Total de activos,2.699.185,USD,2023-03-31,ORO_BLANCO
Otros pasivos financieros corrientes,41.974,USD,2023-03-31,ORO_BLANCO
Pasivos por arrendamientos corrientes,-,USD,2023-03-31,ORO_BLANCO
Cuentas por pagar comerciales y otras cuentas por pagar,54,USD,2023-03-31,ORO_BLANCO
"Cuentas por pagar a entidades relacionadas, corrientes",-,USD,2023-03-31,ORO_BLANCO
Otras provisiones a corto plazo,-,USD,2023-03-31,ORO_BLANCO
"Pasivos por impuestos corrientes, corrientes",879,USD,2023-03-31,ORO_BLANCO
Provisiones corrientes por beneficios a los empleados,-,USD,2023-03-31,ORO_BLANCO
Otros pasivos no financieros corrientes,127.377,USD,2023-03-31,ORO_BLANCO
Total de pasivos corrientes distintos de los pasivos incluidos en grupos de activos para su disposición clasificados como mantenidos para la venta,170.284,USD,2023-03-31,ORO_BLANCO
Pasivos incluidos en grupos de activos para su disposición clasificados como mantenidos para la venta,-,USD,2023-03-31,ORO_BLANCO
Pasivos corrientes totales,170.284,USD,2023-03-31,ORO_BLANCO
Otros pasivos financieros no corrientes,373.845,USD,2023-03-31,ORO_BLANCO
Pasivos por arrendamientos no corrientes,-,USD,2023-03-31,ORO_BLANCO
Cuentas por pagar no corrientes,-,USD,2023-03-31,ORO_BLANCO
"Cuentas por pagar a entidades relacionadas, no corrientes",1.395,USD,2023-03-31,ORO_BLANCO
Otras provisiones a largo plazo,-,USD,2023-03-31,ORO_BLANCO
Pasivo por impuestos diferidos,14.138,USD,2023-03-31,ORO_BLANCO
"Pasivos por impuestos corrientes, no corrientes",-,USD,2023-03-31,ORO_BLANCO
Provisiones no corrientes por beneficios a los empleados,-,USD,2023-03-31,ORO_BLANCO
Otros pasivos no financieros no corrientes,-,USD,2023-03-31,ORO_BLANCO
Total de pasivos no corrientes,389.378,USD,2023-03-31,ORO_BLANCO
Total de pasivos,559.662,USD,2023-03-31,ORO_BLANCO
Capital emitido y pagado,938.986,USD,2023-03-31,ORO_BLANCO
Ganancias (pérdidas) acumuladas,1.004.647,USD,2023-03-31,ORO_BLANCO
Prima de emisión,83.212,USD,2023-03-31,ORO_BLANCO
Acciones propias en cartera,-,USD,2023-03-31,ORO_BLANCO
Otras participaciones en el patrimonio,851,USD,2023-03-31,ORO_BLANCO
Otras reservas,-98.709,USD,2023-03-31,ORO_BLANCO
Patrimonio atribuible a los propietarios de la controladora,1.928.987,USD,2023-03-31,ORO_BLANCO
Participaciones no controladoras,210.536,USD,2023-03-31,ORO_BLANCO
Patrimonio total,2.139.523,USD,2023-03-31,ORO_BLANCO
Total de patrimonio y pasivos,2.699.185,USD,2023-03-31,ORO_BLANCO
Efectivo y equivalentes al efectivo,76.290,USD,2023-06-30,ORO_BLANCO
Otros activos financieros corrientes,79.585,USD,2023-06-30,ORO_BLANCO
Otros activos no financieros corrientes,-,USD,2023-06-30,ORO_BLANCO
Deudores comerciales y otras cuentas por cobrar corrientes,-,USD,2023-06-30,ORO_BLANCO
"Cuentas por cobrar a entidades relacionadas, corrientes",-,USD,2023-06-30,ORO_BLANCO
Inventarios corrientes,-,USD,2023-06-30,ORO_BLANCO
Activos biológicos corrientes,-,USD,2023-06-30,ORO_BLANCO
"Activos por impuestos corrientes, corrientes",9.909,USD,2023-06-30,ORO_BLANCO
Total de activos corrientes distintos de los activo o grupos de activos para su disposición clasificados como mantenidos para la venta o como mantenidos para distribuir a los propietarios,165.784,USD,2023-06-30,ORO_BLANCO
Activos no corrientes o grupos de activos para su disposición clasificados como mantenidos para la venta o como mantenidos para distribuir a los propietarios,-,USD,2023-06-30,ORO_BLANCO
Activos corrientes totales,165.784,USD,2023-06-30,ORO_BLANCO
Otros activos financieros no corrientes,3,USD,2023-06-30,ORO_BLANCO
Otros activos no financieros no corrientes,-,USD,2023-06-30,ORO_BLANCO
Cuentas por cobrar no corrientes,-,USD,2023-06-30,ORO_BLANCO
"Cuentas por cobrar a entidades relacionadas, no corrientes",454.669,USD,2023-06-30,ORO_BLANCO
"Inventarios, no corrientes",-,USD,2023-06-30,ORO_BLANCO
Inversiones contabilizadas utilizando el método de la participación,1.268.474,USD,2023-06-30,ORO_BLANCO
Activos intangibles distintos de la plusvalía,-,USD,2023-06-30,ORO_BLANCO
Plusvalía,486.669,USD,2023-06-30,ORO_BLANCO
"Propiedades, planta y equipo",260,USD,2023-06-30,ORO_BLANCO
Activos biológicos no corrientes,-,USD,2023-06-30,ORO_BLANCO
Propiedad de inversión,-,USD,2023-06-30,ORO_BLANCO
Activos por derecho de uso,-,USD,2023-06-30,ORO_BLANCO
"Activos por impuestos corrientes, no corrientes",46.452,USD,2023-06-30,ORO_BLANCO
Activos por impuestos diferidos,4.655,USD,2023-06-30,ORO_BLANCO
Total de activos no corrientes,2.261.182,USD,2023-06-30,ORO_BLANCO
Total de activos,2.426.966,USD,2023-06-30,ORO_BLANCO
Otros pasivos financieros corrientes,37.396,USD,2023-06-30,ORO_BLANCO
Pasivos por arrendamientos corrientes,32,USD,2023-06-30,ORO_BLANCO
Cuentas por pagar comerciales y otras cuentas por pagar,71,USD,2023-06-30,ORO_BLANCO
"Cuentas por pagar a entidades relacionadas, corrientes",-,USD,2023-06-30,ORO_BLANCO
Otras provisiones a corto plazo,-,USD,2023-06-30,ORO_BLANCO
"Pasivos por impuestos corrientes, corrientes",612,USD,2023-06-30,ORO_BLANCO
Provisiones corrientes por beneficios a los empleados,-,USD,2023-06-30,ORO_BLANCO
Otros pasivos no financieros corrientes,78.462,USD,2023-06-30,ORO_BLANCO
Total de pasivos corrientes distintos de los pasivos incluidos en grupos de activos para su disposición clasificados como mantenidos para la venta,116.573,USD,2023-06-30,ORO_BLANCO
Pasivos incluidos en grupos de activos para su disposición clasificados como mantenidos para la venta,-,USD,2023-06-30,ORO_BLANCO
Pasivos corrientes totales,116.573,USD,2023-06-30,ORO_BLANCO
Otros pasivos financieros no corrientes,366.028,USD,2023-06-30,ORO_BLANCO
Pasivos por arrendamientos no corrientes,223,USD,2023-06-30,ORO_BLANCO
Cuentas por pagar no corrientes,-,USD,2023-06-30,ORO_BLANCO
"Cuentas por pagar a entidades relacionadas, no corrientes",1.414,USD,2023-06-30,ORO_BLANCO
Otras provisiones a largo plazo,-,USD,2023-06-30,ORO_BLANCO
Pasivo por impuestos diferidos,16.451,USD,2023-06-30,ORO_BLANCO
"Pasivos por impuestos corrientes, no corrientes",-,USD,2023-06-30,ORO_BLANCO
Provisiones no corrientes por beneficios a los empleados,-,USD,2023-06-30,ORO_BLANCO
Otros pasivos no financieros no corrientes,-,USD,2023-06-30,ORO_BLANCO
Total de pasivos no corrientes,384.116,USD,2023-06-30,ORO_BLANCO
Total de pasivos,500.689,USD,2023-06-30,ORO_BLANCO
Capital emitido y pagado,938.986,USD,2023-06-30,ORO_BLANCO
Ganancias (pérdidas) acumuladas,808.574,USD,2023-06-30,ORO_BLANCO
Prima de emisión,83.212,USD,2023-06-30,ORO_BLANCO
Acciones propias en cartera,-,USD,2023-06-30,ORO_BLANCO
Otras participaciones en el patrimonio,851,USD,2023-06-30,ORO_BLANCO
Otras reservas,-91.975,USD,2023-06-30,ORO_BLANCO
Patrimonio atribuible a los propietarios de la controladora,1.739.648,USD,2023-06-30,ORO_BLANCO
Participaciones no controladoras,186.629,USD,2023-06-30,ORO_BLANCO
Patrimonio total,1.926.277,USD,2023-06-30,ORO_BLANCO
Total de patrimonio y pasivos,2.426.966,USD,2023-06-30,ORO_BLANCO
Efectivo y equivalentes al efectivo,122.085,USD,2023-09-30,ORO_BLANCO
Otros activos financieros corrientes,61.652,USD,2023-09-30,ORO_BLANCO
Otros activos no financieros corrientes,-,USD,2023-09-30,ORO_BLANCO
Deudores comerciales y otras cuentas por cobrar corrientes,-,USD,2023-09-30,ORO_BLANCO
"Cuentas por cobrar a entidades relacionadas, corrientes",-,USD,2023-09-30,ORO_BLANCO
Inventarios corrientes,-,USD,2023-09-30,ORO_BLANCO
Activos biológicos corrientes,-,USD,2023-09-30,ORO_BLANCO
"Activos por impuestos corrientes, corrientes",7.492,USD,2023-09-30,ORO_BLANCO
Total de activos corrientes distintos de los activo o grupos de activos para su disposición clasificados como mantenidos para la venta o como mantenidos para distribuir a los propietarios,191.229,USD,2023-09-30,ORO_BLANCO
Activos no corrientes o grupos de activos para su disposición clasificados como mantenidos para la venta o como mantenidos para distribuir a los propietarios,-,USD,2023-09-30,ORO_BLANCO
Activos corrientes totales,191.229,USD,2023-09-30,ORO_BLANCO
Otros activos financieros no corrientes,3,USD,2023-09-30,ORO_BLANCO
Otros activos no financieros no corrientes,-,USD,2023-09-30,ORO_BLANCO
Cuentas por cobrar no corrientes,-,USD,2023-09-30,ORO_BLANCO
"Cuentas por cobrar a entidades relacionadas, no corrientes",459.926,USD,2023-09-30,ORO_BLANCO
"Inventarios, no corrientes",-,USD,2023-09-30,ORO_BLANCO
Inversiones contabilizadas utilizando el método de la participación,1.332.759,USD,2023-09-30,ORO_BLANCO
Activos intangibles distintos de la plusvalía,-,USD,2023-09-30,ORO_BLANCO
Plusvalía,486.669,USD,2023-09-30,ORO_BLANCO
"Propiedades, planta y equipo",251,USD,2023-09-30,ORO_BLANCO
Activos biológicos no corrientes,-,USD,2023-09-30,ORO_BLANCO
Propiedad de inversión,-,USD,2023-09-30,ORO_BLANCO
Activos por derecho de uso,-,USD,2023-09-30,ORO_BLANCO
"Activos por impuestos corrientes, no corrientes",41.580,USD,2023-09-30,ORO_BLANCO
Activos por impuestos diferidos,6.134,USD,2023-09-30,ORO_BLANCO
Total de activos no corrientes,2.327.322,USD,2023-09-30,ORO_BLANCO
Total de activos,2.518.551,USD,2023-09-30,ORO_BLANCO
Otros pasivos financieros corrientes,42.039,USD,2023-09-30,ORO_BLANCO
Pasivos por arrendamientos corrientes,29,USD,2023-09-30,ORO_BLANCO
Cuentas por pagar comerciales y otras cuentas por pagar,93,USD,2023-09-30,ORO_BLANCO
"Cuentas por pagar a entidades relacionadas, corrientes",-,USD,2023-09-30,ORO_BLANCO
Otras provisiones a corto plazo,-,USD,2023-09-30,ORO_BLANCO
"Pasivos por impuestos corrientes, corrientes",-,USD,2023-09-30,ORO_BLANCO
Provisiones corrientes por beneficios a los empleados,-,USD,2023-09-30,ORO_BLANCO
Otros pasivos no financieros corrientes,104.285,USD,2023-09-30,ORO_BLANCO
Total de pasivos corrientes distintos de los pasivos incluidos en grupos de activos para su disposición clasificados como mantenidos para la venta,146.446,USD,2023-09-30,ORO_BLANCO
Pasivos incluidos en grupos de activos para su disposición clasificados como mantenidos para la venta,-,USD,2023-09-30,ORO_BLANCO
Pasivos corrientes totales,146.446,USD,2023-09-30,ORO_BLANCO
Otros pasivos financieros no corrientes,380.284,USD,2023-09-30,ORO_BLANCO
Pasivos por arrendamientos no corrientes,192,USD,2023-09-30,ORO_BLANCO
Cuentas por pagar no corrientes,1.434,USD,2023-09-30,ORO_BLANCO
"Cuentas por pagar a entidades relacionadas, no corrientes",-,USD,2023-09-30,ORO_BLANCO
Otras provisiones a largo plazo,-,USD,2023-09-30,ORO_BLANCO
Pasivo por impuestos diferidos,18.600,USD,2023-09-30,ORO_BLANCO
"Pasivos por impuestos corrientes, no corrientes",-,USD,2023-09-30,ORO_BLANCO
Provisiones no corrientes por beneficios a los empleados,-,USD,2023-09-30,ORO_BLANCO
Otros pasivos no financieros no corrientes,-,USD,2023-09-30,ORO_BLANCO
Total de pasivos no corrientes,400.510,USD,2023-09-30,ORO_BLANCO
Total de pasivos,546.956,USD,2023-09-30,ORO_BLANCO
Capital emitido y pagado,938.986,USD,2023-09-30,ORO_BLANCO
Ganancias (pérdidas) acumuladas,861.866,USD,2023-09-30,ORO_BLANCO
Prima de emisión,83.212,USD,2023-09-30,ORO_BLANCO
Acciones propias en cartera,-,USD,2023-09-30,ORO_BLANCO
Otras participaciones en el patrimonio,851,USD,2023-09-30,ORO_BLANCO
Otras reservas,-105.245,USD,2023-09-30,ORO_BLANCO
Patrimonio atribuible a los propietarios de la controladora,1.779.670,USD,2023-09-30,ORO_BLANCO
Participaciones no controladoras,191.925,USD,2023-09-30,ORO_BLANCO
Patrimonio total,1.971.595,USD,2023-09-30,ORO_BLANCO
Total de patrimonio y pasivos,2.518.551,USD,2023-09-30,ORO_BLANCO
Efectivo y equivalentes al efectivo,88.273,USD,2023-12-31,ORO_BLANCO
Otros activos financieros corrientes,11.822,USD,2023-12-31,ORO_BLANCO
Otros activos no financieros corrientes,-,USD,2023-12-31,ORO_BLANCO
Deudores comerciales y otras cuentas por cobrar corrientes,-,USD,2023-12-31,ORO_BLANCO
"Cuentas por cobrar a entidades relacionadas, corrientes",-,USD,2023-12-31,ORO_BLANCO
Inventarios corrientes,-,USD,2023-12-31,ORO_BLANCO
Activos biológicos corrientes,-,USD,2023-12-31,ORO_BLANCO
"Activos por impuestos corrientes, corrientes",12.178,USD,2023-12-31,ORO_BLANCO
Total de activos corrientes distintos de los activo o grupos de activos para su disposición clasificados como mantenidos para la venta o como mantenidos para distribuir a los propietarios,112.273,USD,2023-12-31,ORO_BLANCO
Activos no corrientes o grupos de activos para su disposición clasificados como mantenidos para la venta o como mantenidos para distribuir a los propietarios,-,USD,2023-12-31,ORO_BLANCO
Activos corrientes totales,112.273,USD,2023-12-31,ORO_BLANCO
Otros activos financieros no corrientes,3,USD,2023-12-31,ORO_BLANCO
Otros activos no financieros no corrientes,-,USD,2023-12-31,ORO_BLANCO
Cuentas por cobrar no corrientes,-,USD,2023-12-31,ORO_BLANCO
"Cuentas por cobrar a entidades relacionadas, no corrientes",454.880,USD,2023-12-31,ORO_BLANCO
"Inventarios, no corrientes",-,USD,2023-12-31,ORO_BLANCO
Inversiones contabilizadas utilizando el método de la participación,1.388.027,USD,2023-12-31,ORO_BLANCO
Activos intangibles distintos de la plusvalía,-,USD,2023-12-31,ORO_BLANCO
Plusvalía,486.669,USD,2023-12-31,ORO_BLANCO
"Propiedades, planta y equipo",244,USD,2023-12-31,ORO_BLANCO
Activos biológicos no corrientes,-,USD,2023-12-31,ORO_BLANCO
Propiedad de inversión,-,USD,2023-12-31,ORO_BLANCO
Activos por derecho de uso,-,USD,2023-12-31,ORO_BLANCO
"Activos por impuestos corrientes, no corrientes",42.456,USD,2023-12-31,ORO_BLANCO
Activos por impuestos diferidos,5.178,USD,2023-12-31,ORO_BLANCO
Total de activos no corrientes,2.377.457,USD,2023-12-31,ORO_BLANCO
Total de activos,2.489.730,USD,2023-12-31,ORO_BLANCO
Otros pasivos financieros corrientes,2.069,USD,2023-12-31,ORO_BLANCO
Pasivos por arrendamientos corrientes,30,USD,2023-12-31,ORO_BLANCO
Cuentas por pagar comerciales y otras cuentas por pagar,73,USD,2023-12-31,ORO_BLANCO
"Cuentas por pagar a entidades relacionadas, corrientes",-,USD,2023-12-31,ORO_BLANCO
Otras provisiones a corto plazo,-,USD,2023-12-31,ORO_BLANCO
"Pasivos por impuestos corrientes, corrientes",-,USD,2023-12-31,ORO_BLANCO
Provisiones corrientes por beneficios a los empleados,-,USD,2023-12-31,ORO_BLANCO
Otros pasivos no financieros corrientes,59.318,USD,2023-12-31,ORO_BLANCO
Total de pasivos corrientes distintos de los pasivos incluidos en grupos de activos para su disposición clasificados como mantenidos para la venta,61.490,USD,2023-12-31,ORO_BLANCO
Pasivos incluidos en grupos de activos para su disposición clasificados como mantenidos para la venta,-,USD,2023-12-31,ORO_BLANCO
Pasivos corrientes totales,61.490,USD,2023-12-31,ORO_BLANCO
Otros pasivos financieros no corrientes,371.771,USD,2023-12-31,ORO_BLANCO
Pasivos por arrendamientos no corrientes,192,USD,2023-12-31,ORO_BLANCO
Cuentas por pagar no corrientes,-,USD,2023-12-31,ORO_BLANCO
"Cuentas por pagar a entidades relacionadas, no corrientes",-,USD,2023-12-31,ORO_BLANCO
Otras provisiones a largo plazo,-,USD,2023-12-31,ORO_BLANCO
Pasivo por impuestos diferidos,17.092,USD,2023-12-31,ORO_BLANCO
"Pasivos por impuestos corrientes, no corrientes",-,USD,2023-12-31,ORO_BLANCO
Provisiones no corrientes por beneficios a los empleados,-,USD,2023-12-31,ORO_BLANCO
Otros pasivos no financieros no corrientes,-,USD,2023-12-31,ORO_BLANCO
Total de pasivos no corrientes,389.055,USD,2023-12-31,ORO_BLANCO
Total de pasivos,450.545,USD,2023-12-31,ORO_BLANCO
Capital emitido y pagado,938.986,USD,2023-12-31,ORO_BLANCO
Ganancias (pérdidas) acumuladas,889.999,USD,2023-12-31,ORO_BLANCO
Prima de emisión,83.212,USD,2023-12-31,ORO_BLANCO
Acciones propias en cartera,-,USD,2023-12-31,ORO_BLANCO
Otras participaciones en el patrimonio,851,USD,2023-12-31,ORO_BLANCO
Otras reservas,-73.437,USD,2023-12-31,ORO_BLANCO
Patrimonio atribuible a los propietarios de la controladora,1.839.611,USD,2023-12-31,ORO_BLANCO
Participaciones no controladoras,199.574,USD,2023-12-31,ORO_BLANCO
Patrimonio total,2.039.185,USD,2023-12-31,ORO_BLANCO
Total de patrimonio y pasivos,2.489.730,USD,2023-12-31,ORO_BLANCO
Efectivo y equivalentes al efectivo,95.144,USD,2024-03-31,ORO_BLANCO
Otros activos financieros corrientes,11.822,USD,2024-03-31,ORO_BLANCO
Otros activos no financieros corrientes,-,USD,2024-03-31,ORO_BLANCO
Deudores comerciales y otras cuentas por cobrar corrientes,-,USD,2024-03-31,ORO_BLANCO
"Cuentas por cobrar a entidades relacionadas, corrientes",-,USD,2024-03-31,ORO_BLANCO
Inventarios corrientes,-,USD,2024-03-31,ORO_BLANCO
Activos biológicos corrientes,-,USD,2024-03-31,ORO_BLANCO
"Activos por impuestos corrientes, corrientes",2.702,USD,2024-03-31,ORO_BLANCO
Total de activos corrientes distintos de los activo o grupos de activos para su disposición clasificados como mantenidos para la venta o como mantenidos para distribuir a los propietarios,109.668,USD,2024-03-31,ORO_BLANCO
Activos no corrientes o grupos de activos para su disposición clasificados como mantenidos para la venta o como mantenidos para distribuir a los propietarios,-,USD,2024-03-31,ORO_BLANCO
Activos corrientes totales,109.668,USD,2024-03-31,ORO_BLANCO
Otros activos financieros no corrientes,3,USD,2024-03-31,ORO_BLANCO
Otros activos no financieros no corrientes,-,USD,2024-03-31,ORO_BLANCO
Cuentas por cobrar no corrientes,-,USD,2024-03-31,ORO_BLANCO
"Cuentas por cobrar a entidades relacionadas, no corrientes",462.156,USD,2024-03-31,ORO_BLANCO
"Inventarios, no corrientes",-,USD,2024-03-31,ORO_BLANCO
Inversiones contabilizadas utilizando el método de la participación,1.217.501,USD,2024-03-31,ORO_BLANCO
Activos intangibles distintos de la plusvalía,-,USD,2024-03-31,ORO_BLANCO
Plusvalía,486.669,USD,2024-03-31,ORO_BLANCO
"Propiedades, planta y equipo",236,USD,2024-03-31,ORO_BLANCO
Activos biológicos no corrientes,-,USD,2024-03-31,ORO_BLANCO
Propiedad de inversión,-,USD,2024-03-31,ORO_BLANCO
Activos por derecho de uso,-,USD,2024-03-31,ORO_BLANCO
"Activos por impuestos corrientes, no corrientes",37.933,USD,2024-03-31,ORO_BLANCO
Activos por impuestos diferidos,7.276,USD,2024-03-31,ORO_BLANCO
Total de activos no corrientes,2.211.774,USD,2024-03-31,ORO_BLANCO
Total de activos,2.321.442,USD,2024-03-31,ORO_BLANCO
Otros pasivos financieros corrientes,6.253,USD,2024-03-31,ORO_BLANCO
Pasivos por arrendamientos corrientes,28,USD,2024-03-31,ORO_BLANCO
Cuentas por pagar comerciales y otras cuentas por pagar,35,USD,2024-03-31,ORO_BLANCO
"Cuentas por pagar a entidades relacionadas, corrientes",-,USD,2024-03-31,ORO_BLANCO
Otras provisiones a corto plazo,-,USD,2024-03-31,ORO_BLANCO
"Pasivos por impuestos corrientes, corrientes",-,USD,2024-03-31,ORO_BLANCO
Provisiones corrientes por beneficios a los empleados,-,USD,2024-03-31,ORO_BLANCO
Otros pasivos no financieros corrientes,59.100,USD,2024-03-31,ORO_BLANCO
Total de pasivos corrientes distintos de los pasivos incluidos en grupos de activos para su disposición clasificados como mantenidos para la venta,65.416,USD,2024-03-31,ORO_BLANCO
Pasivos incluidos en grupos de activos para su disposición clasificados como mantenidos para la venta,-,USD,2024-03-31,ORO_BLANCO
Pasivos corrientes totales,65.416,USD,2024-03-31,ORO_BLANCO
Otros pasivos financieros no corrientes,368.905,USD,2024-03-31,ORO_BLANCO
Pasivos por arrendamientos no corrientes,166,USD,2024-03-31,ORO_BLANCO
Cuentas por pagar no corrientes,-,USD,2024-03-31,ORO_BLANCO
"Cuentas por pagar a entidades relacionadas, no corrientes",-,USD,2024-03-31,ORO_BLANCO
Otras provisiones a largo plazo,-,USD,2024-03-31,ORO_BLANCO
Pasivo por impuestos diferidos,20.074,USD,2024-03-31,ORO_BLANCO
"Pasivos por impuestos corrientes, no corrientes",-,USD,2024-03-31,ORO_BLANCO
Provisiones no corrientes por beneficios a los empleados,-,USD,2024-03-31,ORO_BLANCO
Otros pasivos no financieros no corrientes,-,USD,2024-03-31,ORO_BLANCO
Total de pasivos no corrientes,389.145,USD,2024-03-31,ORO_BLANCO
Total de pasivos,454.561,USD,2024-03-31,ORO_BLANCO
Capital emitido y pagado,938.986,USD,2024-03-31,ORO_BLANCO
Ganancias (pérdidas) acumuladas,735.702,USD,2024-03-31,ORO_BLANCO
Prima de emisión,83.212,USD,2024-03-31,ORO_BLANCO
Acciones propias en cartera,-,USD,2024-03-31,ORO_BLANCO
Otras participaciones en el patrimonio,851,USD,2024-03-31,ORO_BLANCO
Otras reservas,-72.567,USD,2024-03-31,ORO_BLANCO
Patrimonio atribuible a los propietarios de la controladora,1.686.184,USD,2024-03-31,ORO_BLANCO
Participaciones no controladoras,180.697,USD,2024-03-31,ORO_BLANCO
Patrimonio total,1.866.881,USD,2024-03-31,ORO_BLANCO
Total de patrimonio y pasivos,2.321.442,USD,2024-03-31,ORO_BLANCO
Efectivo y equivalentes al efectivo,32.627,USD,2024-06-30,ORO_BLANCO
Otros activos financieros corrientes,1,USD,2024-06-30,ORO_BLANCO
Otros activos no financieros corrientes,-,USD,2024-06-30,ORO_BLANCO
Deudores comerciales y otras cuentas por cobrar corrientes,-,USD,2024-06-30,ORO_BLANCO
"Cuentas por cobrar a entidades relacionadas, corrientes",-,USD,2024-06-30,ORO_BLANCO
Inventarios corrientes,-,USD,2024-06-30,ORO_BLANCO
Activos biológicos corrientes,-,USD,2024-06-30,ORO_BLANCO
"Activos por impuestos corrientes, corrientes",2.629,USD,2024-06-30,ORO_BLANCO
Total de activos corrientes distintos de los activo o grupos de activos para su disposición clasificados como mantenidos para la venta o como mantenidos para distribuir a los propietarios,35.257,USD,2024-06-30,ORO_BLANCO
Activos no corrientes o grupos de activos para su disposición clasificados como mantenidos para la venta o como mantenidos para distribuir a los propietarios,-,USD,2024-06-30,ORO_BLANCO
Activos corrientes totales,35.257,USD,2024-06-30,ORO_BLANCO
Otros activos financieros no corrientes,3,USD,2024-06-30,ORO_BLANCO
Otros activos no financieros no corrientes,-,USD,2024-06-30,ORO_BLANCO
Cuentas por cobrar no corrientes,-,USD,2024-06-30,ORO_BLANCO
"Cuentas por cobrar a entidades relacionadas, no corrientes",468.794,USD,2024-06-30,ORO_BLANCO
"Inventarios, no corrientes",-,USD,2024-06-30,ORO_BLANCO
Inversiones contabilizadas utilizando el método de la participación,1.270.608,USD,2024-06-30,ORO_BLANCO
Activos intangibles distintos de la plusvalía,-,USD,2024-06-30,ORO_BLANCO
Plusvalía,486.669,USD,2024-06-30,ORO_BLANCO
"Propiedades, planta y equipo",229,USD,2024-06-30,ORO_BLANCO
Activos biológicos no corrientes,-,USD,2024-06-30,ORO_BLANCO
Propiedad de inversión,-,USD,2024-06-30,ORO_BLANCO
Activos por derecho de uso,-,USD,2024-06-30,ORO_BLANCO
"Activos por impuestos corrientes, no corrientes",39.434,USD,2024-06-30,ORO_BLANCO
Activos por impuestos diferidos,7.742,USD,2024-06-30,ORO_BLANCO
Total de activos no corrientes,2.273.479,USD,2024-06-30,ORO_BLANCO
Total de activos,2.308.736,USD,2024-06-30,ORO_BLANCO
Otros pasivos financieros corrientes,2.016,USD,2024-06-30,ORO_BLANCO
Pasivos por arrendamientos corrientes,29,USD,2024-06-30,ORO_BLANCO
Cuentas por pagar comerciales y otras cuentas por pagar,60,USD,2024-06-30,ORO_BLANCO
"Cuentas por pagar a entidades relacionadas, corrientes",-,USD,2024-06-30,ORO_BLANCO
Otras provisiones a corto plazo,-,USD,2024-06-30,ORO_BLANCO
"Pasivos por impuestos corrientes, corrientes",-,USD,2024-06-30,ORO_BLANCO
Provisiones corrientes por beneficios a los empleados,-,USD,2024-06-30,ORO_BLANCO
Otros pasivos no financieros corrientes,44,USD,2024-06-30,ORO_BLANCO
Total de pasivos corrientes distintos de los pasivos incluidos en grupos de activos para su disposición clasificados como mantenidos para la venta,2.149,USD,2024-06-30,ORO_BLANCO
Pasivos incluidos en grupos de activos para su disposición clasificados como mantenidos para la venta,-,USD,2024-06-30,ORO_BLANCO
Pasivos corrientes totales,2.149,USD,2024-06-30,ORO_BLANCO
Otros pasivos financieros no corrientes,369.246,USD,2024-06-30,ORO_BLANCO
Pasivos por arrendamientos no corrientes,167,USD,2024-06-30,ORO_BLANCO
Cuentas por pagar no corrientes,-,USD,2024-06-30,ORO_BLANCO
"Cuentas por pagar a entidades relacionadas, no corrientes",-,USD,2024-06-30,ORO_BLANCO
Otras provisiones a largo plazo,-,USD,2024-06-30,ORO_BLANCO
Pasivo por impuestos diferidos,22.769,USD,2024-06-30,ORO_BLANCO
"Pasivos por impuestos corrientes, no corrientes",-,USD,2024-06-30,ORO_BLANCO
Provisiones no corrientes por beneficios a los empleados,-,USD,2024-06-30,ORO_BLANCO
Otros pasivos no financieros no corrientes,-,USD,2024-06-30,ORO_BLANCO
Total de pasivos no corrientes,392.182,USD,2024-06-30,ORO_BLANCO
Total de pasivos,394.331,USD,2024-06-30,ORO_BLANCO
Capital emitido y pagado,938.986,USD,2024-06-30,ORO_BLANCO
Ganancias (pérdidas) acumuladas,799.790,USD,2024-06-30,ORO_BLANCO
Prima de emisión,83.212,USD,2024-06-30,ORO_BLANCO
Acciones propias en cartera,-,USD,2024-06-30,ORO_BLANCO
Otras participaciones en el patrimonio,851,USD,2024-06-30,ORO_BLANCO
Otras reservas,-92.665,USD,2024-06-30,ORO_BLANCO
Patrimonio atribuible a los propietarios de la controladora,1.730.174,USD,2024-06-30,ORO_BLANCO
Participaciones no controladoras,184.231,USD,2024-06-30,ORO_BLANCO
Patrimonio total,1.914.405,USD,2024-06-30,ORO_BLANCO
Total de patrimonio y pasivos,2.308.736,USD,2024-06-30,ORO_BLANCO
Efectivo y equivalentes al efectivo,30.680,USD,2024-09-30,ORO_BLANCO
Otros activos financieros corrientes,-,USD,2024-09-30,ORO_BLANCO
Otros activos no financieros corrientes,-,USD,2024-09-30,ORO_BLANCO
Deudores comerciales y otras cuentas por cobrar corrientes,-,USD,2024-09-30,ORO_BLANCO
"Cuentas por cobrar a entidades relacionadas, corrientes",-,USD,2024-09-30,ORO_BLANCO
Inventarios corrientes,-,USD,2024-09-30,ORO_BLANCO
Activos biológicos corrientes,-,USD,2024-09-30,ORO_BLANCO
"Activos por impuestos corrientes, corrientes",2.748,USD,2024-09-30,ORO_BLANCO
Total de activos corrientes distintos de los activo o grupos de activos para su disposición clasificados como mantenidos para la venta o como mantenidos para distribuir a los propietarios,33.428,USD,2024-09-30,ORO_BLANCO
Activos no corrientes o grupos de activos para su disposición clasificados como mantenidos para la venta o como mantenidos para distribuir a los propietarios,-,USD,2024-09-30,ORO_BLANCO
Activos corrientes totales,33.428,USD,2024-09-30,ORO_BLANCO
Otros activos financieros no corrientes,3,USD,2024-09-30,ORO_BLANCO
Otros activos no financieros no corrientes,-,USD,2024-09-30,ORO_BLANCO
Cuentas por cobrar no corrientes,-,USD,2024-09-30,ORO_BLANCO
"Cuentas por cobrar a entidades relacionadas, no corrientes",475.505,USD,2024-09-30,ORO_BLANCO
"Inventarios, no corrientes",-,USD,2024-09-30,ORO_BLANCO
Inversiones contabilizadas utilizando el método de la participación,1.298.086,USD,2024-09-30,ORO_BLANCO
Activos intangibles distintos de la plusvalía,-,USD,2024-09-30,ORO_BLANCO
Plusvalía,486.669,USD,2024-09-30,ORO_BLANCO
"Propiedades, planta y equipo",221,USD,2024-09-30,ORO_BLANCO
Activos biológicos no corrientes,-,USD,2024-09-30,ORO_BLANCO
Propiedad de inversión,-,USD,2024-09-30,ORO_BLANCO
Activos por derecho de uso,-,USD,2024-09-30,ORO_BLANCO
"Activos por impuestos corrientes, no corrientes",41.484,USD,2024-09-30,ORO_BLANCO
Activos por impuestos diferidos,8.081,USD,2024-09-30,ORO_BLANCO
Total de activos no corrientes,2.310.049,USD,2024-09-30,ORO_BLANCO
Total de activos,2.343.477,USD,2024-09-30,ORO_BLANCO
Otros pasivos financieros corrientes,68.394,USD,2024-09-30,ORO_BLANCO
Pasivos por arrendamientos corrientes,32,USD,2024-09-30,ORO_BLANCO
Cuentas por pagar comerciales y otras cuentas por pagar,61,USD,2024-09-30,ORO_BLANCO
"Cuentas por pagar a entidades relacionadas, corrientes",-,USD,2024-09-30,ORO_BLANCO
Otras provisiones a corto plazo,-,USD,2024-09-30,ORO_BLANCO
"Pasivos por impuestos corrientes, corrientes",-,USD,2024-09-30,ORO_BLANCO
Provisiones corrientes por beneficios a los empleados,-,USD,2024-09-30,ORO_BLANCO
Otros pasivos no financieros corrientes,50,USD,2024-09-30,ORO_BLANCO
Total de pasivos corrientes distintos de los pasivos incluidos en grupos de activos para su disposición clasificados como mantenidos para la venta,68.537,USD,2024-09-30,ORO_BLANCO
Pasivos incluidos en grupos de activos para su disposición clasificados como mantenidos para la venta,-,USD,2024-09-30,ORO_BLANCO
Pasivos corrientes totales,68.537,USD,2024-09-30,ORO_BLANCO
Otros pasivos financieros no corrientes,307.080,USD,2024-09-30,ORO_BLANCO
Pasivos por arrendamientos no corrientes,169,USD,2024-09-30,ORO_BLANCO
Cuentas por pagar no corrientes,-,USD,2024-09-30,ORO_BLANCO
"Cuentas por pagar a entidades relacionadas, no corrientes",-,USD,2024-09-30,ORO_BLANCO
Otras provisiones a largo plazo,-,USD,2024-09-30,ORO_BLANCO
Pasivo por impuestos diferidos,25.477,USD,2024-09-30,ORO_BLANCO
"Pasivos por impuestos corrientes, no corrientes",-,USD,2024-09-30,ORO_BLANCO
Provisiones no corrientes por beneficios a los empleados,-,USD,2024-09-30,ORO_BLANCO
Otros pasivos no financieros no corrientes,-,USD,2024-09-30,ORO_BLANCO
Total de pasivos no corrientes,332.726,USD,2024-09-30,ORO_BLANCO
Total de pasivos,401.263,USD,2024-09-30,ORO_BLANCO
Capital emitido y pagado,938.986,USD,2024-09-30,ORO_BLANCO
Ganancias (pérdidas) acumuladas,821.396,USD,2024-09-30,ORO_BLANCO
Prima de emisión,83.212,USD,2024-09-30,ORO_BLANCO
Acciones propias en cartera,-,USD,2024-09-30,ORO_BLANCO
Otras participaciones en el patrimonio,851,USD,2024-09-30,ORO_BLANCO
Otras reservas,-89.859,USD,2024-09-30,ORO_BLANCO
Patrimonio atribuible a los propietarios de la controladora,1.754.586,USD,2024-09-30,ORO_BLANCO
Participaciones no controladoras,187.628,USD,2024-09-30,ORO_BLANCO
Patrimonio total,1.942.214,USD,2024-09-30,ORO_BLANCO
Total de patrimonio y pasivos,2.343.477,USD,2024-09-30,ORO_BLANCO
Efectivo y equivalentes al efectivo,21.862,USD,2024-12-31,ORO_BLANCO
Otros activos financieros corrientes,-,USD,2024-12-31,ORO_BLANCO
Otros activos no financieros corrientes,-,USD,2024-12-31,ORO_BLANCO
Deudores comerciales y otras cuentas por cobrar corrientes,-,USD,2024-12-31,ORO_BLANCO
"Cuentas por cobrar a entidades relacionadas, corrientes",-,USD,2024-12-31,ORO_BLANCO
Inventarios corrientes,-,USD,2024-12-31,ORO_BLANCO
Activos biológicos corrientes,-,USD,2024-12-31,ORO_BLANCO
"Activos por impuestos corrientes, corrientes",1.128,USD,2024-12-31,ORO_BLANCO
Total de activos corrientes distintos de los activo o grupos de activos para su disposición clasificados como mantenidos para la venta o como mantenidos para distribuir a los propietarios,22.990,USD,2024-12-31,ORO_BLANCO
Activos no corrientes o grupos de activos para su disposición clasificados como mantenidos para la venta o como mantenidos para distribuir a los propietarios,-,USD,2024-12-31,ORO_BLANCO
Activos corrientes totales,22.990,USD,2024-12-31,ORO_BLANCO
Otros activos financieros no corrientes,3,USD,2024-12-31,ORO_BLANCO
Otros activos no financieros no corrientes,-,USD,2024-12-31,ORO_BLANCO
Cuentas por cobrar no corrientes,-,USD,2024-12-31,ORO_BLANCO
"Cuentas por cobrar a entidades relacionadas, no corrientes",482.014,USD,2024-12-31,ORO_BLANCO
"Inventarios, no corrientes",-,USD,2024-12-31,ORO_BLANCO
Inversiones contabilizadas utilizando el método de la participación,1.311.770,USD,2024-12-31,ORO_BLANCO
Activos intangibles distintos de la plusvalía,-,USD,2024-12-31,ORO_BLANCO
Plusvalía,486.669,USD,2024-12-31,ORO_BLANCO
"Propiedades, planta y equipo",214,USD,2024-12-31,ORO_BLANCO
Activos biológicos no corrientes,-,USD,2024-12-31,ORO_BLANCO
Propiedad de inversión,-,USD,2024-12-31,ORO_BLANCO
Activos por derecho de uso,-,USD,2024-12-31,ORO_BLANCO
"Activos por impuestos corrientes, no corrientes",37.371,USD,2024-12-31,ORO_BLANCO
Activos por impuestos diferidos,10.084,USD,2024-12-31,ORO_BLANCO
Total de activos no corrientes,2.328.125,USD,2024-12-31,ORO_BLANCO
Total de activos,2.351.115,USD,2024-12-31,ORO_BLANCO
Otros pasivos financieros corrientes,64.566,USD,2024-12-31,ORO_BLANCO
Pasivos por arrendamientos corrientes,30,USD,2024-12-31,ORO_BLANCO
Cuentas por pagar comerciales y otras cuentas por pagar,53,USD,2024-12-31,ORO_BLANCO
"Cuentas por pagar a entidades relacionadas, corrientes",-,USD,2024-12-31,ORO_BLANCO
Otras provisiones a corto plazo,-,USD,2024-12-31,ORO_BLANCO
"Pasivos por impuestos corrientes, corrientes",-,USD,2024-12-31,ORO_BLANCO
Provisiones corrientes por beneficios a los empleados,-,USD,2024-12-31,ORO_BLANCO
Otros pasivos no financieros corrientes,47,USD,2024-12-31,ORO_BLANCO
Total de pasivos corrientes distintos de los pasivos incluidos en grupos de activos para su disposición clasificados como mantenidos para la venta,64.696,USD,2024-12-31,ORO_BLANCO
Pasivos incluidos en grupos de activos para su disposición clasificados como mantenidos para la venta,-,USD,2024-12-31,ORO_BLANCO
Pasivos corrientes totales,64.696,USD,2024-12-31,ORO_BLANCO
Otros pasivos financieros no corrientes,305.666,USD,2024-12-31,ORO_BLANCO
Pasivos por arrendamientos no corrientes,147,USD,2024-12-31,ORO_BLANCO
Cuentas por pagar no corrientes,-,USD,2024-12-31,ORO_BLANCO
"Cuentas por pagar a entidades relacionadas, no corrientes",-,USD,2024-12-31,ORO_BLANCO
Otras provisiones a largo plazo,-,USD,2024-12-31,ORO_BLANCO
Pasivo por impuestos diferidos,28.189,USD,2024-12-31,ORO_BLANCO
"Pasivos por impuestos corrientes, no corrientes",-,USD,2024-12-31,ORO_BLANCO
Provisiones no corrientes por beneficios a los empleados,-,USD,2024-12-31,ORO_BLANCO
Otros pasivos no financieros no corrientes,-,USD,2024-12-31,ORO_BLANCO
Total de pasivos no corrientes,334.002,USD,2024-12-31,ORO_BLANCO
Total de pasivos,398.698,USD,2024-12-31,ORO_BLANCO
Capital emitido y pagado,938.986,USD,2024-12-31,ORO_BLANCO
Ganancias (pérdidas) acumuladas,836.748,USD,2024-12-31,ORO_BLANCO
Prima de emisión,83.212,USD,2024-12-31,ORO_BLANCO
Acciones propias en cartera,-,USD,2024-12-31,ORO_BLANCO
Otras participaciones en el patrimonio,851,USD,2024-12-31,ORO_BLANCO
Otras reservas,-96.450,USD,2024-12-31,ORO_BLANCO
Patrimonio atribuible a los propietarios de la controladora,1.763.347,USD,2024-12-31,ORO_BLANCO
Participaciones no controladoras,189.070,USD,2024-12-31,ORO_BLANCO
Patrimonio total,1.952.417,USD,2024-12-31,ORO_BLANCO
Total de patrimonio y pasivos,2.351.115,USD,2024-12-31,ORO_BLANCO
Efectivo y equivalentes al efectivo,19.667,USD,2025-03-31,ORO_BLANCO
Otros activos financieros corrientes,8.002,USD,2025-03-31,ORO_BLANCO
Otros activos no financieros corrientes,-,USD,2025-03-31,ORO_BLANCO
Deudores comerciales y otras cuentas por cobrar corrientes,-,USD,2025-03-31,ORO_BLANCO
"Cuentas por cobrar a entidades relacionadas, corrientes",-,USD,2025-03-31,ORO_BLANCO
Inventarios corrientes,-,USD,2025-03-31,ORO_BLANCO
Activos biológicos corrientes,-,USD,2025-03-31,ORO_BLANCO
"Activos por impuestos corrientes, corrientes",1.179,USD,2025-03-31,ORO_BLANCO
Total de activos corrientes distintos de los activo o grupos de activos para su disposición clasificados como mantenidos para la venta o como mantenidos para distribuir a los propietarios,28.848,USD,2025-03-31,ORO_BLANCO
Activos no corrientes o grupos de activos para su disposición clasificados como mantenidos para la venta o como mantenidos para distribuir a los propietarios,-,USD,2025-03-31,ORO_BLANCO
Activos corrientes totales,28.848,USD,2025-03-31,ORO_BLANCO
Otros activos financieros no corrientes,3,USD,2025-03-31,ORO_BLANCO
Otros activos no financieros no corrientes,-,USD,2025-03-31,ORO_BLANCO
Cuentas por cobrar no corrientes,-,USD,2025-03-31,ORO_BLANCO
"Cuentas por cobrar a entidades relacionadas, no corrientes",488.285,USD,2025-03-31,ORO_BLANCO
"Inventarios, no corrientes",-,USD,2025-03-31,ORO_BLANCO
Inversiones contabilizadas utilizando el método de la participación,1.328.617,USD,2025-03-31,ORO_BLANCO
Activos intangibles distintos de la plusvalía,-,USD,2025-03-31,ORO_BLANCO
Plusvalía,486.669,USD,2025-03-31,ORO_BLANCO
"Propiedades, planta y equipo",206,USD,2025-03-31,ORO_BLANCO
Activos biológicos no corrientes,-,USD,2025-03-31,ORO_BLANCO
Propiedad de inversión,-,USD,2025-03-31,ORO_BLANCO
Activos por derecho de uso,-,USD,2025-03-31,ORO_BLANCO
"Activos por impuestos corrientes, no corrientes",39.073,USD,2025-03-31,ORO_BLANCO
Activos por impuestos diferidos,10.457,USD,2025-03-31,ORO_BLANCO
Total de activos no corrientes,2.353.310,USD,2025-03-31,ORO_BLANCO
Total de activos,2.382.158,USD,2025-03-31,ORO_BLANCO
Otros pasivos financieros corrientes,69.295,USD,2025-03-31,ORO_BLANCO
Pasivos por arrendamientos corrientes,32,USD,2025-03-31,ORO_BLANCO
Cuentas por pagar comerciales y otras cuentas por pagar,33,USD,2025-03-31,ORO_BLANCO
"Cuentas por pagar a entidades relacionadas, corrientes",-,USD,2025-03-31,ORO_BLANCO
Otras provisiones a corto plazo,-,USD,2025-03-31,ORO_BLANCO
"Pasivos por impuestos corrientes, corrientes",-,USD,2025-03-31,ORO_BLANCO
Provisiones corrientes por beneficios a los empleados,-,USD,2025-03-31,ORO_BLANCO
Otros pasivos no financieros corrientes,7.587,USD,2025-03-31,ORO_BLANCO
Total de pasivos corrientes distintos de los pasivos incluidos en grupos de activos para su disposición clasificados como mantenidos para la venta,76.947,USD,2025-03-31,ORO_BLANCO
Pasivos incluidos en grupos de activos para su disposición clasificados como mantenidos para la venta,-,USD,2025-03-31,ORO_BLANCO
Pasivos corrientes totales,76.947,USD,2025-03-31,ORO_BLANCO
Otros pasivos financieros no corrientes,305.653,USD,2025-03-31,ORO_BLANCO
Pasivos por arrendamientos no corrientes,147,USD,2025-03-31,ORO_BLANCO
Cuentas por pagar no corrientes,-,USD,2025-03-31,ORO_BLANCO
"Cuentas por pagar a entidades relacionadas, no corrientes",-,USD,2025-03-31,ORO_BLANCO
Otras provisiones a largo plazo,-,USD,2025-03-31,ORO_BLANCO
Pasivo por impuestos diferidos,30.722,USD,2025-03-31,ORO_BLANCO
"Pasivos por impuestos corrientes, no corrientes",-,USD,2025-03-31,ORO_BLANCO
Provisiones no corrientes por beneficios a los empleados,-,USD,2025-03-31,ORO_BLANCO
Otros pasivos no financieros no corrientes,-,USD,2025-03-31,ORO_BLANCO
Total de pasivos no corrientes,336.522,USD,2025-03-31,ORO_BLANCO
Total de pasivos,413.469,USD,2025-03-31,ORO_BLANCO
Capital emitido y pagado,938.986,USD,2025-03-31,ORO_BLANCO
Ganancias (pérdidas) acumuladas,852.166,USD,2025-03-31,ORO_BLANCO
Prima de emisión,83.212,USD,2025-03-31,ORO_BLANCO
Acciones propias en cartera,-,USD,2025-03-31,ORO_BLANCO
Otras participaciones en el patrimonio,851,USD,2025-03-31,ORO_BLANCO
Otras reservas,-97.607,USD,2025-03-31,ORO_BLANCO
Patrimonio atribuible a los propietarios de la controladora,1.777.608,USD,2025-03-31,ORO_BLANCO
Participaciones no controladoras,191.081,USD,2025-03-31,ORO_BLANCO
Patrimonio total,1.968.689,USD,2025-03-31,ORO_BLANCO
Total de patrimonio y pasivos,2.382.158,USD,2025-03-31,ORO_BLANCO
Efectivo y equivalentes al efectivo,9.333,USD,2025-06-30,ORO_BLANCO
Otros activos financieros corrientes,13.147,USD,2025-06-30,ORO_BLANCO
Otros activos no financieros corrientes,-,USD,2025-06-30,ORO_BLANCO
Deudores comerciales y otras cuentas por cobrar corrientes,-,USD,2025-06-30,ORO_BLANCO
"Cuentas por cobrar a entidades relacionadas, corrientes",-,USD,2025-06-30,ORO_BLANCO
Inventarios corrientes,-,USD,2025-06-30,ORO_BLANCO
Activos biológicos corrientes,-,USD,2025-06-30,ORO_BLANCO
"Activos por impuestos corrientes, corrientes",1.153,USD,2025-06-30,ORO_BLANCO
Total de activos corrientes distintos de los activo o grupos de activos para su disposición clasificados como mantenidos para la venta o como mantenidos para distribuir a los propietarios,23.633,USD,2025-06-30,ORO_BLANCO
Activos no corrientes o grupos de activos para su disposición clasificados como mantenidos para la venta o como mantenidos para distribuir a los propietarios,-,USD,2025-06-30,ORO_BLANCO
Activos corrientes totales,23.633,USD,2025-06-30,ORO_BLANCO
Otros activos financieros no corrientes,3,USD,2025-06-30,ORO_BLANCO
Otros activos no financieros no corrientes,-,USD,2025-06-30,ORO_BLANCO
Cuentas por cobrar no corrientes,-,USD,2025-06-30,ORO_BLANCO
"Cuentas por cobrar a entidades relacionadas, no corrientes",494.627,USD,2025-06-30,ORO_BLANCO
"Inventarios, no corrientes",-,USD,2025-06-30,ORO_BLANCO
Inversiones contabilizadas utilizando el método de la participación,1.346.963,USD,2025-06-30,ORO_BLANCO
Activos intangibles distintos de la plusvalía,-,USD,2025-06-30,ORO_BLANCO
Plusvalía,486.669,USD,2025-06-30,ORO_BLANCO
"Propiedades, planta y equipo",197,USD,2025-06-30,ORO_BLANCO
Activos biológicos no corrientes,-,USD,2025-06-30,ORO_BLANCO
Propiedad de inversión,-,USD,2025-06-30,ORO_BLANCO
Activos por derecho de uso,-,USD,2025-06-30,ORO_BLANCO
"Activos por impuestos corrientes, no corrientes",39.895,USD,2025-06-30,ORO_BLANCO
Activos por impuestos diferidos,11.079,USD,2025-06-30,ORO_BLANCO
Total de activos no corrientes,2.379.433,USD,2025-06-30,ORO_BLANCO
Total de activos,2.403.066,USD,2025-06-30,ORO_BLANCO
Otros pasivos financieros corrientes,126.497,USD,2025-06-30,ORO_BLANCO
Pasivos por arrendamientos corrientes,33,USD,2025-06-30,ORO_BLANCO
Cuentas por pagar comerciales y otras cuentas por pagar,65,USD,2025-06-30,ORO_BLANCO
"Cuentas por pagar a entidades relacionadas, corrientes",-,USD,2025-06-30,ORO_BLANCO
Otras provisiones a corto plazo,-,USD,2025-06-30,ORO_BLANCO
"Pasivos por impuestos corrientes, corrientes",-,USD,2025-06-30,ORO_BLANCO
Provisiones corrientes por beneficios a los empleados,-,USD,2025-06-30,ORO_BLANCO
Otros pasivos no financieros corrientes,12.105,USD,2025-06-30,ORO_BLANCO
Total de pasivos corrientes distintos de los pasivos incluidos en grupos de activos para su disposición clasificados como mantenidos para la venta,138.700,USD,2025-06-30,ORO_BLANCO
Pasivos incluidos en grupos de activos para su disposición clasificados como mantenidos para la venta,-,USD,2025-06-30,ORO_BLANCO
Pasivos corrientes totales,138.700,USD,2025-06-30,ORO_BLANCO
Otros pasivos financieros no corrientes,244.078,USD,2025-06-30,ORO_BLANCO
Pasivos por arrendamientos no corrientes,143,USD,2025-06-30,ORO_BLANCO
Cuentas por pagar no corrientes,-,USD,2025-06-30,ORO_BLANCO
"Cuentas por pagar a entidades relacionadas, no corrientes",-,USD,2025-06-30,ORO_BLANCO
Otras provisiones a largo plazo,-,USD,2025-06-30,ORO_BLANCO
Pasivo por impuestos diferidos,33.282,USD,2025-06-30,ORO_BLANCO
"Pasivos por impuestos corrientes, no corrientes",-,USD,2025-06-30,ORO_BLANCO
Provisiones no corrientes por beneficios a los empleados,-,USD,2025-06-30,ORO_BLANCO
Otros pasivos no financieros no corrientes,-,USD,2025-06-30,ORO_BLANCO
Total de pasivos no corrientes,277.503,USD,2025-06-30,ORO_BLANCO
Total de pasivos,416.203,USD,2025-06-30,ORO_BLANCO
Capital emitido y pagado,938.986,USD,2025-06-30,ORO_BLANCO
Ganancias (pérdidas) acumuladas,861.302,USD,2025-06-30,ORO_BLANCO
Prima de emisión,83.212,USD,2025-06-30,ORO_BLANCO
Acciones propias en cartera,-,USD,2025-06-30,ORO_BLANCO
Otras participaciones en el patrimonio,851,USD,2025-06-30,ORO_BLANCO
Otras reservas,-90.800,USD,2025-06-30,ORO_BLANCO
Patrimonio atribuible a los propietarios de la controladora,1.793.551,USD,2025-06-30,ORO_BLANCO
Participaciones no controladoras,193.312,USD,2025-06-30,ORO_BLANCO
Patrimonio total,1.986.863,USD,2025-06-30,ORO_BLANCO
Total de patrimonio y pasivos,2.403.066,USD,2025-06-30,ORO_BLANCO
