Holding,pct_holding,eqy_shares,eqy_shares_total,Date,ID
INVERSIONES TEVAL SA,0.0965,1738677957,18048204643,2016-03-01,ALMENDRAL
INVERSIONES HUILDAD SPA,0.08470000000000001,1526191700,18048204643,2016-03-01,ALMENDRAL
INVERSIONES NILO SA,0.0702,1265122557,18048204643,2016-03-01,ALMENDRAL
CONSORCIO C DE B S A,0.0533,960099678,18048204643,2016-03-01,ALMENDRAL
INVERSIONES EL RAULI SA,0.0525,946366424,18048204643,2016-03-01,ALMENDRAL
PIONERO FONDO DE INVERSION,0.051399999999999994,925881067,18048204643,2016-03-01,ALMENDRAL
FORESTAL CANADA S A,0.043,774109283,18048204643,2016-03-01,ALMENDRAL
CIA DE SEGUROS DE VIDA CONSORCIO NACIONAL DE SEGUROS SA,0.0417,750424284,18048204643,2016-03-01,ALMENDRAL
FORESTAL Y PESQUERA COPAHUE S A,0.0336,606020425,18048204643,2016-03-01,ALMENDRAL
INVERSIONES MARCHIGUE SPA,0.028900000000000002,520609410,18048204643,2016-03-01,ALMENDRAL
FORESTAL OHIGGINS SA,0.027999999999999997,505349730,18048204643,2016-03-01,ALMENDRAL
INVERSIONES GREEN LIMITADA,0.024300000000000002,438537590,18048204643,2016-03-01,ALMENDRAL
INVERSIONES TEVAL SA,0.0965,1738677957,18048204643,2016-06-01,ALMENDRAL
INVERSIONES HUILDAD SPA,0.08470000000000001,1526191700,18048204643,2016-06-01,ALMENDRAL
INVERSIONES NILO SA,0.0702,1265122557,18048204643,2016-06-01,ALMENDRAL
CONSORCIO C DE B S A,0.0533,960099678,18048204643,2016-06-01,ALMENDRAL
INVERSIONES EL RAULI SA,0.0525,946366424,18048204643,2016-06-01,ALMENDRAL
PIONERO FONDO DE INVERSION,0.051399999999999994,925881067,18048204643,2016-06-01,ALMENDRAL
FORESTAL CANADA S A,0.043,774109283,18048204643,2016-06-01,ALMENDRAL
CIA DE SEGUROS DE VIDA CONSORCIO NACIONAL DE SEGUROS SA,0.0417,750424284,18048204643,2016-06-01,ALMENDRAL
FORESTAL Y PESQUERA COPAHUE S A,0.0336,606020425,18048204643,2016-06-01,ALMENDRAL
INVERSIONES MARCHIGUE SPA,0.028900000000000002,520609410,18048204643,2016-06-01,ALMENDRAL
FORESTAL OHIGGINS SA,0.027999999999999997,505349730,18048204643,2016-06-01,ALMENDRAL
INVERSIONES GREEN LIMITADA,0.024300000000000002,438537590,18048204643,2016-06-01,ALMENDRAL
INVERSIONES TEVAL SA,0.0965,1738677957,18048204643,2016-09-01,ALMENDRAL
INVERSIONES HUILDAD SPA,0.08470000000000001,1526191700,18048204643,2016-09-01,ALMENDRAL
INVERSIONES NILO SA,0.0702,1265122557,18048204643,2016-09-01,ALMENDRAL
CONSORCIO C DE B S A,0.0533,960099678,18048204643,2016-09-01,ALMENDRAL
INVERSIONES EL RAULI SA,0.0525,946366424,18048204643,2016-09-01,ALMENDRAL
PIONERO FONDO DE INVERSION,0.051399999999999994,925881067,18048204643,2016-09-01,ALMENDRAL
FORESTAL CANADA S A,0.043,774109283,18048204643,2016-09-01,ALMENDRAL
CIA DE SEGUROS DE VIDA CONSORCIO NACIONAL DE SEGUROS SA,0.0417,750424284,18048204643,2016-09-01,ALMENDRAL
FORESTAL Y PESQUERA COPAHUE S A,0.0336,606020425,18048204643,2016-09-01,ALMENDRAL
INVERSIONES MARCHIGUE SPA,0.028900000000000002,520609410,18048204643,2016-09-01,ALMENDRAL
FORESTAL OHIGGINS SA,0.027999999999999997,505349730,18048204643,2016-09-01,ALMENDRAL
INVERSIONES GREEN LIMITADA,0.024300000000000002,438537590,18048204643,2016-09-01,ALMENDRAL
INVERSIONES TEVAL SA,0.0965,1738677957,18048204643,2016-12-01,ALMENDRAL
INVERSIONES HUILDAD SPA,0.08470000000000001,1526191700,18048204643,2016-12-01,ALMENDRAL
INVERSIONES NILO SA,0.0702,1265122557,18048204643,2016-12-01,ALMENDRAL
CONSORCIO C DE B S A,0.0533,960099678,18048204643,2016-12-01,ALMENDRAL
INVERSIONES EL RAULI SA,0.0525,946366424,18048204643,2016-12-01,ALMENDRAL
PIONERO FONDO DE INVERSION,0.051399999999999994,925881067,18048204643,2016-12-01,ALMENDRAL
FORESTAL CANADA S A,0.043,774109283,18048204643,2016-12-01,ALMENDRAL
CIA DE SEGUROS DE VIDA CONSORCIO NACIONAL DE SEGUROS SA,0.0417,750424284,18048204643,2016-12-01,ALMENDRAL
FORESTAL Y PESQUERA COPAHUE S A,0.0336,606020425,18048204643,2016-12-01,ALMENDRAL
INVERSIONES MARCHIGUE SPA,0.028900000000000002,520609410,18048204643,2016-12-01,ALMENDRAL
FORESTAL OHIGGINS SA,0.027999999999999997,505349730,18048204643,2016-12-01,ALMENDRAL
INVERSIONES GREEN LIMITADA,0.024300000000000002,438537590,18048204643,2016-12-01,ALMENDRAL
INVERSIONES TEVAL SA,0.0965,1738677957,18048204643,2017-03-01,ALMENDRAL
INVERSIONES HUILDAD SPA,0.08470000000000001,1526191700,18048204643,2017-03-01,ALMENDRAL
INVERSIONES NILO SA,0.0702,1265122557,18048204643,2017-03-01,ALMENDRAL
CONSORCIO C DE B S A,0.0533,960099678,18048204643,2017-03-01,ALMENDRAL
INVERSIONES EL RAULI SA,0.0525,946366424,18048204643,2017-03-01,ALMENDRAL
PIONERO FONDO DE INVERSION,0.051399999999999994,925881067,18048204643,2017-03-01,ALMENDRAL
FORESTAL CANADA S A,0.043,774109283,18048204643,2017-03-01,ALMENDRAL
CIA DE SEGUROS DE VIDA CONSORCIO NACIONAL DE SEGUROS SA,0.0417,750424284,18048204643,2017-03-01,ALMENDRAL
FORESTAL Y PESQUERA COPAHUE S A,0.0336,606020425,18048204643,2017-03-01,ALMENDRAL
INVERSIONES MARCHIGUE SPA,0.028900000000000002,520609410,18048204643,2017-03-01,ALMENDRAL
FORESTAL OHIGGINS SA,0.027999999999999997,505349730,18048204643,2017-03-01,ALMENDRAL
INVERSIONES GREEN LIMITADA,0.024300000000000002,438537590,18048204643,2017-03-01,ALMENDRAL
INVERSIONES TEVAL SA,0.0965,1738677957,18048204643,2017-06-01,ALMENDRAL
INVERSIONES HUILDAD SPA,0.08470000000000001,1526191700,18048204643,2017-06-01,ALMENDRAL
INVERSIONES NILO SA,0.0702,1265122557,18048204643,2017-06-01,ALMENDRAL
CONSORCIO C DE B S A,0.0533,960099678,18048204643,2017-06-01,ALMENDRAL
INVERSIONES EL RAULI SA,0.0525,946366424,18048204643,2017-06-01,ALMENDRAL
PIONERO FONDO DE INVERSION,0.051399999999999994,925881067,18048204643,2017-06-01,ALMENDRAL
FORESTAL CANADA S A,0.043,774109283,18048204643,2017-06-01,ALMENDRAL
CIA DE SEGUROS DE VIDA CONSORCIO NACIONAL DE SEGUROS SA,0.0417,750424284,18048204643,2017-06-01,ALMENDRAL
FORESTAL Y PESQUERA COPAHUE S A,0.0336,606020425,18048204643,2017-06-01,ALMENDRAL
INVERSIONES MARCHIGUE SPA,0.028900000000000002,520609410,18048204643,2017-06-01,ALMENDRAL
FORESTAL OHIGGINS SA,0.027999999999999997,505349730,18048204643,2017-06-01,ALMENDRAL
INVERSIONES GREEN LIMITADA,0.024300000000000002,438537590,18048204643,2017-06-01,ALMENDRAL
INVERSIONES TEVAL SA,0.0965,1738677957,18048204643,2017-09-01,ALMENDRAL
INVERSIONES HUILDAD SPA,0.08470000000000001,1526191700,18048204643,2017-09-01,ALMENDRAL
INVERSIONES NILO SA,0.0702,1265122557,18048204643,2017-09-01,ALMENDRAL
CONSORCIO C DE B S A,0.0533,960099678,18048204643,2017-09-01,ALMENDRAL
INVERSIONES EL RAULI SA,0.0525,946366424,18048204643,2017-09-01,ALMENDRAL
PIONERO FONDO DE INVERSION,0.051399999999999994,925881067,18048204643,2017-09-01,ALMENDRAL
FORESTAL CANADA S A,0.043,774109283,18048204643,2017-09-01,ALMENDRAL
CIA DE SEGUROS DE VIDA CONSORCIO NACIONAL DE SEGUROS SA,0.0417,750424284,18048204643,2017-09-01,ALMENDRAL
FORESTAL Y PESQUERA COPAHUE S A,0.0336,606020425,18048204643,2017-09-01,ALMENDRAL
INVERSIONES MARCHIGUE SPA,0.028900000000000002,520609410,18048204643,2017-09-01,ALMENDRAL
FORESTAL OHIGGINS SA,0.027999999999999997,505349730,18048204643,2017-09-01,ALMENDRAL
INVERSIONES GREEN LIMITADA,0.024300000000000002,438537590,18048204643,2017-09-01,ALMENDRAL
INVERSIONES TEVAL SA,0.0965,1738677957,18048204643,2017-12-01,ALMENDRAL
INVERSIONES HUILDAD SPA,0.08470000000000001,1526191700,18048204643,2017-12-01,ALMENDRAL
INVERSIONES NILO SA,0.0702,1265122557,18048204643,2017-12-01,ALMENDRAL
CONSORCIO C DE B S A,0.0533,960099678,18048204643,2017-12-01,ALMENDRAL
INVERSIONES EL RAULI SA,0.0525,946366424,18048204643,2017-12-01,ALMENDRAL
PIONERO FONDO DE INVERSION,0.051399999999999994,925881067,18048204643,2017-12-01,ALMENDRAL
FORESTAL CANADA S A,0.043,774109283,18048204643,2017-12-01,ALMENDRAL
CIA DE SEGUROS DE VIDA CONSORCIO NACIONAL DE SEGUROS SA,0.0417,750424284,18048204643,2017-12-01,ALMENDRAL
FORESTAL Y PESQUERA COPAHUE S A,0.0336,606020425,18048204643,2017-12-01,ALMENDRAL
INVERSIONES MARCHIGUE SPA,0.028900000000000002,520609410,18048204643,2017-12-01,ALMENDRAL
FORESTAL OHIGGINS SA,0.027999999999999997,505349730,18048204643,2017-12-01,ALMENDRAL
INVERSIONES GREEN LIMITADA,0.024300000000000002,438537590,18048204643,2017-12-01,ALMENDRAL
INVERSIONES TEVAL SA,0.0965,1738677957,18048204643,2018-03-01,ALMENDRAL
INVERSIONES HUILDAD SPA,0.08470000000000001,1526191700,18048204643,2018-03-01,ALMENDRAL
INVERSIONES NILO SA,0.0702,1265122557,18048204643,2018-03-01,ALMENDRAL
CONSORCIO C DE B S A,0.0533,960099678,18048204643,2018-03-01,ALMENDRAL
INVERSIONES EL RAULI SA,0.0525,946366424,18048204643,2018-03-01,ALMENDRAL
PIONERO FONDO DE INVERSION,0.051399999999999994,925881067,18048204643,2018-03-01,ALMENDRAL
FORESTAL CANADA S A,0.043,774109283,18048204643,2018-03-01,ALMENDRAL
CIA DE SEGUROS DE VIDA CONSORCIO NACIONAL DE SEGUROS SA,0.0417,750424284,18048204643,2018-03-01,ALMENDRAL
FORESTAL Y PESQUERA COPAHUE S A,0.0336,606020425,18048204643,2018-03-01,ALMENDRAL
INVERSIONES MARCHIGUE SPA,0.028900000000000002,520609410,18048204643,2018-03-01,ALMENDRAL
FORESTAL OHIGGINS SA,0.027999999999999997,505349730,18048204643,2018-03-01,ALMENDRAL
INVERSIONES GREEN LIMITADA,0.024300000000000002,438537590,18048204643,2018-03-01,ALMENDRAL
INVERSIONES TEVAL SA,0.0965,1738677957,18048204643,2018-06-01,ALMENDRAL
INVERSIONES HUILDAD SPA,0.08470000000000001,1526191700,18048204643,2018-06-01,ALMENDRAL
INVERSIONES NILO SA,0.0702,1265122557,18048204643,2018-06-01,ALMENDRAL
CONSORCIO C DE B S A,0.0533,960099678,18048204643,2018-06-01,ALMENDRAL
INVERSIONES EL RAULI SA,0.0525,946366424,18048204643,2018-06-01,ALMENDRAL
PIONERO FONDO DE INVERSION,0.051399999999999994,925881067,18048204643,2018-06-01,ALMENDRAL
FORESTAL CANADA S A,0.043,774109283,18048204643,2018-06-01,ALMENDRAL
CIA DE SEGUROS DE VIDA CONSORCIO NACIONAL DE SEGUROS SA,0.0417,750424284,18048204643,2018-06-01,ALMENDRAL
FORESTAL Y PESQUERA COPAHUE S A,0.0336,606020425,18048204643,2018-06-01,ALMENDRAL
INVERSIONES MARCHIGUE SPA,0.028900000000000002,520609410,18048204643,2018-06-01,ALMENDRAL
FORESTAL OHIGGINS SA,0.027999999999999997,505349730,18048204643,2018-06-01,ALMENDRAL
INVERSIONES GREEN LIMITADA,0.024300000000000002,438537590,18048204643,2018-06-01,ALMENDRAL
INVERSIONES TEVAL SA,0.0965,1738677957,18048204643,2018-09-01,ALMENDRAL
INVERSIONES HUILDAD SPA,0.08470000000000001,1526191700,18048204643,2018-09-01,ALMENDRAL
INVERSIONES NILO SA,0.0702,1265122557,18048204643,2018-09-01,ALMENDRAL
CONSORCIO C DE B S A,0.0533,960099678,18048204643,2018-09-01,ALMENDRAL
INVERSIONES EL RAULI SA,0.0525,946366424,18048204643,2018-09-01,ALMENDRAL
PIONERO FONDO DE INVERSION,0.051399999999999994,925881067,18048204643,2018-09-01,ALMENDRAL
FORESTAL CANADA S A,0.043,774109283,18048204643,2018-09-01,ALMENDRAL
CIA DE SEGUROS DE VIDA CONSORCIO NACIONAL DE SEGUROS SA,0.0417,750424284,18048204643,2018-09-01,ALMENDRAL
FORESTAL Y PESQUERA COPAHUE S A,0.0336,606020425,18048204643,2018-09-01,ALMENDRAL
INVERSIONES MARCHIGUE SPA,0.028900000000000002,520609410,18048204643,2018-09-01,ALMENDRAL
FORESTAL OHIGGINS SA,0.027999999999999997,505349730,18048204643,2018-09-01,ALMENDRAL
INVERSIONES GREEN LIMITADA,0.024300000000000002,438537590,18048204643,2018-09-01,ALMENDRAL
INVERSIONES TEVAL SA,0.0965,1738677957,18048204643,2018-12-01,ALMENDRAL
INVERSIONES HUILDAD SPA,0.08470000000000001,1526191700,18048204643,2018-12-01,ALMENDRAL
INVERSIONES NILO SA,0.0702,1265122557,18048204643,2018-12-01,ALMENDRAL
CONSORCIO C DE B S A,0.0533,960099678,18048204643,2018-12-01,ALMENDRAL
INVERSIONES EL RAULI SA,0.0525,946366424,18048204643,2018-12-01,ALMENDRAL
PIONERO FONDO DE INVERSION,0.051399999999999994,925881067,18048204643,2018-12-01,ALMENDRAL
FORESTAL CANADA S A,0.043,774109283,18048204643,2018-12-01,ALMENDRAL
CIA DE SEGUROS DE VIDA CONSORCIO NACIONAL DE SEGUROS SA,0.0417,750424284,18048204643,2018-12-01,ALMENDRAL
FORESTAL Y PESQUERA COPAHUE S A,0.0336,606020425,18048204643,2018-12-01,ALMENDRAL
INVERSIONES MARCHIGUE SPA,0.028900000000000002,520609410,18048204643,2018-12-01,ALMENDRAL
FORESTAL OHIGGINS SA,0.027999999999999997,505349730,18048204643,2018-12-01,ALMENDRAL
INVERSIONES GREEN LIMITADA,0.024300000000000002,438537590,18048204643,2018-12-01,ALMENDRAL
INVERSIONES TEVAL SA,0.0965,1738677957,18048204643,2019-03-01,ALMENDRAL
INVERSIONES HUILDAD SPA,0.08470000000000001,1526191700,18048204643,2019-03-01,ALMENDRAL
INVERSIONES NILO SA,0.0702,1265122557,18048204643,2019-03-01,ALMENDRAL
CONSORCIO C DE B S A,0.0533,960099678,18048204643,2019-03-01,ALMENDRAL
INVERSIONES EL RAULI SA,0.0525,946366424,18048204643,2019-03-01,ALMENDRAL
PIONERO FONDO DE INVERSION,0.051399999999999994,925881067,18048204643,2019-03-01,ALMENDRAL
FORESTAL CANADA S A,0.043,774109283,18048204643,2019-03-01,ALMENDRAL
CIA DE SEGUROS DE VIDA CONSORCIO NACIONAL DE SEGUROS SA,0.0417,750424284,18048204643,2019-03-01,ALMENDRAL
FORESTAL Y PESQUERA COPAHUE S A,0.0336,606020425,18048204643,2019-03-01,ALMENDRAL
INVERSIONES MARCHIGUE SPA,0.028900000000000002,520609410,18048204643,2019-03-01,ALMENDRAL
FORESTAL OHIGGINS SA,0.027999999999999997,505349730,18048204643,2019-03-01,ALMENDRAL
INVERSIONES GREEN LIMITADA,0.024300000000000002,438537590,18048204643,2019-03-01,ALMENDRAL
INVERSIONES TEVAL SA,0.0965,1738677957,18048204643,2019-06-01,ALMENDRAL
INVERSIONES HUILDAD SPA,0.08470000000000001,1526191700,18048204643,2019-06-01,ALMENDRAL
INVERSIONES NILO SA,0.0702,1265122557,18048204643,2019-06-01,ALMENDRAL
CONSORCIO C DE B S A,0.0533,960099678,18048204643,2019-06-01,ALMENDRAL
INVERSIONES EL RAULI SA,0.0525,946366424,18048204643,2019-06-01,ALMENDRAL
PIONERO FONDO DE INVERSION,0.051399999999999994,925881067,18048204643,2019-06-01,ALMENDRAL
FORESTAL CANADA S A,0.043,774109283,18048204643,2019-06-01,ALMENDRAL
CIA DE SEGUROS DE VIDA CONSORCIO NACIONAL DE SEGUROS SA,0.0417,750424284,18048204643,2019-06-01,ALMENDRAL
FORESTAL Y PESQUERA COPAHUE S A,0.0336,606020425,18048204643,2019-06-01,ALMENDRAL
INVERSIONES MARCHIGUE SPA,0.028900000000000002,520609410,18048204643,2019-06-01,ALMENDRAL
FORESTAL OHIGGINS SA,0.027999999999999997,505349730,18048204643,2019-06-01,ALMENDRAL
INVERSIONES GREEN LIMITADA,0.024300000000000002,438537590,18048204643,2019-06-01,ALMENDRAL
INVERSIONES TEVAL SA,0.0965,1738677957,18048204643,2019-09-01,ALMENDRAL
INVERSIONES HUILDAD SPA,0.08470000000000001,1526191700,18048204643,2019-09-01,ALMENDRAL
INVERSIONES NILO SA,0.0702,1265122557,18048204643,2019-09-01,ALMENDRAL
CONSORCIO C DE B S A,0.0533,960099678,18048204643,2019-09-01,ALMENDRAL
INVERSIONES EL RAULI SA,0.0525,946366424,18048204643,2019-09-01,ALMENDRAL
PIONERO FONDO DE INVERSION,0.051399999999999994,925881067,18048204643,2019-09-01,ALMENDRAL
FORESTAL CANADA S A,0.043,774109283,18048204643,2019-09-01,ALMENDRAL
CIA DE SEGUROS DE VIDA CONSORCIO NACIONAL DE SEGUROS SA,0.0417,750424284,18048204643,2019-09-01,ALMENDRAL
FORESTAL Y PESQUERA COPAHUE S A,0.0336,606020425,18048204643,2019-09-01,ALMENDRAL
INVERSIONES MARCHIGUE SPA,0.028900000000000002,520609410,18048204643,2019-09-01,ALMENDRAL
FORESTAL OHIGGINS SA,0.027999999999999997,505349730,18048204643,2019-09-01,ALMENDRAL
INVERSIONES GREEN LIMITADA,0.024300000000000002,438537590,18048204643,2019-09-01,ALMENDRAL
INVERSIONES TEVAL SA,0.0965,1738677957,18048204643,2019-12-01,ALMENDRAL
INVERSIONES HUILDAD SPA,0.08470000000000001,1526191700,18048204643,2019-12-01,ALMENDRAL
INVERSIONES NILO SA,0.0702,1265122557,18048204643,2019-12-01,ALMENDRAL
CONSORCIO C DE B S A,0.0533,960099678,18048204643,2019-12-01,ALMENDRAL
INVERSIONES EL RAULI SA,0.0525,946366424,18048204643,2019-12-01,ALMENDRAL
PIONERO FONDO DE INVERSION,0.051399999999999994,925881067,18048204643,2019-12-01,ALMENDRAL
FORESTAL CANADA S A,0.043,774109283,18048204643,2019-12-01,ALMENDRAL
CIA DE SEGUROS DE VIDA CONSORCIO NACIONAL DE SEGUROS SA,0.0417,750424284,18048204643,2019-12-01,ALMENDRAL
FORESTAL Y PESQUERA COPAHUE S A,0.0336,606020425,18048204643,2019-12-01,ALMENDRAL
INVERSIONES MARCHIGUE SPA,0.028900000000000002,520609410,18048204643,2019-12-01,ALMENDRAL
FORESTAL OHIGGINS SA,0.027999999999999997,505349730,18048204643,2019-12-01,ALMENDRAL
INVERSIONES GREEN LIMITADA,0.024300000000000002,438537590,18048204643,2019-12-01,ALMENDRAL
INVERSIONES TEVAL SA,0.0965,1738677957,18048204643,2020-03-01,ALMENDRAL
INVERSIONES HUILDAD SPA,0.08470000000000001,1526191700,18048204643,2020-03-01,ALMENDRAL
INVERSIONES NILO SA,0.0702,1265122557,18048204643,2020-03-01,ALMENDRAL
CONSORCIO C DE B S A,0.0533,960099678,18048204643,2020-03-01,ALMENDRAL
INVERSIONES EL RAULI SA,0.0525,946366424,18048204643,2020-03-01,ALMENDRAL
PIONERO FONDO DE INVERSION,0.051399999999999994,925881067,18048204643,2020-03-01,ALMENDRAL
FORESTAL CANADA S A,0.043,774109283,18048204643,2020-03-01,ALMENDRAL
CIA DE SEGUROS DE VIDA CONSORCIO NACIONAL DE SEGUROS SA,0.0417,750424284,18048204643,2020-03-01,ALMENDRAL
FORESTAL Y PESQUERA COPAHUE S A,0.0336,606020425,18048204643,2020-03-01,ALMENDRAL
INVERSIONES MARCHIGUE SPA,0.028900000000000002,520609410,18048204643,2020-03-01,ALMENDRAL
FORESTAL OHIGGINS SA,0.027999999999999997,505349730,18048204643,2020-03-01,ALMENDRAL
INVERSIONES GREEN LIMITADA,0.024300000000000002,438537590,18048204643,2020-03-01,ALMENDRAL
INVERSIONES TEVAL SA,0.0965,1738677957,18048204643,2020-06-01,ALMENDRAL
INVERSIONES HUILDAD SPA,0.08470000000000001,1526191700,18048204643,2020-06-01,ALMENDRAL
INVERSIONES NILO SA,0.0702,1265122557,18048204643,2020-06-01,ALMENDRAL
CONSORCIO C DE B S A,0.0533,960099678,18048204643,2020-06-01,ALMENDRAL
INVERSIONES EL RAULI SA,0.0525,946366424,18048204643,2020-06-01,ALMENDRAL
PIONERO FONDO DE INVERSION,0.051399999999999994,925881067,18048204643,2020-06-01,ALMENDRAL
FORESTAL CANADA S A,0.043,774109283,18048204643,2020-06-01,ALMENDRAL
CIA DE SEGUROS DE VIDA CONSORCIO NACIONAL DE SEGUROS SA,0.0417,750424284,18048204643,2020-06-01,ALMENDRAL
FORESTAL Y PESQUERA COPAHUE S A,0.0336,606020425,18048204643,2020-06-01,ALMENDRAL
INVERSIONES MARCHIGUE SPA,0.028900000000000002,520609410,18048204643,2020-06-01,ALMENDRAL
FORESTAL OHIGGINS SA,0.027999999999999997,505349730,18048204643,2020-06-01,ALMENDRAL
INVERSIONES GREEN LIMITADA,0.024300000000000002,438537590,18048204643,2020-06-01,ALMENDRAL
INVERSIONES TEVAL SA,0.0965,1738677957,18048204643,2020-09-01,ALMENDRAL
INVERSIONES HUILDAD SPA,0.08470000000000001,1526191700,18048204643,2020-09-01,ALMENDRAL
INVERSIONES NILO SA,0.0702,1265122557,18048204643,2020-09-01,ALMENDRAL
CONSORCIO C DE B S A,0.0533,960099678,18048204643,2020-09-01,ALMENDRAL
INVERSIONES EL RAULI SA,0.0525,946366424,18048204643,2020-09-01,ALMENDRAL
PIONERO FONDO DE INVERSION,0.051399999999999994,925881067,18048204643,2020-09-01,ALMENDRAL
FORESTAL CANADA S A,0.043,774109283,18048204643,2020-09-01,ALMENDRAL
CIA DE SEGUROS DE VIDA CONSORCIO NACIONAL DE SEGUROS SA,0.0417,750424284,18048204643,2020-09-01,ALMENDRAL
FORESTAL Y PESQUERA COPAHUE S A,0.0336,606020425,18048204643,2020-09-01,ALMENDRAL
INVERSIONES MARCHIGUE SPA,0.028900000000000002,520609410,18048204643,2020-09-01,ALMENDRAL
FORESTAL OHIGGINS SA,0.027999999999999997,505349730,18048204643,2020-09-01,ALMENDRAL
INVERSIONES GREEN LIMITADA,0.024300000000000002,438537590,18048204643,2020-09-01,ALMENDRAL
INVERSIONES TEVAL SA,0.0965,1738677957,18048204643,2020-12-01,ALMENDRAL
INVERSIONES HUILDAD SPA,0.08470000000000001,1526191700,18048204643,2020-12-01,ALMENDRAL
INVERSIONES NILO SA,0.0702,1265122557,18048204643,2020-12-01,ALMENDRAL
CONSORCIO C DE B S A,0.0533,960099678,18048204643,2020-12-01,ALMENDRAL
INVERSIONES EL RAULI SA,0.0525,946366424,18048204643,2020-12-01,ALMENDRAL
PIONERO FONDO DE INVERSION,0.051399999999999994,925881067,18048204643,2020-12-01,ALMENDRAL
FORESTAL CANADA S A,0.043,774109283,18048204643,2020-12-01,ALMENDRAL
CIA DE SEGUROS DE VIDA CONSORCIO NACIONAL DE SEGUROS SA,0.0417,750424284,18048204643,2020-12-01,ALMENDRAL
FORESTAL Y PESQUERA COPAHUE S A,0.0336,606020425,18048204643,2020-12-01,ALMENDRAL
INVERSIONES MARCHIGUE SPA,0.028900000000000002,520609410,18048204643,2020-12-01,ALMENDRAL
FORESTAL OHIGGINS SA,0.027999999999999997,505349730,18048204643,2020-12-01,ALMENDRAL
INVERSIONES GREEN LIMITADA,0.024300000000000002,438537590,18048204643,2020-12-01,ALMENDRAL
INVERSIONES TEVAL SA,0.0965,1738677957,18048204643,2021-03-01,ALMENDRAL
INVERSIONES HUILDAD SPA,0.08470000000000001,1526191700,18048204643,2021-03-01,ALMENDRAL
INVERSIONES NILO SA,0.0702,1265122557,18048204643,2021-03-01,ALMENDRAL
CONSORCIO C DE B S A,0.0533,960099678,18048204643,2021-03-01,ALMENDRAL
INVERSIONES EL RAULI SA,0.0525,946366424,18048204643,2021-03-01,ALMENDRAL
PIONERO FONDO DE INVERSION,0.051399999999999994,925881067,18048204643,2021-03-01,ALMENDRAL
FORESTAL CANADA S A,0.043,774109283,18048204643,2021-03-01,ALMENDRAL
CIA DE SEGUROS DE VIDA CONSORCIO NACIONAL DE SEGUROS SA,0.0417,750424284,18048204643,2021-03-01,ALMENDRAL
FORESTAL Y PESQUERA COPAHUE S A,0.0336,606020425,18048204643,2021-03-01,ALMENDRAL
INVERSIONES MARCHIGUE SPA,0.028900000000000002,520609410,18048204643,2021-03-01,ALMENDRAL
FORESTAL OHIGGINS SA,0.027999999999999997,505349730,18048204643,2021-03-01,ALMENDRAL
INVERSIONES GREEN LIMITADA,0.024300000000000002,438537590,18048204643,2021-03-01,ALMENDRAL
INVERSIONES TEVAL SA,0.0965,1738677957,18048204643,2021-06-01,ALMENDRAL
INVERSIONES HUILDAD SPA,0.08470000000000001,1526191700,18048204643,2021-06-01,ALMENDRAL
INVERSIONES NILO SA,0.0702,1265122557,18048204643,2021-06-01,ALMENDRAL
CONSORCIO C DE B S A,0.0533,960099678,18048204643,2021-06-01,ALMENDRAL
INVERSIONES EL RAULI SA,0.0525,946366424,18048204643,2021-06-01,ALMENDRAL
PIONERO FONDO DE INVERSION,0.051399999999999994,925881067,18048204643,2021-06-01,ALMENDRAL
FORESTAL CANADA S A,0.043,774109283,18048204643,2021-06-01,ALMENDRAL
CIA DE SEGUROS DE VIDA CONSORCIO NACIONAL DE SEGUROS SA,0.0417,750424284,18048204643,2021-06-01,ALMENDRAL
FORESTAL Y PESQUERA COPAHUE S A,0.0336,606020425,18048204643,2021-06-01,ALMENDRAL
INVERSIONES MARCHIGUE SPA,0.028900000000000002,520609410,18048204643,2021-06-01,ALMENDRAL
FORESTAL OHIGGINS SA,0.027999999999999997,505349730,18048204643,2021-06-01,ALMENDRAL
INVERSIONES GREEN LIMITADA,0.024300000000000002,438537590,18048204643,2021-06-01,ALMENDRAL
INVERSIONES TEVAL SA,0.0965,1738677957,18048204643,2021-09-01,ALMENDRAL
INVERSIONES HUILDAD SPA,0.08470000000000001,1526191700,18048204643,2021-09-01,ALMENDRAL
INVERSIONES NILO SA,0.0702,1265122557,18048204643,2021-09-01,ALMENDRAL
CONSORCIO C DE B S A,0.0533,960099678,18048204643,2021-09-01,ALMENDRAL
INVERSIONES EL RAULI SA,0.0525,946366424,18048204643,2021-09-01,ALMENDRAL
PIONERO FONDO DE INVERSION,0.051399999999999994,925881067,18048204643,2021-09-01,ALMENDRAL
FORESTAL CANADA S A,0.043,774109283,18048204643,2021-09-01,ALMENDRAL
CIA DE SEGUROS DE VIDA CONSORCIO NACIONAL DE SEGUROS SA,0.0417,750424284,18048204643,2021-09-01,ALMENDRAL
FORESTAL Y PESQUERA COPAHUE S A,0.0336,606020425,18048204643,2021-09-01,ALMENDRAL
INVERSIONES MARCHIGUE SPA,0.028900000000000002,520609410,18048204643,2021-09-01,ALMENDRAL
FORESTAL OHIGGINS SA,0.027999999999999997,505349730,18048204643,2021-09-01,ALMENDRAL
INVERSIONES GREEN LIMITADA,0.024300000000000002,438537590,18048204643,2021-09-01,ALMENDRAL
INVERSIONES TEVAL SA,0.0965,1738677957,18048204643,2021-12-01,ALMENDRAL
INVERSIONES HUILDAD SPA,0.08470000000000001,1526191700,18048204643,2021-12-01,ALMENDRAL
INVERSIONES NILO SA,0.0702,1265122557,18048204643,2021-12-01,ALMENDRAL
CONSORCIO C DE B S A,0.0533,960099678,18048204643,2021-12-01,ALMENDRAL
INVERSIONES EL RAULI SA,0.0525,946366424,18048204643,2021-12-01,ALMENDRAL
PIONERO FONDO DE INVERSION,0.051399999999999994,925881067,18048204643,2021-12-01,ALMENDRAL
FORESTAL CANADA S A,0.043,774109283,18048204643,2021-12-01,ALMENDRAL
CIA DE SEGUROS DE VIDA CONSORCIO NACIONAL DE SEGUROS SA,0.0417,750424284,18048204643,2021-12-01,ALMENDRAL
FORESTAL Y PESQUERA COPAHUE S A,0.0336,606020425,18048204643,2021-12-01,ALMENDRAL
INVERSIONES MARCHIGUE SPA,0.028900000000000002,520609410,18048204643,2021-12-01,ALMENDRAL
FORESTAL OHIGGINS SA,0.027999999999999997,505349730,18048204643,2021-12-01,ALMENDRAL
INVERSIONES GREEN LIMITADA,0.024300000000000002,438537590,18048204643,2021-12-01,ALMENDRAL
INVERSIONES TEVAL SA,0.0965,1738677957,18048204643,2022-03-01,ALMENDRAL
INVERSIONES HUILDAD SPA,0.08470000000000001,1526191700,18048204643,2022-03-01,ALMENDRAL
INVERSIONES NILO SA,0.0702,1265122557,18048204643,2022-03-01,ALMENDRAL
CONSORCIO C DE B S A,0.0533,960099678,18048204643,2022-03-01,ALMENDRAL
INVERSIONES EL RAULI SA,0.0525,946366424,18048204643,2022-03-01,ALMENDRAL
PIONERO FONDO DE INVERSION,0.051399999999999994,925881067,18048204643,2022-03-01,ALMENDRAL
FORESTAL CANADA S A,0.043,774109283,18048204643,2022-03-01,ALMENDRAL
CIA DE SEGUROS DE VIDA CONSORCIO NACIONAL DE SEGUROS SA,0.0417,750424284,18048204643,2022-03-01,ALMENDRAL
FORESTAL Y PESQUERA COPAHUE S A,0.0336,606020425,18048204643,2022-03-01,ALMENDRAL
INVERSIONES MARCHIGUE SPA,0.028900000000000002,520609410,18048204643,2022-03-01,ALMENDRAL
FORESTAL OHIGGINS SA,0.027999999999999997,505349730,18048204643,2022-03-01,ALMENDRAL
INVERSIONES GREEN LIMITADA,0.024300000000000002,438537590,18048204643,2022-03-01,ALMENDRAL
INVERSIONES TEVAL SA,0.0965,1738677957,18048204643,2022-06-01,ALMENDRAL
INVERSIONES HUILDAD SPA,0.08470000000000001,1526191700,18048204643,2022-06-01,ALMENDRAL
INVERSIONES NILO SA,0.0702,1265122557,18048204643,2022-06-01,ALMENDRAL
CONSORCIO C DE B S A,0.0533,960099678,18048204643,2022-06-01,ALMENDRAL
INVERSIONES EL RAULI SA,0.0525,946366424,18048204643,2022-06-01,ALMENDRAL
PIONERO FONDO DE INVERSION,0.051399999999999994,925881067,18048204643,2022-06-01,ALMENDRAL
FORESTAL CANADA S A,0.043,774109283,18048204643,2022-06-01,ALMENDRAL
CIA DE SEGUROS DE VIDA CONSORCIO NACIONAL DE SEGUROS SA,0.0417,750424284,18048204643,2022-06-01,ALMENDRAL
FORESTAL Y PESQUERA COPAHUE S A,0.0336,606020425,18048204643,2022-06-01,ALMENDRAL
INVERSIONES MARCHIGUE SPA,0.028900000000000002,520609410,18048204643,2022-06-01,ALMENDRAL
FORESTAL OHIGGINS SA,0.027999999999999997,505349730,18048204643,2022-06-01,ALMENDRAL
INVERSIONES GREEN LIMITADA,0.024300000000000002,438537590,18048204643,2022-06-01,ALMENDRAL
INVERSIONES TEVAL SA,0.0965,1738677957,18048204643,2022-09-01,ALMENDRAL
INVERSIONES HUILDAD SPA,0.08470000000000001,1526191700,18048204643,2022-09-01,ALMENDRAL
INVERSIONES NILO SA,0.0702,1265122557,18048204643,2022-09-01,ALMENDRAL
CONSORCIO C DE B S A,0.0533,960099678,18048204643,2022-09-01,ALMENDRAL
INVERSIONES EL RAULI SA,0.0525,946366424,18048204643,2022-09-01,ALMENDRAL
PIONERO FONDO DE INVERSION,0.051399999999999994,925881067,18048204643,2022-09-01,ALMENDRAL
FORESTAL CANADA S A,0.043,774109283,18048204643,2022-09-01,ALMENDRAL
CIA DE SEGUROS DE VIDA CONSORCIO NACIONAL DE SEGUROS SA,0.0417,750424284,18048204643,2022-09-01,ALMENDRAL
FORESTAL Y PESQUERA COPAHUE S A,0.0336,606020425,18048204643,2022-09-01,ALMENDRAL
INVERSIONES MARCHIGUE SPA,0.028900000000000002,520609410,18048204643,2022-09-01,ALMENDRAL
FORESTAL OHIGGINS SA,0.027999999999999997,505349730,18048204643,2022-09-01,ALMENDRAL
INVERSIONES GREEN LIMITADA,0.024300000000000002,438537590,18048204643,2022-09-01,ALMENDRAL
INVERSIONES TEVAL SA,0.0965,1738677957,18048204643,2022-12-01,ALMENDRAL
INVERSIONES HUILDAD SPA,0.08470000000000001,1526191700,18048204643,2022-12-01,ALMENDRAL
INVERSIONES NILO SA,0.0702,1265122557,18048204643,2022-12-01,ALMENDRAL
CONSORCIO C DE B S A,0.0533,960099678,18048204643,2022-12-01,ALMENDRAL
INVERSIONES EL RAULI SA,0.0525,946366424,18048204643,2022-12-01,ALMENDRAL
PIONERO FONDO DE INVERSION,0.051399999999999994,925881067,18048204643,2022-12-01,ALMENDRAL
FORESTAL CANADA S A,0.043,774109283,18048204643,2022-12-01,ALMENDRAL
CIA DE SEGUROS DE VIDA CONSORCIO NACIONAL DE SEGUROS SA,0.0417,750424284,18048204643,2022-12-01,ALMENDRAL
FORESTAL Y PESQUERA COPAHUE S A,0.0336,606020425,18048204643,2022-12-01,ALMENDRAL
INVERSIONES MARCHIGUE SPA,0.028900000000000002,520609410,18048204643,2022-12-01,ALMENDRAL
FORESTAL OHIGGINS SA,0.027999999999999997,505349730,18048204643,2022-12-01,ALMENDRAL
INVERSIONES GREEN LIMITADA,0.024300000000000002,438537590,18048204643,2022-12-01,ALMENDRAL
INVERSIONES TEVAL SA,0.0965,1738677957,18048204643,2023-03-01,ALMENDRAL
INVERSIONES HUILDAD SPA,0.08470000000000001,1526191700,18048204643,2023-03-01,ALMENDRAL
INVERSIONES NILO SA,0.0702,1265122557,18048204643,2023-03-01,ALMENDRAL
CONSORCIO C DE B S A,0.0533,960099678,18048204643,2023-03-01,ALMENDRAL
INVERSIONES EL RAULI SA,0.0525,946366424,18048204643,2023-03-01,ALMENDRAL
PIONERO FONDO DE INVERSION,0.051399999999999994,925881067,18048204643,2023-03-01,ALMENDRAL
FORESTAL CANADA S A,0.043,774109283,18048204643,2023-03-01,ALMENDRAL
CIA DE SEGUROS DE VIDA CONSORCIO NACIONAL DE SEGUROS SA,0.0417,750424284,18048204643,2023-03-01,ALMENDRAL
FORESTAL Y PESQUERA COPAHUE S A,0.0336,606020425,18048204643,2023-03-01,ALMENDRAL
INVERSIONES MARCHIGUE SPA,0.028900000000000002,520609410,18048204643,2023-03-01,ALMENDRAL
FORESTAL OHIGGINS SA,0.027999999999999997,505349730,18048204643,2023-03-01,ALMENDRAL
INVERSIONES GREEN LIMITADA,0.024300000000000002,438537590,18048204643,2023-03-01,ALMENDRAL
INVERSIONES TEVAL SA,0.0965,1738677957,18048204643,2023-06-01,ALMENDRAL
INVERSIONES HUILDAD SPA,0.08470000000000001,1526191700,18048204643,2023-06-01,ALMENDRAL
INVERSIONES NILO SA,0.0702,1265122557,18048204643,2023-06-01,ALMENDRAL
CONSORCIO C DE B S A,0.0533,960099678,18048204643,2023-06-01,ALMENDRAL
INVERSIONES EL RAULI SA,0.0525,946366424,18048204643,2023-06-01,ALMENDRAL
PIONERO FONDO DE INVERSION,0.051399999999999994,925881067,18048204643,2023-06-01,ALMENDRAL
FORESTAL CANADA S A,0.043,774109283,18048204643,2023-06-01,ALMENDRAL
CIA DE SEGUROS DE VIDA CONSORCIO NACIONAL DE SEGUROS SA,0.0417,750424284,18048204643,2023-06-01,ALMENDRAL
FORESTAL Y PESQUERA COPAHUE S A,0.0336,606020425,18048204643,2023-06-01,ALMENDRAL
INVERSIONES MARCHIGUE SPA,0.028900000000000002,520609410,18048204643,2023-06-01,ALMENDRAL
FORESTAL OHIGGINS SA,0.027999999999999997,505349730,18048204643,2023-06-01,ALMENDRAL
INVERSIONES GREEN LIMITADA,0.024300000000000002,438537590,18048204643,2023-06-01,ALMENDRAL
INVERSIONES TEVAL SA,0.0965,1738677957,18048204643,2023-09-01,ALMENDRAL
INVERSIONES HUILDAD SPA,0.08470000000000001,1526191700,18048204643,2023-09-01,ALMENDRAL
INVERSIONES NILO SA,0.0702,1265122557,18048204643,2023-09-01,ALMENDRAL
CONSORCIO C DE B S A,0.0533,960099678,18048204643,2023-09-01,ALMENDRAL
INVERSIONES EL RAULI SA,0.0525,946366424,18048204643,2023-09-01,ALMENDRAL
PIONERO FONDO DE INVERSION,0.051399999999999994,925881067,18048204643,2023-09-01,ALMENDRAL
FORESTAL CANADA S A,0.043,774109283,18048204643,2023-09-01,ALMENDRAL
CIA DE SEGUROS DE VIDA CONSORCIO NACIONAL DE SEGUROS SA,0.0417,750424284,18048204643,2023-09-01,ALMENDRAL
FORESTAL Y PESQUERA COPAHUE S A,0.0336,606020425,18048204643,2023-09-01,ALMENDRAL
INVERSIONES MARCHIGUE SPA,0.028900000000000002,520609410,18048204643,2023-09-01,ALMENDRAL
FORESTAL OHIGGINS SA,0.027999999999999997,505349730,18048204643,2023-09-01,ALMENDRAL
INVERSIONES GREEN LIMITADA,0.024300000000000002,438537590,18048204643,2023-09-01,ALMENDRAL
INVERSIONES TEVAL SA,0.0965,1738677957,18048204643,2023-12-01,ALMENDRAL
INVERSIONES HUILDAD SPA,0.08470000000000001,1526191700,18048204643,2023-12-01,ALMENDRAL
INVERSIONES NILO SA,0.0702,1265122557,18048204643,2023-12-01,ALMENDRAL
CONSORCIO C DE B S A,0.0533,960099678,18048204643,2023-12-01,ALMENDRAL
INVERSIONES EL RAULI SA,0.0525,946366424,18048204643,2023-12-01,ALMENDRAL
PIONERO FONDO DE INVERSION,0.051399999999999994,925881067,18048204643,2023-12-01,ALMENDRAL
FORESTAL CANADA S A,0.043,774109283,18048204643,2023-12-01,ALMENDRAL
CIA DE SEGUROS DE VIDA CONSORCIO NACIONAL DE SEGUROS SA,0.0417,750424284,18048204643,2023-12-01,ALMENDRAL
FORESTAL Y PESQUERA COPAHUE S A,0.0336,606020425,18048204643,2023-12-01,ALMENDRAL
INVERSIONES MARCHIGUE SPA,0.028900000000000002,520609410,18048204643,2023-12-01,ALMENDRAL
FORESTAL OHIGGINS SA,0.027999999999999997,505349730,18048204643,2023-12-01,ALMENDRAL
INVERSIONES GREEN LIMITADA,0.024300000000000002,438537590,18048204643,2023-12-01,ALMENDRAL
INVERSIONES TEVAL SA,0.0965,1738677957,18048204643,2024-03-01,ALMENDRAL
INVERSIONES HUILDAD SPA,0.08470000000000001,1526191700,18048204643,2024-03-01,ALMENDRAL
INVERSIONES NILO SA,0.0702,1265122557,18048204643,2024-03-01,ALMENDRAL
CONSORCIO C DE B S A,0.0533,960099678,18048204643,2024-03-01,ALMENDRAL
INVERSIONES EL RAULI SA,0.0525,946366424,18048204643,2024-03-01,ALMENDRAL
PIONERO FONDO DE INVERSION,0.051399999999999994,925881067,18048204643,2024-03-01,ALMENDRAL
FORESTAL CANADA S A,0.043,774109283,18048204643,2024-03-01,ALMENDRAL
CIA DE SEGUROS DE VIDA CONSORCIO NACIONAL DE SEGUROS SA,0.0417,750424284,18048204643,2024-03-01,ALMENDRAL
FORESTAL Y PESQUERA COPAHUE S A,0.0336,606020425,18048204643,2024-03-01,ALMENDRAL
INVERSIONES MARCHIGUE SPA,0.028900000000000002,520609410,18048204643,2024-03-01,ALMENDRAL
FORESTAL OHIGGINS SA,0.027999999999999997,505349730,18048204643,2024-03-01,ALMENDRAL
INVERSIONES GREEN LIMITADA,0.024300000000000002,438537590,18048204643,2024-03-01,ALMENDRAL
INVERSIONES TEVAL SA,0.0965,1738677957,18048204643,2024-06-01,ALMENDRAL
INVERSIONES HUILDAD SPA,0.08470000000000001,1526191700,18048204643,2024-06-01,ALMENDRAL
INVERSIONES NILO SA,0.0702,1265122557,18048204643,2024-06-01,ALMENDRAL
CONSORCIO C DE B S A,0.0533,960099678,18048204643,2024-06-01,ALMENDRAL
INVERSIONES EL RAULI SA,0.0525,946366424,18048204643,2024-06-01,ALMENDRAL
PIONERO FONDO DE INVERSION,0.051399999999999994,925881067,18048204643,2024-06-01,ALMENDRAL
FORESTAL CANADA S A,0.043,774109283,18048204643,2024-06-01,ALMENDRAL
CIA DE SEGUROS DE VIDA CONSORCIO NACIONAL DE SEGUROS SA,0.0417,750424284,18048204643,2024-06-01,ALMENDRAL
FORESTAL Y PESQUERA COPAHUE S A,0.0336,606020425,18048204643,2024-06-01,ALMENDRAL
INVERSIONES MARCHIGUE SPA,0.028900000000000002,520609410,18048204643,2024-06-01,ALMENDRAL
FORESTAL OHIGGINS SA,0.027999999999999997,505349730,18048204643,2024-06-01,ALMENDRAL
INVERSIONES GREEN LIMITADA,0.024300000000000002,438537590,18048204643,2024-06-01,ALMENDRAL
INVERSIONES TEVAL SA,0.0965,1738677957,18048204643,2024-09-01,ALMENDRAL
INVERSIONES HUILDAD SPA,0.08470000000000001,1526191700,18048204643,2024-09-01,ALMENDRAL
INVERSIONES NILO SA,0.0702,1265122557,18048204643,2024-09-01,ALMENDRAL
CONSORCIO C DE B S A,0.0533,960099678,18048204643,2024-09-01,ALMENDRAL
INVERSIONES EL RAULI SA,0.0525,946366424,18048204643,2024-09-01,ALMENDRAL
PIONERO FONDO DE INVERSION,0.051399999999999994,925881067,18048204643,2024-09-01,ALMENDRAL
FORESTAL CANADA S A,0.043,774109283,18048204643,2024-09-01,ALMENDRAL
CIA DE SEGUROS DE VIDA CONSORCIO NACIONAL DE SEGUROS SA,0.0417,750424284,18048204643,2024-09-01,ALMENDRAL
FORESTAL Y PESQUERA COPAHUE S A,0.0336,606020425,18048204643,2024-09-01,ALMENDRAL
INVERSIONES MARCHIGUE SPA,0.028900000000000002,520609410,18048204643,2024-09-01,ALMENDRAL
FORESTAL OHIGGINS SA,0.027999999999999997,505349730,18048204643,2024-09-01,ALMENDRAL
INVERSIONES GREEN LIMITADA,0.024300000000000002,438537590,18048204643,2024-09-01,ALMENDRAL
INVERSIONES TEVAL SA,0.0965,1738677957,18048204643,2024-12-01,ALMENDRAL
INVERSIONES HUILDAD SPA,0.08470000000000001,1526191700,18048204643,2024-12-01,ALMENDRAL
INVERSIONES NILO SA,0.0702,1265122557,18048204643,2024-12-01,ALMENDRAL
CONSORCIO C DE B S A,0.0533,960099678,18048204643,2024-12-01,ALMENDRAL
INVERSIONES EL RAULI SA,0.0525,946366424,18048204643,2024-12-01,ALMENDRAL
PIONERO FONDO DE INVERSION,0.051399999999999994,925881067,18048204643,2024-12-01,ALMENDRAL
FORESTAL CANADA S A,0.043,774109283,18048204643,2024-12-01,ALMENDRAL
CIA DE SEGUROS DE VIDA CONSORCIO NACIONAL DE SEGUROS SA,0.0417,750424284,18048204643,2024-12-01,ALMENDRAL
FORESTAL Y PESQUERA COPAHUE S A,0.0336,606020425,18048204643,2024-12-01,ALMENDRAL
INVERSIONES MARCHIGUE SPA,0.028900000000000002,520609410,18048204643,2024-12-01,ALMENDRAL
FORESTAL OHIGGINS SA,0.027999999999999997,505349730,18048204643,2024-12-01,ALMENDRAL
INVERSIONES GREEN LIMITADA,0.024300000000000002,438537590,18048204643,2024-12-01,ALMENDRAL
INVERSIONES TEVAL SA,0.0965,1738677957,18048204643,2025-03-01,ALMENDRAL
INVERSIONES HUILDAD SPA,0.08470000000000001,1526191700,18048204643,2025-03-01,ALMENDRAL
INVERSIONES NILO SA,0.0702,1265122557,18048204643,2025-03-01,ALMENDRAL
CONSORCIO C DE B S A,0.0533,960099678,18048204643,2025-03-01,ALMENDRAL
INVERSIONES EL RAULI SA,0.0525,946366424,18048204643,2025-03-01,ALMENDRAL
PIONERO FONDO DE INVERSION,0.051399999999999994,925881067,18048204643,2025-03-01,ALMENDRAL
FORESTAL CANADA S A,0.043,774109283,18048204643,2025-03-01,ALMENDRAL
CIA DE SEGUROS DE VIDA CONSORCIO NACIONAL DE SEGUROS SA,0.0417,750424284,18048204643,2025-03-01,ALMENDRAL
FORESTAL Y PESQUERA COPAHUE S A,0.0336,606020425,18048204643,2025-03-01,ALMENDRAL
INVERSIONES MARCHIGUE SPA,0.028900000000000002,520609410,18048204643,2025-03-01,ALMENDRAL
FORESTAL OHIGGINS SA,0.027999999999999997,505349730,18048204643,2025-03-01,ALMENDRAL
INVERSIONES GREEN LIMITADA,0.024300000000000002,438537590,18048204643,2025-03-01,ALMENDRAL
INVERSIONES TEVAL SA,0.0965,1738677957,18048204643,2025-06-01,ALMENDRAL
INVERSIONES HUILDAD SPA,0.08470000000000001,1526191700,18048204643,2025-06-01,ALMENDRAL
INVERSIONES NILO SA,0.0702,1265122557,18048204643,2025-06-01,ALMENDRAL
CONSORCIO C DE B S A,0.0533,960099678,18048204643,2025-06-01,ALMENDRAL
INVERSIONES EL RAULI SA,0.0525,946366424,18048204643,2025-06-01,ALMENDRAL
PIONERO FONDO DE INVERSION,0.051399999999999994,925881067,18048204643,2025-06-01,ALMENDRAL
FORESTAL CANADA S A,0.043,774109283,18048204643,2025-06-01,ALMENDRAL
CIA DE SEGUROS DE VIDA CONSORCIO NACIONAL DE SEGUROS SA,0.0417,750424284,18048204643,2025-06-01,ALMENDRAL
FORESTAL Y PESQUERA COPAHUE S A,0.0336,606020425,18048204643,2025-06-01,ALMENDRAL
INVERSIONES MARCHIGUE SPA,0.028900000000000002,520609410,18048204643,2025-06-01,ALMENDRAL
FORESTAL OHIGGINS SA,0.027999999999999997,505349730,18048204643,2025-06-01,ALMENDRAL
INVERSIONES GREEN LIMITADA,0.024300000000000002,438537590,18048204643,2025-06-01,ALMENDRAL
INVERSIONES TEVAL SA,0.0965,1738677957,18048204643,2025-09-01,ALMENDRAL
INVERSIONES HUILDAD SPA,0.08470000000000001,1526191700,18048204643,2025-09-01,ALMENDRAL
INVERSIONES NILO SA,0.0702,1265122557,18048204643,2025-09-01,ALMENDRAL
CONSORCIO C DE B S A,0.0533,960099678,18048204643,2025-09-01,ALMENDRAL
INVERSIONES EL RAULI SA,0.0525,946366424,18048204643,2025-09-01,ALMENDRAL
PIONERO FONDO DE INVERSION,0.051399999999999994,925881067,18048204643,2025-09-01,ALMENDRAL
FORESTAL CANADA S A,0.043,774109283,18048204643,2025-09-01,ALMENDRAL
CIA DE SEGUROS DE VIDA CONSORCIO NACIONAL DE SEGUROS SA,0.0417,750424284,18048204643,2025-09-01,ALMENDRAL
FORESTAL Y PESQUERA COPAHUE S A,0.0336,606020425,18048204643,2025-09-01,ALMENDRAL
INVERSIONES MARCHIGUE SPA,0.028900000000000002,520609410,18048204643,2025-09-01,ALMENDRAL
FORESTAL OHIGGINS SA,0.027999999999999997,505349730,18048204643,2025-09-01,ALMENDRAL
INVERSIONES GREEN LIMITADA,0.024300000000000002,438537590,18048204643,2025-09-01,ALMENDRAL
INVERSIONES TEVAL SA,0.0965,1738677957,18048204643,2025-12-01,ALMENDRAL
INVERSIONES HUILDAD SPA,0.08470000000000001,1526191700,18048204643,2025-12-01,ALMENDRAL
INVERSIONES NILO SA,0.0702,1265122557,18048204643,2025-12-01,ALMENDRAL
CONSORCIO C DE B S A,0.0533,960099678,18048204643,2025-12-01,ALMENDRAL
INVERSIONES EL RAULI SA,0.0525,946366424,18048204643,2025-12-01,ALMENDRAL
PIONERO FONDO DE INVERSION,0.051399999999999994,925881067,18048204643,2025-12-01,ALMENDRAL
FORESTAL CANADA S A,0.043,774109283,18048204643,2025-12-01,ALMENDRAL
CIA DE SEGUROS DE VIDA CONSORCIO NACIONAL DE SEGUROS SA,0.0417,750424284,18048204643,2025-12-01,ALMENDRAL
FORESTAL Y PESQUERA COPAHUE S A,0.0336,606020425,18048204643,2025-12-01,ALMENDRAL
INVERSIONES MARCHIGUE SPA,0.028900000000000002,520609410,18048204643,2025-12-01,ALMENDRAL
FORESTAL OHIGGINS SA,0.027999999999999997,505349730,18048204643,2025-12-01,ALMENDRAL
INVERSIONES GREEN LIMITADA,0.024300000000000002,438537590,18048204643,2025-12-01,ALMENDRAL
VEOLIA INVERSIONES AGUAS DEL GRAN SANTIAGO LTDA,0.501,501000000,1001881905,2016-03-01,IAM
LARRAIN VIAL S A CORREDORA DE BOLSA,0.0876,87609633,1001881905,2016-03-01,IAM
INVERSIONES Y RENTAS LIGURIA SPA,0.0837,83665794,1001881905,2016-03-01,IAM
BANCO DE CHILE POR CUENTA DE STATE STREET,0.028399999999999998,28430443,1001881905,2016-03-01,IAM
BANCO SANTANDER POR CUENTA DE INV EXTRANJEROS,0.0231,23143472,1001881905,2016-03-01,IAM
BANCHILE ADM GENERAL DE FONDOS S A,0.022799999999999997,22812870,1001881905,2016-03-01,IAM
BANCHILE CORREDORES DE BOLSA S A,0.0225,22461486,1001881905,2016-03-01,IAM
SANTANDER CORREDORES DE BOLSA LIMITADA,0.0196,19595820,1001881905,2016-03-01,IAM
INVERSIONES MARDOS SA,0.018000000000000002,17961643,1001881905,2016-03-01,IAM
BCI C DE B S A,0.0166,16597197,1001881905,2016-03-01,IAM
AFP HABITAT S A PARA FDO PENSION C,0.013000000000000001,12991419,1001881905,2016-03-01,IAM
BOLSA DE COMERCIO DE SANTIAGO BOLSA DE VALORES,0.0126,12591423,1001881905,2016-03-01,IAM
VEOLIA INVERSIONES AGUAS DEL GRAN SANTIAGO LTDA,0.501,501000000,1001881905,2016-06-01,IAM
LARRAIN VIAL S A CORREDORA DE BOLSA,0.0876,87609633,1001881905,2016-06-01,IAM
INVERSIONES Y RENTAS LIGURIA SPA,0.0837,83665794,1001881905,2016-06-01,IAM
BANCO DE CHILE POR CUENTA DE STATE STREET,0.028399999999999998,28430443,1001881905,2016-06-01,IAM
BANCO SANTANDER POR CUENTA DE INV EXTRANJEROS,0.0231,23143472,1001881905,2016-06-01,IAM
BANCHILE ADM GENERAL DE FONDOS S A,0.022799999999999997,22812870,1001881905,2016-06-01,IAM
BANCHILE CORREDORES DE BOLSA S A,0.0225,22461486,1001881905,2016-06-01,IAM
SANTANDER CORREDORES DE BOLSA LIMITADA,0.0196,19595820,1001881905,2016-06-01,IAM
INVERSIONES MARDOS SA,0.018000000000000002,17961643,1001881905,2016-06-01,IAM
BCI C DE B S A,0.0166,16597197,1001881905,2016-06-01,IAM
AFP HABITAT S A PARA FDO PENSION C,0.013000000000000001,12991419,1001881905,2016-06-01,IAM
BOLSA DE COMERCIO DE SANTIAGO BOLSA DE VALORES,0.0126,12591423,1001881905,2016-06-01,IAM
VEOLIA INVERSIONES AGUAS DEL GRAN SANTIAGO LTDA,0.501,501000000,1001881905,2016-09-01,IAM
LARRAIN VIAL S A CORREDORA DE BOLSA,0.0876,87609633,1001881905,2016-09-01,IAM
INVERSIONES Y RENTAS LIGURIA SPA,0.0837,83665794,1001881905,2016-09-01,IAM
BANCO DE CHILE POR CUENTA DE STATE STREET,0.028399999999999998,28430443,1001881905,2016-09-01,IAM
BANCO SANTANDER POR CUENTA DE INV EXTRANJEROS,0.0231,23143472,1001881905,2016-09-01,IAM
BANCHILE ADM GENERAL DE FONDOS S A,0.022799999999999997,22812870,1001881905,2016-09-01,IAM
BANCHILE CORREDORES DE BOLSA S A,0.0225,22461486,1001881905,2016-09-01,IAM
SANTANDER CORREDORES DE BOLSA LIMITADA,0.0196,19595820,1001881905,2016-09-01,IAM
INVERSIONES MARDOS SA,0.018000000000000002,17961643,1001881905,2016-09-01,IAM
BCI C DE B S A,0.0166,16597197,1001881905,2016-09-01,IAM
AFP HABITAT S A PARA FDO PENSION C,0.013000000000000001,12991419,1001881905,2016-09-01,IAM
BOLSA DE COMERCIO DE SANTIAGO BOLSA DE VALORES,0.0126,12591423,1001881905,2016-09-01,IAM
VEOLIA INVERSIONES AGUAS DEL GRAN SANTIAGO LTDA,0.501,501000000,1001881905,2016-12-01,IAM
LARRAIN VIAL S A CORREDORA DE BOLSA,0.0876,87609633,1001881905,2016-12-01,IAM
INVERSIONES Y RENTAS LIGURIA SPA,0.0837,83665794,1001881905,2016-12-01,IAM
BANCO DE CHILE POR CUENTA DE STATE STREET,0.028399999999999998,28430443,1001881905,2016-12-01,IAM
BANCO SANTANDER POR CUENTA DE INV EXTRANJEROS,0.0231,23143472,1001881905,2016-12-01,IAM
BANCHILE ADM GENERAL DE FONDOS S A,0.022799999999999997,22812870,1001881905,2016-12-01,IAM
BANCHILE CORREDORES DE BOLSA S A,0.0225,22461486,1001881905,2016-12-01,IAM
SANTANDER CORREDORES DE BOLSA LIMITADA,0.0196,19595820,1001881905,2016-12-01,IAM
INVERSIONES MARDOS SA,0.018000000000000002,17961643,1001881905,2016-12-01,IAM
BCI C DE B S A,0.0166,16597197,1001881905,2016-12-01,IAM
AFP HABITAT S A PARA FDO PENSION C,0.013000000000000001,12991419,1001881905,2016-12-01,IAM
BOLSA DE COMERCIO DE SANTIAGO BOLSA DE VALORES,0.0126,12591423,1001881905,2016-12-01,IAM
VEOLIA INVERSIONES AGUAS DEL GRAN SANTIAGO LTDA,0.501,501000000,1001881905,2017-03-01,IAM
LARRAIN VIAL S A CORREDORA DE BOLSA,0.0876,87609633,1001881905,2017-03-01,IAM
INVERSIONES Y RENTAS LIGURIA SPA,0.0837,83665794,1001881905,2017-03-01,IAM
BANCO DE CHILE POR CUENTA DE STATE STREET,0.028399999999999998,28430443,1001881905,2017-03-01,IAM
BANCO SANTANDER POR CUENTA DE INV EXTRANJEROS,0.0231,23143472,1001881905,2017-03-01,IAM
BANCHILE ADM GENERAL DE FONDOS S A,0.022799999999999997,22812870,1001881905,2017-03-01,IAM
BANCHILE CORREDORES DE BOLSA S A,0.0225,22461486,1001881905,2017-03-01,IAM
SANTANDER CORREDORES DE BOLSA LIMITADA,0.0196,19595820,1001881905,2017-03-01,IAM
INVERSIONES MARDOS SA,0.018000000000000002,17961643,1001881905,2017-03-01,IAM
BCI C DE B S A,0.0166,16597197,1001881905,2017-03-01,IAM
AFP HABITAT S A PARA FDO PENSION C,0.013000000000000001,12991419,1001881905,2017-03-01,IAM
BOLSA DE COMERCIO DE SANTIAGO BOLSA DE VALORES,0.0126,12591423,1001881905,2017-03-01,IAM
VEOLIA INVERSIONES AGUAS DEL GRAN SANTIAGO LTDA,0.501,501000000,1001881905,2017-06-01,IAM
LARRAIN VIAL S A CORREDORA DE BOLSA,0.0876,87609633,1001881905,2017-06-01,IAM
INVERSIONES Y RENTAS LIGURIA SPA,0.0837,83665794,1001881905,2017-06-01,IAM
BANCO DE CHILE POR CUENTA DE STATE STREET,0.028399999999999998,28430443,1001881905,2017-06-01,IAM
BANCO SANTANDER POR CUENTA DE INV EXTRANJEROS,0.0231,23143472,1001881905,2017-06-01,IAM
BANCHILE ADM GENERAL DE FONDOS S A,0.022799999999999997,22812870,1001881905,2017-06-01,IAM
BANCHILE CORREDORES DE BOLSA S A,0.0225,22461486,1001881905,2017-06-01,IAM
SANTANDER CORREDORES DE BOLSA LIMITADA,0.0196,19595820,1001881905,2017-06-01,IAM
INVERSIONES MARDOS SA,0.018000000000000002,17961643,1001881905,2017-06-01,IAM
BCI C DE B S A,0.0166,16597197,1001881905,2017-06-01,IAM
AFP HABITAT S A PARA FDO PENSION C,0.013000000000000001,12991419,1001881905,2017-06-01,IAM
BOLSA DE COMERCIO DE SANTIAGO BOLSA DE VALORES,0.0126,12591423,1001881905,2017-06-01,IAM
VEOLIA INVERSIONES AGUAS DEL GRAN SANTIAGO LTDA,0.501,501000000,1001881905,2017-09-01,IAM
LARRAIN VIAL S A CORREDORA DE BOLSA,0.0876,87609633,1001881905,2017-09-01,IAM
INVERSIONES Y RENTAS LIGURIA SPA,0.0837,83665794,1001881905,2017-09-01,IAM
BANCO DE CHILE POR CUENTA DE STATE STREET,0.028399999999999998,28430443,1001881905,2017-09-01,IAM
BANCO SANTANDER POR CUENTA DE INV EXTRANJEROS,0.0231,23143472,1001881905,2017-09-01,IAM
BANCHILE ADM GENERAL DE FONDOS S A,0.022799999999999997,22812870,1001881905,2017-09-01,IAM
BANCHILE CORREDORES DE BOLSA S A,0.0225,22461486,1001881905,2017-09-01,IAM
SANTANDER CORREDORES DE BOLSA LIMITADA,0.0196,19595820,1001881905,2017-09-01,IAM
INVERSIONES MARDOS SA,0.018000000000000002,17961643,1001881905,2017-09-01,IAM
BCI C DE B S A,0.0166,16597197,1001881905,2017-09-01,IAM
AFP HABITAT S A PARA FDO PENSION C,0.013000000000000001,12991419,1001881905,2017-09-01,IAM
BOLSA DE COMERCIO DE SANTIAGO BOLSA DE VALORES,0.0126,12591423,1001881905,2017-09-01,IAM
VEOLIA INVERSIONES AGUAS DEL GRAN SANTIAGO LTDA,0.501,501000000,1001881905,2017-12-01,IAM
LARRAIN VIAL S A CORREDORA DE BOLSA,0.0876,87609633,1001881905,2017-12-01,IAM
INVERSIONES Y RENTAS LIGURIA SPA,0.0837,83665794,1001881905,2017-12-01,IAM
BANCO DE CHILE POR CUENTA DE STATE STREET,0.028399999999999998,28430443,1001881905,2017-12-01,IAM
BANCO SANTANDER POR CUENTA DE INV EXTRANJEROS,0.0231,23143472,1001881905,2017-12-01,IAM
BANCHILE ADM GENERAL DE FONDOS S A,0.022799999999999997,22812870,1001881905,2017-12-01,IAM
BANCHILE CORREDORES DE BOLSA S A,0.0225,22461486,1001881905,2017-12-01,IAM
SANTANDER CORREDORES DE BOLSA LIMITADA,0.0196,19595820,1001881905,2017-12-01,IAM
INVERSIONES MARDOS SA,0.018000000000000002,17961643,1001881905,2017-12-01,IAM
BCI C DE B S A,0.0166,16597197,1001881905,2017-12-01,IAM
AFP HABITAT S A PARA FDO PENSION C,0.013000000000000001,12991419,1001881905,2017-12-01,IAM
BOLSA DE COMERCIO DE SANTIAGO BOLSA DE VALORES,0.0126,12591423,1001881905,2017-12-01,IAM
VEOLIA INVERSIONES AGUAS DEL GRAN SANTIAGO LTDA,0.501,501000000,1001881905,2018-03-01,IAM
LARRAIN VIAL S A CORREDORA DE BOLSA,0.0876,87609633,1001881905,2018-03-01,IAM
INVERSIONES Y RENTAS LIGURIA SPA,0.0837,83665794,1001881905,2018-03-01,IAM
BANCO DE CHILE POR CUENTA DE STATE STREET,0.028399999999999998,28430443,1001881905,2018-03-01,IAM
BANCO SANTANDER POR CUENTA DE INV EXTRANJEROS,0.0231,23143472,1001881905,2018-03-01,IAM
BANCHILE ADM GENERAL DE FONDOS S A,0.022799999999999997,22812870,1001881905,2018-03-01,IAM
BANCHILE CORREDORES DE BOLSA S A,0.0225,22461486,1001881905,2018-03-01,IAM
SANTANDER CORREDORES DE BOLSA LIMITADA,0.0196,19595820,1001881905,2018-03-01,IAM
INVERSIONES MARDOS SA,0.018000000000000002,17961643,1001881905,2018-03-01,IAM
BCI C DE B S A,0.0166,16597197,1001881905,2018-03-01,IAM
AFP HABITAT S A PARA FDO PENSION C,0.013000000000000001,12991419,1001881905,2018-03-01,IAM
BOLSA DE COMERCIO DE SANTIAGO BOLSA DE VALORES,0.0126,12591423,1001881905,2018-03-01,IAM
VEOLIA INVERSIONES AGUAS DEL GRAN SANTIAGO LTDA,0.501,501000000,1001881905,2018-06-01,IAM
LARRAIN VIAL S A CORREDORA DE BOLSA,0.0876,87609633,1001881905,2018-06-01,IAM
INVERSIONES Y RENTAS LIGURIA SPA,0.0837,83665794,1001881905,2018-06-01,IAM
BANCO DE CHILE POR CUENTA DE STATE STREET,0.028399999999999998,28430443,1001881905,2018-06-01,IAM
BANCO SANTANDER POR CUENTA DE INV EXTRANJEROS,0.0231,23143472,1001881905,2018-06-01,IAM
BANCHILE ADM GENERAL DE FONDOS S A,0.022799999999999997,22812870,1001881905,2018-06-01,IAM
BANCHILE CORREDORES DE BOLSA S A,0.0225,22461486,1001881905,2018-06-01,IAM
SANTANDER CORREDORES DE BOLSA LIMITADA,0.0196,19595820,1001881905,2018-06-01,IAM
INVERSIONES MARDOS SA,0.018000000000000002,17961643,1001881905,2018-06-01,IAM
BCI C DE B S A,0.0166,16597197,1001881905,2018-06-01,IAM
AFP HABITAT S A PARA FDO PENSION C,0.013000000000000001,12991419,1001881905,2018-06-01,IAM
BOLSA DE COMERCIO DE SANTIAGO BOLSA DE VALORES,0.0126,12591423,1001881905,2018-06-01,IAM
VEOLIA INVERSIONES AGUAS DEL GRAN SANTIAGO LTDA,0.501,501000000,1001881905,2018-09-01,IAM
LARRAIN VIAL S A CORREDORA DE BOLSA,0.0876,87609633,1001881905,2018-09-01,IAM
INVERSIONES Y RENTAS LIGURIA SPA,0.0837,83665794,1001881905,2018-09-01,IAM
BANCO DE CHILE POR CUENTA DE STATE STREET,0.028399999999999998,28430443,1001881905,2018-09-01,IAM
BANCO SANTANDER POR CUENTA DE INV EXTRANJEROS,0.0231,23143472,1001881905,2018-09-01,IAM
BANCHILE ADM GENERAL DE FONDOS S A,0.022799999999999997,22812870,1001881905,2018-09-01,IAM
BANCHILE CORREDORES DE BOLSA S A,0.0225,22461486,1001881905,2018-09-01,IAM
SANTANDER CORREDORES DE BOLSA LIMITADA,0.0196,19595820,1001881905,2018-09-01,IAM
INVERSIONES MARDOS SA,0.018000000000000002,17961643,1001881905,2018-09-01,IAM
BCI C DE B S A,0.0166,16597197,1001881905,2018-09-01,IAM
AFP HABITAT S A PARA FDO PENSION C,0.013000000000000001,12991419,1001881905,2018-09-01,IAM
BOLSA DE COMERCIO DE SANTIAGO BOLSA DE VALORES,0.0126,12591423,1001881905,2018-09-01,IAM
VEOLIA INVERSIONES AGUAS DEL GRAN SANTIAGO LTDA,0.501,501000000,1001881905,2018-12-01,IAM
LARRAIN VIAL S A CORREDORA DE BOLSA,0.0876,87609633,1001881905,2018-12-01,IAM
INVERSIONES Y RENTAS LIGURIA SPA,0.0837,83665794,1001881905,2018-12-01,IAM
BANCO DE CHILE POR CUENTA DE STATE STREET,0.028399999999999998,28430443,1001881905,2018-12-01,IAM
BANCO SANTANDER POR CUENTA DE INV EXTRANJEROS,0.0231,23143472,1001881905,2018-12-01,IAM
BANCHILE ADM GENERAL DE FONDOS S A,0.022799999999999997,22812870,1001881905,2018-12-01,IAM
BANCHILE CORREDORES DE BOLSA S A,0.0225,22461486,1001881905,2018-12-01,IAM
SANTANDER CORREDORES DE BOLSA LIMITADA,0.0196,19595820,1001881905,2018-12-01,IAM
INVERSIONES MARDOS SA,0.018000000000000002,17961643,1001881905,2018-12-01,IAM
BCI C DE B S A,0.0166,16597197,1001881905,2018-12-01,IAM
AFP HABITAT S A PARA FDO PENSION C,0.013000000000000001,12991419,1001881905,2018-12-01,IAM
BOLSA DE COMERCIO DE SANTIAGO BOLSA DE VALORES,0.0126,12591423,1001881905,2018-12-01,IAM
VEOLIA INVERSIONES AGUAS DEL GRAN SANTIAGO LTDA,0.501,501000000,1001881905,2019-03-01,IAM
LARRAIN VIAL S A CORREDORA DE BOLSA,0.0876,87609633,1001881905,2019-03-01,IAM
INVERSIONES Y RENTAS LIGURIA SPA,0.0837,83665794,1001881905,2019-03-01,IAM
BANCO DE CHILE POR CUENTA DE STATE STREET,0.028399999999999998,28430443,1001881905,2019-03-01,IAM
BANCO SANTANDER POR CUENTA DE INV EXTRANJEROS,0.0231,23143472,1001881905,2019-03-01,IAM
BANCHILE ADM GENERAL DE FONDOS S A,0.022799999999999997,22812870,1001881905,2019-03-01,IAM
BANCHILE CORREDORES DE BOLSA S A,0.0225,22461486,1001881905,2019-03-01,IAM
SANTANDER CORREDORES DE BOLSA LIMITADA,0.0196,19595820,1001881905,2019-03-01,IAM
INVERSIONES MARDOS SA,0.018000000000000002,17961643,1001881905,2019-03-01,IAM
BCI C DE B S A,0.0166,16597197,1001881905,2019-03-01,IAM
AFP HABITAT S A PARA FDO PENSION C,0.013000000000000001,12991419,1001881905,2019-03-01,IAM
BOLSA DE COMERCIO DE SANTIAGO BOLSA DE VALORES,0.0126,12591423,1001881905,2019-03-01,IAM
VEOLIA INVERSIONES AGUAS DEL GRAN SANTIAGO LTDA,0.501,501000000,1001881905,2019-06-01,IAM
LARRAIN VIAL S A CORREDORA DE BOLSA,0.0876,87609633,1001881905,2019-06-01,IAM
INVERSIONES Y RENTAS LIGURIA SPA,0.0837,83665794,1001881905,2019-06-01,IAM
BANCO DE CHILE POR CUENTA DE STATE STREET,0.028399999999999998,28430443,1001881905,2019-06-01,IAM
BANCO SANTANDER POR CUENTA DE INV EXTRANJEROS,0.0231,23143472,1001881905,2019-06-01,IAM
BANCHILE ADM GENERAL DE FONDOS S A,0.022799999999999997,22812870,1001881905,2019-06-01,IAM
BANCHILE CORREDORES DE BOLSA S A,0.0225,22461486,1001881905,2019-06-01,IAM
SANTANDER CORREDORES DE BOLSA LIMITADA,0.0196,19595820,1001881905,2019-06-01,IAM
INVERSIONES MARDOS SA,0.018000000000000002,17961643,1001881905,2019-06-01,IAM
BCI C DE B S A,0.0166,16597197,1001881905,2019-06-01,IAM
AFP HABITAT S A PARA FDO PENSION C,0.013000000000000001,12991419,1001881905,2019-06-01,IAM
BOLSA DE COMERCIO DE SANTIAGO BOLSA DE VALORES,0.0126,12591423,1001881905,2019-06-01,IAM
VEOLIA INVERSIONES AGUAS DEL GRAN SANTIAGO LTDA,0.501,501000000,1001881905,2019-09-01,IAM
LARRAIN VIAL S A CORREDORA DE BOLSA,0.0876,87609633,1001881905,2019-09-01,IAM
INVERSIONES Y RENTAS LIGURIA SPA,0.0837,83665794,1001881905,2019-09-01,IAM
BANCO DE CHILE POR CUENTA DE STATE STREET,0.028399999999999998,28430443,1001881905,2019-09-01,IAM
BANCO SANTANDER POR CUENTA DE INV EXTRANJEROS,0.0231,23143472,1001881905,2019-09-01,IAM
BANCHILE ADM GENERAL DE FONDOS S A,0.022799999999999997,22812870,1001881905,2019-09-01,IAM
BANCHILE CORREDORES DE BOLSA S A,0.0225,22461486,1001881905,2019-09-01,IAM
SANTANDER CORREDORES DE BOLSA LIMITADA,0.0196,19595820,1001881905,2019-09-01,IAM
INVERSIONES MARDOS SA,0.018000000000000002,17961643,1001881905,2019-09-01,IAM
BCI C DE B S A,0.0166,16597197,1001881905,2019-09-01,IAM
AFP HABITAT S A PARA FDO PENSION C,0.013000000000000001,12991419,1001881905,2019-09-01,IAM
BOLSA DE COMERCIO DE SANTIAGO BOLSA DE VALORES,0.0126,12591423,1001881905,2019-09-01,IAM
VEOLIA INVERSIONES AGUAS DEL GRAN SANTIAGO LTDA,0.501,501000000,1001881905,2019-12-01,IAM
LARRAIN VIAL S A CORREDORA DE BOLSA,0.0876,87609633,1001881905,2019-12-01,IAM
INVERSIONES Y RENTAS LIGURIA SPA,0.0837,83665794,1001881905,2019-12-01,IAM
BANCO DE CHILE POR CUENTA DE STATE STREET,0.028399999999999998,28430443,1001881905,2019-12-01,IAM
BANCO SANTANDER POR CUENTA DE INV EXTRANJEROS,0.0231,23143472,1001881905,2019-12-01,IAM
BANCHILE ADM GENERAL DE FONDOS S A,0.022799999999999997,22812870,1001881905,2019-12-01,IAM
BANCHILE CORREDORES DE BOLSA S A,0.0225,22461486,1001881905,2019-12-01,IAM
SANTANDER CORREDORES DE BOLSA LIMITADA,0.0196,19595820,1001881905,2019-12-01,IAM
INVERSIONES MARDOS SA,0.018000000000000002,17961643,1001881905,2019-12-01,IAM
BCI C DE B S A,0.0166,16597197,1001881905,2019-12-01,IAM
AFP HABITAT S A PARA FDO PENSION C,0.013000000000000001,12991419,1001881905,2019-12-01,IAM
BOLSA DE COMERCIO DE SANTIAGO BOLSA DE VALORES,0.0126,12591423,1001881905,2019-12-01,IAM
VEOLIA INVERSIONES AGUAS DEL GRAN SANTIAGO LTDA,0.501,501000000,1001881905,2020-03-01,IAM
LARRAIN VIAL S A CORREDORA DE BOLSA,0.0876,87609633,1001881905,2020-03-01,IAM
INVERSIONES Y RENTAS LIGURIA SPA,0.0837,83665794,1001881905,2020-03-01,IAM
BANCO DE CHILE POR CUENTA DE STATE STREET,0.028399999999999998,28430443,1001881905,2020-03-01,IAM
BANCO SANTANDER POR CUENTA DE INV EXTRANJEROS,0.0231,23143472,1001881905,2020-03-01,IAM
BANCHILE ADM GENERAL DE FONDOS S A,0.022799999999999997,22812870,1001881905,2020-03-01,IAM
BANCHILE CORREDORES DE BOLSA S A,0.0225,22461486,1001881905,2020-03-01,IAM
SANTANDER CORREDORES DE BOLSA LIMITADA,0.0196,19595820,1001881905,2020-03-01,IAM
INVERSIONES MARDOS SA,0.018000000000000002,17961643,1001881905,2020-03-01,IAM
BCI C DE B S A,0.0166,16597197,1001881905,2020-03-01,IAM
AFP HABITAT S A PARA FDO PENSION C,0.013000000000000001,12991419,1001881905,2020-03-01,IAM
BOLSA DE COMERCIO DE SANTIAGO BOLSA DE VALORES,0.0126,12591423,1001881905,2020-03-01,IAM
VEOLIA INVERSIONES AGUAS DEL GRAN SANTIAGO LTDA,0.501,501000000,1001881905,2020-06-01,IAM
LARRAIN VIAL S A CORREDORA DE BOLSA,0.0876,87609633,1001881905,2020-06-01,IAM
INVERSIONES Y RENTAS LIGURIA SPA,0.0837,83665794,1001881905,2020-06-01,IAM
BANCO DE CHILE POR CUENTA DE STATE STREET,0.028399999999999998,28430443,1001881905,2020-06-01,IAM
BANCO SANTANDER POR CUENTA DE INV EXTRANJEROS,0.0231,23143472,1001881905,2020-06-01,IAM
BANCHILE ADM GENERAL DE FONDOS S A,0.022799999999999997,22812870,1001881905,2020-06-01,IAM
BANCHILE CORREDORES DE BOLSA S A,0.0225,22461486,1001881905,2020-06-01,IAM
SANTANDER CORREDORES DE BOLSA LIMITADA,0.0196,19595820,1001881905,2020-06-01,IAM
INVERSIONES MARDOS SA,0.018000000000000002,17961643,1001881905,2020-06-01,IAM
BCI C DE B S A,0.0166,16597197,1001881905,2020-06-01,IAM
AFP HABITAT S A PARA FDO PENSION C,0.013000000000000001,12991419,1001881905,2020-06-01,IAM
BOLSA DE COMERCIO DE SANTIAGO BOLSA DE VALORES,0.0126,12591423,1001881905,2020-06-01,IAM
VEOLIA INVERSIONES AGUAS DEL GRAN SANTIAGO LTDA,0.501,501000000,1001881905,2020-09-01,IAM
LARRAIN VIAL S A CORREDORA DE BOLSA,0.0876,87609633,1001881905,2020-09-01,IAM
INVERSIONES Y RENTAS LIGURIA SPA,0.0837,83665794,1001881905,2020-09-01,IAM
BANCO DE CHILE POR CUENTA DE STATE STREET,0.028399999999999998,28430443,1001881905,2020-09-01,IAM
BANCO SANTANDER POR CUENTA DE INV EXTRANJEROS,0.0231,23143472,1001881905,2020-09-01,IAM
BANCHILE ADM GENERAL DE FONDOS S A,0.022799999999999997,22812870,1001881905,2020-09-01,IAM
BANCHILE CORREDORES DE BOLSA S A,0.0225,22461486,1001881905,2020-09-01,IAM
SANTANDER CORREDORES DE BOLSA LIMITADA,0.0196,19595820,1001881905,2020-09-01,IAM
INVERSIONES MARDOS SA,0.018000000000000002,17961643,1001881905,2020-09-01,IAM
BCI C DE B S A,0.0166,16597197,1001881905,2020-09-01,IAM
AFP HABITAT S A PARA FDO PENSION C,0.013000000000000001,12991419,1001881905,2020-09-01,IAM
BOLSA DE COMERCIO DE SANTIAGO BOLSA DE VALORES,0.0126,12591423,1001881905,2020-09-01,IAM
VEOLIA INVERSIONES AGUAS DEL GRAN SANTIAGO LTDA,0.501,501000000,1001881905,2020-12-01,IAM
LARRAIN VIAL S A CORREDORA DE BOLSA,0.0876,87609633,1001881905,2020-12-01,IAM
INVERSIONES Y RENTAS LIGURIA SPA,0.0837,83665794,1001881905,2020-12-01,IAM
BANCO DE CHILE POR CUENTA DE STATE STREET,0.028399999999999998,28430443,1001881905,2020-12-01,IAM
BANCO SANTANDER POR CUENTA DE INV EXTRANJEROS,0.0231,23143472,1001881905,2020-12-01,IAM
BANCHILE ADM GENERAL DE FONDOS S A,0.022799999999999997,22812870,1001881905,2020-12-01,IAM
BANCHILE CORREDORES DE BOLSA S A,0.0225,22461486,1001881905,2020-12-01,IAM
SANTANDER CORREDORES DE BOLSA LIMITADA,0.0196,19595820,1001881905,2020-12-01,IAM
INVERSIONES MARDOS SA,0.018000000000000002,17961643,1001881905,2020-12-01,IAM
BCI C DE B S A,0.0166,16597197,1001881905,2020-12-01,IAM
AFP HABITAT S A PARA FDO PENSION C,0.013000000000000001,12991419,1001881905,2020-12-01,IAM
BOLSA DE COMERCIO DE SANTIAGO BOLSA DE VALORES,0.0126,12591423,1001881905,2020-12-01,IAM
VEOLIA INVERSIONES AGUAS DEL GRAN SANTIAGO LTDA,0.501,501000000,1001881905,2021-03-01,IAM
LARRAIN VIAL S A CORREDORA DE BOLSA,0.0876,87609633,1001881905,2021-03-01,IAM
INVERSIONES Y RENTAS LIGURIA SPA,0.0837,83665794,1001881905,2021-03-01,IAM
BANCO DE CHILE POR CUENTA DE STATE STREET,0.028399999999999998,28430443,1001881905,2021-03-01,IAM
BANCO SANTANDER POR CUENTA DE INV EXTRANJEROS,0.0231,23143472,1001881905,2021-03-01,IAM
BANCHILE ADM GENERAL DE FONDOS S A,0.022799999999999997,22812870,1001881905,2021-03-01,IAM
BANCHILE CORREDORES DE BOLSA S A,0.0225,22461486,1001881905,2021-03-01,IAM
SANTANDER CORREDORES DE BOLSA LIMITADA,0.0196,19595820,1001881905,2021-03-01,IAM
INVERSIONES MARDOS SA,0.018000000000000002,17961643,1001881905,2021-03-01,IAM
BCI C DE B S A,0.0166,16597197,1001881905,2021-03-01,IAM
AFP HABITAT S A PARA FDO PENSION C,0.013000000000000001,12991419,1001881905,2021-03-01,IAM
BOLSA DE COMERCIO DE SANTIAGO BOLSA DE VALORES,0.0126,12591423,1001881905,2021-03-01,IAM
VEOLIA INVERSIONES AGUAS DEL GRAN SANTIAGO LTDA,0.501,501000000,1001881905,2021-06-01,IAM
LARRAIN VIAL S A CORREDORA DE BOLSA,0.0876,87609633,1001881905,2021-06-01,IAM
INVERSIONES Y RENTAS LIGURIA SPA,0.0837,83665794,1001881905,2021-06-01,IAM
BANCO DE CHILE POR CUENTA DE STATE STREET,0.028399999999999998,28430443,1001881905,2021-06-01,IAM
BANCO SANTANDER POR CUENTA DE INV EXTRANJEROS,0.0231,23143472,1001881905,2021-06-01,IAM
BANCHILE ADM GENERAL DE FONDOS S A,0.022799999999999997,22812870,1001881905,2021-06-01,IAM
BANCHILE CORREDORES DE BOLSA S A,0.0225,22461486,1001881905,2021-06-01,IAM
SANTANDER CORREDORES DE BOLSA LIMITADA,0.0196,19595820,1001881905,2021-06-01,IAM
INVERSIONES MARDOS SA,0.018000000000000002,17961643,1001881905,2021-06-01,IAM
BCI C DE B S A,0.0166,16597197,1001881905,2021-06-01,IAM
AFP HABITAT S A PARA FDO PENSION C,0.013000000000000001,12991419,1001881905,2021-06-01,IAM
BOLSA DE COMERCIO DE SANTIAGO BOLSA DE VALORES,0.0126,12591423,1001881905,2021-06-01,IAM
VEOLIA INVERSIONES AGUAS DEL GRAN SANTIAGO LTDA,0.501,501000000,1001881905,2021-09-01,IAM
LARRAIN VIAL S A CORREDORA DE BOLSA,0.0876,87609633,1001881905,2021-09-01,IAM
INVERSIONES Y RENTAS LIGURIA SPA,0.0837,83665794,1001881905,2021-09-01,IAM
BANCO DE CHILE POR CUENTA DE STATE STREET,0.028399999999999998,28430443,1001881905,2021-09-01,IAM
BANCO SANTANDER POR CUENTA DE INV EXTRANJEROS,0.0231,23143472,1001881905,2021-09-01,IAM
BANCHILE ADM GENERAL DE FONDOS S A,0.022799999999999997,22812870,1001881905,2021-09-01,IAM
BANCHILE CORREDORES DE BOLSA S A,0.0225,22461486,1001881905,2021-09-01,IAM
SANTANDER CORREDORES DE BOLSA LIMITADA,0.0196,19595820,1001881905,2021-09-01,IAM
INVERSIONES MARDOS SA,0.018000000000000002,17961643,1001881905,2021-09-01,IAM
BCI C DE B S A,0.0166,16597197,1001881905,2021-09-01,IAM
AFP HABITAT S A PARA FDO PENSION C,0.013000000000000001,12991419,1001881905,2021-09-01,IAM
BOLSA DE COMERCIO DE SANTIAGO BOLSA DE VALORES,0.0126,12591423,1001881905,2021-09-01,IAM
VEOLIA INVERSIONES AGUAS DEL GRAN SANTIAGO LTDA,0.501,501000000,1001881905,2021-12-01,IAM
LARRAIN VIAL S A CORREDORA DE BOLSA,0.0876,87609633,1001881905,2021-12-01,IAM
INVERSIONES Y RENTAS LIGURIA SPA,0.0837,83665794,1001881905,2021-12-01,IAM
BANCO DE CHILE POR CUENTA DE STATE STREET,0.028399999999999998,28430443,1001881905,2021-12-01,IAM
BANCO SANTANDER POR CUENTA DE INV EXTRANJEROS,0.0231,23143472,1001881905,2021-12-01,IAM
BANCHILE ADM GENERAL DE FONDOS S A,0.022799999999999997,22812870,1001881905,2021-12-01,IAM
BANCHILE CORREDORES DE BOLSA S A,0.0225,22461486,1001881905,2021-12-01,IAM
SANTANDER CORREDORES DE BOLSA LIMITADA,0.0196,19595820,1001881905,2021-12-01,IAM
INVERSIONES MARDOS SA,0.018000000000000002,17961643,1001881905,2021-12-01,IAM
BCI C DE B S A,0.0166,16597197,1001881905,2021-12-01,IAM
AFP HABITAT S A PARA FDO PENSION C,0.013000000000000001,12991419,1001881905,2021-12-01,IAM
BOLSA DE COMERCIO DE SANTIAGO BOLSA DE VALORES,0.0126,12591423,1001881905,2021-12-01,IAM
VEOLIA INVERSIONES AGUAS DEL GRAN SANTIAGO LTDA,0.501,501000000,1001881905,2022-03-01,IAM
LARRAIN VIAL S A CORREDORA DE BOLSA,0.0876,87609633,1001881905,2022-03-01,IAM
INVERSIONES Y RENTAS LIGURIA SPA,0.0837,83665794,1001881905,2022-03-01,IAM
BANCO DE CHILE POR CUENTA DE STATE STREET,0.028399999999999998,28430443,1001881905,2022-03-01,IAM
BANCO SANTANDER POR CUENTA DE INV EXTRANJEROS,0.0231,23143472,1001881905,2022-03-01,IAM
BANCHILE ADM GENERAL DE FONDOS S A,0.022799999999999997,22812870,1001881905,2022-03-01,IAM
BANCHILE CORREDORES DE BOLSA S A,0.0225,22461486,1001881905,2022-03-01,IAM
SANTANDER CORREDORES DE BOLSA LIMITADA,0.0196,19595820,1001881905,2022-03-01,IAM
INVERSIONES MARDOS SA,0.018000000000000002,17961643,1001881905,2022-03-01,IAM
BCI C DE B S A,0.0166,16597197,1001881905,2022-03-01,IAM
AFP HABITAT S A PARA FDO PENSION C,0.013000000000000001,12991419,1001881905,2022-03-01,IAM
BOLSA DE COMERCIO DE SANTIAGO BOLSA DE VALORES,0.0126,12591423,1001881905,2022-03-01,IAM
VEOLIA INVERSIONES AGUAS DEL GRAN SANTIAGO LTDA,0.501,501000000,1001881905,2022-06-01,IAM
LARRAIN VIAL S A CORREDORA DE BOLSA,0.0876,87609633,1001881905,2022-06-01,IAM
INVERSIONES Y RENTAS LIGURIA SPA,0.0837,83665794,1001881905,2022-06-01,IAM
BANCO DE CHILE POR CUENTA DE STATE STREET,0.028399999999999998,28430443,1001881905,2022-06-01,IAM
BANCO SANTANDER POR CUENTA DE INV EXTRANJEROS,0.0231,23143472,1001881905,2022-06-01,IAM
BANCHILE ADM GENERAL DE FONDOS S A,0.022799999999999997,22812870,1001881905,2022-06-01,IAM
BANCHILE CORREDORES DE BOLSA S A,0.0225,22461486,1001881905,2022-06-01,IAM
SANTANDER CORREDORES DE BOLSA LIMITADA,0.0196,19595820,1001881905,2022-06-01,IAM
INVERSIONES MARDOS SA,0.018000000000000002,17961643,1001881905,2022-06-01,IAM
BCI C DE B S A,0.0166,16597197,1001881905,2022-06-01,IAM
AFP HABITAT S A PARA FDO PENSION C,0.013000000000000001,12991419,1001881905,2022-06-01,IAM
BOLSA DE COMERCIO DE SANTIAGO BOLSA DE VALORES,0.0126,12591423,1001881905,2022-06-01,IAM
VEOLIA INVERSIONES AGUAS DEL GRAN SANTIAGO LTDA,0.501,501000000,1001881905,2022-09-01,IAM
LARRAIN VIAL S A CORREDORA DE BOLSA,0.0876,87609633,1001881905,2022-09-01,IAM
INVERSIONES Y RENTAS LIGURIA SPA,0.0837,83665794,1001881905,2022-09-01,IAM
BANCO DE CHILE POR CUENTA DE STATE STREET,0.028399999999999998,28430443,1001881905,2022-09-01,IAM
BANCO SANTANDER POR CUENTA DE INV EXTRANJEROS,0.0231,23143472,1001881905,2022-09-01,IAM
BANCHILE ADM GENERAL DE FONDOS S A,0.022799999999999997,22812870,1001881905,2022-09-01,IAM
BANCHILE CORREDORES DE BOLSA S A,0.0225,22461486,1001881905,2022-09-01,IAM
SANTANDER CORREDORES DE BOLSA LIMITADA,0.0196,19595820,1001881905,2022-09-01,IAM
INVERSIONES MARDOS SA,0.018000000000000002,17961643,1001881905,2022-09-01,IAM
BCI C DE B S A,0.0166,16597197,1001881905,2022-09-01,IAM
AFP HABITAT S A PARA FDO PENSION C,0.013000000000000001,12991419,1001881905,2022-09-01,IAM
BOLSA DE COMERCIO DE SANTIAGO BOLSA DE VALORES,0.0126,12591423,1001881905,2022-09-01,IAM
VEOLIA INVERSIONES AGUAS DEL GRAN SANTIAGO LTDA,0.501,501000000,1001881905,2022-12-01,IAM
LARRAIN VIAL S A CORREDORA DE BOLSA,0.0876,87609633,1001881905,2022-12-01,IAM
INVERSIONES Y RENTAS LIGURIA SPA,0.0837,83665794,1001881905,2022-12-01,IAM
BANCO DE CHILE POR CUENTA DE STATE STREET,0.028399999999999998,28430443,1001881905,2022-12-01,IAM
BANCO SANTANDER POR CUENTA DE INV EXTRANJEROS,0.0231,23143472,1001881905,2022-12-01,IAM
BANCHILE ADM GENERAL DE FONDOS S A,0.022799999999999997,22812870,1001881905,2022-12-01,IAM
BANCHILE CORREDORES DE BOLSA S A,0.0225,22461486,1001881905,2022-12-01,IAM
SANTANDER CORREDORES DE BOLSA LIMITADA,0.0196,19595820,1001881905,2022-12-01,IAM
INVERSIONES MARDOS SA,0.018000000000000002,17961643,1001881905,2022-12-01,IAM
BCI C DE B S A,0.0166,16597197,1001881905,2022-12-01,IAM
AFP HABITAT S A PARA FDO PENSION C,0.013000000000000001,12991419,1001881905,2022-12-01,IAM
BOLSA DE COMERCIO DE SANTIAGO BOLSA DE VALORES,0.0126,12591423,1001881905,2022-12-01,IAM
VEOLIA INVERSIONES AGUAS DEL GRAN SANTIAGO LTDA,0.501,501000000,1001881905,2023-03-01,IAM
LARRAIN VIAL S A CORREDORA DE BOLSA,0.0876,87609633,1001881905,2023-03-01,IAM
INVERSIONES Y RENTAS LIGURIA SPA,0.0837,83665794,1001881905,2023-03-01,IAM
BANCO DE CHILE POR CUENTA DE STATE STREET,0.028399999999999998,28430443,1001881905,2023-03-01,IAM
BANCO SANTANDER POR CUENTA DE INV EXTRANJEROS,0.0231,23143472,1001881905,2023-03-01,IAM
BANCHILE ADM GENERAL DE FONDOS S A,0.022799999999999997,22812870,1001881905,2023-03-01,IAM
BANCHILE CORREDORES DE BOLSA S A,0.0225,22461486,1001881905,2023-03-01,IAM
SANTANDER CORREDORES DE BOLSA LIMITADA,0.0196,19595820,1001881905,2023-03-01,IAM
INVERSIONES MARDOS SA,0.018000000000000002,17961643,1001881905,2023-03-01,IAM
BCI C DE B S A,0.0166,16597197,1001881905,2023-03-01,IAM
AFP HABITAT S A PARA FDO PENSION C,0.013000000000000001,12991419,1001881905,2023-03-01,IAM
BOLSA DE COMERCIO DE SANTIAGO BOLSA DE VALORES,0.0126,12591423,1001881905,2023-03-01,IAM
VEOLIA INVERSIONES AGUAS DEL GRAN SANTIAGO LTDA,0.501,501000000,1001881905,2023-06-01,IAM
LARRAIN VIAL S A CORREDORA DE BOLSA,0.0876,87609633,1001881905,2023-06-01,IAM
INVERSIONES Y RENTAS LIGURIA SPA,0.0837,83665794,1001881905,2023-06-01,IAM
BANCO DE CHILE POR CUENTA DE STATE STREET,0.028399999999999998,28430443,1001881905,2023-06-01,IAM
BANCO SANTANDER POR CUENTA DE INV EXTRANJEROS,0.0231,23143472,1001881905,2023-06-01,IAM
BANCHILE ADM GENERAL DE FONDOS S A,0.022799999999999997,22812870,1001881905,2023-06-01,IAM
BANCHILE CORREDORES DE BOLSA S A,0.0225,22461486,1001881905,2023-06-01,IAM
SANTANDER CORREDORES DE BOLSA LIMITADA,0.0196,19595820,1001881905,2023-06-01,IAM
INVERSIONES MARDOS SA,0.018000000000000002,17961643,1001881905,2023-06-01,IAM
BCI C DE B S A,0.0166,16597197,1001881905,2023-06-01,IAM
AFP HABITAT S A PARA FDO PENSION C,0.013000000000000001,12991419,1001881905,2023-06-01,IAM
BOLSA DE COMERCIO DE SANTIAGO BOLSA DE VALORES,0.0126,12591423,1001881905,2023-06-01,IAM
VEOLIA INVERSIONES AGUAS DEL GRAN SANTIAGO LTDA,0.501,501000000,1001881905,2023-09-01,IAM
LARRAIN VIAL S A CORREDORA DE BOLSA,0.0876,87609633,1001881905,2023-09-01,IAM
INVERSIONES Y RENTAS LIGURIA SPA,0.0837,83665794,1001881905,2023-09-01,IAM
BANCO DE CHILE POR CUENTA DE STATE STREET,0.028399999999999998,28430443,1001881905,2023-09-01,IAM
BANCO SANTANDER POR CUENTA DE INV EXTRANJEROS,0.0231,23143472,1001881905,2023-09-01,IAM
BANCHILE ADM GENERAL DE FONDOS S A,0.022799999999999997,22812870,1001881905,2023-09-01,IAM
BANCHILE CORREDORES DE BOLSA S A,0.0225,22461486,1001881905,2023-09-01,IAM
SANTANDER CORREDORES DE BOLSA LIMITADA,0.0196,19595820,1001881905,2023-09-01,IAM
INVERSIONES MARDOS SA,0.018000000000000002,17961643,1001881905,2023-09-01,IAM
BCI C DE B S A,0.0166,16597197,1001881905,2023-09-01,IAM
AFP HABITAT S A PARA FDO PENSION C,0.013000000000000001,12991419,1001881905,2023-09-01,IAM
BOLSA DE COMERCIO DE SANTIAGO BOLSA DE VALORES,0.0126,12591423,1001881905,2023-09-01,IAM
VEOLIA INVERSIONES AGUAS DEL GRAN SANTIAGO LTDA,0.501,501000000,1001881905,2023-12-01,IAM
LARRAIN VIAL S A CORREDORA DE BOLSA,0.0876,87609633,1001881905,2023-12-01,IAM
INVERSIONES Y RENTAS LIGURIA SPA,0.0837,83665794,1001881905,2023-12-01,IAM
BANCO DE CHILE POR CUENTA DE STATE STREET,0.028399999999999998,28430443,1001881905,2023-12-01,IAM
BANCO SANTANDER POR CUENTA DE INV EXTRANJEROS,0.0231,23143472,1001881905,2023-12-01,IAM
BANCHILE ADM GENERAL DE FONDOS S A,0.022799999999999997,22812870,1001881905,2023-12-01,IAM
BANCHILE CORREDORES DE BOLSA S A,0.0225,22461486,1001881905,2023-12-01,IAM
SANTANDER CORREDORES DE BOLSA LIMITADA,0.0196,19595820,1001881905,2023-12-01,IAM
INVERSIONES MARDOS SA,0.018000000000000002,17961643,1001881905,2023-12-01,IAM
BCI C DE B S A,0.0166,16597197,1001881905,2023-12-01,IAM
AFP HABITAT S A PARA FDO PENSION C,0.013000000000000001,12991419,1001881905,2023-12-01,IAM
BOLSA DE COMERCIO DE SANTIAGO BOLSA DE VALORES,0.0126,12591423,1001881905,2023-12-01,IAM
VEOLIA INVERSIONES AGUAS DEL GRAN SANTIAGO LTDA,0.501,501000000,1001881905,2024-03-01,IAM
LARRAIN VIAL S A CORREDORA DE BOLSA,0.0876,87609633,1001881905,2024-03-01,IAM
INVERSIONES Y RENTAS LIGURIA SPA,0.0837,83665794,1001881905,2024-03-01,IAM
BANCO DE CHILE POR CUENTA DE STATE STREET,0.028399999999999998,28430443,1001881905,2024-03-01,IAM
BANCO SANTANDER POR CUENTA DE INV EXTRANJEROS,0.0231,23143472,1001881905,2024-03-01,IAM
BANCHILE ADM GENERAL DE FONDOS S A,0.022799999999999997,22812870,1001881905,2024-03-01,IAM
BANCHILE CORREDORES DE BOLSA S A,0.0225,22461486,1001881905,2024-03-01,IAM
SANTANDER CORREDORES DE BOLSA LIMITADA,0.0196,19595820,1001881905,2024-03-01,IAM
INVERSIONES MARDOS SA,0.018000000000000002,17961643,1001881905,2024-03-01,IAM
BCI C DE B S A,0.0166,16597197,1001881905,2024-03-01,IAM
AFP HABITAT S A PARA FDO PENSION C,0.013000000000000001,12991419,1001881905,2024-03-01,IAM
BOLSA DE COMERCIO DE SANTIAGO BOLSA DE VALORES,0.0126,12591423,1001881905,2024-03-01,IAM
VEOLIA INVERSIONES AGUAS DEL GRAN SANTIAGO LTDA,0.501,501000000,1001881905,2024-06-01,IAM
LARRAIN VIAL S A CORREDORA DE BOLSA,0.0876,87609633,1001881905,2024-06-01,IAM
INVERSIONES Y RENTAS LIGURIA SPA,0.0837,83665794,1001881905,2024-06-01,IAM
BANCO DE CHILE POR CUENTA DE STATE STREET,0.028399999999999998,28430443,1001881905,2024-06-01,IAM
BANCO SANTANDER POR CUENTA DE INV EXTRANJEROS,0.0231,23143472,1001881905,2024-06-01,IAM
BANCHILE ADM GENERAL DE FONDOS S A,0.022799999999999997,22812870,1001881905,2024-06-01,IAM
BANCHILE CORREDORES DE BOLSA S A,0.0225,22461486,1001881905,2024-06-01,IAM
SANTANDER CORREDORES DE BOLSA LIMITADA,0.0196,19595820,1001881905,2024-06-01,IAM
INVERSIONES MARDOS SA,0.018000000000000002,17961643,1001881905,2024-06-01,IAM
BCI C DE B S A,0.0166,16597197,1001881905,2024-06-01,IAM
AFP HABITAT S A PARA FDO PENSION C,0.013000000000000001,12991419,1001881905,2024-06-01,IAM
BOLSA DE COMERCIO DE SANTIAGO BOLSA DE VALORES,0.0126,12591423,1001881905,2024-06-01,IAM
VEOLIA INVERSIONES AGUAS DEL GRAN SANTIAGO LTDA,0.501,501000000,1001881905,2024-09-01,IAM
LARRAIN VIAL S A CORREDORA DE BOLSA,0.0876,87609633,1001881905,2024-09-01,IAM
INVERSIONES Y RENTAS LIGURIA SPA,0.0837,83665794,1001881905,2024-09-01,IAM
BANCO DE CHILE POR CUENTA DE STATE STREET,0.028399999999999998,28430443,1001881905,2024-09-01,IAM
BANCO SANTANDER POR CUENTA DE INV EXTRANJEROS,0.0231,23143472,1001881905,2024-09-01,IAM
BANCHILE ADM GENERAL DE FONDOS S A,0.022799999999999997,22812870,1001881905,2024-09-01,IAM
BANCHILE CORREDORES DE BOLSA S A,0.0225,22461486,1001881905,2024-09-01,IAM
SANTANDER CORREDORES DE BOLSA LIMITADA,0.0196,19595820,1001881905,2024-09-01,IAM
INVERSIONES MARDOS SA,0.018000000000000002,17961643,1001881905,2024-09-01,IAM
BCI C DE B S A,0.0166,16597197,1001881905,2024-09-01,IAM
AFP HABITAT S A PARA FDO PENSION C,0.013000000000000001,12991419,1001881905,2024-09-01,IAM
BOLSA DE COMERCIO DE SANTIAGO BOLSA DE VALORES,0.0126,12591423,1001881905,2024-09-01,IAM
VEOLIA INVERSIONES AGUAS DEL GRAN SANTIAGO LTDA,0.501,501000000,1001881905,2024-12-01,IAM
LARRAIN VIAL S A CORREDORA DE BOLSA,0.0876,87609633,1001881905,2024-12-01,IAM
INVERSIONES Y RENTAS LIGURIA SPA,0.0837,83665794,1001881905,2024-12-01,IAM
BANCO DE CHILE POR CUENTA DE STATE STREET,0.028399999999999998,28430443,1001881905,2024-12-01,IAM
BANCO SANTANDER POR CUENTA DE INV EXTRANJEROS,0.0231,23143472,1001881905,2024-12-01,IAM
BANCHILE ADM GENERAL DE FONDOS S A,0.022799999999999997,22812870,1001881905,2024-12-01,IAM
BANCHILE CORREDORES DE BOLSA S A,0.0225,22461486,1001881905,2024-12-01,IAM
SANTANDER CORREDORES DE BOLSA LIMITADA,0.0196,19595820,1001881905,2024-12-01,IAM
INVERSIONES MARDOS SA,0.018000000000000002,17961643,1001881905,2024-12-01,IAM
BCI C DE B S A,0.0166,16597197,1001881905,2024-12-01,IAM
AFP HABITAT S A PARA FDO PENSION C,0.013000000000000001,12991419,1001881905,2024-12-01,IAM
BOLSA DE COMERCIO DE SANTIAGO BOLSA DE VALORES,0.0126,12591423,1001881905,2024-12-01,IAM
VEOLIA INVERSIONES AGUAS DEL GRAN SANTIAGO LTDA,0.501,501000000,1001881905,2025-03-01,IAM
LARRAIN VIAL S A CORREDORA DE BOLSA,0.0876,87609633,1001881905,2025-03-01,IAM
INVERSIONES Y RENTAS LIGURIA SPA,0.0837,83665794,1001881905,2025-03-01,IAM
BANCO DE CHILE POR CUENTA DE STATE STREET,0.028399999999999998,28430443,1001881905,2025-03-01,IAM
BANCO SANTANDER POR CUENTA DE INV EXTRANJEROS,0.0231,23143472,1001881905,2025-03-01,IAM
BANCHILE ADM GENERAL DE FONDOS S A,0.022799999999999997,22812870,1001881905,2025-03-01,IAM
BANCHILE CORREDORES DE BOLSA S A,0.0225,22461486,1001881905,2025-03-01,IAM
SANTANDER CORREDORES DE BOLSA LIMITADA,0.0196,19595820,1001881905,2025-03-01,IAM
INVERSIONES MARDOS SA,0.018000000000000002,17961643,1001881905,2025-03-01,IAM
BCI C DE B S A,0.0166,16597197,1001881905,2025-03-01,IAM
AFP HABITAT S A PARA FDO PENSION C,0.013000000000000001,12991419,1001881905,2025-03-01,IAM
BOLSA DE COMERCIO DE SANTIAGO BOLSA DE VALORES,0.0126,12591423,1001881905,2025-03-01,IAM
VEOLIA INVERSIONES AGUAS DEL GRAN SANTIAGO LTDA,0.501,501000000,1001881905,2025-06-01,IAM
LARRAIN VIAL S A CORREDORA DE BOLSA,0.0876,87609633,1001881905,2025-06-01,IAM
INVERSIONES Y RENTAS LIGURIA SPA,0.0837,83665794,1001881905,2025-06-01,IAM
BANCO DE CHILE POR CUENTA DE STATE STREET,0.028399999999999998,28430443,1001881905,2025-06-01,IAM
BANCO SANTANDER POR CUENTA DE INV EXTRANJEROS,0.0231,23143472,1001881905,2025-06-01,IAM
BANCHILE ADM GENERAL DE FONDOS S A,0.022799999999999997,22812870,1001881905,2025-06-01,IAM
BANCHILE CORREDORES DE BOLSA S A,0.0225,22461486,1001881905,2025-06-01,IAM
SANTANDER CORREDORES DE BOLSA LIMITADA,0.0196,19595820,1001881905,2025-06-01,IAM
INVERSIONES MARDOS SA,0.018000000000000002,17961643,1001881905,2025-06-01,IAM
BCI C DE B S A,0.0166,16597197,1001881905,2025-06-01,IAM
AFP HABITAT S A PARA FDO PENSION C,0.013000000000000001,12991419,1001881905,2025-06-01,IAM
BOLSA DE COMERCIO DE SANTIAGO BOLSA DE VALORES,0.0126,12591423,1001881905,2025-06-01,IAM
VEOLIA INVERSIONES AGUAS DEL GRAN SANTIAGO LTDA,0.501,501000000,1001881905,2025-09-01,IAM
LARRAIN VIAL S A CORREDORA DE BOLSA,0.0876,87609633,1001881905,2025-09-01,IAM
INVERSIONES Y RENTAS LIGURIA SPA,0.0837,83665794,1001881905,2025-09-01,IAM
BANCO DE CHILE POR CUENTA DE STATE STREET,0.028399999999999998,28430443,1001881905,2025-09-01,IAM
BANCO SANTANDER POR CUENTA DE INV EXTRANJEROS,0.0231,23143472,1001881905,2025-09-01,IAM
BANCHILE ADM GENERAL DE FONDOS S A,0.022799999999999997,22812870,1001881905,2025-09-01,IAM
BANCHILE CORREDORES DE BOLSA S A,0.0225,22461486,1001881905,2025-09-01,IAM
SANTANDER CORREDORES DE BOLSA LIMITADA,0.0196,19595820,1001881905,2025-09-01,IAM
INVERSIONES MARDOS SA,0.018000000000000002,17961643,1001881905,2025-09-01,IAM
BCI C DE B S A,0.0166,16597197,1001881905,2025-09-01,IAM
AFP HABITAT S A PARA FDO PENSION C,0.013000000000000001,12991419,1001881905,2025-09-01,IAM
BOLSA DE COMERCIO DE SANTIAGO BOLSA DE VALORES,0.0126,12591423,1001881905,2025-09-01,IAM
VEOLIA INVERSIONES AGUAS DEL GRAN SANTIAGO LTDA,0.501,501000000,1001881905,2025-12-01,IAM
LARRAIN VIAL S A CORREDORA DE BOLSA,0.0876,87609633,1001881905,2025-12-01,IAM
INVERSIONES Y RENTAS LIGURIA SPA,0.0837,83665794,1001881905,2025-12-01,IAM
BANCO DE CHILE POR CUENTA DE STATE STREET,0.028399999999999998,28430443,1001881905,2025-12-01,IAM
BANCO SANTANDER POR CUENTA DE INV EXTRANJEROS,0.0231,23143472,1001881905,2025-12-01,IAM
BANCHILE ADM GENERAL DE FONDOS S A,0.022799999999999997,22812870,1001881905,2025-12-01,IAM
BANCHILE CORREDORES DE BOLSA S A,0.0225,22461486,1001881905,2025-12-01,IAM
SANTANDER CORREDORES DE BOLSA LIMITADA,0.0196,19595820,1001881905,2025-12-01,IAM
INVERSIONES MARDOS SA,0.018000000000000002,17961643,1001881905,2025-12-01,IAM
BCI C DE B S A,0.0166,16597197,1001881905,2025-12-01,IAM
AFP HABITAT S A PARA FDO PENSION C,0.013000000000000001,12991419,1001881905,2025-12-01,IAM
BOLSA DE COMERCIO DE SANTIAGO BOLSA DE VALORES,0.0126,12591423,1001881905,2025-12-01,IAM
INVERSIONES HIERRO VIEJO SPA,0.39299999999999996,58728153,149253056,2016-03-01,INVERCAP
SOUTH PACIFIC INVESTMENTS SA,0.12359999999999999,18468593,149253056,2016-03-01,INVERCAP
FUNDACION CAP,0.0951,14208911,149253056,2016-03-01,INVERCAP
SYRACUSE S.A.,0.054000000000000006,8065678,149253056,2016-03-01,INVERCAP
BCI C DE B S A,0.0536,8015909,149253056,2016-03-01,INVERCAP
CREDICORP CAPITAL CORREDORES DE BOLSA SPA,0.0377,5633922,149253056,2016-03-01,INVERCAP
LARRAIN VIAL S A CORREDORA DE BOLSA,0.0274,4089485,149253056,2016-03-01,INVERCAP
HANSTAN INTERNATIONAL CORP,0.0255,3818285,149253056,2016-03-01,INVERCAP
INVERSIONES ANALYTICA INVESTMENTS SPA.,0.018000000000000002,2686556,149253056,2016-03-01,INVERCAP
INVERSIONES MITZUSHIRO TOOSHI KAISHA SPA.,0.018000000000000002,2686555,149253056,2016-03-01,INVERCAP
INVERSIONES RAND SPA.,0.018000000000000002,2686555,149253056,2016-03-01,INVERCAP
BANCHILE CORREDORES DE BOLSA S A,0.0144,2157786,149253056,2016-03-01,INVERCAP
INVERSIONES HIERRO VIEJO SPA,0.39299999999999996,58728153,149253056,2016-06-01,INVERCAP
SOUTH PACIFIC INVESTMENTS SA,0.12359999999999999,18468593,149253056,2016-06-01,INVERCAP
FUNDACION CAP,0.0951,14208911,149253056,2016-06-01,INVERCAP
SYRACUSE S.A.,0.054000000000000006,8065678,149253056,2016-06-01,INVERCAP
BCI C DE B S A,0.0536,8015909,149253056,2016-06-01,INVERCAP
CREDICORP CAPITAL CORREDORES DE BOLSA SPA,0.0377,5633922,149253056,2016-06-01,INVERCAP
LARRAIN VIAL S A CORREDORA DE BOLSA,0.0274,4089485,149253056,2016-06-01,INVERCAP
HANSTAN INTERNATIONAL CORP,0.0255,3818285,149253056,2016-06-01,INVERCAP
INVERSIONES ANALYTICA INVESTMENTS SPA.,0.018000000000000002,2686556,149253056,2016-06-01,INVERCAP
INVERSIONES MITZUSHIRO TOOSHI KAISHA SPA.,0.018000000000000002,2686555,149253056,2016-06-01,INVERCAP
INVERSIONES RAND SPA.,0.018000000000000002,2686555,149253056,2016-06-01,INVERCAP
BANCHILE CORREDORES DE BOLSA S A,0.0144,2157786,149253056,2016-06-01,INVERCAP
INVERSIONES HIERRO VIEJO SPA,0.39299999999999996,58728153,149253056,2016-09-01,INVERCAP
SOUTH PACIFIC INVESTMENTS SA,0.12359999999999999,18468593,149253056,2016-09-01,INVERCAP
FUNDACION CAP,0.0951,14208911,149253056,2016-09-01,INVERCAP
SYRACUSE S.A.,0.054000000000000006,8065678,149253056,2016-09-01,INVERCAP
BCI C DE B S A,0.0536,8015909,149253056,2016-09-01,INVERCAP
CREDICORP CAPITAL CORREDORES DE BOLSA SPA,0.0377,5633922,149253056,2016-09-01,INVERCAP
LARRAIN VIAL S A CORREDORA DE BOLSA,0.0274,4089485,149253056,2016-09-01,INVERCAP
HANSTAN INTERNATIONAL CORP,0.0255,3818285,149253056,2016-09-01,INVERCAP
INVERSIONES ANALYTICA INVESTMENTS SPA.,0.018000000000000002,2686556,149253056,2016-09-01,INVERCAP
INVERSIONES MITZUSHIRO TOOSHI KAISHA SPA.,0.018000000000000002,2686555,149253056,2016-09-01,INVERCAP
INVERSIONES RAND SPA.,0.018000000000000002,2686555,149253056,2016-09-01,INVERCAP
BANCHILE CORREDORES DE BOLSA S A,0.0144,2157786,149253056,2016-09-01,INVERCAP
INVERSIONES HIERRO VIEJO SPA,0.39299999999999996,58728153,149253056,2016-12-01,INVERCAP
SOUTH PACIFIC INVESTMENTS SA,0.12359999999999999,18468593,149253056,2016-12-01,INVERCAP
FUNDACION CAP,0.0951,14208911,149253056,2016-12-01,INVERCAP
SYRACUSE S.A.,0.054000000000000006,8065678,149253056,2016-12-01,INVERCAP
BCI C DE B S A,0.0536,8015909,149253056,2016-12-01,INVERCAP
CREDICORP CAPITAL CORREDORES DE BOLSA SPA,0.0377,5633922,149253056,2016-12-01,INVERCAP
LARRAIN VIAL S A CORREDORA DE BOLSA,0.0274,4089485,149253056,2016-12-01,INVERCAP
HANSTAN INTERNATIONAL CORP,0.0255,3818285,149253056,2016-12-01,INVERCAP
INVERSIONES ANALYTICA INVESTMENTS SPA.,0.018000000000000002,2686556,149253056,2016-12-01,INVERCAP
INVERSIONES MITZUSHIRO TOOSHI KAISHA SPA.,0.018000000000000002,2686555,149253056,2016-12-01,INVERCAP
INVERSIONES RAND SPA.,0.018000000000000002,2686555,149253056,2016-12-01,INVERCAP
BANCHILE CORREDORES DE BOLSA S A,0.0144,2157786,149253056,2016-12-01,INVERCAP
INVERSIONES HIERRO VIEJO SPA,0.39299999999999996,58728153,149253056,2017-03-01,INVERCAP
SOUTH PACIFIC INVESTMENTS SA,0.12359999999999999,18468593,149253056,2017-03-01,INVERCAP
FUNDACION CAP,0.0951,14208911,149253056,2017-03-01,INVERCAP
SYRACUSE S.A.,0.054000000000000006,8065678,149253056,2017-03-01,INVERCAP
BCI C DE B S A,0.0536,8015909,149253056,2017-03-01,INVERCAP
CREDICORP CAPITAL CORREDORES DE BOLSA SPA,0.0377,5633922,149253056,2017-03-01,INVERCAP
LARRAIN VIAL S A CORREDORA DE BOLSA,0.0274,4089485,149253056,2017-03-01,INVERCAP
HANSTAN INTERNATIONAL CORP,0.0255,3818285,149253056,2017-03-01,INVERCAP
INVERSIONES ANALYTICA INVESTMENTS SPA.,0.018000000000000002,2686556,149253056,2017-03-01,INVERCAP
INVERSIONES MITZUSHIRO TOOSHI KAISHA SPA.,0.018000000000000002,2686555,149253056,2017-03-01,INVERCAP
INVERSIONES RAND SPA.,0.018000000000000002,2686555,149253056,2017-03-01,INVERCAP
BANCHILE CORREDORES DE BOLSA S A,0.0144,2157786,149253056,2017-03-01,INVERCAP
INVERSIONES HIERRO VIEJO SPA,0.39299999999999996,58728153,149253056,2017-06-01,INVERCAP
SOUTH PACIFIC INVESTMENTS SA,0.12359999999999999,18468593,149253056,2017-06-01,INVERCAP
FUNDACION CAP,0.0951,14208911,149253056,2017-06-01,INVERCAP
SYRACUSE S.A.,0.054000000000000006,8065678,149253056,2017-06-01,INVERCAP
BCI C DE B S A,0.0536,8015909,149253056,2017-06-01,INVERCAP
CREDICORP CAPITAL CORREDORES DE BOLSA SPA,0.0377,5633922,149253056,2017-06-01,INVERCAP
LARRAIN VIAL S A CORREDORA DE BOLSA,0.0274,4089485,149253056,2017-06-01,INVERCAP
HANSTAN INTERNATIONAL CORP,0.0255,3818285,149253056,2017-06-01,INVERCAP
INVERSIONES ANALYTICA INVESTMENTS SPA.,0.018000000000000002,2686556,149253056,2017-06-01,INVERCAP
INVERSIONES MITZUSHIRO TOOSHI KAISHA SPA.,0.018000000000000002,2686555,149253056,2017-06-01,INVERCAP
INVERSIONES RAND SPA.,0.018000000000000002,2686555,149253056,2017-06-01,INVERCAP
BANCHILE CORREDORES DE BOLSA S A,0.0144,2157786,149253056,2017-06-01,INVERCAP
INVERSIONES HIERRO VIEJO SPA,0.39299999999999996,58728153,149253056,2017-09-01,INVERCAP
SOUTH PACIFIC INVESTMENTS SA,0.12359999999999999,18468593,149253056,2017-09-01,INVERCAP
FUNDACION CAP,0.0951,14208911,149253056,2017-09-01,INVERCAP
SYRACUSE S.A.,0.054000000000000006,8065678,149253056,2017-09-01,INVERCAP
BCI C DE B S A,0.0536,8015909,149253056,2017-09-01,INVERCAP
CREDICORP CAPITAL CORREDORES DE BOLSA SPA,0.0377,5633922,149253056,2017-09-01,INVERCAP
LARRAIN VIAL S A CORREDORA DE BOLSA,0.0274,4089485,149253056,2017-09-01,INVERCAP
HANSTAN INTERNATIONAL CORP,0.0255,3818285,149253056,2017-09-01,INVERCAP
INVERSIONES ANALYTICA INVESTMENTS SPA.,0.018000000000000002,2686556,149253056,2017-09-01,INVERCAP
INVERSIONES MITZUSHIRO TOOSHI KAISHA SPA.,0.018000000000000002,2686555,149253056,2017-09-01,INVERCAP
INVERSIONES RAND SPA.,0.018000000000000002,2686555,149253056,2017-09-01,INVERCAP
BANCHILE CORREDORES DE BOLSA S A,0.0144,2157786,149253056,2017-09-01,INVERCAP
INVERSIONES HIERRO VIEJO SPA,0.39299999999999996,58728153,149253056,2017-12-01,INVERCAP
SOUTH PACIFIC INVESTMENTS SA,0.12359999999999999,18468593,149253056,2017-12-01,INVERCAP
FUNDACION CAP,0.0951,14208911,149253056,2017-12-01,INVERCAP
SYRACUSE S.A.,0.054000000000000006,8065678,149253056,2017-12-01,INVERCAP
BCI C DE B S A,0.0536,8015909,149253056,2017-12-01,INVERCAP
CREDICORP CAPITAL CORREDORES DE BOLSA SPA,0.0377,5633922,149253056,2017-12-01,INVERCAP
LARRAIN VIAL S A CORREDORA DE BOLSA,0.0274,4089485,149253056,2017-12-01,INVERCAP
HANSTAN INTERNATIONAL CORP,0.0255,3818285,149253056,2017-12-01,INVERCAP
INVERSIONES ANALYTICA INVESTMENTS SPA.,0.018000000000000002,2686556,149253056,2017-12-01,INVERCAP
INVERSIONES MITZUSHIRO TOOSHI KAISHA SPA.,0.018000000000000002,2686555,149253056,2017-12-01,INVERCAP
INVERSIONES RAND SPA.,0.018000000000000002,2686555,149253056,2017-12-01,INVERCAP
BANCHILE CORREDORES DE BOLSA S A,0.0144,2157786,149253056,2017-12-01,INVERCAP
INVERSIONES HIERRO VIEJO SPA,0.39299999999999996,58728153,149253056,2018-03-01,INVERCAP
SOUTH PACIFIC INVESTMENTS SA,0.12359999999999999,18468593,149253056,2018-03-01,INVERCAP
FUNDACION CAP,0.0951,14208911,149253056,2018-03-01,INVERCAP
SYRACUSE S.A.,0.054000000000000006,8065678,149253056,2018-03-01,INVERCAP
BCI C DE B S A,0.0536,8015909,149253056,2018-03-01,INVERCAP
CREDICORP CAPITAL CORREDORES DE BOLSA SPA,0.0377,5633922,149253056,2018-03-01,INVERCAP
LARRAIN VIAL S A CORREDORA DE BOLSA,0.0274,4089485,149253056,2018-03-01,INVERCAP
HANSTAN INTERNATIONAL CORP,0.0255,3818285,149253056,2018-03-01,INVERCAP
INVERSIONES ANALYTICA INVESTMENTS SPA.,0.018000000000000002,2686556,149253056,2018-03-01,INVERCAP
INVERSIONES MITZUSHIRO TOOSHI KAISHA SPA.,0.018000000000000002,2686555,149253056,2018-03-01,INVERCAP
INVERSIONES RAND SPA.,0.018000000000000002,2686555,149253056,2018-03-01,INVERCAP
BANCHILE CORREDORES DE BOLSA S A,0.0144,2157786,149253056,2018-03-01,INVERCAP
INVERSIONES HIERRO VIEJO SPA,0.39299999999999996,58728153,149253056,2018-06-01,INVERCAP
SOUTH PACIFIC INVESTMENTS SA,0.12359999999999999,18468593,149253056,2018-06-01,INVERCAP
FUNDACION CAP,0.0951,14208911,149253056,2018-06-01,INVERCAP
SYRACUSE S.A.,0.054000000000000006,8065678,149253056,2018-06-01,INVERCAP
BCI C DE B S A,0.0536,8015909,149253056,2018-06-01,INVERCAP
CREDICORP CAPITAL CORREDORES DE BOLSA SPA,0.0377,5633922,149253056,2018-06-01,INVERCAP
LARRAIN VIAL S A CORREDORA DE BOLSA,0.0274,4089485,149253056,2018-06-01,INVERCAP
HANSTAN INTERNATIONAL CORP,0.0255,3818285,149253056,2018-06-01,INVERCAP
INVERSIONES ANALYTICA INVESTMENTS SPA.,0.018000000000000002,2686556,149253056,2018-06-01,INVERCAP
INVERSIONES MITZUSHIRO TOOSHI KAISHA SPA.,0.018000000000000002,2686555,149253056,2018-06-01,INVERCAP
INVERSIONES RAND SPA.,0.018000000000000002,2686555,149253056,2018-06-01,INVERCAP
BANCHILE CORREDORES DE BOLSA S A,0.0144,2157786,149253056,2018-06-01,INVERCAP
INVERSIONES HIERRO VIEJO SPA,0.39299999999999996,58728153,149253056,2018-09-01,INVERCAP
SOUTH PACIFIC INVESTMENTS SA,0.12359999999999999,18468593,149253056,2018-09-01,INVERCAP
FUNDACION CAP,0.0951,14208911,149253056,2018-09-01,INVERCAP
SYRACUSE S.A.,0.054000000000000006,8065678,149253056,2018-09-01,INVERCAP
BCI C DE B S A,0.0536,8015909,149253056,2018-09-01,INVERCAP
CREDICORP CAPITAL CORREDORES DE BOLSA SPA,0.0377,5633922,149253056,2018-09-01,INVERCAP
LARRAIN VIAL S A CORREDORA DE BOLSA,0.0274,4089485,149253056,2018-09-01,INVERCAP
HANSTAN INTERNATIONAL CORP,0.0255,3818285,149253056,2018-09-01,INVERCAP
INVERSIONES ANALYTICA INVESTMENTS SPA.,0.018000000000000002,2686556,149253056,2018-09-01,INVERCAP
INVERSIONES MITZUSHIRO TOOSHI KAISHA SPA.,0.018000000000000002,2686555,149253056,2018-09-01,INVERCAP
INVERSIONES RAND SPA.,0.018000000000000002,2686555,149253056,2018-09-01,INVERCAP
BANCHILE CORREDORES DE BOLSA S A,0.0144,2157786,149253056,2018-09-01,INVERCAP
INVERSIONES HIERRO VIEJO SPA,0.39299999999999996,58728153,149253056,2018-12-01,INVERCAP
SOUTH PACIFIC INVESTMENTS SA,0.12359999999999999,18468593,149253056,2018-12-01,INVERCAP
FUNDACION CAP,0.0951,14208911,149253056,2018-12-01,INVERCAP
SYRACUSE S.A.,0.054000000000000006,8065678,149253056,2018-12-01,INVERCAP
BCI C DE B S A,0.0536,8015909,149253056,2018-12-01,INVERCAP
CREDICORP CAPITAL CORREDORES DE BOLSA SPA,0.0377,5633922,149253056,2018-12-01,INVERCAP
LARRAIN VIAL S A CORREDORA DE BOLSA,0.0274,4089485,149253056,2018-12-01,INVERCAP
HANSTAN INTERNATIONAL CORP,0.0255,3818285,149253056,2018-12-01,INVERCAP
INVERSIONES ANALYTICA INVESTMENTS SPA.,0.018000000000000002,2686556,149253056,2018-12-01,INVERCAP
INVERSIONES MITZUSHIRO TOOSHI KAISHA SPA.,0.018000000000000002,2686555,149253056,2018-12-01,INVERCAP
INVERSIONES RAND SPA.,0.018000000000000002,2686555,149253056,2018-12-01,INVERCAP
BANCHILE CORREDORES DE BOLSA S A,0.0144,2157786,149253056,2018-12-01,INVERCAP
INVERSIONES HIERRO VIEJO SPA,0.39299999999999996,58728153,149253056,2019-03-01,INVERCAP
SOUTH PACIFIC INVESTMENTS SA,0.12359999999999999,18468593,149253056,2019-03-01,INVERCAP
FUNDACION CAP,0.0951,14208911,149253056,2019-03-01,INVERCAP
SYRACUSE S.A.,0.054000000000000006,8065678,149253056,2019-03-01,INVERCAP
BCI C DE B S A,0.0536,8015909,149253056,2019-03-01,INVERCAP
CREDICORP CAPITAL CORREDORES DE BOLSA SPA,0.0377,5633922,149253056,2019-03-01,INVERCAP
LARRAIN VIAL S A CORREDORA DE BOLSA,0.0274,4089485,149253056,2019-03-01,INVERCAP
HANSTAN INTERNATIONAL CORP,0.0255,3818285,149253056,2019-03-01,INVERCAP
INVERSIONES ANALYTICA INVESTMENTS SPA.,0.018000000000000002,2686556,149253056,2019-03-01,INVERCAP
INVERSIONES MITZUSHIRO TOOSHI KAISHA SPA.,0.018000000000000002,2686555,149253056,2019-03-01,INVERCAP
INVERSIONES RAND SPA.,0.018000000000000002,2686555,149253056,2019-03-01,INVERCAP
BANCHILE CORREDORES DE BOLSA S A,0.0144,2157786,149253056,2019-03-01,INVERCAP
INVERSIONES HIERRO VIEJO SPA,0.39299999999999996,58728153,149253056,2019-06-01,INVERCAP
SOUTH PACIFIC INVESTMENTS SA,0.12359999999999999,18468593,149253056,2019-06-01,INVERCAP
FUNDACION CAP,0.0951,14208911,149253056,2019-06-01,INVERCAP
SYRACUSE S.A.,0.054000000000000006,8065678,149253056,2019-06-01,INVERCAP
BCI C DE B S A,0.0536,8015909,149253056,2019-06-01,INVERCAP
CREDICORP CAPITAL CORREDORES DE BOLSA SPA,0.0377,5633922,149253056,2019-06-01,INVERCAP
LARRAIN VIAL S A CORREDORA DE BOLSA,0.0274,4089485,149253056,2019-06-01,INVERCAP
HANSTAN INTERNATIONAL CORP,0.0255,3818285,149253056,2019-06-01,INVERCAP
INVERSIONES ANALYTICA INVESTMENTS SPA.,0.018000000000000002,2686556,149253056,2019-06-01,INVERCAP
INVERSIONES MITZUSHIRO TOOSHI KAISHA SPA.,0.018000000000000002,2686555,149253056,2019-06-01,INVERCAP
INVERSIONES RAND SPA.,0.018000000000000002,2686555,149253056,2019-06-01,INVERCAP
BANCHILE CORREDORES DE BOLSA S A,0.0144,2157786,149253056,2019-06-01,INVERCAP
INVERSIONES HIERRO VIEJO SPA,0.39299999999999996,58728153,149253056,2019-09-01,INVERCAP
SOUTH PACIFIC INVESTMENTS SA,0.12359999999999999,18468593,149253056,2019-09-01,INVERCAP
FUNDACION CAP,0.0951,14208911,149253056,2019-09-01,INVERCAP
SYRACUSE S.A.,0.054000000000000006,8065678,149253056,2019-09-01,INVERCAP
BCI C DE B S A,0.0536,8015909,149253056,2019-09-01,INVERCAP
CREDICORP CAPITAL CORREDORES DE BOLSA SPA,0.0377,5633922,149253056,2019-09-01,INVERCAP
LARRAIN VIAL S A CORREDORA DE BOLSA,0.0274,4089485,149253056,2019-09-01,INVERCAP
HANSTAN INTERNATIONAL CORP,0.0255,3818285,149253056,2019-09-01,INVERCAP
INVERSIONES ANALYTICA INVESTMENTS SPA.,0.018000000000000002,2686556,149253056,2019-09-01,INVERCAP
INVERSIONES MITZUSHIRO TOOSHI KAISHA SPA.,0.018000000000000002,2686555,149253056,2019-09-01,INVERCAP
INVERSIONES RAND SPA.,0.018000000000000002,2686555,149253056,2019-09-01,INVERCAP
BANCHILE CORREDORES DE BOLSA S A,0.0144,2157786,149253056,2019-09-01,INVERCAP
INVERSIONES HIERRO VIEJO SPA,0.39299999999999996,58728153,149253056,2019-12-01,INVERCAP
SOUTH PACIFIC INVESTMENTS SA,0.12359999999999999,18468593,149253056,2019-12-01,INVERCAP
FUNDACION CAP,0.0951,14208911,149253056,2019-12-01,INVERCAP
SYRACUSE S.A.,0.054000000000000006,8065678,149253056,2019-12-01,INVERCAP
BCI C DE B S A,0.0536,8015909,149253056,2019-12-01,INVERCAP
CREDICORP CAPITAL CORREDORES DE BOLSA SPA,0.0377,5633922,149253056,2019-12-01,INVERCAP
LARRAIN VIAL S A CORREDORA DE BOLSA,0.0274,4089485,149253056,2019-12-01,INVERCAP
HANSTAN INTERNATIONAL CORP,0.0255,3818285,149253056,2019-12-01,INVERCAP
INVERSIONES ANALYTICA INVESTMENTS SPA.,0.018000000000000002,2686556,149253056,2019-12-01,INVERCAP
INVERSIONES MITZUSHIRO TOOSHI KAISHA SPA.,0.018000000000000002,2686555,149253056,2019-12-01,INVERCAP
INVERSIONES RAND SPA.,0.018000000000000002,2686555,149253056,2019-12-01,INVERCAP
BANCHILE CORREDORES DE BOLSA S A,0.0144,2157786,149253056,2019-12-01,INVERCAP
INVERSIONES HIERRO VIEJO SPA,0.39299999999999996,58728153,149253056,2020-03-01,INVERCAP
SOUTH PACIFIC INVESTMENTS SA,0.12359999999999999,18468593,149253056,2020-03-01,INVERCAP
FUNDACION CAP,0.0951,14208911,149253056,2020-03-01,INVERCAP
SYRACUSE S.A.,0.054000000000000006,8065678,149253056,2020-03-01,INVERCAP
BCI C DE B S A,0.0536,8015909,149253056,2020-03-01,INVERCAP
CREDICORP CAPITAL CORREDORES DE BOLSA SPA,0.0377,5633922,149253056,2020-03-01,INVERCAP
LARRAIN VIAL S A CORREDORA DE BOLSA,0.0274,4089485,149253056,2020-03-01,INVERCAP
HANSTAN INTERNATIONAL CORP,0.0255,3818285,149253056,2020-03-01,INVERCAP
INVERSIONES ANALYTICA INVESTMENTS SPA.,0.018000000000000002,2686556,149253056,2020-03-01,INVERCAP
INVERSIONES MITZUSHIRO TOOSHI KAISHA SPA.,0.018000000000000002,2686555,149253056,2020-03-01,INVERCAP
INVERSIONES RAND SPA.,0.018000000000000002,2686555,149253056,2020-03-01,INVERCAP
BANCHILE CORREDORES DE BOLSA S A,0.0144,2157786,149253056,2020-03-01,INVERCAP
INVERSIONES HIERRO VIEJO SPA,0.39299999999999996,58728153,149253056,2020-06-01,INVERCAP
SOUTH PACIFIC INVESTMENTS SA,0.12359999999999999,18468593,149253056,2020-06-01,INVERCAP
FUNDACION CAP,0.0951,14208911,149253056,2020-06-01,INVERCAP
SYRACUSE S.A.,0.054000000000000006,8065678,149253056,2020-06-01,INVERCAP
BCI C DE B S A,0.0536,8015909,149253056,2020-06-01,INVERCAP
CREDICORP CAPITAL CORREDORES DE BOLSA SPA,0.0377,5633922,149253056,2020-06-01,INVERCAP
LARRAIN VIAL S A CORREDORA DE BOLSA,0.0274,4089485,149253056,2020-06-01,INVERCAP
HANSTAN INTERNATIONAL CORP,0.0255,3818285,149253056,2020-06-01,INVERCAP
INVERSIONES ANALYTICA INVESTMENTS SPA.,0.018000000000000002,2686556,149253056,2020-06-01,INVERCAP
INVERSIONES MITZUSHIRO TOOSHI KAISHA SPA.,0.018000000000000002,2686555,149253056,2020-06-01,INVERCAP
INVERSIONES RAND SPA.,0.018000000000000002,2686555,149253056,2020-06-01,INVERCAP
BANCHILE CORREDORES DE BOLSA S A,0.0144,2157786,149253056,2020-06-01,INVERCAP
INVERSIONES HIERRO VIEJO SPA,0.39299999999999996,58728153,149253056,2020-09-01,INVERCAP
SOUTH PACIFIC INVESTMENTS SA,0.12359999999999999,18468593,149253056,2020-09-01,INVERCAP
FUNDACION CAP,0.0951,14208911,149253056,2020-09-01,INVERCAP
SYRACUSE S.A.,0.054000000000000006,8065678,149253056,2020-09-01,INVERCAP
BCI C DE B S A,0.0536,8015909,149253056,2020-09-01,INVERCAP
CREDICORP CAPITAL CORREDORES DE BOLSA SPA,0.0377,5633922,149253056,2020-09-01,INVERCAP
LARRAIN VIAL S A CORREDORA DE BOLSA,0.0274,4089485,149253056,2020-09-01,INVERCAP
HANSTAN INTERNATIONAL CORP,0.0255,3818285,149253056,2020-09-01,INVERCAP
INVERSIONES ANALYTICA INVESTMENTS SPA.,0.018000000000000002,2686556,149253056,2020-09-01,INVERCAP
INVERSIONES MITZUSHIRO TOOSHI KAISHA SPA.,0.018000000000000002,2686555,149253056,2020-09-01,INVERCAP
INVERSIONES RAND SPA.,0.018000000000000002,2686555,149253056,2020-09-01,INVERCAP
BANCHILE CORREDORES DE BOLSA S A,0.0144,2157786,149253056,2020-09-01,INVERCAP
INVERSIONES HIERRO VIEJO SPA,0.39299999999999996,58728153,149253056,2020-12-01,INVERCAP
SOUTH PACIFIC INVESTMENTS SA,0.12359999999999999,18468593,149253056,2020-12-01,INVERCAP
FUNDACION CAP,0.0951,14208911,149253056,2020-12-01,INVERCAP
SYRACUSE S.A.,0.054000000000000006,8065678,149253056,2020-12-01,INVERCAP
BCI C DE B S A,0.0536,8015909,149253056,2020-12-01,INVERCAP
CREDICORP CAPITAL CORREDORES DE BOLSA SPA,0.0377,5633922,149253056,2020-12-01,INVERCAP
LARRAIN VIAL S A CORREDORA DE BOLSA,0.0274,4089485,149253056,2020-12-01,INVERCAP
HANSTAN INTERNATIONAL CORP,0.0255,3818285,149253056,2020-12-01,INVERCAP
INVERSIONES ANALYTICA INVESTMENTS SPA.,0.018000000000000002,2686556,149253056,2020-12-01,INVERCAP
INVERSIONES MITZUSHIRO TOOSHI KAISHA SPA.,0.018000000000000002,2686555,149253056,2020-12-01,INVERCAP
INVERSIONES RAND SPA.,0.018000000000000002,2686555,149253056,2020-12-01,INVERCAP
BANCHILE CORREDORES DE BOLSA S A,0.0144,2157786,149253056,2020-12-01,INVERCAP
INVERSIONES HIERRO VIEJO SPA,0.39299999999999996,58728153,149253056,2021-03-01,INVERCAP
SOUTH PACIFIC INVESTMENTS SA,0.12359999999999999,18468593,149253056,2021-03-01,INVERCAP
FUNDACION CAP,0.0951,14208911,149253056,2021-03-01,INVERCAP
SYRACUSE S.A.,0.054000000000000006,8065678,149253056,2021-03-01,INVERCAP
BCI C DE B S A,0.0536,8015909,149253056,2021-03-01,INVERCAP
CREDICORP CAPITAL CORREDORES DE BOLSA SPA,0.0377,5633922,149253056,2021-03-01,INVERCAP
LARRAIN VIAL S A CORREDORA DE BOLSA,0.0274,4089485,149253056,2021-03-01,INVERCAP
HANSTAN INTERNATIONAL CORP,0.0255,3818285,149253056,2021-03-01,INVERCAP
INVERSIONES ANALYTICA INVESTMENTS SPA.,0.018000000000000002,2686556,149253056,2021-03-01,INVERCAP
INVERSIONES MITZUSHIRO TOOSHI KAISHA SPA.,0.018000000000000002,2686555,149253056,2021-03-01,INVERCAP
INVERSIONES RAND SPA.,0.018000000000000002,2686555,149253056,2021-03-01,INVERCAP
BANCHILE CORREDORES DE BOLSA S A,0.0144,2157786,149253056,2021-03-01,INVERCAP
INVERSIONES HIERRO VIEJO SPA,0.39299999999999996,58728153,149253056,2021-06-01,INVERCAP
SOUTH PACIFIC INVESTMENTS SA,0.12359999999999999,18468593,149253056,2021-06-01,INVERCAP
FUNDACION CAP,0.0951,14208911,149253056,2021-06-01,INVERCAP
SYRACUSE S.A.,0.054000000000000006,8065678,149253056,2021-06-01,INVERCAP
BCI C DE B S A,0.0536,8015909,149253056,2021-06-01,INVERCAP
CREDICORP CAPITAL CORREDORES DE BOLSA SPA,0.0377,5633922,149253056,2021-06-01,INVERCAP
LARRAIN VIAL S A CORREDORA DE BOLSA,0.0274,4089485,149253056,2021-06-01,INVERCAP
HANSTAN INTERNATIONAL CORP,0.0255,3818285,149253056,2021-06-01,INVERCAP
INVERSIONES ANALYTICA INVESTMENTS SPA.,0.018000000000000002,2686556,149253056,2021-06-01,INVERCAP
INVERSIONES MITZUSHIRO TOOSHI KAISHA SPA.,0.018000000000000002,2686555,149253056,2021-06-01,INVERCAP
INVERSIONES RAND SPA.,0.018000000000000002,2686555,149253056,2021-06-01,INVERCAP
BANCHILE CORREDORES DE BOLSA S A,0.0144,2157786,149253056,2021-06-01,INVERCAP
INVERSIONES HIERRO VIEJO SPA,0.39299999999999996,58728153,149253056,2021-09-01,INVERCAP
SOUTH PACIFIC INVESTMENTS SA,0.12359999999999999,18468593,149253056,2021-09-01,INVERCAP
FUNDACION CAP,0.0951,14208911,149253056,2021-09-01,INVERCAP
SYRACUSE S.A.,0.054000000000000006,8065678,149253056,2021-09-01,INVERCAP
BCI C DE B S A,0.0536,8015909,149253056,2021-09-01,INVERCAP
CREDICORP CAPITAL CORREDORES DE BOLSA SPA,0.0377,5633922,149253056,2021-09-01,INVERCAP
LARRAIN VIAL S A CORREDORA DE BOLSA,0.0274,4089485,149253056,2021-09-01,INVERCAP
HANSTAN INTERNATIONAL CORP,0.0255,3818285,149253056,2021-09-01,INVERCAP
INVERSIONES ANALYTICA INVESTMENTS SPA.,0.018000000000000002,2686556,149253056,2021-09-01,INVERCAP
INVERSIONES MITZUSHIRO TOOSHI KAISHA SPA.,0.018000000000000002,2686555,149253056,2021-09-01,INVERCAP
INVERSIONES RAND SPA.,0.018000000000000002,2686555,149253056,2021-09-01,INVERCAP
BANCHILE CORREDORES DE BOLSA S A,0.0144,2157786,149253056,2021-09-01,INVERCAP
INVERSIONES HIERRO VIEJO SPA,0.39299999999999996,58728153,149253056,2021-12-01,INVERCAP
SOUTH PACIFIC INVESTMENTS SA,0.12359999999999999,18468593,149253056,2021-12-01,INVERCAP
FUNDACION CAP,0.0951,14208911,149253056,2021-12-01,INVERCAP
SYRACUSE S.A.,0.054000000000000006,8065678,149253056,2021-12-01,INVERCAP
BCI C DE B S A,0.0536,8015909,149253056,2021-12-01,INVERCAP
CREDICORP CAPITAL CORREDORES DE BOLSA SPA,0.0377,5633922,149253056,2021-12-01,INVERCAP
LARRAIN VIAL S A CORREDORA DE BOLSA,0.0274,4089485,149253056,2021-12-01,INVERCAP
HANSTAN INTERNATIONAL CORP,0.0255,3818285,149253056,2021-12-01,INVERCAP
INVERSIONES ANALYTICA INVESTMENTS SPA.,0.018000000000000002,2686556,149253056,2021-12-01,INVERCAP
INVERSIONES MITZUSHIRO TOOSHI KAISHA SPA.,0.018000000000000002,2686555,149253056,2021-12-01,INVERCAP
INVERSIONES RAND SPA.,0.018000000000000002,2686555,149253056,2021-12-01,INVERCAP
BANCHILE CORREDORES DE BOLSA S A,0.0144,2157786,149253056,2021-12-01,INVERCAP
INVERSIONES HIERRO VIEJO SPA,0.39299999999999996,58728153,149253056,2022-03-01,INVERCAP
SOUTH PACIFIC INVESTMENTS SA,0.12359999999999999,18468593,149253056,2022-03-01,INVERCAP
FUNDACION CAP,0.0951,14208911,149253056,2022-03-01,INVERCAP
SYRACUSE S.A.,0.054000000000000006,8065678,149253056,2022-03-01,INVERCAP
BCI C DE B S A,0.0536,8015909,149253056,2022-03-01,INVERCAP
CREDICORP CAPITAL CORREDORES DE BOLSA SPA,0.0377,5633922,149253056,2022-03-01,INVERCAP
LARRAIN VIAL S A CORREDORA DE BOLSA,0.0274,4089485,149253056,2022-03-01,INVERCAP
HANSTAN INTERNATIONAL CORP,0.0255,3818285,149253056,2022-03-01,INVERCAP
INVERSIONES ANALYTICA INVESTMENTS SPA.,0.018000000000000002,2686556,149253056,2022-03-01,INVERCAP
INVERSIONES MITZUSHIRO TOOSHI KAISHA SPA.,0.018000000000000002,2686555,149253056,2022-03-01,INVERCAP
INVERSIONES RAND SPA.,0.018000000000000002,2686555,149253056,2022-03-01,INVERCAP
BANCHILE CORREDORES DE BOLSA S A,0.0144,2157786,149253056,2022-03-01,INVERCAP
INVERSIONES HIERRO VIEJO SPA,0.39299999999999996,58728153,149253056,2022-06-01,INVERCAP
SOUTH PACIFIC INVESTMENTS SA,0.12359999999999999,18468593,149253056,2022-06-01,INVERCAP
FUNDACION CAP,0.0951,14208911,149253056,2022-06-01,INVERCAP
SYRACUSE S.A.,0.054000000000000006,8065678,149253056,2022-06-01,INVERCAP
BCI C DE B S A,0.0536,8015909,149253056,2022-06-01,INVERCAP
CREDICORP CAPITAL CORREDORES DE BOLSA SPA,0.0377,5633922,149253056,2022-06-01,INVERCAP
LARRAIN VIAL S A CORREDORA DE BOLSA,0.0274,4089485,149253056,2022-06-01,INVERCAP
HANSTAN INTERNATIONAL CORP,0.0255,3818285,149253056,2022-06-01,INVERCAP
INVERSIONES ANALYTICA INVESTMENTS SPA.,0.018000000000000002,2686556,149253056,2022-06-01,INVERCAP
INVERSIONES MITZUSHIRO TOOSHI KAISHA SPA.,0.018000000000000002,2686555,149253056,2022-06-01,INVERCAP
INVERSIONES RAND SPA.,0.018000000000000002,2686555,149253056,2022-06-01,INVERCAP
BANCHILE CORREDORES DE BOLSA S A,0.0144,2157786,149253056,2022-06-01,INVERCAP
INVERSIONES HIERRO VIEJO SPA,0.39299999999999996,58728153,149253056,2022-09-01,INVERCAP
SOUTH PACIFIC INVESTMENTS SA,0.12359999999999999,18468593,149253056,2022-09-01,INVERCAP
FUNDACION CAP,0.0951,14208911,149253056,2022-09-01,INVERCAP
SYRACUSE S.A.,0.054000000000000006,8065678,149253056,2022-09-01,INVERCAP
BCI C DE B S A,0.0536,8015909,149253056,2022-09-01,INVERCAP
CREDICORP CAPITAL CORREDORES DE BOLSA SPA,0.0377,5633922,149253056,2022-09-01,INVERCAP
LARRAIN VIAL S A CORREDORA DE BOLSA,0.0274,4089485,149253056,2022-09-01,INVERCAP
HANSTAN INTERNATIONAL CORP,0.0255,3818285,149253056,2022-09-01,INVERCAP
INVERSIONES ANALYTICA INVESTMENTS SPA.,0.018000000000000002,2686556,149253056,2022-09-01,INVERCAP
INVERSIONES MITZUSHIRO TOOSHI KAISHA SPA.,0.018000000000000002,2686555,149253056,2022-09-01,INVERCAP
INVERSIONES RAND SPA.,0.018000000000000002,2686555,149253056,2022-09-01,INVERCAP
BANCHILE CORREDORES DE BOLSA S A,0.0144,2157786,149253056,2022-09-01,INVERCAP
INVERSIONES HIERRO VIEJO SPA,0.39299999999999996,58728153,149253056,2022-12-01,INVERCAP
SOUTH PACIFIC INVESTMENTS SA,0.12359999999999999,18468593,149253056,2022-12-01,INVERCAP
FUNDACION CAP,0.0951,14208911,149253056,2022-12-01,INVERCAP
SYRACUSE S.A.,0.054000000000000006,8065678,149253056,2022-12-01,INVERCAP
BCI C DE B S A,0.0536,8015909,149253056,2022-12-01,INVERCAP
CREDICORP CAPITAL CORREDORES DE BOLSA SPA,0.0377,5633922,149253056,2022-12-01,INVERCAP
LARRAIN VIAL S A CORREDORA DE BOLSA,0.0274,4089485,149253056,2022-12-01,INVERCAP
HANSTAN INTERNATIONAL CORP,0.0255,3818285,149253056,2022-12-01,INVERCAP
INVERSIONES ANALYTICA INVESTMENTS SPA.,0.018000000000000002,2686556,149253056,2022-12-01,INVERCAP
INVERSIONES MITZUSHIRO TOOSHI KAISHA SPA.,0.018000000000000002,2686555,149253056,2022-12-01,INVERCAP
INVERSIONES RAND SPA.,0.018000000000000002,2686555,149253056,2022-12-01,INVERCAP
BANCHILE CORREDORES DE BOLSA S A,0.0144,2157786,149253056,2022-12-01,INVERCAP
INVERSIONES HIERRO VIEJO SPA,0.39299999999999996,58728153,149253056,2023-03-01,INVERCAP
SOUTH PACIFIC INVESTMENTS SA,0.12359999999999999,18468593,149253056,2023-03-01,INVERCAP
FUNDACION CAP,0.0951,14208911,149253056,2023-03-01,INVERCAP
SYRACUSE S.A.,0.054000000000000006,8065678,149253056,2023-03-01,INVERCAP
BCI C DE B S A,0.0536,8015909,149253056,2023-03-01,INVERCAP
CREDICORP CAPITAL CORREDORES DE BOLSA SPA,0.0377,5633922,149253056,2023-03-01,INVERCAP
LARRAIN VIAL S A CORREDORA DE BOLSA,0.0274,4089485,149253056,2023-03-01,INVERCAP
HANSTAN INTERNATIONAL CORP,0.0255,3818285,149253056,2023-03-01,INVERCAP
INVERSIONES ANALYTICA INVESTMENTS SPA.,0.018000000000000002,2686556,149253056,2023-03-01,INVERCAP
INVERSIONES MITZUSHIRO TOOSHI KAISHA SPA.,0.018000000000000002,2686555,149253056,2023-03-01,INVERCAP
INVERSIONES RAND SPA.,0.018000000000000002,2686555,149253056,2023-03-01,INVERCAP
BANCHILE CORREDORES DE BOLSA S A,0.0144,2157786,149253056,2023-03-01,INVERCAP
INVERSIONES HIERRO VIEJO SPA,0.39299999999999996,58728153,149253056,2023-06-01,INVERCAP
SOUTH PACIFIC INVESTMENTS SA,0.12359999999999999,18468593,149253056,2023-06-01,INVERCAP
FUNDACION CAP,0.0951,14208911,149253056,2023-06-01,INVERCAP
SYRACUSE S.A.,0.054000000000000006,8065678,149253056,2023-06-01,INVERCAP
BCI C DE B S A,0.0536,8015909,149253056,2023-06-01,INVERCAP
CREDICORP CAPITAL CORREDORES DE BOLSA SPA,0.0377,5633922,149253056,2023-06-01,INVERCAP
LARRAIN VIAL S A CORREDORA DE BOLSA,0.0274,4089485,149253056,2023-06-01,INVERCAP
HANSTAN INTERNATIONAL CORP,0.0255,3818285,149253056,2023-06-01,INVERCAP
INVERSIONES ANALYTICA INVESTMENTS SPA.,0.018000000000000002,2686556,149253056,2023-06-01,INVERCAP
INVERSIONES MITZUSHIRO TOOSHI KAISHA SPA.,0.018000000000000002,2686555,149253056,2023-06-01,INVERCAP
INVERSIONES RAND SPA.,0.018000000000000002,2686555,149253056,2023-06-01,INVERCAP
BANCHILE CORREDORES DE BOLSA S A,0.0144,2157786,149253056,2023-06-01,INVERCAP
INVERSIONES HIERRO VIEJO SPA,0.39299999999999996,58728153,149253056,2023-09-01,INVERCAP
SOUTH PACIFIC INVESTMENTS SA,0.12359999999999999,18468593,149253056,2023-09-01,INVERCAP
FUNDACION CAP,0.0951,14208911,149253056,2023-09-01,INVERCAP
SYRACUSE S.A.,0.054000000000000006,8065678,149253056,2023-09-01,INVERCAP
BCI C DE B S A,0.0536,8015909,149253056,2023-09-01,INVERCAP
CREDICORP CAPITAL CORREDORES DE BOLSA SPA,0.0377,5633922,149253056,2023-09-01,INVERCAP
LARRAIN VIAL S A CORREDORA DE BOLSA,0.0274,4089485,149253056,2023-09-01,INVERCAP
HANSTAN INTERNATIONAL CORP,0.0255,3818285,149253056,2023-09-01,INVERCAP
INVERSIONES ANALYTICA INVESTMENTS SPA.,0.018000000000000002,2686556,149253056,2023-09-01,INVERCAP
INVERSIONES MITZUSHIRO TOOSHI KAISHA SPA.,0.018000000000000002,2686555,149253056,2023-09-01,INVERCAP
INVERSIONES RAND SPA.,0.018000000000000002,2686555,149253056,2023-09-01,INVERCAP
BANCHILE CORREDORES DE BOLSA S A,0.0144,2157786,149253056,2023-09-01,INVERCAP
INVERSIONES HIERRO VIEJO SPA,0.39299999999999996,58728153,149253056,2023-12-01,INVERCAP
SOUTH PACIFIC INVESTMENTS SA,0.12359999999999999,18468593,149253056,2023-12-01,INVERCAP
FUNDACION CAP,0.0951,14208911,149253056,2023-12-01,INVERCAP
SYRACUSE S.A.,0.054000000000000006,8065678,149253056,2023-12-01,INVERCAP
BCI C DE B S A,0.0536,8015909,149253056,2023-12-01,INVERCAP
CREDICORP CAPITAL CORREDORES DE BOLSA SPA,0.0377,5633922,149253056,2023-12-01,INVERCAP
LARRAIN VIAL S A CORREDORA DE BOLSA,0.0274,4089485,149253056,2023-12-01,INVERCAP
HANSTAN INTERNATIONAL CORP,0.0255,3818285,149253056,2023-12-01,INVERCAP
INVERSIONES ANALYTICA INVESTMENTS SPA.,0.018000000000000002,2686556,149253056,2023-12-01,INVERCAP
INVERSIONES MITZUSHIRO TOOSHI KAISHA SPA.,0.018000000000000002,2686555,149253056,2023-12-01,INVERCAP
INVERSIONES RAND SPA.,0.018000000000000002,2686555,149253056,2023-12-01,INVERCAP
BANCHILE CORREDORES DE BOLSA S A,0.0144,2157786,149253056,2023-12-01,INVERCAP
INVERSIONES HIERRO VIEJO SPA,0.39299999999999996,58728153,149253056,2024-03-01,INVERCAP
SOUTH PACIFIC INVESTMENTS SA,0.12359999999999999,18468593,149253056,2024-03-01,INVERCAP
FUNDACION CAP,0.0951,14208911,149253056,2024-03-01,INVERCAP
SYRACUSE S.A.,0.054000000000000006,8065678,149253056,2024-03-01,INVERCAP
BCI C DE B S A,0.0536,8015909,149253056,2024-03-01,INVERCAP
CREDICORP CAPITAL CORREDORES DE BOLSA SPA,0.0377,5633922,149253056,2024-03-01,INVERCAP
LARRAIN VIAL S A CORREDORA DE BOLSA,0.0274,4089485,149253056,2024-03-01,INVERCAP
HANSTAN INTERNATIONAL CORP,0.0255,3818285,149253056,2024-03-01,INVERCAP
INVERSIONES ANALYTICA INVESTMENTS SPA.,0.018000000000000002,2686556,149253056,2024-03-01,INVERCAP
INVERSIONES MITZUSHIRO TOOSHI KAISHA SPA.,0.018000000000000002,2686555,149253056,2024-03-01,INVERCAP
INVERSIONES RAND SPA.,0.018000000000000002,2686555,149253056,2024-03-01,INVERCAP
BANCHILE CORREDORES DE BOLSA S A,0.0144,2157786,149253056,2024-03-01,INVERCAP
INVERSIONES HIERRO VIEJO SPA,0.39299999999999996,58728153,149253056,2024-06-01,INVERCAP
SOUTH PACIFIC INVESTMENTS SA,0.12359999999999999,18468593,149253056,2024-06-01,INVERCAP
FUNDACION CAP,0.0951,14208911,149253056,2024-06-01,INVERCAP
SYRACUSE S.A.,0.054000000000000006,8065678,149253056,2024-06-01,INVERCAP
BCI C DE B S A,0.0536,8015909,149253056,2024-06-01,INVERCAP
CREDICORP CAPITAL CORREDORES DE BOLSA SPA,0.0377,5633922,149253056,2024-06-01,INVERCAP
LARRAIN VIAL S A CORREDORA DE BOLSA,0.0274,4089485,149253056,2024-06-01,INVERCAP
HANSTAN INTERNATIONAL CORP,0.0255,3818285,149253056,2024-06-01,INVERCAP
INVERSIONES ANALYTICA INVESTMENTS SPA.,0.018000000000000002,2686556,149253056,2024-06-01,INVERCAP
INVERSIONES MITZUSHIRO TOOSHI KAISHA SPA.,0.018000000000000002,2686555,149253056,2024-06-01,INVERCAP
INVERSIONES RAND SPA.,0.018000000000000002,2686555,149253056,2024-06-01,INVERCAP
BANCHILE CORREDORES DE BOLSA S A,0.0144,2157786,149253056,2024-06-01,INVERCAP
INVERSIONES HIERRO VIEJO SPA,0.39299999999999996,58728153,149253056,2024-09-01,INVERCAP
SOUTH PACIFIC INVESTMENTS SA,0.12359999999999999,18468593,149253056,2024-09-01,INVERCAP
FUNDACION CAP,0.0951,14208911,149253056,2024-09-01,INVERCAP
SYRACUSE S.A.,0.054000000000000006,8065678,149253056,2024-09-01,INVERCAP
BCI C DE B S A,0.0536,8015909,149253056,2024-09-01,INVERCAP
CREDICORP CAPITAL CORREDORES DE BOLSA SPA,0.0377,5633922,149253056,2024-09-01,INVERCAP
LARRAIN VIAL S A CORREDORA DE BOLSA,0.0274,4089485,149253056,2024-09-01,INVERCAP
HANSTAN INTERNATIONAL CORP,0.0255,3818285,149253056,2024-09-01,INVERCAP
INVERSIONES ANALYTICA INVESTMENTS SPA.,0.018000000000000002,2686556,149253056,2024-09-01,INVERCAP
INVERSIONES MITZUSHIRO TOOSHI KAISHA SPA.,0.018000000000000002,2686555,149253056,2024-09-01,INVERCAP
INVERSIONES RAND SPA.,0.018000000000000002,2686555,149253056,2024-09-01,INVERCAP
BANCHILE CORREDORES DE BOLSA S A,0.0144,2157786,149253056,2024-09-01,INVERCAP
INVERSIONES HIERRO VIEJO SPA,0.39299999999999996,58728153,149253056,2024-12-01,INVERCAP
SOUTH PACIFIC INVESTMENTS SA,0.12359999999999999,18468593,149253056,2024-12-01,INVERCAP
FUNDACION CAP,0.0951,14208911,149253056,2024-12-01,INVERCAP
SYRACUSE S.A.,0.054000000000000006,8065678,149253056,2024-12-01,INVERCAP
BCI C DE B S A,0.0536,8015909,149253056,2024-12-01,INVERCAP
CREDICORP CAPITAL CORREDORES DE BOLSA SPA,0.0377,5633922,149253056,2024-12-01,INVERCAP
LARRAIN VIAL S A CORREDORA DE BOLSA,0.0274,4089485,149253056,2024-12-01,INVERCAP
HANSTAN INTERNATIONAL CORP,0.0255,3818285,149253056,2024-12-01,INVERCAP
INVERSIONES ANALYTICA INVESTMENTS SPA.,0.018000000000000002,2686556,149253056,2024-12-01,INVERCAP
INVERSIONES MITZUSHIRO TOOSHI KAISHA SPA.,0.018000000000000002,2686555,149253056,2024-12-01,INVERCAP
INVERSIONES RAND SPA.,0.018000000000000002,2686555,149253056,2024-12-01,INVERCAP
BANCHILE CORREDORES DE BOLSA S A,0.0144,2157786,149253056,2024-12-01,INVERCAP
INVERSIONES HIERRO VIEJO SPA,0.39299999999999996,58728153,149253056,2025-03-01,INVERCAP
SOUTH PACIFIC INVESTMENTS SA,0.12359999999999999,18468593,149253056,2025-03-01,INVERCAP
FUNDACION CAP,0.0951,14208911,149253056,2025-03-01,INVERCAP
SYRACUSE S.A.,0.054000000000000006,8065678,149253056,2025-03-01,INVERCAP
BCI C DE B S A,0.0536,8015909,149253056,2025-03-01,INVERCAP
CREDICORP CAPITAL CORREDORES DE BOLSA SPA,0.0377,5633922,149253056,2025-03-01,INVERCAP
LARRAIN VIAL S A CORREDORA DE BOLSA,0.0274,4089485,149253056,2025-03-01,INVERCAP
HANSTAN INTERNATIONAL CORP,0.0255,3818285,149253056,2025-03-01,INVERCAP
INVERSIONES ANALYTICA INVESTMENTS SPA.,0.018000000000000002,2686556,149253056,2025-03-01,INVERCAP
INVERSIONES MITZUSHIRO TOOSHI KAISHA SPA.,0.018000000000000002,2686555,149253056,2025-03-01,INVERCAP
INVERSIONES RAND SPA.,0.018000000000000002,2686555,149253056,2025-03-01,INVERCAP
BANCHILE CORREDORES DE BOLSA S A,0.0144,2157786,149253056,2025-03-01,INVERCAP
INVERSIONES HIERRO VIEJO SPA,0.39299999999999996,58728153,149253056,2025-06-01,INVERCAP
SOUTH PACIFIC INVESTMENTS SA,0.12359999999999999,18468593,149253056,2025-06-01,INVERCAP
FUNDACION CAP,0.0951,14208911,149253056,2025-06-01,INVERCAP
SYRACUSE S.A.,0.054000000000000006,8065678,149253056,2025-06-01,INVERCAP
BCI C DE B S A,0.0536,8015909,149253056,2025-06-01,INVERCAP
CREDICORP CAPITAL CORREDORES DE BOLSA SPA,0.0377,5633922,149253056,2025-06-01,INVERCAP
LARRAIN VIAL S A CORREDORA DE BOLSA,0.0274,4089485,149253056,2025-06-01,INVERCAP
HANSTAN INTERNATIONAL CORP,0.0255,3818285,149253056,2025-06-01,INVERCAP
INVERSIONES ANALYTICA INVESTMENTS SPA.,0.018000000000000002,2686556,149253056,2025-06-01,INVERCAP
INVERSIONES MITZUSHIRO TOOSHI KAISHA SPA.,0.018000000000000002,2686555,149253056,2025-06-01,INVERCAP
INVERSIONES RAND SPA.,0.018000000000000002,2686555,149253056,2025-06-01,INVERCAP
BANCHILE CORREDORES DE BOLSA S A,0.0144,2157786,149253056,2025-06-01,INVERCAP
INVERSIONES HIERRO VIEJO SPA,0.39299999999999996,58728153,149253056,2025-09-01,INVERCAP
SOUTH PACIFIC INVESTMENTS SA,0.12359999999999999,18468593,149253056,2025-09-01,INVERCAP
FUNDACION CAP,0.0951,14208911,149253056,2025-09-01,INVERCAP
SYRACUSE S.A.,0.054000000000000006,8065678,149253056,2025-09-01,INVERCAP
BCI C DE B S A,0.0536,8015909,149253056,2025-09-01,INVERCAP
CREDICORP CAPITAL CORREDORES DE BOLSA SPA,0.0377,5633922,149253056,2025-09-01,INVERCAP
LARRAIN VIAL S A CORREDORA DE BOLSA,0.0274,4089485,149253056,2025-09-01,INVERCAP
HANSTAN INTERNATIONAL CORP,0.0255,3818285,149253056,2025-09-01,INVERCAP
INVERSIONES ANALYTICA INVESTMENTS SPA.,0.018000000000000002,2686556,149253056,2025-09-01,INVERCAP
INVERSIONES MITZUSHIRO TOOSHI KAISHA SPA.,0.018000000000000002,2686555,149253056,2025-09-01,INVERCAP
INVERSIONES RAND SPA.,0.018000000000000002,2686555,149253056,2025-09-01,INVERCAP
BANCHILE CORREDORES DE BOLSA S A,0.0144,2157786,149253056,2025-09-01,INVERCAP
INVERSIONES HIERRO VIEJO SPA,0.39299999999999996,58728153,149253056,2025-12-01,INVERCAP
SOUTH PACIFIC INVESTMENTS SA,0.12359999999999999,18468593,149253056,2025-12-01,INVERCAP
FUNDACION CAP,0.0951,14208911,149253056,2025-12-01,INVERCAP
SYRACUSE S.A.,0.054000000000000006,8065678,149253056,2025-12-01,INVERCAP
BCI C DE B S A,0.0536,8015909,149253056,2025-12-01,INVERCAP
CREDICORP CAPITAL CORREDORES DE BOLSA SPA,0.0377,5633922,149253056,2025-12-01,INVERCAP
LARRAIN VIAL S A CORREDORA DE BOLSA,0.0274,4089485,149253056,2025-12-01,INVERCAP
HANSTAN INTERNATIONAL CORP,0.0255,3818285,149253056,2025-12-01,INVERCAP
INVERSIONES ANALYTICA INVESTMENTS SPA.,0.018000000000000002,2686556,149253056,2025-12-01,INVERCAP
INVERSIONES MITZUSHIRO TOOSHI KAISHA SPA.,0.018000000000000002,2686555,149253056,2025-12-01,INVERCAP
INVERSIONES RAND SPA.,0.018000000000000002,2686555,149253056,2025-12-01,INVERCAP
BANCHILE CORREDORES DE BOLSA S A,0.0144,2157786,149253056,2025-12-01,INVERCAP
INVERSIONES ANGELINI Y COMPAÑIA LIMITADA,0.6369,289349551,454748704,2016-03-01,ANTARCHILE
INVERSIONES GOLFO BLANCO LTDA.,0.057999999999999996,26346943,454748704,2016-03-01,ANTARCHILE
INVERSIONES SENDA BLANCA LTDA.,0.0435,19760208,454748704,2016-03-01,ANTARCHILE
INVERSIONES LO RECABARREN LIMITADA,0.0301,13687936,454748704,2016-03-01,ANTARCHILE
BANCHILE CORREDORES DE BOLSA S.A.,0.028900000000000002,13121600,454748704,2016-03-01,ANTARCHILE
AGROFORESTAL E INVERSIONES MAIHUE SPA,0.0287,13035702,454748704,2016-03-01,ANTARCHILE
SERVICIOS QUELENTARO S.A.,0.0159,7203938,454748704,2016-03-01,ANTARCHILE
LARRAIN VIAL S.A. CORREDORA DE BOLSA,0.013500000000000002,6133127,454748704,2016-03-01,ANTARCHILE
BANCO DE CHILE POR CUENTA DE CITI N.A. NEW YORK,0.0125,5677212,454748704,2016-03-01,ANTARCHILE
RENTAS LATINSA LIMITADA,0.0104,4705398,454748704,2016-03-01,ANTARCHILE
BTG PACTUAL CHILE S.A. CORREDORES DE BOLSA,0.009899999999999999,4476535,454748704,2016-03-01,ANTARCHILE
CIA. DE INVERSIONES LA ESPAÑOLA S.A.,0.0089,4021073,454748704,2016-03-01,ANTARCHILE
INVERSIONES ANGELINI Y COMPAÑIA LIMITADA,0.6369,289349551,454748704,2016-06-01,ANTARCHILE
INVERSIONES GOLFO BLANCO LTDA.,0.057999999999999996,26346943,454748704,2016-06-01,ANTARCHILE
INVERSIONES SENDA BLANCA LTDA.,0.0435,19760208,454748704,2016-06-01,ANTARCHILE
INVERSIONES LO RECABARREN LIMITADA,0.0301,13687936,454748704,2016-06-01,ANTARCHILE
BANCHILE CORREDORES DE BOLSA S.A.,0.028900000000000002,13121600,454748704,2016-06-01,ANTARCHILE
AGROFORESTAL E INVERSIONES MAIHUE SPA,0.0287,13035702,454748704,2016-06-01,ANTARCHILE
SERVICIOS QUELENTARO S.A.,0.0159,7203938,454748704,2016-06-01,ANTARCHILE
LARRAIN VIAL S.A. CORREDORA DE BOLSA,0.013500000000000002,6133127,454748704,2016-06-01,ANTARCHILE
BANCO DE CHILE POR CUENTA DE CITI N.A. NEW YORK,0.0125,5677212,454748704,2016-06-01,ANTARCHILE
RENTAS LATINSA LIMITADA,0.0104,4705398,454748704,2016-06-01,ANTARCHILE
BTG PACTUAL CHILE S.A. CORREDORES DE BOLSA,0.009899999999999999,4476535,454748704,2016-06-01,ANTARCHILE
CIA. DE INVERSIONES LA ESPAÑOLA S.A.,0.0089,4021073,454748704,2016-06-01,ANTARCHILE
INVERSIONES ANGELINI Y COMPAÑIA LIMITADA,0.6369,289349551,454748704,2016-09-01,ANTARCHILE
INVERSIONES GOLFO BLANCO LTDA.,0.057999999999999996,26346943,454748704,2016-09-01,ANTARCHILE
INVERSIONES SENDA BLANCA LTDA.,0.0435,19760208,454748704,2016-09-01,ANTARCHILE
INVERSIONES LO RECABARREN LIMITADA,0.0301,13687936,454748704,2016-09-01,ANTARCHILE
BANCHILE CORREDORES DE BOLSA S.A.,0.028900000000000002,13121600,454748704,2016-09-01,ANTARCHILE
AGROFORESTAL E INVERSIONES MAIHUE SPA,0.0287,13035702,454748704,2016-09-01,ANTARCHILE
SERVICIOS QUELENTARO S.A.,0.0159,7203938,454748704,2016-09-01,ANTARCHILE
LARRAIN VIAL S.A. CORREDORA DE BOLSA,0.013500000000000002,6133127,454748704,2016-09-01,ANTARCHILE
BANCO DE CHILE POR CUENTA DE CITI N.A. NEW YORK,0.0125,5677212,454748704,2016-09-01,ANTARCHILE
RENTAS LATINSA LIMITADA,0.0104,4705398,454748704,2016-09-01,ANTARCHILE
BTG PACTUAL CHILE S.A. CORREDORES DE BOLSA,0.009899999999999999,4476535,454748704,2016-09-01,ANTARCHILE
CIA. DE INVERSIONES LA ESPAÑOLA S.A.,0.0089,4021073,454748704,2016-09-01,ANTARCHILE
INVERSIONES ANGELINI Y COMPAÑIA LIMITADA,0.6369,289349551,454748704,2016-12-01,ANTARCHILE
INVERSIONES GOLFO BLANCO LTDA.,0.057999999999999996,26346943,454748704,2016-12-01,ANTARCHILE
INVERSIONES SENDA BLANCA LTDA.,0.0435,19760208,454748704,2016-12-01,ANTARCHILE
INVERSIONES LO RECABARREN LIMITADA,0.0301,13687936,454748704,2016-12-01,ANTARCHILE
BANCHILE CORREDORES DE BOLSA S.A.,0.028900000000000002,13121600,454748704,2016-12-01,ANTARCHILE
AGROFORESTAL E INVERSIONES MAIHUE SPA,0.0287,13035702,454748704,2016-12-01,ANTARCHILE
SERVICIOS QUELENTARO S.A.,0.0159,7203938,454748704,2016-12-01,ANTARCHILE
LARRAIN VIAL S.A. CORREDORA DE BOLSA,0.013500000000000002,6133127,454748704,2016-12-01,ANTARCHILE
BANCO DE CHILE POR CUENTA DE CITI N.A. NEW YORK,0.0125,5677212,454748704,2016-12-01,ANTARCHILE
RENTAS LATINSA LIMITADA,0.0104,4705398,454748704,2016-12-01,ANTARCHILE
BTG PACTUAL CHILE S.A. CORREDORES DE BOLSA,0.009899999999999999,4476535,454748704,2016-12-01,ANTARCHILE
CIA. DE INVERSIONES LA ESPAÑOLA S.A.,0.0089,4021073,454748704,2016-12-01,ANTARCHILE
INVERSIONES ANGELINI Y COMPAÑIA LIMITADA,0.6369,289349551,454748704,2017-03-01,ANTARCHILE
INVERSIONES GOLFO BLANCO LTDA.,0.057999999999999996,26346943,454748704,2017-03-01,ANTARCHILE
INVERSIONES SENDA BLANCA LTDA.,0.0435,19760208,454748704,2017-03-01,ANTARCHILE
INVERSIONES LO RECABARREN LIMITADA,0.0301,13687936,454748704,2017-03-01,ANTARCHILE
BANCHILE CORREDORES DE BOLSA S.A.,0.028900000000000002,13121600,454748704,2017-03-01,ANTARCHILE
AGROFORESTAL E INVERSIONES MAIHUE SPA,0.0287,13035702,454748704,2017-03-01,ANTARCHILE
SERVICIOS QUELENTARO S.A.,0.0159,7203938,454748704,2017-03-01,ANTARCHILE
LARRAIN VIAL S.A. CORREDORA DE BOLSA,0.013500000000000002,6133127,454748704,2017-03-01,ANTARCHILE
BANCO DE CHILE POR CUENTA DE CITI N.A. NEW YORK,0.0125,5677212,454748704,2017-03-01,ANTARCHILE
RENTAS LATINSA LIMITADA,0.0104,4705398,454748704,2017-03-01,ANTARCHILE
BTG PACTUAL CHILE S.A. CORREDORES DE BOLSA,0.009899999999999999,4476535,454748704,2017-03-01,ANTARCHILE
CIA. DE INVERSIONES LA ESPAÑOLA S.A.,0.0089,4021073,454748704,2017-03-01,ANTARCHILE
INVERSIONES ANGELINI Y COMPAÑIA LIMITADA,0.6369,289349551,454748704,2017-06-01,ANTARCHILE
INVERSIONES GOLFO BLANCO LTDA.,0.057999999999999996,26346943,454748704,2017-06-01,ANTARCHILE
INVERSIONES SENDA BLANCA LTDA.,0.0435,19760208,454748704,2017-06-01,ANTARCHILE
INVERSIONES LO RECABARREN LIMITADA,0.0301,13687936,454748704,2017-06-01,ANTARCHILE
BANCHILE CORREDORES DE BOLSA S.A.,0.028900000000000002,13121600,454748704,2017-06-01,ANTARCHILE
AGROFORESTAL E INVERSIONES MAIHUE SPA,0.0287,13035702,454748704,2017-06-01,ANTARCHILE
SERVICIOS QUELENTARO S.A.,0.0159,7203938,454748704,2017-06-01,ANTARCHILE
LARRAIN VIAL S.A. CORREDORA DE BOLSA,0.013500000000000002,6133127,454748704,2017-06-01,ANTARCHILE
BANCO DE CHILE POR CUENTA DE CITI N.A. NEW YORK,0.0125,5677212,454748704,2017-06-01,ANTARCHILE
RENTAS LATINSA LIMITADA,0.0104,4705398,454748704,2017-06-01,ANTARCHILE
BTG PACTUAL CHILE S.A. CORREDORES DE BOLSA,0.009899999999999999,4476535,454748704,2017-06-01,ANTARCHILE
CIA. DE INVERSIONES LA ESPAÑOLA S.A.,0.0089,4021073,454748704,2017-06-01,ANTARCHILE
INVERSIONES ANGELINI Y COMPAÑIA LIMITADA,0.6369,289349551,454748704,2017-09-01,ANTARCHILE
INVERSIONES GOLFO BLANCO LTDA.,0.057999999999999996,26346943,454748704,2017-09-01,ANTARCHILE
INVERSIONES SENDA BLANCA LTDA.,0.0435,19760208,454748704,2017-09-01,ANTARCHILE
INVERSIONES LO RECABARREN LIMITADA,0.0301,13687936,454748704,2017-09-01,ANTARCHILE
BANCHILE CORREDORES DE BOLSA S.A.,0.028900000000000002,13121600,454748704,2017-09-01,ANTARCHILE
AGROFORESTAL E INVERSIONES MAIHUE SPA,0.0287,13035702,454748704,2017-09-01,ANTARCHILE
SERVICIOS QUELENTARO S.A.,0.0159,7203938,454748704,2017-09-01,ANTARCHILE
LARRAIN VIAL S.A. CORREDORA DE BOLSA,0.013500000000000002,6133127,454748704,2017-09-01,ANTARCHILE
BANCO DE CHILE POR CUENTA DE CITI N.A. NEW YORK,0.0125,5677212,454748704,2017-09-01,ANTARCHILE
RENTAS LATINSA LIMITADA,0.0104,4705398,454748704,2017-09-01,ANTARCHILE
BTG PACTUAL CHILE S.A. CORREDORES DE BOLSA,0.009899999999999999,4476535,454748704,2017-09-01,ANTARCHILE
CIA. DE INVERSIONES LA ESPAÑOLA S.A.,0.0089,4021073,454748704,2017-09-01,ANTARCHILE
INVERSIONES ANGELINI Y COMPAÑIA LIMITADA,0.6369,289349551,454748704,2017-12-01,ANTARCHILE
INVERSIONES GOLFO BLANCO LTDA.,0.057999999999999996,26346943,454748704,2017-12-01,ANTARCHILE
INVERSIONES SENDA BLANCA LTDA.,0.0435,19760208,454748704,2017-12-01,ANTARCHILE
INVERSIONES LO RECABARREN LIMITADA,0.0301,13687936,454748704,2017-12-01,ANTARCHILE
BANCHILE CORREDORES DE BOLSA S.A.,0.028900000000000002,13121600,454748704,2017-12-01,ANTARCHILE
AGROFORESTAL E INVERSIONES MAIHUE SPA,0.0287,13035702,454748704,2017-12-01,ANTARCHILE
SERVICIOS QUELENTARO S.A.,0.0159,7203938,454748704,2017-12-01,ANTARCHILE
LARRAIN VIAL S.A. CORREDORA DE BOLSA,0.013500000000000002,6133127,454748704,2017-12-01,ANTARCHILE
BANCO DE CHILE POR CUENTA DE CITI N.A. NEW YORK,0.0125,5677212,454748704,2017-12-01,ANTARCHILE
RENTAS LATINSA LIMITADA,0.0104,4705398,454748704,2017-12-01,ANTARCHILE
BTG PACTUAL CHILE S.A. CORREDORES DE BOLSA,0.009899999999999999,4476535,454748704,2017-12-01,ANTARCHILE
CIA. DE INVERSIONES LA ESPAÑOLA S.A.,0.0089,4021073,454748704,2017-12-01,ANTARCHILE
INVERSIONES ANGELINI Y COMPAÑIA LIMITADA,0.6369,289349551,454748704,2018-03-01,ANTARCHILE
INVERSIONES GOLFO BLANCO LTDA.,0.057999999999999996,26346943,454748704,2018-03-01,ANTARCHILE
INVERSIONES SENDA BLANCA LTDA.,0.0435,19760208,454748704,2018-03-01,ANTARCHILE
INVERSIONES LO RECABARREN LIMITADA,0.0301,13687936,454748704,2018-03-01,ANTARCHILE
BANCHILE CORREDORES DE BOLSA S.A.,0.028900000000000002,13121600,454748704,2018-03-01,ANTARCHILE
AGROFORESTAL E INVERSIONES MAIHUE SPA,0.0287,13035702,454748704,2018-03-01,ANTARCHILE
SERVICIOS QUELENTARO S.A.,0.0159,7203938,454748704,2018-03-01,ANTARCHILE
LARRAIN VIAL S.A. CORREDORA DE BOLSA,0.013500000000000002,6133127,454748704,2018-03-01,ANTARCHILE
BANCO DE CHILE POR CUENTA DE CITI N.A. NEW YORK,0.0125,5677212,454748704,2018-03-01,ANTARCHILE
RENTAS LATINSA LIMITADA,0.0104,4705398,454748704,2018-03-01,ANTARCHILE
BTG PACTUAL CHILE S.A. CORREDORES DE BOLSA,0.009899999999999999,4476535,454748704,2018-03-01,ANTARCHILE
CIA. DE INVERSIONES LA ESPAÑOLA S.A.,0.0089,4021073,454748704,2018-03-01,ANTARCHILE
INVERSIONES ANGELINI Y COMPAÑIA LIMITADA,0.6369,289349551,454748704,2018-06-01,ANTARCHILE
INVERSIONES GOLFO BLANCO LTDA.,0.057999999999999996,26346943,454748704,2018-06-01,ANTARCHILE
INVERSIONES SENDA BLANCA LTDA.,0.0435,19760208,454748704,2018-06-01,ANTARCHILE
INVERSIONES LO RECABARREN LIMITADA,0.0301,13687936,454748704,2018-06-01,ANTARCHILE
BANCHILE CORREDORES DE BOLSA S.A.,0.028900000000000002,13121600,454748704,2018-06-01,ANTARCHILE
AGROFORESTAL E INVERSIONES MAIHUE SPA,0.0287,13035702,454748704,2018-06-01,ANTARCHILE
SERVICIOS QUELENTARO S.A.,0.0159,7203938,454748704,2018-06-01,ANTARCHILE
LARRAIN VIAL S.A. CORREDORA DE BOLSA,0.013500000000000002,6133127,454748704,2018-06-01,ANTARCHILE
BANCO DE CHILE POR CUENTA DE CITI N.A. NEW YORK,0.0125,5677212,454748704,2018-06-01,ANTARCHILE
RENTAS LATINSA LIMITADA,0.0104,4705398,454748704,2018-06-01,ANTARCHILE
BTG PACTUAL CHILE S.A. CORREDORES DE BOLSA,0.009899999999999999,4476535,454748704,2018-06-01,ANTARCHILE
CIA. DE INVERSIONES LA ESPAÑOLA S.A.,0.0089,4021073,454748704,2018-06-01,ANTARCHILE
INVERSIONES ANGELINI Y COMPAÑIA LIMITADA,0.6369,289349551,454748704,2018-09-01,ANTARCHILE
INVERSIONES GOLFO BLANCO LTDA.,0.057999999999999996,26346943,454748704,2018-09-01,ANTARCHILE
INVERSIONES SENDA BLANCA LTDA.,0.0435,19760208,454748704,2018-09-01,ANTARCHILE
INVERSIONES LO RECABARREN LIMITADA,0.0301,13687936,454748704,2018-09-01,ANTARCHILE
BANCHILE CORREDORES DE BOLSA S.A.,0.028900000000000002,13121600,454748704,2018-09-01,ANTARCHILE
AGROFORESTAL E INVERSIONES MAIHUE SPA,0.0287,13035702,454748704,2018-09-01,ANTARCHILE
SERVICIOS QUELENTARO S.A.,0.0159,7203938,454748704,2018-09-01,ANTARCHILE
LARRAIN VIAL S.A. CORREDORA DE BOLSA,0.013500000000000002,6133127,454748704,2018-09-01,ANTARCHILE
BANCO DE CHILE POR CUENTA DE CITI N.A. NEW YORK,0.0125,5677212,454748704,2018-09-01,ANTARCHILE
RENTAS LATINSA LIMITADA,0.0104,4705398,454748704,2018-09-01,ANTARCHILE
BTG PACTUAL CHILE S.A. CORREDORES DE BOLSA,0.009899999999999999,4476535,454748704,2018-09-01,ANTARCHILE
CIA. DE INVERSIONES LA ESPAÑOLA S.A.,0.0089,4021073,454748704,2018-09-01,ANTARCHILE
INVERSIONES ANGELINI Y COMPAÑIA LIMITADA,0.6369,289349551,454748704,2018-12-01,ANTARCHILE
INVERSIONES GOLFO BLANCO LTDA.,0.057999999999999996,26346943,454748704,2018-12-01,ANTARCHILE
INVERSIONES SENDA BLANCA LTDA.,0.0435,19760208,454748704,2018-12-01,ANTARCHILE
INVERSIONES LO RECABARREN LIMITADA,0.0301,13687936,454748704,2018-12-01,ANTARCHILE
BANCHILE CORREDORES DE BOLSA S.A.,0.028900000000000002,13121600,454748704,2018-12-01,ANTARCHILE
AGROFORESTAL E INVERSIONES MAIHUE SPA,0.0287,13035702,454748704,2018-12-01,ANTARCHILE
SERVICIOS QUELENTARO S.A.,0.0159,7203938,454748704,2018-12-01,ANTARCHILE
LARRAIN VIAL S.A. CORREDORA DE BOLSA,0.013500000000000002,6133127,454748704,2018-12-01,ANTARCHILE
BANCO DE CHILE POR CUENTA DE CITI N.A. NEW YORK,0.0125,5677212,454748704,2018-12-01,ANTARCHILE
RENTAS LATINSA LIMITADA,0.0104,4705398,454748704,2018-12-01,ANTARCHILE
BTG PACTUAL CHILE S.A. CORREDORES DE BOLSA,0.009899999999999999,4476535,454748704,2018-12-01,ANTARCHILE
CIA. DE INVERSIONES LA ESPAÑOLA S.A.,0.0089,4021073,454748704,2018-12-01,ANTARCHILE
INVERSIONES ANGELINI Y COMPAÑIA LIMITADA,0.6369,289349551,454748704,2019-03-01,ANTARCHILE
INVERSIONES GOLFO BLANCO LTDA.,0.057999999999999996,26346943,454748704,2019-03-01,ANTARCHILE
INVERSIONES SENDA BLANCA LTDA.,0.0435,19760208,454748704,2019-03-01,ANTARCHILE
INVERSIONES LO RECABARREN LIMITADA,0.0301,13687936,454748704,2019-03-01,ANTARCHILE
BANCHILE CORREDORES DE BOLSA S.A.,0.028900000000000002,13121600,454748704,2019-03-01,ANTARCHILE
AGROFORESTAL E INVERSIONES MAIHUE SPA,0.0287,13035702,454748704,2019-03-01,ANTARCHILE
SERVICIOS QUELENTARO S.A.,0.0159,7203938,454748704,2019-03-01,ANTARCHILE
LARRAIN VIAL S.A. CORREDORA DE BOLSA,0.013500000000000002,6133127,454748704,2019-03-01,ANTARCHILE
BANCO DE CHILE POR CUENTA DE CITI N.A. NEW YORK,0.0125,5677212,454748704,2019-03-01,ANTARCHILE
RENTAS LATINSA LIMITADA,0.0104,4705398,454748704,2019-03-01,ANTARCHILE
BTG PACTUAL CHILE S.A. CORREDORES DE BOLSA,0.009899999999999999,4476535,454748704,2019-03-01,ANTARCHILE
CIA. DE INVERSIONES LA ESPAÑOLA S.A.,0.0089,4021073,454748704,2019-03-01,ANTARCHILE
INVERSIONES ANGELINI Y COMPAÑIA LIMITADA,0.6369,289349551,454748704,2019-06-01,ANTARCHILE
INVERSIONES GOLFO BLANCO LTDA.,0.057999999999999996,26346943,454748704,2019-06-01,ANTARCHILE
INVERSIONES SENDA BLANCA LTDA.,0.0435,19760208,454748704,2019-06-01,ANTARCHILE
INVERSIONES LO RECABARREN LIMITADA,0.0301,13687936,454748704,2019-06-01,ANTARCHILE
BANCHILE CORREDORES DE BOLSA S.A.,0.028900000000000002,13121600,454748704,2019-06-01,ANTARCHILE
AGROFORESTAL E INVERSIONES MAIHUE SPA,0.0287,13035702,454748704,2019-06-01,ANTARCHILE
SERVICIOS QUELENTARO S.A.,0.0159,7203938,454748704,2019-06-01,ANTARCHILE
LARRAIN VIAL S.A. CORREDORA DE BOLSA,0.013500000000000002,6133127,454748704,2019-06-01,ANTARCHILE
BANCO DE CHILE POR CUENTA DE CITI N.A. NEW YORK,0.0125,5677212,454748704,2019-06-01,ANTARCHILE
RENTAS LATINSA LIMITADA,0.0104,4705398,454748704,2019-06-01,ANTARCHILE
BTG PACTUAL CHILE S.A. CORREDORES DE BOLSA,0.009899999999999999,4476535,454748704,2019-06-01,ANTARCHILE
CIA. DE INVERSIONES LA ESPAÑOLA S.A.,0.0089,4021073,454748704,2019-06-01,ANTARCHILE
INVERSIONES ANGELINI Y COMPAÑIA LIMITADA,0.6369,289349551,454748704,2019-09-01,ANTARCHILE
INVERSIONES GOLFO BLANCO LTDA.,0.057999999999999996,26346943,454748704,2019-09-01,ANTARCHILE
INVERSIONES SENDA BLANCA LTDA.,0.0435,19760208,454748704,2019-09-01,ANTARCHILE
INVERSIONES LO RECABARREN LIMITADA,0.0301,13687936,454748704,2019-09-01,ANTARCHILE
BANCHILE CORREDORES DE BOLSA S.A.,0.028900000000000002,13121600,454748704,2019-09-01,ANTARCHILE
AGROFORESTAL E INVERSIONES MAIHUE SPA,0.0287,13035702,454748704,2019-09-01,ANTARCHILE
SERVICIOS QUELENTARO S.A.,0.0159,7203938,454748704,2019-09-01,ANTARCHILE
LARRAIN VIAL S.A. CORREDORA DE BOLSA,0.013500000000000002,6133127,454748704,2019-09-01,ANTARCHILE
BANCO DE CHILE POR CUENTA DE CITI N.A. NEW YORK,0.0125,5677212,454748704,2019-09-01,ANTARCHILE
RENTAS LATINSA LIMITADA,0.0104,4705398,454748704,2019-09-01,ANTARCHILE
BTG PACTUAL CHILE S.A. CORREDORES DE BOLSA,0.009899999999999999,4476535,454748704,2019-09-01,ANTARCHILE
CIA. DE INVERSIONES LA ESPAÑOLA S.A.,0.0089,4021073,454748704,2019-09-01,ANTARCHILE
INVERSIONES ANGELINI Y COMPAÑIA LIMITADA,0.6369,289349551,454748704,2019-12-01,ANTARCHILE
INVERSIONES GOLFO BLANCO LTDA.,0.057999999999999996,26346943,454748704,2019-12-01,ANTARCHILE
INVERSIONES SENDA BLANCA LTDA.,0.0435,19760208,454748704,2019-12-01,ANTARCHILE
INVERSIONES LO RECABARREN LIMITADA,0.0301,13687936,454748704,2019-12-01,ANTARCHILE
BANCHILE CORREDORES DE BOLSA S.A.,0.028900000000000002,13121600,454748704,2019-12-01,ANTARCHILE
AGROFORESTAL E INVERSIONES MAIHUE SPA,0.0287,13035702,454748704,2019-12-01,ANTARCHILE
SERVICIOS QUELENTARO S.A.,0.0159,7203938,454748704,2019-12-01,ANTARCHILE
LARRAIN VIAL S.A. CORREDORA DE BOLSA,0.013500000000000002,6133127,454748704,2019-12-01,ANTARCHILE
BANCO DE CHILE POR CUENTA DE CITI N.A. NEW YORK,0.0125,5677212,454748704,2019-12-01,ANTARCHILE
RENTAS LATINSA LIMITADA,0.0104,4705398,454748704,2019-12-01,ANTARCHILE
BTG PACTUAL CHILE S.A. CORREDORES DE BOLSA,0.009899999999999999,4476535,454748704,2019-12-01,ANTARCHILE
CIA. DE INVERSIONES LA ESPAÑOLA S.A.,0.0089,4021073,454748704,2019-12-01,ANTARCHILE
INVERSIONES ANGELINI Y COMPAÑIA LIMITADA,0.6369,289349551,454748704,2020-03-01,ANTARCHILE
INVERSIONES GOLFO BLANCO LTDA.,0.057999999999999996,26346943,454748704,2020-03-01,ANTARCHILE
INVERSIONES SENDA BLANCA LTDA.,0.0435,19760208,454748704,2020-03-01,ANTARCHILE
INVERSIONES LO RECABARREN LIMITADA,0.0301,13687936,454748704,2020-03-01,ANTARCHILE
BANCHILE CORREDORES DE BOLSA S.A.,0.028900000000000002,13121600,454748704,2020-03-01,ANTARCHILE
AGROFORESTAL E INVERSIONES MAIHUE SPA,0.0287,13035702,454748704,2020-03-01,ANTARCHILE
SERVICIOS QUELENTARO S.A.,0.0159,7203938,454748704,2020-03-01,ANTARCHILE
LARRAIN VIAL S.A. CORREDORA DE BOLSA,0.013500000000000002,6133127,454748704,2020-03-01,ANTARCHILE
BANCO DE CHILE POR CUENTA DE CITI N.A. NEW YORK,0.0125,5677212,454748704,2020-03-01,ANTARCHILE
RENTAS LATINSA LIMITADA,0.0104,4705398,454748704,2020-03-01,ANTARCHILE
BTG PACTUAL CHILE S.A. CORREDORES DE BOLSA,0.009899999999999999,4476535,454748704,2020-03-01,ANTARCHILE
CIA. DE INVERSIONES LA ESPAÑOLA S.A.,0.0089,4021073,454748704,2020-03-01,ANTARCHILE
INVERSIONES ANGELINI Y COMPAÑIA LIMITADA,0.6369,289349551,454748704,2020-06-01,ANTARCHILE
INVERSIONES GOLFO BLANCO LTDA.,0.057999999999999996,26346943,454748704,2020-06-01,ANTARCHILE
INVERSIONES SENDA BLANCA LTDA.,0.0435,19760208,454748704,2020-06-01,ANTARCHILE
INVERSIONES LO RECABARREN LIMITADA,0.0301,13687936,454748704,2020-06-01,ANTARCHILE
BANCHILE CORREDORES DE BOLSA S.A.,0.028900000000000002,13121600,454748704,2020-06-01,ANTARCHILE
AGROFORESTAL E INVERSIONES MAIHUE SPA,0.0287,13035702,454748704,2020-06-01,ANTARCHILE
SERVICIOS QUELENTARO S.A.,0.0159,7203938,454748704,2020-06-01,ANTARCHILE
LARRAIN VIAL S.A. CORREDORA DE BOLSA,0.013500000000000002,6133127,454748704,2020-06-01,ANTARCHILE
BANCO DE CHILE POR CUENTA DE CITI N.A. NEW YORK,0.0125,5677212,454748704,2020-06-01,ANTARCHILE
RENTAS LATINSA LIMITADA,0.0104,4705398,454748704,2020-06-01,ANTARCHILE
BTG PACTUAL CHILE S.A. CORREDORES DE BOLSA,0.009899999999999999,4476535,454748704,2020-06-01,ANTARCHILE
CIA. DE INVERSIONES LA ESPAÑOLA S.A.,0.0089,4021073,454748704,2020-06-01,ANTARCHILE
INVERSIONES ANGELINI Y COMPAÑIA LIMITADA,0.6369,289349551,454748704,2020-09-01,ANTARCHILE
INVERSIONES GOLFO BLANCO LTDA.,0.057999999999999996,26346943,454748704,2020-09-01,ANTARCHILE
INVERSIONES SENDA BLANCA LTDA.,0.0435,19760208,454748704,2020-09-01,ANTARCHILE
INVERSIONES LO RECABARREN LIMITADA,0.0301,13687936,454748704,2020-09-01,ANTARCHILE
BANCHILE CORREDORES DE BOLSA S.A.,0.028900000000000002,13121600,454748704,2020-09-01,ANTARCHILE
AGROFORESTAL E INVERSIONES MAIHUE SPA,0.0287,13035702,454748704,2020-09-01,ANTARCHILE
SERVICIOS QUELENTARO S.A.,0.0159,7203938,454748704,2020-09-01,ANTARCHILE
LARRAIN VIAL S.A. CORREDORA DE BOLSA,0.013500000000000002,6133127,454748704,2020-09-01,ANTARCHILE
BANCO DE CHILE POR CUENTA DE CITI N.A. NEW YORK,0.0125,5677212,454748704,2020-09-01,ANTARCHILE
RENTAS LATINSA LIMITADA,0.0104,4705398,454748704,2020-09-01,ANTARCHILE
BTG PACTUAL CHILE S.A. CORREDORES DE BOLSA,0.009899999999999999,4476535,454748704,2020-09-01,ANTARCHILE
CIA. DE INVERSIONES LA ESPAÑOLA S.A.,0.0089,4021073,454748704,2020-09-01,ANTARCHILE
INVERSIONES ANGELINI Y COMPAÑIA LIMITADA,0.6369,289349551,454748704,2020-12-01,ANTARCHILE
INVERSIONES GOLFO BLANCO LTDA.,0.057999999999999996,26346943,454748704,2020-12-01,ANTARCHILE
INVERSIONES SENDA BLANCA LTDA.,0.0435,19760208,454748704,2020-12-01,ANTARCHILE
INVERSIONES LO RECABARREN LIMITADA,0.0301,13687936,454748704,2020-12-01,ANTARCHILE
BANCHILE CORREDORES DE BOLSA S.A.,0.028900000000000002,13121600,454748704,2020-12-01,ANTARCHILE
AGROFORESTAL E INVERSIONES MAIHUE SPA,0.0287,13035702,454748704,2020-12-01,ANTARCHILE
SERVICIOS QUELENTARO S.A.,0.0159,7203938,454748704,2020-12-01,ANTARCHILE
LARRAIN VIAL S.A. CORREDORA DE BOLSA,0.013500000000000002,6133127,454748704,2020-12-01,ANTARCHILE
BANCO DE CHILE POR CUENTA DE CITI N.A. NEW YORK,0.0125,5677212,454748704,2020-12-01,ANTARCHILE
RENTAS LATINSA LIMITADA,0.0104,4705398,454748704,2020-12-01,ANTARCHILE
BTG PACTUAL CHILE S.A. CORREDORES DE BOLSA,0.009899999999999999,4476535,454748704,2020-12-01,ANTARCHILE
CIA. DE INVERSIONES LA ESPAÑOLA S.A.,0.0089,4021073,454748704,2020-12-01,ANTARCHILE
INVERSIONES ANGELINI Y COMPAÑIA LIMITADA,0.6369,289349551,454748704,2021-03-01,ANTARCHILE
INVERSIONES GOLFO BLANCO LTDA.,0.057999999999999996,26346943,454748704,2021-03-01,ANTARCHILE
INVERSIONES SENDA BLANCA LTDA.,0.0435,19760208,454748704,2021-03-01,ANTARCHILE
INVERSIONES LO RECABARREN LIMITADA,0.0301,13687936,454748704,2021-03-01,ANTARCHILE
BANCHILE CORREDORES DE BOLSA S.A.,0.028900000000000002,13121600,454748704,2021-03-01,ANTARCHILE
AGROFORESTAL E INVERSIONES MAIHUE SPA,0.0287,13035702,454748704,2021-03-01,ANTARCHILE
SERVICIOS QUELENTARO S.A.,0.0159,7203938,454748704,2021-03-01,ANTARCHILE
LARRAIN VIAL S.A. CORREDORA DE BOLSA,0.013500000000000002,6133127,454748704,2021-03-01,ANTARCHILE
BANCO DE CHILE POR CUENTA DE CITI N.A. NEW YORK,0.0125,5677212,454748704,2021-03-01,ANTARCHILE
RENTAS LATINSA LIMITADA,0.0104,4705398,454748704,2021-03-01,ANTARCHILE
BTG PACTUAL CHILE S.A. CORREDORES DE BOLSA,0.009899999999999999,4476535,454748704,2021-03-01,ANTARCHILE
CIA. DE INVERSIONES LA ESPAÑOLA S.A.,0.0089,4021073,454748704,2021-03-01,ANTARCHILE
INVERSIONES ANGELINI Y COMPAÑIA LIMITADA,0.6369,289349551,454748704,2021-06-01,ANTARCHILE
INVERSIONES GOLFO BLANCO LTDA.,0.057999999999999996,26346943,454748704,2021-06-01,ANTARCHILE
INVERSIONES SENDA BLANCA LTDA.,0.0435,19760208,454748704,2021-06-01,ANTARCHILE
INVERSIONES LO RECABARREN LIMITADA,0.0301,13687936,454748704,2021-06-01,ANTARCHILE
BANCHILE CORREDORES DE BOLSA S.A.,0.028900000000000002,13121600,454748704,2021-06-01,ANTARCHILE
AGROFORESTAL E INVERSIONES MAIHUE SPA,0.0287,13035702,454748704,2021-06-01,ANTARCHILE
SERVICIOS QUELENTARO S.A.,0.0159,7203938,454748704,2021-06-01,ANTARCHILE
LARRAIN VIAL S.A. CORREDORA DE BOLSA,0.013500000000000002,6133127,454748704,2021-06-01,ANTARCHILE
BANCO DE CHILE POR CUENTA DE CITI N.A. NEW YORK,0.0125,5677212,454748704,2021-06-01,ANTARCHILE
RENTAS LATINSA LIMITADA,0.0104,4705398,454748704,2021-06-01,ANTARCHILE
BTG PACTUAL CHILE S.A. CORREDORES DE BOLSA,0.009899999999999999,4476535,454748704,2021-06-01,ANTARCHILE
CIA. DE INVERSIONES LA ESPAÑOLA S.A.,0.0089,4021073,454748704,2021-06-01,ANTARCHILE
INVERSIONES ANGELINI Y COMPAÑIA LIMITADA,0.6369,289349551,454748704,2021-09-01,ANTARCHILE
INVERSIONES GOLFO BLANCO LTDA.,0.057999999999999996,26346943,454748704,2021-09-01,ANTARCHILE
INVERSIONES SENDA BLANCA LTDA.,0.0435,19760208,454748704,2021-09-01,ANTARCHILE
INVERSIONES LO RECABARREN LIMITADA,0.0301,13687936,454748704,2021-09-01,ANTARCHILE
BANCHILE CORREDORES DE BOLSA S.A.,0.028900000000000002,13121600,454748704,2021-09-01,ANTARCHILE
AGROFORESTAL E INVERSIONES MAIHUE SPA,0.0287,13035702,454748704,2021-09-01,ANTARCHILE
SERVICIOS QUELENTARO S.A.,0.0159,7203938,454748704,2021-09-01,ANTARCHILE
LARRAIN VIAL S.A. CORREDORA DE BOLSA,0.013500000000000002,6133127,454748704,2021-09-01,ANTARCHILE
BANCO DE CHILE POR CUENTA DE CITI N.A. NEW YORK,0.0125,5677212,454748704,2021-09-01,ANTARCHILE
RENTAS LATINSA LIMITADA,0.0104,4705398,454748704,2021-09-01,ANTARCHILE
BTG PACTUAL CHILE S.A. CORREDORES DE BOLSA,0.009899999999999999,4476535,454748704,2021-09-01,ANTARCHILE
CIA. DE INVERSIONES LA ESPAÑOLA S.A.,0.0089,4021073,454748704,2021-09-01,ANTARCHILE
INVERSIONES ANGELINI Y COMPAÑIA LIMITADA,0.6369,289349551,454748704,2021-12-01,ANTARCHILE
INVERSIONES GOLFO BLANCO LTDA.,0.057999999999999996,26346943,454748704,2021-12-01,ANTARCHILE
INVERSIONES SENDA BLANCA LTDA.,0.0435,19760208,454748704,2021-12-01,ANTARCHILE
INVERSIONES LO RECABARREN LIMITADA,0.0301,13687936,454748704,2021-12-01,ANTARCHILE
BANCHILE CORREDORES DE BOLSA S.A.,0.028900000000000002,13121600,454748704,2021-12-01,ANTARCHILE
AGROFORESTAL E INVERSIONES MAIHUE SPA,0.0287,13035702,454748704,2021-12-01,ANTARCHILE
SERVICIOS QUELENTARO S.A.,0.0159,7203938,454748704,2021-12-01,ANTARCHILE
LARRAIN VIAL S.A. CORREDORA DE BOLSA,0.013500000000000002,6133127,454748704,2021-12-01,ANTARCHILE
BANCO DE CHILE POR CUENTA DE CITI N.A. NEW YORK,0.0125,5677212,454748704,2021-12-01,ANTARCHILE
RENTAS LATINSA LIMITADA,0.0104,4705398,454748704,2021-12-01,ANTARCHILE
BTG PACTUAL CHILE S.A. CORREDORES DE BOLSA,0.009899999999999999,4476535,454748704,2021-12-01,ANTARCHILE
CIA. DE INVERSIONES LA ESPAÑOLA S.A.,0.0089,4021073,454748704,2021-12-01,ANTARCHILE
INVERSIONES ANGELINI Y COMPAÑIA LIMITADA,0.6369,289349551,454748704,2022-03-01,ANTARCHILE
INVERSIONES GOLFO BLANCO LTDA.,0.057999999999999996,26346943,454748704,2022-03-01,ANTARCHILE
INVERSIONES SENDA BLANCA LTDA.,0.0435,19760208,454748704,2022-03-01,ANTARCHILE
INVERSIONES LO RECABARREN LIMITADA,0.0301,13687936,454748704,2022-03-01,ANTARCHILE
BANCHILE CORREDORES DE BOLSA S.A.,0.028900000000000002,13121600,454748704,2022-03-01,ANTARCHILE
AGROFORESTAL E INVERSIONES MAIHUE SPA,0.0287,13035702,454748704,2022-03-01,ANTARCHILE
SERVICIOS QUELENTARO S.A.,0.0159,7203938,454748704,2022-03-01,ANTARCHILE
LARRAIN VIAL S.A. CORREDORA DE BOLSA,0.013500000000000002,6133127,454748704,2022-03-01,ANTARCHILE
BANCO DE CHILE POR CUENTA DE CITI N.A. NEW YORK,0.0125,5677212,454748704,2022-03-01,ANTARCHILE
RENTAS LATINSA LIMITADA,0.0104,4705398,454748704,2022-03-01,ANTARCHILE
BTG PACTUAL CHILE S.A. CORREDORES DE BOLSA,0.009899999999999999,4476535,454748704,2022-03-01,ANTARCHILE
CIA. DE INVERSIONES LA ESPAÑOLA S.A.,0.0089,4021073,454748704,2022-03-01,ANTARCHILE
INVERSIONES ANGELINI Y COMPAÑIA LIMITADA,0.6369,289349551,454748704,2022-06-01,ANTARCHILE
INVERSIONES GOLFO BLANCO LTDA.,0.057999999999999996,26346943,454748704,2022-06-01,ANTARCHILE
INVERSIONES SENDA BLANCA LTDA.,0.0435,19760208,454748704,2022-06-01,ANTARCHILE
INVERSIONES LO RECABARREN LIMITADA,0.0301,13687936,454748704,2022-06-01,ANTARCHILE
BANCHILE CORREDORES DE BOLSA S.A.,0.028900000000000002,13121600,454748704,2022-06-01,ANTARCHILE
AGROFORESTAL E INVERSIONES MAIHUE SPA,0.0287,13035702,454748704,2022-06-01,ANTARCHILE
SERVICIOS QUELENTARO S.A.,0.0159,7203938,454748704,2022-06-01,ANTARCHILE
LARRAIN VIAL S.A. CORREDORA DE BOLSA,0.013500000000000002,6133127,454748704,2022-06-01,ANTARCHILE
BANCO DE CHILE POR CUENTA DE CITI N.A. NEW YORK,0.0125,5677212,454748704,2022-06-01,ANTARCHILE
RENTAS LATINSA LIMITADA,0.0104,4705398,454748704,2022-06-01,ANTARCHILE
BTG PACTUAL CHILE S.A. CORREDORES DE BOLSA,0.009899999999999999,4476535,454748704,2022-06-01,ANTARCHILE
CIA. DE INVERSIONES LA ESPAÑOLA S.A.,0.0089,4021073,454748704,2022-06-01,ANTARCHILE
INVERSIONES ANGELINI Y COMPAÑIA LIMITADA,0.6369,289349551,454748704,2022-09-01,ANTARCHILE
INVERSIONES GOLFO BLANCO LTDA.,0.057999999999999996,26346943,454748704,2022-09-01,ANTARCHILE
INVERSIONES SENDA BLANCA LTDA.,0.0435,19760208,454748704,2022-09-01,ANTARCHILE
INVERSIONES LO RECABARREN LIMITADA,0.0301,13687936,454748704,2022-09-01,ANTARCHILE
BANCHILE CORREDORES DE BOLSA S.A.,0.028900000000000002,13121600,454748704,2022-09-01,ANTARCHILE
AGROFORESTAL E INVERSIONES MAIHUE SPA,0.0287,13035702,454748704,2022-09-01,ANTARCHILE
SERVICIOS QUELENTARO S.A.,0.0159,7203938,454748704,2022-09-01,ANTARCHILE
LARRAIN VIAL S.A. CORREDORA DE BOLSA,0.013500000000000002,6133127,454748704,2022-09-01,ANTARCHILE
BANCO DE CHILE POR CUENTA DE CITI N.A. NEW YORK,0.0125,5677212,454748704,2022-09-01,ANTARCHILE
RENTAS LATINSA LIMITADA,0.0104,4705398,454748704,2022-09-01,ANTARCHILE
BTG PACTUAL CHILE S.A. CORREDORES DE BOLSA,0.009899999999999999,4476535,454748704,2022-09-01,ANTARCHILE
CIA. DE INVERSIONES LA ESPAÑOLA S.A.,0.0089,4021073,454748704,2022-09-01,ANTARCHILE
INVERSIONES ANGELINI Y COMPAÑIA LIMITADA,0.6369,289349551,454748704,2022-12-01,ANTARCHILE
INVERSIONES GOLFO BLANCO LTDA.,0.057999999999999996,26346943,454748704,2022-12-01,ANTARCHILE
INVERSIONES SENDA BLANCA LTDA.,0.0435,19760208,454748704,2022-12-01,ANTARCHILE
INVERSIONES LO RECABARREN LIMITADA,0.0301,13687936,454748704,2022-12-01,ANTARCHILE
BANCHILE CORREDORES DE BOLSA S.A.,0.028900000000000002,13121600,454748704,2022-12-01,ANTARCHILE
AGROFORESTAL E INVERSIONES MAIHUE SPA,0.0287,13035702,454748704,2022-12-01,ANTARCHILE
SERVICIOS QUELENTARO S.A.,0.0159,7203938,454748704,2022-12-01,ANTARCHILE
LARRAIN VIAL S.A. CORREDORA DE BOLSA,0.013500000000000002,6133127,454748704,2022-12-01,ANTARCHILE
BANCO DE CHILE POR CUENTA DE CITI N.A. NEW YORK,0.0125,5677212,454748704,2022-12-01,ANTARCHILE
RENTAS LATINSA LIMITADA,0.0104,4705398,454748704,2022-12-01,ANTARCHILE
BTG PACTUAL CHILE S.A. CORREDORES DE BOLSA,0.009899999999999999,4476535,454748704,2022-12-01,ANTARCHILE
CIA. DE INVERSIONES LA ESPAÑOLA S.A.,0.0089,4021073,454748704,2022-12-01,ANTARCHILE
INVERSIONES ANGELINI Y COMPAÑIA LIMITADA,0.6369,289349551,454748704,2023-03-01,ANTARCHILE
INVERSIONES GOLFO BLANCO LTDA.,0.057999999999999996,26346943,454748704,2023-03-01,ANTARCHILE
INVERSIONES SENDA BLANCA LTDA.,0.0435,19760208,454748704,2023-03-01,ANTARCHILE
INVERSIONES LO RECABARREN LIMITADA,0.0301,13687936,454748704,2023-03-01,ANTARCHILE
BANCHILE CORREDORES DE BOLSA S.A.,0.028900000000000002,13121600,454748704,2023-03-01,ANTARCHILE
AGROFORESTAL E INVERSIONES MAIHUE SPA,0.0287,13035702,454748704,2023-03-01,ANTARCHILE
SERVICIOS QUELENTARO S.A.,0.0159,7203938,454748704,2023-03-01,ANTARCHILE
LARRAIN VIAL S.A. CORREDORA DE BOLSA,0.013500000000000002,6133127,454748704,2023-03-01,ANTARCHILE
BANCO DE CHILE POR CUENTA DE CITI N.A. NEW YORK,0.0125,5677212,454748704,2023-03-01,ANTARCHILE
RENTAS LATINSA LIMITADA,0.0104,4705398,454748704,2023-03-01,ANTARCHILE
BTG PACTUAL CHILE S.A. CORREDORES DE BOLSA,0.009899999999999999,4476535,454748704,2023-03-01,ANTARCHILE
CIA. DE INVERSIONES LA ESPAÑOLA S.A.,0.0089,4021073,454748704,2023-03-01,ANTARCHILE
INVERSIONES ANGELINI Y COMPAÑIA LIMITADA,0.6369,289349551,454748704,2023-06-01,ANTARCHILE
INVERSIONES GOLFO BLANCO LTDA.,0.057999999999999996,26346943,454748704,2023-06-01,ANTARCHILE
INVERSIONES SENDA BLANCA LTDA.,0.0435,19760208,454748704,2023-06-01,ANTARCHILE
INVERSIONES LO RECABARREN LIMITADA,0.0301,13687936,454748704,2023-06-01,ANTARCHILE
BANCHILE CORREDORES DE BOLSA S.A.,0.028900000000000002,13121600,454748704,2023-06-01,ANTARCHILE
AGROFORESTAL E INVERSIONES MAIHUE SPA,0.0287,13035702,454748704,2023-06-01,ANTARCHILE
SERVICIOS QUELENTARO S.A.,0.0159,7203938,454748704,2023-06-01,ANTARCHILE
LARRAIN VIAL S.A. CORREDORA DE BOLSA,0.013500000000000002,6133127,454748704,2023-06-01,ANTARCHILE
BANCO DE CHILE POR CUENTA DE CITI N.A. NEW YORK,0.0125,5677212,454748704,2023-06-01,ANTARCHILE
RENTAS LATINSA LIMITADA,0.0104,4705398,454748704,2023-06-01,ANTARCHILE
BTG PACTUAL CHILE S.A. CORREDORES DE BOLSA,0.009899999999999999,4476535,454748704,2023-06-01,ANTARCHILE
CIA. DE INVERSIONES LA ESPAÑOLA S.A.,0.0089,4021073,454748704,2023-06-01,ANTARCHILE
INVERSIONES ANGELINI Y COMPAÑIA LIMITADA,0.6369,289349551,454748704,2023-09-01,ANTARCHILE
INVERSIONES GOLFO BLANCO LTDA.,0.057999999999999996,26346943,454748704,2023-09-01,ANTARCHILE
INVERSIONES SENDA BLANCA LTDA.,0.0435,19760208,454748704,2023-09-01,ANTARCHILE
INVERSIONES LO RECABARREN LIMITADA,0.0301,13687936,454748704,2023-09-01,ANTARCHILE
BANCHILE CORREDORES DE BOLSA S.A.,0.028900000000000002,13121600,454748704,2023-09-01,ANTARCHILE
AGROFORESTAL E INVERSIONES MAIHUE SPA,0.0287,13035702,454748704,2023-09-01,ANTARCHILE
SERVICIOS QUELENTARO S.A.,0.0159,7203938,454748704,2023-09-01,ANTARCHILE
LARRAIN VIAL S.A. CORREDORA DE BOLSA,0.013500000000000002,6133127,454748704,2023-09-01,ANTARCHILE
BANCO DE CHILE POR CUENTA DE CITI N.A. NEW YORK,0.0125,5677212,454748704,2023-09-01,ANTARCHILE
RENTAS LATINSA LIMITADA,0.0104,4705398,454748704,2023-09-01,ANTARCHILE
BTG PACTUAL CHILE S.A. CORREDORES DE BOLSA,0.009899999999999999,4476535,454748704,2023-09-01,ANTARCHILE
CIA. DE INVERSIONES LA ESPAÑOLA S.A.,0.0089,4021073,454748704,2023-09-01,ANTARCHILE
INVERSIONES ANGELINI Y COMPAÑIA LIMITADA,0.6369,289349551,454748704,2023-12-01,ANTARCHILE
INVERSIONES GOLFO BLANCO LTDA.,0.057999999999999996,26346943,454748704,2023-12-01,ANTARCHILE
INVERSIONES SENDA BLANCA LTDA.,0.0435,19760208,454748704,2023-12-01,ANTARCHILE
INVERSIONES LO RECABARREN LIMITADA,0.0301,13687936,454748704,2023-12-01,ANTARCHILE
BANCHILE CORREDORES DE BOLSA S.A.,0.028900000000000002,13121600,454748704,2023-12-01,ANTARCHILE
AGROFORESTAL E INVERSIONES MAIHUE SPA,0.0287,13035702,454748704,2023-12-01,ANTARCHILE
SERVICIOS QUELENTARO S.A.,0.0159,7203938,454748704,2023-12-01,ANTARCHILE
LARRAIN VIAL S.A. CORREDORA DE BOLSA,0.013500000000000002,6133127,454748704,2023-12-01,ANTARCHILE
BANCO DE CHILE POR CUENTA DE CITI N.A. NEW YORK,0.0125,5677212,454748704,2023-12-01,ANTARCHILE
RENTAS LATINSA LIMITADA,0.0104,4705398,454748704,2023-12-01,ANTARCHILE
BTG PACTUAL CHILE S.A. CORREDORES DE BOLSA,0.009899999999999999,4476535,454748704,2023-12-01,ANTARCHILE
CIA. DE INVERSIONES LA ESPAÑOLA S.A.,0.0089,4021073,454748704,2023-12-01,ANTARCHILE
INVERSIONES ANGELINI Y COMPAÑIA LIMITADA,0.6369,289349551,454748704,2024-03-01,ANTARCHILE
INVERSIONES GOLFO BLANCO LTDA.,0.057999999999999996,26346943,454748704,2024-03-01,ANTARCHILE
INVERSIONES SENDA BLANCA LTDA.,0.0435,19760208,454748704,2024-03-01,ANTARCHILE
INVERSIONES LO RECABARREN LIMITADA,0.0301,13687936,454748704,2024-03-01,ANTARCHILE
BANCHILE CORREDORES DE BOLSA S.A.,0.028900000000000002,13121600,454748704,2024-03-01,ANTARCHILE
AGROFORESTAL E INVERSIONES MAIHUE SPA,0.0287,13035702,454748704,2024-03-01,ANTARCHILE
SERVICIOS QUELENTARO S.A.,0.0159,7203938,454748704,2024-03-01,ANTARCHILE
LARRAIN VIAL S.A. CORREDORA DE BOLSA,0.013500000000000002,6133127,454748704,2024-03-01,ANTARCHILE
BANCO DE CHILE POR CUENTA DE CITI N.A. NEW YORK,0.0125,5677212,454748704,2024-03-01,ANTARCHILE
RENTAS LATINSA LIMITADA,0.0104,4705398,454748704,2024-03-01,ANTARCHILE
BTG PACTUAL CHILE S.A. CORREDORES DE BOLSA,0.009899999999999999,4476535,454748704,2024-03-01,ANTARCHILE
CIA. DE INVERSIONES LA ESPAÑOLA S.A.,0.0089,4021073,454748704,2024-03-01,ANTARCHILE
INVERSIONES ANGELINI Y COMPAÑIA LIMITADA,0.6369,289349551,454748704,2024-06-01,ANTARCHILE
INVERSIONES GOLFO BLANCO LTDA.,0.057999999999999996,26346943,454748704,2024-06-01,ANTARCHILE
INVERSIONES SENDA BLANCA LTDA.,0.0435,19760208,454748704,2024-06-01,ANTARCHILE
INVERSIONES LO RECABARREN LIMITADA,0.0301,13687936,454748704,2024-06-01,ANTARCHILE
BANCHILE CORREDORES DE BOLSA S.A.,0.028900000000000002,13121600,454748704,2024-06-01,ANTARCHILE
AGROFORESTAL E INVERSIONES MAIHUE SPA,0.0287,13035702,454748704,2024-06-01,ANTARCHILE
SERVICIOS QUELENTARO S.A.,0.0159,7203938,454748704,2024-06-01,ANTARCHILE
LARRAIN VIAL S.A. CORREDORA DE BOLSA,0.013500000000000002,6133127,454748704,2024-06-01,ANTARCHILE
BANCO DE CHILE POR CUENTA DE CITI N.A. NEW YORK,0.0125,5677212,454748704,2024-06-01,ANTARCHILE
RENTAS LATINSA LIMITADA,0.0104,4705398,454748704,2024-06-01,ANTARCHILE
BTG PACTUAL CHILE S.A. CORREDORES DE BOLSA,0.009899999999999999,4476535,454748704,2024-06-01,ANTARCHILE
CIA. DE INVERSIONES LA ESPAÑOLA S.A.,0.0089,4021073,454748704,2024-06-01,ANTARCHILE
INVERSIONES ANGELINI Y COMPAÑIA LIMITADA,0.6369,289349551,454748704,2024-09-01,ANTARCHILE
INVERSIONES GOLFO BLANCO LTDA.,0.057999999999999996,26346943,454748704,2024-09-01,ANTARCHILE
INVERSIONES SENDA BLANCA LTDA.,0.0435,19760208,454748704,2024-09-01,ANTARCHILE
INVERSIONES LO RECABARREN LIMITADA,0.0301,13687936,454748704,2024-09-01,ANTARCHILE
BANCHILE CORREDORES DE BOLSA S.A.,0.028900000000000002,13121600,454748704,2024-09-01,ANTARCHILE
AGROFORESTAL E INVERSIONES MAIHUE SPA,0.0287,13035702,454748704,2024-09-01,ANTARCHILE
SERVICIOS QUELENTARO S.A.,0.0159,7203938,454748704,2024-09-01,ANTARCHILE
LARRAIN VIAL S.A. CORREDORA DE BOLSA,0.013500000000000002,6133127,454748704,2024-09-01,ANTARCHILE
BANCO DE CHILE POR CUENTA DE CITI N.A. NEW YORK,0.0125,5677212,454748704,2024-09-01,ANTARCHILE
RENTAS LATINSA LIMITADA,0.0104,4705398,454748704,2024-09-01,ANTARCHILE
BTG PACTUAL CHILE S.A. CORREDORES DE BOLSA,0.009899999999999999,4476535,454748704,2024-09-01,ANTARCHILE
CIA. DE INVERSIONES LA ESPAÑOLA S.A.,0.0089,4021073,454748704,2024-09-01,ANTARCHILE
INVERSIONES ANGELINI Y COMPAÑIA LIMITADA,0.6369,289349551,454748704,2024-12-01,ANTARCHILE
INVERSIONES GOLFO BLANCO LTDA.,0.057999999999999996,26346943,454748704,2024-12-01,ANTARCHILE
INVERSIONES SENDA BLANCA LTDA.,0.0435,19760208,454748704,2024-12-01,ANTARCHILE
INVERSIONES LO RECABARREN LIMITADA,0.0301,13687936,454748704,2024-12-01,ANTARCHILE
BANCHILE CORREDORES DE BOLSA S.A.,0.028900000000000002,13121600,454748704,2024-12-01,ANTARCHILE
AGROFORESTAL E INVERSIONES MAIHUE SPA,0.0287,13035702,454748704,2024-12-01,ANTARCHILE
SERVICIOS QUELENTARO S.A.,0.0159,7203938,454748704,2024-12-01,ANTARCHILE
LARRAIN VIAL S.A. CORREDORA DE BOLSA,0.013500000000000002,6133127,454748704,2024-12-01,ANTARCHILE
BANCO DE CHILE POR CUENTA DE CITI N.A. NEW YORK,0.0125,5677212,454748704,2024-12-01,ANTARCHILE
RENTAS LATINSA LIMITADA,0.0104,4705398,454748704,2024-12-01,ANTARCHILE
BTG PACTUAL CHILE S.A. CORREDORES DE BOLSA,0.009899999999999999,4476535,454748704,2024-12-01,ANTARCHILE
CIA. DE INVERSIONES LA ESPAÑOLA S.A.,0.0089,4021073,454748704,2024-12-01,ANTARCHILE
INVERSIONES ANGELINI Y COMPAÑIA LIMITADA,0.6369,289349551,454748704,2025-03-01,ANTARCHILE
INVERSIONES GOLFO BLANCO LTDA.,0.057999999999999996,26346943,454748704,2025-03-01,ANTARCHILE
INVERSIONES SENDA BLANCA LTDA.,0.0435,19760208,454748704,2025-03-01,ANTARCHILE
INVERSIONES LO RECABARREN LIMITADA,0.0301,13687936,454748704,2025-03-01,ANTARCHILE
BANCHILE CORREDORES DE BOLSA S.A.,0.028900000000000002,13121600,454748704,2025-03-01,ANTARCHILE
AGROFORESTAL E INVERSIONES MAIHUE SPA,0.0287,13035702,454748704,2025-03-01,ANTARCHILE
SERVICIOS QUELENTARO S.A.,0.0159,7203938,454748704,2025-03-01,ANTARCHILE
LARRAIN VIAL S.A. CORREDORA DE BOLSA,0.013500000000000002,6133127,454748704,2025-03-01,ANTARCHILE
BANCO DE CHILE POR CUENTA DE CITI N.A. NEW YORK,0.0125,5677212,454748704,2025-03-01,ANTARCHILE
RENTAS LATINSA LIMITADA,0.0104,4705398,454748704,2025-03-01,ANTARCHILE
BTG PACTUAL CHILE S.A. CORREDORES DE BOLSA,0.009899999999999999,4476535,454748704,2025-03-01,ANTARCHILE
CIA. DE INVERSIONES LA ESPAÑOLA S.A.,0.0089,4021073,454748704,2025-03-01,ANTARCHILE
INVERSIONES ANGELINI Y COMPAÑIA LIMITADA,0.6369,289349551,454748704,2025-06-01,ANTARCHILE
INVERSIONES GOLFO BLANCO LTDA.,0.057999999999999996,26346943,454748704,2025-06-01,ANTARCHILE
INVERSIONES SENDA BLANCA LTDA.,0.0435,19760208,454748704,2025-06-01,ANTARCHILE
INVERSIONES LO RECABARREN LIMITADA,0.0301,13687936,454748704,2025-06-01,ANTARCHILE
BANCHILE CORREDORES DE BOLSA S.A.,0.028900000000000002,13121600,454748704,2025-06-01,ANTARCHILE
AGROFORESTAL E INVERSIONES MAIHUE SPA,0.0287,13035702,454748704,2025-06-01,ANTARCHILE
SERVICIOS QUELENTARO S.A.,0.0159,7203938,454748704,2025-06-01,ANTARCHILE
LARRAIN VIAL S.A. CORREDORA DE BOLSA,0.013500000000000002,6133127,454748704,2025-06-01,ANTARCHILE
BANCO DE CHILE POR CUENTA DE CITI N.A. NEW YORK,0.0125,5677212,454748704,2025-06-01,ANTARCHILE
RENTAS LATINSA LIMITADA,0.0104,4705398,454748704,2025-06-01,ANTARCHILE
BTG PACTUAL CHILE S.A. CORREDORES DE BOLSA,0.009899999999999999,4476535,454748704,2025-06-01,ANTARCHILE
CIA. DE INVERSIONES LA ESPAÑOLA S.A.,0.0089,4021073,454748704,2025-06-01,ANTARCHILE
INVERSIONES ANGELINI Y COMPAÑIA LIMITADA,0.6369,289349551,454748704,2025-09-01,ANTARCHILE
INVERSIONES GOLFO BLANCO LTDA.,0.057999999999999996,26346943,454748704,2025-09-01,ANTARCHILE
INVERSIONES SENDA BLANCA LTDA.,0.0435,19760208,454748704,2025-09-01,ANTARCHILE
INVERSIONES LO RECABARREN LIMITADA,0.0301,13687936,454748704,2025-09-01,ANTARCHILE
BANCHILE CORREDORES DE BOLSA S.A.,0.028900000000000002,13121600,454748704,2025-09-01,ANTARCHILE
AGROFORESTAL E INVERSIONES MAIHUE SPA,0.0287,13035702,454748704,2025-09-01,ANTARCHILE
SERVICIOS QUELENTARO S.A.,0.0159,7203938,454748704,2025-09-01,ANTARCHILE
LARRAIN VIAL S.A. CORREDORA DE BOLSA,0.013500000000000002,6133127,454748704,2025-09-01,ANTARCHILE
BANCO DE CHILE POR CUENTA DE CITI N.A. NEW YORK,0.0125,5677212,454748704,2025-09-01,ANTARCHILE
RENTAS LATINSA LIMITADA,0.0104,4705398,454748704,2025-09-01,ANTARCHILE
BTG PACTUAL CHILE S.A. CORREDORES DE BOLSA,0.009899999999999999,4476535,454748704,2025-09-01,ANTARCHILE
CIA. DE INVERSIONES LA ESPAÑOLA S.A.,0.0089,4021073,454748704,2025-09-01,ANTARCHILE
INVERSIONES ANGELINI Y COMPAÑIA LIMITADA,0.6369,289349551,454748704,2025-12-01,ANTARCHILE
INVERSIONES GOLFO BLANCO LTDA.,0.057999999999999996,26346943,454748704,2025-12-01,ANTARCHILE
INVERSIONES SENDA BLANCA LTDA.,0.0435,19760208,454748704,2025-12-01,ANTARCHILE
INVERSIONES LO RECABARREN LIMITADA,0.0301,13687936,454748704,2025-12-01,ANTARCHILE
BANCHILE CORREDORES DE BOLSA S.A.,0.028900000000000002,13121600,454748704,2025-12-01,ANTARCHILE
AGROFORESTAL E INVERSIONES MAIHUE SPA,0.0287,13035702,454748704,2025-12-01,ANTARCHILE
SERVICIOS QUELENTARO S.A.,0.0159,7203938,454748704,2025-12-01,ANTARCHILE
LARRAIN VIAL S.A. CORREDORA DE BOLSA,0.013500000000000002,6133127,454748704,2025-12-01,ANTARCHILE
BANCO DE CHILE POR CUENTA DE CITI N.A. NEW YORK,0.0125,5677212,454748704,2025-12-01,ANTARCHILE
RENTAS LATINSA LIMITADA,0.0104,4705398,454748704,2025-12-01,ANTARCHILE
BTG PACTUAL CHILE S.A. CORREDORES DE BOLSA,0.009899999999999999,4476535,454748704,2025-12-01,ANTARCHILE
CIA. DE INVERSIONES LA ESPAÑOLA S.A.,0.0089,4021073,454748704,2025-12-01,ANTARCHILE
NORTE GRANDE SA,0.8123,187163292323,232821585116,2017-03-01,ORO_BLANCO
INVERSIONES SQYA SPA,0.038900000000000004,8970058461,232821585116,2017-03-01,ORO_BLANCO
BTG PACTUAL CHILE S A C DE B,0.0374,8618008498,232821585116,2017-03-01,ORO_BLANCO
LARRAIN VIAL S A CORREDORA DE BOLSA,0.0215,4950123394,232821585116,2017-03-01,ORO_BLANCO
BANCHILE CORREDORES DE BOLSA S A,0.017,3916416000,232821585116,2017-03-01,ORO_BLANCO
CREDICORP CAPITAL CORREDORES DE BOLSA SPA,0.012,2753666855,232821585116,2017-03-01,ORO_BLANCO
NEVASA S.A CORREDORES DE BOLSA,0.0115,2658978824,232821585116,2017-03-01,ORO_BLANCO
FONDO MUTUO BTG PACTUAL CHILE ACCION,0.0053,1230426910,232821585116,2017-03-01,ORO_BLANCO
BOLSA DE COMERCIO DE SANTIAGO BOLSA DE VALORES,0.0053,1225498208,232821585116,2017-03-01,ORO_BLANCO
BCI C DE B S A,0.0043,1001132816,232821585116,2017-03-01,ORO_BLANCO
CONSORCIO C DE B S A,0.0039000000000000003,892388357,232821585116,2017-03-01,ORO_BLANCO
PIONERO FONDO DE INVERSION,0.0031,721401527,232821585116,2017-03-01,ORO_BLANCO
NORTE GRANDE SA,0.8123,187163292323,232821585116,2017-06-01,ORO_BLANCO
INVERSIONES SQYA SPA,0.038900000000000004,8970058461,232821585116,2017-06-01,ORO_BLANCO
BTG PACTUAL CHILE S A C DE B,0.0374,8618008498,232821585116,2017-06-01,ORO_BLANCO
LARRAIN VIAL S A CORREDORA DE BOLSA,0.0215,4950123394,232821585116,2017-06-01,ORO_BLANCO
BANCHILE CORREDORES DE BOLSA S A,0.017,3916416000,232821585116,2017-06-01,ORO_BLANCO
CREDICORP CAPITAL CORREDORES DE BOLSA SPA,0.012,2753666855,232821585116,2017-06-01,ORO_BLANCO
NEVASA S.A CORREDORES DE BOLSA,0.0115,2658978824,232821585116,2017-06-01,ORO_BLANCO
FONDO MUTUO BTG PACTUAL CHILE ACCION,0.0053,1230426910,232821585116,2017-06-01,ORO_BLANCO
BOLSA DE COMERCIO DE SANTIAGO BOLSA DE VALORES,0.0053,1225498208,232821585116,2017-06-01,ORO_BLANCO
BCI C DE B S A,0.0043,1001132816,232821585116,2017-06-01,ORO_BLANCO
CONSORCIO C DE B S A,0.0039000000000000003,892388357,232821585116,2017-06-01,ORO_BLANCO
PIONERO FONDO DE INVERSION,0.0031,721401527,232821585116,2017-06-01,ORO_BLANCO
NORTE GRANDE SA,0.8123,187163292323,232821585116,2017-09-01,ORO_BLANCO
INVERSIONES SQYA SPA,0.038900000000000004,8970058461,232821585116,2017-09-01,ORO_BLANCO
BTG PACTUAL CHILE S A C DE B,0.0374,8618008498,232821585116,2017-09-01,ORO_BLANCO
LARRAIN VIAL S A CORREDORA DE BOLSA,0.0215,4950123394,232821585116,2017-09-01,ORO_BLANCO
BANCHILE CORREDORES DE BOLSA S A,0.017,3916416000,232821585116,2017-09-01,ORO_BLANCO
CREDICORP CAPITAL CORREDORES DE BOLSA SPA,0.012,2753666855,232821585116,2017-09-01,ORO_BLANCO
NEVASA S.A CORREDORES DE BOLSA,0.0115,2658978824,232821585116,2017-09-01,ORO_BLANCO
FONDO MUTUO BTG PACTUAL CHILE ACCION,0.0053,1230426910,232821585116,2017-09-01,ORO_BLANCO
BOLSA DE COMERCIO DE SANTIAGO BOLSA DE VALORES,0.0053,1225498208,232821585116,2017-09-01,ORO_BLANCO
BCI C DE B S A,0.0043,1001132816,232821585116,2017-09-01,ORO_BLANCO
CONSORCIO C DE B S A,0.0039000000000000003,892388357,232821585116,2017-09-01,ORO_BLANCO
PIONERO FONDO DE INVERSION,0.0031,721401527,232821585116,2017-09-01,ORO_BLANCO
NORTE GRANDE SA,0.8123,187163292323,232821585116,2017-12-01,ORO_BLANCO
INVERSIONES SQYA SPA,0.038900000000000004,8970058461,232821585116,2017-12-01,ORO_BLANCO
BTG PACTUAL CHILE S A C DE B,0.0374,8618008498,232821585116,2017-12-01,ORO_BLANCO
LARRAIN VIAL S A CORREDORA DE BOLSA,0.0215,4950123394,232821585116,2017-12-01,ORO_BLANCO
BANCHILE CORREDORES DE BOLSA S A,0.017,3916416000,232821585116,2017-12-01,ORO_BLANCO
CREDICORP CAPITAL CORREDORES DE BOLSA SPA,0.012,2753666855,232821585116,2017-12-01,ORO_BLANCO
NEVASA S.A CORREDORES DE BOLSA,0.0115,2658978824,232821585116,2017-12-01,ORO_BLANCO
FONDO MUTUO BTG PACTUAL CHILE ACCION,0.0053,1230426910,232821585116,2017-12-01,ORO_BLANCO
BOLSA DE COMERCIO DE SANTIAGO BOLSA DE VALORES,0.0053,1225498208,232821585116,2017-12-01,ORO_BLANCO
BCI C DE B S A,0.0043,1001132816,232821585116,2017-12-01,ORO_BLANCO
CONSORCIO C DE B S A,0.0039000000000000003,892388357,232821585116,2017-12-01,ORO_BLANCO
PIONERO FONDO DE INVERSION,0.0031,721401527,232821585116,2017-12-01,ORO_BLANCO
NORTE GRANDE SA,0.8123,187163292323,232821585116,2018-03-01,ORO_BLANCO
INVERSIONES SQYA SPA,0.038900000000000004,8970058461,232821585116,2018-03-01,ORO_BLANCO
BTG PACTUAL CHILE S A C DE B,0.0374,8618008498,232821585116,2018-03-01,ORO_BLANCO
LARRAIN VIAL S A CORREDORA DE BOLSA,0.0215,4950123394,232821585116,2018-03-01,ORO_BLANCO
BANCHILE CORREDORES DE BOLSA S A,0.017,3916416000,232821585116,2018-03-01,ORO_BLANCO
CREDICORP CAPITAL CORREDORES DE BOLSA SPA,0.012,2753666855,232821585116,2018-03-01,ORO_BLANCO
NEVASA S.A CORREDORES DE BOLSA,0.0115,2658978824,232821585116,2018-03-01,ORO_BLANCO
FONDO MUTUO BTG PACTUAL CHILE ACCION,0.0053,1230426910,232821585116,2018-03-01,ORO_BLANCO
BOLSA DE COMERCIO DE SANTIAGO BOLSA DE VALORES,0.0053,1225498208,232821585116,2018-03-01,ORO_BLANCO
BCI C DE B S A,0.0043,1001132816,232821585116,2018-03-01,ORO_BLANCO
CONSORCIO C DE B S A,0.0039000000000000003,892388357,232821585116,2018-03-01,ORO_BLANCO
PIONERO FONDO DE INVERSION,0.0031,721401527,232821585116,2018-03-01,ORO_BLANCO
NORTE GRANDE SA,0.8123,187163292323,232821585116,2018-06-01,ORO_BLANCO
INVERSIONES SQYA SPA,0.038900000000000004,8970058461,232821585116,2018-06-01,ORO_BLANCO
BTG PACTUAL CHILE S A C DE B,0.0374,8618008498,232821585116,2018-06-01,ORO_BLANCO
LARRAIN VIAL S A CORREDORA DE BOLSA,0.0215,4950123394,232821585116,2018-06-01,ORO_BLANCO
BANCHILE CORREDORES DE BOLSA S A,0.017,3916416000,232821585116,2018-06-01,ORO_BLANCO
CREDICORP CAPITAL CORREDORES DE BOLSA SPA,0.012,2753666855,232821585116,2018-06-01,ORO_BLANCO
NEVASA S.A CORREDORES DE BOLSA,0.0115,2658978824,232821585116,2018-06-01,ORO_BLANCO
FONDO MUTUO BTG PACTUAL CHILE ACCION,0.0053,1230426910,232821585116,2018-06-01,ORO_BLANCO
BOLSA DE COMERCIO DE SANTIAGO BOLSA DE VALORES,0.0053,1225498208,232821585116,2018-06-01,ORO_BLANCO
BCI C DE B S A,0.0043,1001132816,232821585116,2018-06-01,ORO_BLANCO
CONSORCIO C DE B S A,0.0039000000000000003,892388357,232821585116,2018-06-01,ORO_BLANCO
PIONERO FONDO DE INVERSION,0.0031,721401527,232821585116,2018-06-01,ORO_BLANCO
NORTE GRANDE SA,0.8123,187163292323,232821585116,2018-09-01,ORO_BLANCO
INVERSIONES SQYA SPA,0.038900000000000004,8970058461,232821585116,2018-09-01,ORO_BLANCO
BTG PACTUAL CHILE S A C DE B,0.0374,8618008498,232821585116,2018-09-01,ORO_BLANCO
LARRAIN VIAL S A CORREDORA DE BOLSA,0.0215,4950123394,232821585116,2018-09-01,ORO_BLANCO
BANCHILE CORREDORES DE BOLSA S A,0.017,3916416000,232821585116,2018-09-01,ORO_BLANCO
CREDICORP CAPITAL CORREDORES DE BOLSA SPA,0.012,2753666855,232821585116,2018-09-01,ORO_BLANCO
NEVASA S.A CORREDORES DE BOLSA,0.0115,2658978824,232821585116,2018-09-01,ORO_BLANCO
FONDO MUTUO BTG PACTUAL CHILE ACCION,0.0053,1230426910,232821585116,2018-09-01,ORO_BLANCO
BOLSA DE COMERCIO DE SANTIAGO BOLSA DE VALORES,0.0053,1225498208,232821585116,2018-09-01,ORO_BLANCO
BCI C DE B S A,0.0043,1001132816,232821585116,2018-09-01,ORO_BLANCO
CONSORCIO C DE B S A,0.0039000000000000003,892388357,232821585116,2018-09-01,ORO_BLANCO
PIONERO FONDO DE INVERSION,0.0031,721401527,232821585116,2018-09-01,ORO_BLANCO
NORTE GRANDE SA,0.8123,187163292323,232821585116,2018-12-01,ORO_BLANCO
INVERSIONES SQYA SPA,0.038900000000000004,8970058461,232821585116,2018-12-01,ORO_BLANCO
BTG PACTUAL CHILE S A C DE B,0.0374,8618008498,232821585116,2018-12-01,ORO_BLANCO
LARRAIN VIAL S A CORREDORA DE BOLSA,0.0215,4950123394,232821585116,2018-12-01,ORO_BLANCO
BANCHILE CORREDORES DE BOLSA S A,0.017,3916416000,232821585116,2018-12-01,ORO_BLANCO
CREDICORP CAPITAL CORREDORES DE BOLSA SPA,0.012,2753666855,232821585116,2018-12-01,ORO_BLANCO
NEVASA S.A CORREDORES DE BOLSA,0.0115,2658978824,232821585116,2018-12-01,ORO_BLANCO
FONDO MUTUO BTG PACTUAL CHILE ACCION,0.0053,1230426910,232821585116,2018-12-01,ORO_BLANCO
BOLSA DE COMERCIO DE SANTIAGO BOLSA DE VALORES,0.0053,1225498208,232821585116,2018-12-01,ORO_BLANCO
BCI C DE B S A,0.0043,1001132816,232821585116,2018-12-01,ORO_BLANCO
CONSORCIO C DE B S A,0.0039000000000000003,892388357,232821585116,2018-12-01,ORO_BLANCO
PIONERO FONDO DE INVERSION,0.0031,721401527,232821585116,2018-12-01,ORO_BLANCO
NORTE GRANDE SA,0.8123,187163292323,232821585116,2019-03-01,ORO_BLANCO
INVERSIONES SQYA SPA,0.038900000000000004,8970058461,232821585116,2019-03-01,ORO_BLANCO
BTG PACTUAL CHILE S A C DE B,0.0374,8618008498,232821585116,2019-03-01,ORO_BLANCO
LARRAIN VIAL S A CORREDORA DE BOLSA,0.0215,4950123394,232821585116,2019-03-01,ORO_BLANCO
BANCHILE CORREDORES DE BOLSA S A,0.017,3916416000,232821585116,2019-03-01,ORO_BLANCO
CREDICORP CAPITAL CORREDORES DE BOLSA SPA,0.012,2753666855,232821585116,2019-03-01,ORO_BLANCO
NEVASA S.A CORREDORES DE BOLSA,0.0115,2658978824,232821585116,2019-03-01,ORO_BLANCO
FONDO MUTUO BTG PACTUAL CHILE ACCION,0.0053,1230426910,232821585116,2019-03-01,ORO_BLANCO
BOLSA DE COMERCIO DE SANTIAGO BOLSA DE VALORES,0.0053,1225498208,232821585116,2019-03-01,ORO_BLANCO
BCI C DE B S A,0.0043,1001132816,232821585116,2019-03-01,ORO_BLANCO
CONSORCIO C DE B S A,0.0039000000000000003,892388357,232821585116,2019-03-01,ORO_BLANCO
PIONERO FONDO DE INVERSION,0.0031,721401527,232821585116,2019-03-01,ORO_BLANCO
NORTE GRANDE SA,0.8123,187163292323,232821585116,2019-06-01,ORO_BLANCO
INVERSIONES SQYA SPA,0.038900000000000004,8970058461,232821585116,2019-06-01,ORO_BLANCO
BTG PACTUAL CHILE S A C DE B,0.0374,8618008498,232821585116,2019-06-01,ORO_BLANCO
LARRAIN VIAL S A CORREDORA DE BOLSA,0.0215,4950123394,232821585116,2019-06-01,ORO_BLANCO
BANCHILE CORREDORES DE BOLSA S A,0.017,3916416000,232821585116,2019-06-01,ORO_BLANCO
CREDICORP CAPITAL CORREDORES DE BOLSA SPA,0.012,2753666855,232821585116,2019-06-01,ORO_BLANCO
NEVASA S.A CORREDORES DE BOLSA,0.0115,2658978824,232821585116,2019-06-01,ORO_BLANCO
FONDO MUTUO BTG PACTUAL CHILE ACCION,0.0053,1230426910,232821585116,2019-06-01,ORO_BLANCO
BOLSA DE COMERCIO DE SANTIAGO BOLSA DE VALORES,0.0053,1225498208,232821585116,2019-06-01,ORO_BLANCO
BCI C DE B S A,0.0043,1001132816,232821585116,2019-06-01,ORO_BLANCO
CONSORCIO C DE B S A,0.0039000000000000003,892388357,232821585116,2019-06-01,ORO_BLANCO
PIONERO FONDO DE INVERSION,0.0031,721401527,232821585116,2019-06-01,ORO_BLANCO
NORTE GRANDE SA,0.8123,187163292323,232821585116,2019-09-01,ORO_BLANCO
INVERSIONES SQYA SPA,0.038900000000000004,8970058461,232821585116,2019-09-01,ORO_BLANCO
BTG PACTUAL CHILE S A C DE B,0.0374,8618008498,232821585116,2019-09-01,ORO_BLANCO
LARRAIN VIAL S A CORREDORA DE BOLSA,0.0215,4950123394,232821585116,2019-09-01,ORO_BLANCO
BANCHILE CORREDORES DE BOLSA S A,0.017,3916416000,232821585116,2019-09-01,ORO_BLANCO
CREDICORP CAPITAL CORREDORES DE BOLSA SPA,0.012,2753666855,232821585116,2019-09-01,ORO_BLANCO
NEVASA S.A CORREDORES DE BOLSA,0.0115,2658978824,232821585116,2019-09-01,ORO_BLANCO
FONDO MUTUO BTG PACTUAL CHILE ACCION,0.0053,1230426910,232821585116,2019-09-01,ORO_BLANCO
BOLSA DE COMERCIO DE SANTIAGO BOLSA DE VALORES,0.0053,1225498208,232821585116,2019-09-01,ORO_BLANCO
BCI C DE B S A,0.0043,1001132816,232821585116,2019-09-01,ORO_BLANCO
CONSORCIO C DE B S A,0.0039000000000000003,892388357,232821585116,2019-09-01,ORO_BLANCO
PIONERO FONDO DE INVERSION,0.0031,721401527,232821585116,2019-09-01,ORO_BLANCO
NORTE GRANDE SA,0.8123,187163292323,232821585116,2019-12-01,ORO_BLANCO
INVERSIONES SQYA SPA,0.038900000000000004,8970058461,232821585116,2019-12-01,ORO_BLANCO
BTG PACTUAL CHILE S A C DE B,0.0374,8618008498,232821585116,2019-12-01,ORO_BLANCO
LARRAIN VIAL S A CORREDORA DE BOLSA,0.0215,4950123394,232821585116,2019-12-01,ORO_BLANCO
BANCHILE CORREDORES DE BOLSA S A,0.017,3916416000,232821585116,2019-12-01,ORO_BLANCO
CREDICORP CAPITAL CORREDORES DE BOLSA SPA,0.012,2753666855,232821585116,2019-12-01,ORO_BLANCO
NEVASA S.A CORREDORES DE BOLSA,0.0115,2658978824,232821585116,2019-12-01,ORO_BLANCO
FONDO MUTUO BTG PACTUAL CHILE ACCION,0.0053,1230426910,232821585116,2019-12-01,ORO_BLANCO
BOLSA DE COMERCIO DE SANTIAGO BOLSA DE VALORES,0.0053,1225498208,232821585116,2019-12-01,ORO_BLANCO
BCI C DE B S A,0.0043,1001132816,232821585116,2019-12-01,ORO_BLANCO
CONSORCIO C DE B S A,0.0039000000000000003,892388357,232821585116,2019-12-01,ORO_BLANCO
PIONERO FONDO DE INVERSION,0.0031,721401527,232821585116,2019-12-01,ORO_BLANCO
NORTE GRANDE SA,0.8123,187163292323,232821585116,2020-03-01,ORO_BLANCO
INVERSIONES SQYA SPA,0.038900000000000004,8970058461,232821585116,2020-03-01,ORO_BLANCO
BTG PACTUAL CHILE S A C DE B,0.0374,8618008498,232821585116,2020-03-01,ORO_BLANCO
LARRAIN VIAL S A CORREDORA DE BOLSA,0.0215,4950123394,232821585116,2020-03-01,ORO_BLANCO
BANCHILE CORREDORES DE BOLSA S A,0.017,3916416000,232821585116,2020-03-01,ORO_BLANCO
CREDICORP CAPITAL CORREDORES DE BOLSA SPA,0.012,2753666855,232821585116,2020-03-01,ORO_BLANCO
NEVASA S.A CORREDORES DE BOLSA,0.0115,2658978824,232821585116,2020-03-01,ORO_BLANCO
FONDO MUTUO BTG PACTUAL CHILE ACCION,0.0053,1230426910,232821585116,2020-03-01,ORO_BLANCO
BOLSA DE COMERCIO DE SANTIAGO BOLSA DE VALORES,0.0053,1225498208,232821585116,2020-03-01,ORO_BLANCO
BCI C DE B S A,0.0043,1001132816,232821585116,2020-03-01,ORO_BLANCO
CONSORCIO C DE B S A,0.0039000000000000003,892388357,232821585116,2020-03-01,ORO_BLANCO
PIONERO FONDO DE INVERSION,0.0031,721401527,232821585116,2020-03-01,ORO_BLANCO
NORTE GRANDE SA,0.8123,187163292323,232821585116,2020-06-01,ORO_BLANCO
INVERSIONES SQYA SPA,0.038900000000000004,8970058461,232821585116,2020-06-01,ORO_BLANCO
BTG PACTUAL CHILE S A C DE B,0.0374,8618008498,232821585116,2020-06-01,ORO_BLANCO
LARRAIN VIAL S A CORREDORA DE BOLSA,0.0215,4950123394,232821585116,2020-06-01,ORO_BLANCO
BANCHILE CORREDORES DE BOLSA S A,0.017,3916416000,232821585116,2020-06-01,ORO_BLANCO
CREDICORP CAPITAL CORREDORES DE BOLSA SPA,0.012,2753666855,232821585116,2020-06-01,ORO_BLANCO
NEVASA S.A CORREDORES DE BOLSA,0.0115,2658978824,232821585116,2020-06-01,ORO_BLANCO
FONDO MUTUO BTG PACTUAL CHILE ACCION,0.0053,1230426910,232821585116,2020-06-01,ORO_BLANCO
BOLSA DE COMERCIO DE SANTIAGO BOLSA DE VALORES,0.0053,1225498208,232821585116,2020-06-01,ORO_BLANCO
BCI C DE B S A,0.0043,1001132816,232821585116,2020-06-01,ORO_BLANCO
CONSORCIO C DE B S A,0.0039000000000000003,892388357,232821585116,2020-06-01,ORO_BLANCO
PIONERO FONDO DE INVERSION,0.0031,721401527,232821585116,2020-06-01,ORO_BLANCO
NORTE GRANDE SA,0.8123,187163292323,232821585116,2020-09-01,ORO_BLANCO
INVERSIONES SQYA SPA,0.038900000000000004,8970058461,232821585116,2020-09-01,ORO_BLANCO
BTG PACTUAL CHILE S A C DE B,0.0374,8618008498,232821585116,2020-09-01,ORO_BLANCO
LARRAIN VIAL S A CORREDORA DE BOLSA,0.0215,4950123394,232821585116,2020-09-01,ORO_BLANCO
BANCHILE CORREDORES DE BOLSA S A,0.017,3916416000,232821585116,2020-09-01,ORO_BLANCO
CREDICORP CAPITAL CORREDORES DE BOLSA SPA,0.012,2753666855,232821585116,2020-09-01,ORO_BLANCO
NEVASA S.A CORREDORES DE BOLSA,0.0115,2658978824,232821585116,2020-09-01,ORO_BLANCO
FONDO MUTUO BTG PACTUAL CHILE ACCION,0.0053,1230426910,232821585116,2020-09-01,ORO_BLANCO
BOLSA DE COMERCIO DE SANTIAGO BOLSA DE VALORES,0.0053,1225498208,232821585116,2020-09-01,ORO_BLANCO
BCI C DE B S A,0.0043,1001132816,232821585116,2020-09-01,ORO_BLANCO
CONSORCIO C DE B S A,0.0039000000000000003,892388357,232821585116,2020-09-01,ORO_BLANCO
PIONERO FONDO DE INVERSION,0.0031,721401527,232821585116,2020-09-01,ORO_BLANCO
NORTE GRANDE SA,0.8123,187163292323,232821585116,2020-12-01,ORO_BLANCO
INVERSIONES SQYA SPA,0.038900000000000004,8970058461,232821585116,2020-12-01,ORO_BLANCO
BTG PACTUAL CHILE S A C DE B,0.0374,8618008498,232821585116,2020-12-01,ORO_BLANCO
LARRAIN VIAL S A CORREDORA DE BOLSA,0.0215,4950123394,232821585116,2020-12-01,ORO_BLANCO
BANCHILE CORREDORES DE BOLSA S A,0.017,3916416000,232821585116,2020-12-01,ORO_BLANCO
CREDICORP CAPITAL CORREDORES DE BOLSA SPA,0.012,2753666855,232821585116,2020-12-01,ORO_BLANCO
NEVASA S.A CORREDORES DE BOLSA,0.0115,2658978824,232821585116,2020-12-01,ORO_BLANCO
FONDO MUTUO BTG PACTUAL CHILE ACCION,0.0053,1230426910,232821585116,2020-12-01,ORO_BLANCO
BOLSA DE COMERCIO DE SANTIAGO BOLSA DE VALORES,0.0053,1225498208,232821585116,2020-12-01,ORO_BLANCO
BCI C DE B S A,0.0043,1001132816,232821585116,2020-12-01,ORO_BLANCO
CONSORCIO C DE B S A,0.0039000000000000003,892388357,232821585116,2020-12-01,ORO_BLANCO
PIONERO FONDO DE INVERSION,0.0031,721401527,232821585116,2020-12-01,ORO_BLANCO
NORTE GRANDE SA,0.8123,187163292323,232821585116,2021-03-01,ORO_BLANCO
INVERSIONES SQYA SPA,0.038900000000000004,8970058461,232821585116,2021-03-01,ORO_BLANCO
BTG PACTUAL CHILE S A C DE B,0.0374,8618008498,232821585116,2021-03-01,ORO_BLANCO
LARRAIN VIAL S A CORREDORA DE BOLSA,0.0215,4950123394,232821585116,2021-03-01,ORO_BLANCO
BANCHILE CORREDORES DE BOLSA S A,0.017,3916416000,232821585116,2021-03-01,ORO_BLANCO
CREDICORP CAPITAL CORREDORES DE BOLSA SPA,0.012,2753666855,232821585116,2021-03-01,ORO_BLANCO
NEVASA S.A CORREDORES DE BOLSA,0.0115,2658978824,232821585116,2021-03-01,ORO_BLANCO
FONDO MUTUO BTG PACTUAL CHILE ACCION,0.0053,1230426910,232821585116,2021-03-01,ORO_BLANCO
BOLSA DE COMERCIO DE SANTIAGO BOLSA DE VALORES,0.0053,1225498208,232821585116,2021-03-01,ORO_BLANCO
BCI C DE B S A,0.0043,1001132816,232821585116,2021-03-01,ORO_BLANCO
CONSORCIO C DE B S A,0.0039000000000000003,892388357,232821585116,2021-03-01,ORO_BLANCO
PIONERO FONDO DE INVERSION,0.0031,721401527,232821585116,2021-03-01,ORO_BLANCO
NORTE GRANDE SA,0.8123,187163292323,232821585116,2021-06-01,ORO_BLANCO
INVERSIONES SQYA SPA,0.038900000000000004,8970058461,232821585116,2021-06-01,ORO_BLANCO
BTG PACTUAL CHILE S A C DE B,0.0374,8618008498,232821585116,2021-06-01,ORO_BLANCO
LARRAIN VIAL S A CORREDORA DE BOLSA,0.0215,4950123394,232821585116,2021-06-01,ORO_BLANCO
BANCHILE CORREDORES DE BOLSA S A,0.017,3916416000,232821585116,2021-06-01,ORO_BLANCO
CREDICORP CAPITAL CORREDORES DE BOLSA SPA,0.012,2753666855,232821585116,2021-06-01,ORO_BLANCO
NEVASA S.A CORREDORES DE BOLSA,0.0115,2658978824,232821585116,2021-06-01,ORO_BLANCO
FONDO MUTUO BTG PACTUAL CHILE ACCION,0.0053,1230426910,232821585116,2021-06-01,ORO_BLANCO
BOLSA DE COMERCIO DE SANTIAGO BOLSA DE VALORES,0.0053,1225498208,232821585116,2021-06-01,ORO_BLANCO
BCI C DE B S A,0.0043,1001132816,232821585116,2021-06-01,ORO_BLANCO
CONSORCIO C DE B S A,0.0039000000000000003,892388357,232821585116,2021-06-01,ORO_BLANCO
PIONERO FONDO DE INVERSION,0.0031,721401527,232821585116,2021-06-01,ORO_BLANCO
NORTE GRANDE SA,0.8123,187163292323,232821585116,2021-09-01,ORO_BLANCO
INVERSIONES SQYA SPA,0.038900000000000004,8970058461,232821585116,2021-09-01,ORO_BLANCO
BTG PACTUAL CHILE S A C DE B,0.0374,8618008498,232821585116,2021-09-01,ORO_BLANCO
LARRAIN VIAL S A CORREDORA DE BOLSA,0.0215,4950123394,232821585116,2021-09-01,ORO_BLANCO
BANCHILE CORREDORES DE BOLSA S A,0.017,3916416000,232821585116,2021-09-01,ORO_BLANCO
CREDICORP CAPITAL CORREDORES DE BOLSA SPA,0.012,2753666855,232821585116,2021-09-01,ORO_BLANCO
NEVASA S.A CORREDORES DE BOLSA,0.0115,2658978824,232821585116,2021-09-01,ORO_BLANCO
FONDO MUTUO BTG PACTUAL CHILE ACCION,0.0053,1230426910,232821585116,2021-09-01,ORO_BLANCO
BOLSA DE COMERCIO DE SANTIAGO BOLSA DE VALORES,0.0053,1225498208,232821585116,2021-09-01,ORO_BLANCO
BCI C DE B S A,0.0043,1001132816,232821585116,2021-09-01,ORO_BLANCO
CONSORCIO C DE B S A,0.0039000000000000003,892388357,232821585116,2021-09-01,ORO_BLANCO
PIONERO FONDO DE INVERSION,0.0031,721401527,232821585116,2021-09-01,ORO_BLANCO
NORTE GRANDE SA,0.8123,187163292323,232821585116,2021-12-01,ORO_BLANCO
INVERSIONES SQYA SPA,0.038900000000000004,8970058461,232821585116,2021-12-01,ORO_BLANCO
BTG PACTUAL CHILE S A C DE B,0.0374,8618008498,232821585116,2021-12-01,ORO_BLANCO
LARRAIN VIAL S A CORREDORA DE BOLSA,0.0215,4950123394,232821585116,2021-12-01,ORO_BLANCO
BANCHILE CORREDORES DE BOLSA S A,0.017,3916416000,232821585116,2021-12-01,ORO_BLANCO
CREDICORP CAPITAL CORREDORES DE BOLSA SPA,0.012,2753666855,232821585116,2021-12-01,ORO_BLANCO
NEVASA S.A CORREDORES DE BOLSA,0.0115,2658978824,232821585116,2021-12-01,ORO_BLANCO
FONDO MUTUO BTG PACTUAL CHILE ACCION,0.0053,1230426910,232821585116,2021-12-01,ORO_BLANCO
BOLSA DE COMERCIO DE SANTIAGO BOLSA DE VALORES,0.0053,1225498208,232821585116,2021-12-01,ORO_BLANCO
BCI C DE B S A,0.0043,1001132816,232821585116,2021-12-01,ORO_BLANCO
CONSORCIO C DE B S A,0.0039000000000000003,892388357,232821585116,2021-12-01,ORO_BLANCO
PIONERO FONDO DE INVERSION,0.0031,721401527,232821585116,2021-12-01,ORO_BLANCO
NORTE GRANDE SA,0.8123,187163292323,232821585116,2022-03-01,ORO_BLANCO
INVERSIONES SQYA SPA,0.038900000000000004,8970058461,232821585116,2022-03-01,ORO_BLANCO
BTG PACTUAL CHILE S A C DE B,0.0374,8618008498,232821585116,2022-03-01,ORO_BLANCO
LARRAIN VIAL S A CORREDORA DE BOLSA,0.0215,4950123394,232821585116,2022-03-01,ORO_BLANCO
BANCHILE CORREDORES DE BOLSA S A,0.017,3916416000,232821585116,2022-03-01,ORO_BLANCO
CREDICORP CAPITAL CORREDORES DE BOLSA SPA,0.012,2753666855,232821585116,2022-03-01,ORO_BLANCO
NEVASA S.A CORREDORES DE BOLSA,0.0115,2658978824,232821585116,2022-03-01,ORO_BLANCO
FONDO MUTUO BTG PACTUAL CHILE ACCION,0.0053,1230426910,232821585116,2022-03-01,ORO_BLANCO
BOLSA DE COMERCIO DE SANTIAGO BOLSA DE VALORES,0.0053,1225498208,232821585116,2022-03-01,ORO_BLANCO
BCI C DE B S A,0.0043,1001132816,232821585116,2022-03-01,ORO_BLANCO
CONSORCIO C DE B S A,0.0039000000000000003,892388357,232821585116,2022-03-01,ORO_BLANCO
PIONERO FONDO DE INVERSION,0.0031,721401527,232821585116,2022-03-01,ORO_BLANCO
NORTE GRANDE SA,0.8123,187163292323,232821585116,2022-06-01,ORO_BLANCO
INVERSIONES SQYA SPA,0.038900000000000004,8970058461,232821585116,2022-06-01,ORO_BLANCO
BTG PACTUAL CHILE S A C DE B,0.0374,8618008498,232821585116,2022-06-01,ORO_BLANCO
LARRAIN VIAL S A CORREDORA DE BOLSA,0.0215,4950123394,232821585116,2022-06-01,ORO_BLANCO
BANCHILE CORREDORES DE BOLSA S A,0.017,3916416000,232821585116,2022-06-01,ORO_BLANCO
CREDICORP CAPITAL CORREDORES DE BOLSA SPA,0.012,2753666855,232821585116,2022-06-01,ORO_BLANCO
NEVASA S.A CORREDORES DE BOLSA,0.0115,2658978824,232821585116,2022-06-01,ORO_BLANCO
FONDO MUTUO BTG PACTUAL CHILE ACCION,0.0053,1230426910,232821585116,2022-06-01,ORO_BLANCO
BOLSA DE COMERCIO DE SANTIAGO BOLSA DE VALORES,0.0053,1225498208,232821585116,2022-06-01,ORO_BLANCO
BCI C DE B S A,0.0043,1001132816,232821585116,2022-06-01,ORO_BLANCO
CONSORCIO C DE B S A,0.0039000000000000003,892388357,232821585116,2022-06-01,ORO_BLANCO
PIONERO FONDO DE INVERSION,0.0031,721401527,232821585116,2022-06-01,ORO_BLANCO
NORTE GRANDE SA,0.8123,187163292323,232821585116,2022-09-01,ORO_BLANCO
INVERSIONES SQYA SPA,0.038900000000000004,8970058461,232821585116,2022-09-01,ORO_BLANCO
BTG PACTUAL CHILE S A C DE B,0.0374,8618008498,232821585116,2022-09-01,ORO_BLANCO
LARRAIN VIAL S A CORREDORA DE BOLSA,0.0215,4950123394,232821585116,2022-09-01,ORO_BLANCO
BANCHILE CORREDORES DE BOLSA S A,0.017,3916416000,232821585116,2022-09-01,ORO_BLANCO
CREDICORP CAPITAL CORREDORES DE BOLSA SPA,0.012,2753666855,232821585116,2022-09-01,ORO_BLANCO
NEVASA S.A CORREDORES DE BOLSA,0.0115,2658978824,232821585116,2022-09-01,ORO_BLANCO
FONDO MUTUO BTG PACTUAL CHILE ACCION,0.0053,1230426910,232821585116,2022-09-01,ORO_BLANCO
BOLSA DE COMERCIO DE SANTIAGO BOLSA DE VALORES,0.0053,1225498208,232821585116,2022-09-01,ORO_BLANCO
BCI C DE B S A,0.0043,1001132816,232821585116,2022-09-01,ORO_BLANCO
CONSORCIO C DE B S A,0.0039000000000000003,892388357,232821585116,2022-09-01,ORO_BLANCO
PIONERO FONDO DE INVERSION,0.0031,721401527,232821585116,2022-09-01,ORO_BLANCO
NORTE GRANDE SA,0.8123,187163292323,232821585116,2022-12-01,ORO_BLANCO
INVERSIONES SQYA SPA,0.038900000000000004,8970058461,232821585116,2022-12-01,ORO_BLANCO
BTG PACTUAL CHILE S A C DE B,0.0374,8618008498,232821585116,2022-12-01,ORO_BLANCO
LARRAIN VIAL S A CORREDORA DE BOLSA,0.0215,4950123394,232821585116,2022-12-01,ORO_BLANCO
BANCHILE CORREDORES DE BOLSA S A,0.017,3916416000,232821585116,2022-12-01,ORO_BLANCO
CREDICORP CAPITAL CORREDORES DE BOLSA SPA,0.012,2753666855,232821585116,2022-12-01,ORO_BLANCO
NEVASA S.A CORREDORES DE BOLSA,0.0115,2658978824,232821585116,2022-12-01,ORO_BLANCO
FONDO MUTUO BTG PACTUAL CHILE ACCION,0.0053,1230426910,232821585116,2022-12-01,ORO_BLANCO
BOLSA DE COMERCIO DE SANTIAGO BOLSA DE VALORES,0.0053,1225498208,232821585116,2022-12-01,ORO_BLANCO
BCI C DE B S A,0.0043,1001132816,232821585116,2022-12-01,ORO_BLANCO
CONSORCIO C DE B S A,0.0039000000000000003,892388357,232821585116,2022-12-01,ORO_BLANCO
PIONERO FONDO DE INVERSION,0.0031,721401527,232821585116,2022-12-01,ORO_BLANCO
NORTE GRANDE SA,0.8123,187163292323,232821585116,2023-03-01,ORO_BLANCO
INVERSIONES SQYA SPA,0.038900000000000004,8970058461,232821585116,2023-03-01,ORO_BLANCO
BTG PACTUAL CHILE S A C DE B,0.0374,8618008498,232821585116,2023-03-01,ORO_BLANCO
LARRAIN VIAL S A CORREDORA DE BOLSA,0.0215,4950123394,232821585116,2023-03-01,ORO_BLANCO
BANCHILE CORREDORES DE BOLSA S A,0.017,3916416000,232821585116,2023-03-01,ORO_BLANCO
CREDICORP CAPITAL CORREDORES DE BOLSA SPA,0.012,2753666855,232821585116,2023-03-01,ORO_BLANCO
NEVASA S.A CORREDORES DE BOLSA,0.0115,2658978824,232821585116,2023-03-01,ORO_BLANCO
FONDO MUTUO BTG PACTUAL CHILE ACCION,0.0053,1230426910,232821585116,2023-03-01,ORO_BLANCO
BOLSA DE COMERCIO DE SANTIAGO BOLSA DE VALORES,0.0053,1225498208,232821585116,2023-03-01,ORO_BLANCO
BCI C DE B S A,0.0043,1001132816,232821585116,2023-03-01,ORO_BLANCO
CONSORCIO C DE B S A,0.0039000000000000003,892388357,232821585116,2023-03-01,ORO_BLANCO
PIONERO FONDO DE INVERSION,0.0031,721401527,232821585116,2023-03-01,ORO_BLANCO
NORTE GRANDE SA,0.8123,187163292323,232821585116,2023-06-01,ORO_BLANCO
INVERSIONES SQYA SPA,0.038900000000000004,8970058461,232821585116,2023-06-01,ORO_BLANCO
BTG PACTUAL CHILE S A C DE B,0.0374,8618008498,232821585116,2023-06-01,ORO_BLANCO
LARRAIN VIAL S A CORREDORA DE BOLSA,0.0215,4950123394,232821585116,2023-06-01,ORO_BLANCO
BANCHILE CORREDORES DE BOLSA S A,0.017,3916416000,232821585116,2023-06-01,ORO_BLANCO
CREDICORP CAPITAL CORREDORES DE BOLSA SPA,0.012,2753666855,232821585116,2023-06-01,ORO_BLANCO
NEVASA S.A CORREDORES DE BOLSA,0.0115,2658978824,232821585116,2023-06-01,ORO_BLANCO
FONDO MUTUO BTG PACTUAL CHILE ACCION,0.0053,1230426910,232821585116,2023-06-01,ORO_BLANCO
BOLSA DE COMERCIO DE SANTIAGO BOLSA DE VALORES,0.0053,1225498208,232821585116,2023-06-01,ORO_BLANCO
BCI C DE B S A,0.0043,1001132816,232821585116,2023-06-01,ORO_BLANCO
CONSORCIO C DE B S A,0.0039000000000000003,892388357,232821585116,2023-06-01,ORO_BLANCO
PIONERO FONDO DE INVERSION,0.0031,721401527,232821585116,2023-06-01,ORO_BLANCO
NORTE GRANDE SA,0.8123,187163292323,232821585116,2023-09-01,ORO_BLANCO
INVERSIONES SQYA SPA,0.038900000000000004,8970058461,232821585116,2023-09-01,ORO_BLANCO
BTG PACTUAL CHILE S A C DE B,0.0374,8618008498,232821585116,2023-09-01,ORO_BLANCO
LARRAIN VIAL S A CORREDORA DE BOLSA,0.0215,4950123394,232821585116,2023-09-01,ORO_BLANCO
BANCHILE CORREDORES DE BOLSA S A,0.017,3916416000,232821585116,2023-09-01,ORO_BLANCO
CREDICORP CAPITAL CORREDORES DE BOLSA SPA,0.012,2753666855,232821585116,2023-09-01,ORO_BLANCO
NEVASA S.A CORREDORES DE BOLSA,0.0115,2658978824,232821585116,2023-09-01,ORO_BLANCO
FONDO MUTUO BTG PACTUAL CHILE ACCION,0.0053,1230426910,232821585116,2023-09-01,ORO_BLANCO
BOLSA DE COMERCIO DE SANTIAGO BOLSA DE VALORES,0.0053,1225498208,232821585116,2023-09-01,ORO_BLANCO
BCI C DE B S A,0.0043,1001132816,232821585116,2023-09-01,ORO_BLANCO
CONSORCIO C DE B S A,0.0039000000000000003,892388357,232821585116,2023-09-01,ORO_BLANCO
PIONERO FONDO DE INVERSION,0.0031,721401527,232821585116,2023-09-01,ORO_BLANCO
NORTE GRANDE SA,0.8123,187163292323,232821585116,2023-12-01,ORO_BLANCO
INVERSIONES SQYA SPA,0.038900000000000004,8970058461,232821585116,2023-12-01,ORO_BLANCO
BTG PACTUAL CHILE S A C DE B,0.0374,8618008498,232821585116,2023-12-01,ORO_BLANCO
LARRAIN VIAL S A CORREDORA DE BOLSA,0.0215,4950123394,232821585116,2023-12-01,ORO_BLANCO
BANCHILE CORREDORES DE BOLSA S A,0.017,3916416000,232821585116,2023-12-01,ORO_BLANCO
CREDICORP CAPITAL CORREDORES DE BOLSA SPA,0.012,2753666855,232821585116,2023-12-01,ORO_BLANCO
NEVASA S.A CORREDORES DE BOLSA,0.0115,2658978824,232821585116,2023-12-01,ORO_BLANCO
FONDO MUTUO BTG PACTUAL CHILE ACCION,0.0053,1230426910,232821585116,2023-12-01,ORO_BLANCO
BOLSA DE COMERCIO DE SANTIAGO BOLSA DE VALORES,0.0053,1225498208,232821585116,2023-12-01,ORO_BLANCO
BCI C DE B S A,0.0043,1001132816,232821585116,2023-12-01,ORO_BLANCO
CONSORCIO C DE B S A,0.0039000000000000003,892388357,232821585116,2023-12-01,ORO_BLANCO
PIONERO FONDO DE INVERSION,0.0031,721401527,232821585116,2023-12-01,ORO_BLANCO
NORTE GRANDE SA,0.8123,187163292323,232821585116,2024-03-01,ORO_BLANCO
INVERSIONES SQYA SPA,0.038900000000000004,8970058461,232821585116,2024-03-01,ORO_BLANCO
BTG PACTUAL CHILE S A C DE B,0.0374,8618008498,232821585116,2024-03-01,ORO_BLANCO
LARRAIN VIAL S A CORREDORA DE BOLSA,0.0215,4950123394,232821585116,2024-03-01,ORO_BLANCO
BANCHILE CORREDORES DE BOLSA S A,0.017,3916416000,232821585116,2024-03-01,ORO_BLANCO
CREDICORP CAPITAL CORREDORES DE BOLSA SPA,0.012,2753666855,232821585116,2024-03-01,ORO_BLANCO
NEVASA S.A CORREDORES DE BOLSA,0.0115,2658978824,232821585116,2024-03-01,ORO_BLANCO
FONDO MUTUO BTG PACTUAL CHILE ACCION,0.0053,1230426910,232821585116,2024-03-01,ORO_BLANCO
BOLSA DE COMERCIO DE SANTIAGO BOLSA DE VALORES,0.0053,1225498208,232821585116,2024-03-01,ORO_BLANCO
BCI C DE B S A,0.0043,1001132816,232821585116,2024-03-01,ORO_BLANCO
CONSORCIO C DE B S A,0.0039000000000000003,892388357,232821585116,2024-03-01,ORO_BLANCO
PIONERO FONDO DE INVERSION,0.0031,721401527,232821585116,2024-03-01,ORO_BLANCO
NORTE GRANDE SA,0.8123,187163292323,232821585116,2024-06-01,ORO_BLANCO
INVERSIONES SQYA SPA,0.038900000000000004,8970058461,232821585116,2024-06-01,ORO_BLANCO
BTG PACTUAL CHILE S A C DE B,0.0374,8618008498,232821585116,2024-06-01,ORO_BLANCO
LARRAIN VIAL S A CORREDORA DE BOLSA,0.0215,4950123394,232821585116,2024-06-01,ORO_BLANCO
BANCHILE CORREDORES DE BOLSA S A,0.017,3916416000,232821585116,2024-06-01,ORO_BLANCO
CREDICORP CAPITAL CORREDORES DE BOLSA SPA,0.012,2753666855,232821585116,2024-06-01,ORO_BLANCO
NEVASA S.A CORREDORES DE BOLSA,0.0115,2658978824,232821585116,2024-06-01,ORO_BLANCO
FONDO MUTUO BTG PACTUAL CHILE ACCION,0.0053,1230426910,232821585116,2024-06-01,ORO_BLANCO
BOLSA DE COMERCIO DE SANTIAGO BOLSA DE VALORES,0.0053,1225498208,232821585116,2024-06-01,ORO_BLANCO
BCI C DE B S A,0.0043,1001132816,232821585116,2024-06-01,ORO_BLANCO
CONSORCIO C DE B S A,0.0039000000000000003,892388357,232821585116,2024-06-01,ORO_BLANCO
PIONERO FONDO DE INVERSION,0.0031,721401527,232821585116,2024-06-01,ORO_BLANCO
NORTE GRANDE SA,0.8123,187163292323,232821585116,2024-09-01,ORO_BLANCO
INVERSIONES SQYA SPA,0.038900000000000004,8970058461,232821585116,2024-09-01,ORO_BLANCO
BTG PACTUAL CHILE S A C DE B,0.0374,8618008498,232821585116,2024-09-01,ORO_BLANCO
LARRAIN VIAL S A CORREDORA DE BOLSA,0.0215,4950123394,232821585116,2024-09-01,ORO_BLANCO
BANCHILE CORREDORES DE BOLSA S A,0.017,3916416000,232821585116,2024-09-01,ORO_BLANCO
CREDICORP CAPITAL CORREDORES DE BOLSA SPA,0.012,2753666855,232821585116,2024-09-01,ORO_BLANCO
NEVASA S.A CORREDORES DE BOLSA,0.0115,2658978824,232821585116,2024-09-01,ORO_BLANCO
FONDO MUTUO BTG PACTUAL CHILE ACCION,0.0053,1230426910,232821585116,2024-09-01,ORO_BLANCO
BOLSA DE COMERCIO DE SANTIAGO BOLSA DE VALORES,0.0053,1225498208,232821585116,2024-09-01,ORO_BLANCO
BCI C DE B S A,0.0043,1001132816,232821585116,2024-09-01,ORO_BLANCO
CONSORCIO C DE B S A,0.0039000000000000003,892388357,232821585116,2024-09-01,ORO_BLANCO
PIONERO FONDO DE INVERSION,0.0031,721401527,232821585116,2024-09-01,ORO_BLANCO
NORTE GRANDE SA,0.8123,187163292323,232821585116,2024-12-01,ORO_BLANCO
INVERSIONES SQYA SPA,0.038900000000000004,8970058461,232821585116,2024-12-01,ORO_BLANCO
BTG PACTUAL CHILE S A C DE B,0.0374,8618008498,232821585116,2024-12-01,ORO_BLANCO
LARRAIN VIAL S A CORREDORA DE BOLSA,0.0215,4950123394,232821585116,2024-12-01,ORO_BLANCO
BANCHILE CORREDORES DE BOLSA S A,0.017,3916416000,232821585116,2024-12-01,ORO_BLANCO
CREDICORP CAPITAL CORREDORES DE BOLSA SPA,0.012,2753666855,232821585116,2024-12-01,ORO_BLANCO
NEVASA S.A CORREDORES DE BOLSA,0.0115,2658978824,232821585116,2024-12-01,ORO_BLANCO
FONDO MUTUO BTG PACTUAL CHILE ACCION,0.0053,1230426910,232821585116,2024-12-01,ORO_BLANCO
BOLSA DE COMERCIO DE SANTIAGO BOLSA DE VALORES,0.0053,1225498208,232821585116,2024-12-01,ORO_BLANCO
BCI C DE B S A,0.0043,1001132816,232821585116,2024-12-01,ORO_BLANCO
CONSORCIO C DE B S A,0.0039000000000000003,892388357,232821585116,2024-12-01,ORO_BLANCO
PIONERO FONDO DE INVERSION,0.0031,721401527,232821585116,2024-12-01,ORO_BLANCO
NORTE GRANDE SA,0.8123,187163292323,232821585116,2025-03-01,ORO_BLANCO
INVERSIONES SQYA SPA,0.038900000000000004,8970058461,232821585116,2025-03-01,ORO_BLANCO
BTG PACTUAL CHILE S A C DE B,0.0374,8618008498,232821585116,2025-03-01,ORO_BLANCO
LARRAIN VIAL S A CORREDORA DE BOLSA,0.0215,4950123394,232821585116,2025-03-01,ORO_BLANCO
BANCHILE CORREDORES DE BOLSA S A,0.017,3916416000,232821585116,2025-03-01,ORO_BLANCO
CREDICORP CAPITAL CORREDORES DE BOLSA SPA,0.012,2753666855,232821585116,2025-03-01,ORO_BLANCO
NEVASA S.A CORREDORES DE BOLSA,0.0115,2658978824,232821585116,2025-03-01,ORO_BLANCO
FONDO MUTUO BTG PACTUAL CHILE ACCION,0.0053,1230426910,232821585116,2025-03-01,ORO_BLANCO
BOLSA DE COMERCIO DE SANTIAGO BOLSA DE VALORES,0.0053,1225498208,232821585116,2025-03-01,ORO_BLANCO
BCI C DE B S A,0.0043,1001132816,232821585116,2025-03-01,ORO_BLANCO
CONSORCIO C DE B S A,0.0039000000000000003,892388357,232821585116,2025-03-01,ORO_BLANCO
PIONERO FONDO DE INVERSION,0.0031,721401527,232821585116,2025-03-01,ORO_BLANCO
NORTE GRANDE SA,0.8123,187163292323,232821585116,2025-06-01,ORO_BLANCO
INVERSIONES SQYA SPA,0.038900000000000004,8970058461,232821585116,2025-06-01,ORO_BLANCO
BTG PACTUAL CHILE S A C DE B,0.0374,8618008498,232821585116,2025-06-01,ORO_BLANCO
LARRAIN VIAL S A CORREDORA DE BOLSA,0.0215,4950123394,232821585116,2025-06-01,ORO_BLANCO
BANCHILE CORREDORES DE BOLSA S A,0.017,3916416000,232821585116,2025-06-01,ORO_BLANCO
CREDICORP CAPITAL CORREDORES DE BOLSA SPA,0.012,2753666855,232821585116,2025-06-01,ORO_BLANCO
NEVASA S.A CORREDORES DE BOLSA,0.0115,2658978824,232821585116,2025-06-01,ORO_BLANCO
FONDO MUTUO BTG PACTUAL CHILE ACCION,0.0053,1230426910,232821585116,2025-06-01,ORO_BLANCO
BOLSA DE COMERCIO DE SANTIAGO BOLSA DE VALORES,0.0053,1225498208,232821585116,2025-06-01,ORO_BLANCO
BCI C DE B S A,0.0043,1001132816,232821585116,2025-06-01,ORO_BLANCO
CONSORCIO C DE B S A,0.0039000000000000003,892388357,232821585116,2025-06-01,ORO_BLANCO
PIONERO FONDO DE INVERSION,0.0031,721401527,232821585116,2025-06-01,ORO_BLANCO
NORTE GRANDE SA,0.8123,187163292323,232821585116,2025-09-01,ORO_BLANCO
INVERSIONES SQYA SPA,0.038900000000000004,8970058461,232821585116,2025-09-01,ORO_BLANCO
BTG PACTUAL CHILE S A C DE B,0.0374,8618008498,232821585116,2025-09-01,ORO_BLANCO
LARRAIN VIAL S A CORREDORA DE BOLSA,0.0215,4950123394,232821585116,2025-09-01,ORO_BLANCO
BANCHILE CORREDORES DE BOLSA S A,0.017,3916416000,232821585116,2025-09-01,ORO_BLANCO
CREDICORP CAPITAL CORREDORES DE BOLSA SPA,0.012,2753666855,232821585116,2025-09-01,ORO_BLANCO
NEVASA S.A CORREDORES DE BOLSA,0.0115,2658978824,232821585116,2025-09-01,ORO_BLANCO
FONDO MUTUO BTG PACTUAL CHILE ACCION,0.0053,1230426910,232821585116,2025-09-01,ORO_BLANCO
BOLSA DE COMERCIO DE SANTIAGO BOLSA DE VALORES,0.0053,1225498208,232821585116,2025-09-01,ORO_BLANCO
BCI C DE B S A,0.0043,1001132816,232821585116,2025-09-01,ORO_BLANCO
CONSORCIO C DE B S A,0.0039000000000000003,892388357,232821585116,2025-09-01,ORO_BLANCO
PIONERO FONDO DE INVERSION,0.0031,721401527,232821585116,2025-09-01,ORO_BLANCO
NORTE GRANDE SA,0.8123,187163292323,232821585116,2025-12-01,ORO_BLANCO
INVERSIONES SQYA SPA,0.038900000000000004,8970058461,232821585116,2025-12-01,ORO_BLANCO
BTG PACTUAL CHILE S A C DE B,0.0374,8618008498,232821585116,2025-12-01,ORO_BLANCO
LARRAIN VIAL S A CORREDORA DE BOLSA,0.0215,4950123394,232821585116,2025-12-01,ORO_BLANCO
BANCHILE CORREDORES DE BOLSA S A,0.017,3916416000,232821585116,2025-12-01,ORO_BLANCO
CREDICORP CAPITAL CORREDORES DE BOLSA SPA,0.012,2753666855,232821585116,2025-12-01,ORO_BLANCO
NEVASA S.A CORREDORES DE BOLSA,0.0115,2658978824,232821585116,2025-12-01,ORO_BLANCO
FONDO MUTUO BTG PACTUAL CHILE ACCION,0.0053,1230426910,232821585116,2025-12-01,ORO_BLANCO
BOLSA DE COMERCIO DE SANTIAGO BOLSA DE VALORES,0.0053,1225498208,232821585116,2025-12-01,ORO_BLANCO
BCI C DE B S A,0.0043,1001132816,232821585116,2025-12-01,ORO_BLANCO
CONSORCIO C DE B S A,0.0039000000000000003,892388357,232821585116,2025-12-01,ORO_BLANCO
PIONERO FONDO DE INVERSION,0.0031,721401527,232821585116,2025-12-01,ORO_BLANCO
