Holding,pct_holding,eqy_shares,eqy_shares_total,Date,ID
ALMENDRAL S A,0.5486,165674102,302688333,2016-03-01,ENTEL
BANCO DE CHILE POR CUENTA DE TERCEROS NO RESIDENTES,0.0696,21020483,302688333,2016-03-01,ENTEL
BANCO DE CHILE POR CUENTA DE STATE STREET,0.0611,18459143,302688333,2016-03-01,ENTEL
BANCO DE CHILE POR CUENTA DE CITI NA NEW YORK CLIE,0.0347,10465597,302688333,2016-03-01,ENTEL
BANCO SANTANDER POR CUENTA DE INV EXTRANJEROS,0.023,6942731,302688333,2016-03-01,ENTEL
BANCHILE CORREDORES DE BOLSA S A,0.0222,6700940,302688333,2016-03-01,ENTEL
AFP HABITAT S A PARA FDO PENSION C,0.0177,5340643,302688333,2016-03-01,ENTEL
LARRAIN VIAL S A CORREDORA DE BOLSA,0.0167,5050094,302688333,2016-03-01,ENTEL
BANCO SANTANDER CHILE,0.016200000000000003,4903551,302688333,2016-03-01,ENTEL
BOLSA DE COMERCIO DE SANTIAGO BOLSA DE VALORES,0.015700000000000002,4747761,302688333,2016-03-01,ENTEL
BANCO DE CHILE POR CUENTA DE MERRILL L.,0.0108,3260292,302688333,2016-03-01,ENTEL
BTG PACTUAL CHILE S A C DE B,0.0101,3055907,302688333,2016-03-01,ENTEL
ALMENDRAL S A,0.5486,165674102,302688333,2016-06-01,ENTEL
BANCO DE CHILE POR CUENTA DE TERCEROS NO RESIDENTES,0.0696,21020483,302688333,2016-06-01,ENTEL
BANCO DE CHILE POR CUENTA DE STATE STREET,0.0611,18459143,302688333,2016-06-01,ENTEL
BANCO DE CHILE POR CUENTA DE CITI NA NEW YORK CLIE,0.0347,10465597,302688333,2016-06-01,ENTEL
BANCO SANTANDER POR CUENTA DE INV EXTRANJEROS,0.023,6942731,302688333,2016-06-01,ENTEL
BANCHILE CORREDORES DE BOLSA S A,0.0222,6700940,302688333,2016-06-01,ENTEL
AFP HABITAT S A PARA FDO PENSION C,0.0177,5340643,302688333,2016-06-01,ENTEL
LARRAIN VIAL S A CORREDORA DE BOLSA,0.0167,5050094,302688333,2016-06-01,ENTEL
BANCO SANTANDER CHILE,0.016200000000000003,4903551,302688333,2016-06-01,ENTEL
BOLSA DE COMERCIO DE SANTIAGO BOLSA DE VALORES,0.015700000000000002,4747761,302688333,2016-06-01,ENTEL
BANCO DE CHILE POR CUENTA DE MERRILL L.,0.0108,3260292,302688333,2016-06-01,ENTEL
BTG PACTUAL CHILE S A C DE B,0.0101,3055907,302688333,2016-06-01,ENTEL
ALMENDRAL S A,0.5486,165674102,302688333,2016-09-01,ENTEL
BANCO DE CHILE POR CUENTA DE TERCEROS NO RESIDENTES,0.0696,21020483,302688333,2016-09-01,ENTEL
BANCO DE CHILE POR CUENTA DE STATE STREET,0.0611,18459143,302688333,2016-09-01,ENTEL
BANCO DE CHILE POR CUENTA DE CITI NA NEW YORK CLIE,0.0347,10465597,302688333,2016-09-01,ENTEL
BANCO SANTANDER POR CUENTA DE INV EXTRANJEROS,0.023,6942731,302688333,2016-09-01,ENTEL
BANCHILE CORREDORES DE BOLSA S A,0.0222,6700940,302688333,2016-09-01,ENTEL
AFP HABITAT S A PARA FDO PENSION C,0.0177,5340643,302688333,2016-09-01,ENTEL
LARRAIN VIAL S A CORREDORA DE BOLSA,0.0167,5050094,302688333,2016-09-01,ENTEL
BANCO SANTANDER CHILE,0.016200000000000003,4903551,302688333,2016-09-01,ENTEL
BOLSA DE COMERCIO DE SANTIAGO BOLSA DE VALORES,0.015700000000000002,4747761,302688333,2016-09-01,ENTEL
BANCO DE CHILE POR CUENTA DE MERRILL L.,0.0108,3260292,302688333,2016-09-01,ENTEL
BTG PACTUAL CHILE S A C DE B,0.0101,3055907,302688333,2016-09-01,ENTEL
ALMENDRAL S A,0.5486,165674102,302688333,2016-12-01,ENTEL
BANCO DE CHILE POR CUENTA DE TERCEROS NO RESIDENTES,0.0696,21020483,302688333,2016-12-01,ENTEL
BANCO DE CHILE POR CUENTA DE STATE STREET,0.0611,18459143,302688333,2016-12-01,ENTEL
BANCO DE CHILE POR CUENTA DE CITI NA NEW YORK CLIE,0.0347,10465597,302688333,2016-12-01,ENTEL
BANCO SANTANDER POR CUENTA DE INV EXTRANJEROS,0.023,6942731,302688333,2016-12-01,ENTEL
BANCHILE CORREDORES DE BOLSA S A,0.0222,6700940,302688333,2016-12-01,ENTEL
AFP HABITAT S A PARA FDO PENSION C,0.0177,5340643,302688333,2016-12-01,ENTEL
LARRAIN VIAL S A CORREDORA DE BOLSA,0.0167,5050094,302688333,2016-12-01,ENTEL
BANCO SANTANDER CHILE,0.016200000000000003,4903551,302688333,2016-12-01,ENTEL
BOLSA DE COMERCIO DE SANTIAGO BOLSA DE VALORES,0.015700000000000002,4747761,302688333,2016-12-01,ENTEL
BANCO DE CHILE POR CUENTA DE MERRILL L.,0.0108,3260292,302688333,2016-12-01,ENTEL
BTG PACTUAL CHILE S A C DE B,0.0101,3055907,302688333,2016-12-01,ENTEL
ALMENDRAL S A,0.5486,165674102,302688333,2017-03-01,ENTEL
BANCO DE CHILE POR CUENTA DE TERCEROS NO RESIDENTES,0.0696,21020483,302688333,2017-03-01,ENTEL
BANCO DE CHILE POR CUENTA DE STATE STREET,0.0611,18459143,302688333,2017-03-01,ENTEL
BANCO DE CHILE POR CUENTA DE CITI NA NEW YORK CLIE,0.0347,10465597,302688333,2017-03-01,ENTEL
BANCO SANTANDER POR CUENTA DE INV EXTRANJEROS,0.023,6942731,302688333,2017-03-01,ENTEL
BANCHILE CORREDORES DE BOLSA S A,0.0222,6700940,302688333,2017-03-01,ENTEL
AFP HABITAT S A PARA FDO PENSION C,0.0177,5340643,302688333,2017-03-01,ENTEL
LARRAIN VIAL S A CORREDORA DE BOLSA,0.0167,5050094,302688333,2017-03-01,ENTEL
BANCO SANTANDER CHILE,0.016200000000000003,4903551,302688333,2017-03-01,ENTEL
BOLSA DE COMERCIO DE SANTIAGO BOLSA DE VALORES,0.015700000000000002,4747761,302688333,2017-03-01,ENTEL
BANCO DE CHILE POR CUENTA DE MERRILL L.,0.0108,3260292,302688333,2017-03-01,ENTEL
BTG PACTUAL CHILE S A C DE B,0.0101,3055907,302688333,2017-03-01,ENTEL
ALMENDRAL S A,0.5486,165674102,302688333,2017-06-01,ENTEL
BANCO DE CHILE POR CUENTA DE TERCEROS NO RESIDENTES,0.0696,21020483,302688333,2017-06-01,ENTEL
BANCO DE CHILE POR CUENTA DE STATE STREET,0.0611,18459143,302688333,2017-06-01,ENTEL
BANCO DE CHILE POR CUENTA DE CITI NA NEW YORK CLIE,0.0347,10465597,302688333,2017-06-01,ENTEL
BANCO SANTANDER POR CUENTA DE INV EXTRANJEROS,0.023,6942731,302688333,2017-06-01,ENTEL
BANCHILE CORREDORES DE BOLSA S A,0.0222,6700940,302688333,2017-06-01,ENTEL
AFP HABITAT S A PARA FDO PENSION C,0.0177,5340643,302688333,2017-06-01,ENTEL
LARRAIN VIAL S A CORREDORA DE BOLSA,0.0167,5050094,302688333,2017-06-01,ENTEL
BANCO SANTANDER CHILE,0.016200000000000003,4903551,302688333,2017-06-01,ENTEL
BOLSA DE COMERCIO DE SANTIAGO BOLSA DE VALORES,0.015700000000000002,4747761,302688333,2017-06-01,ENTEL
BANCO DE CHILE POR CUENTA DE MERRILL L.,0.0108,3260292,302688333,2017-06-01,ENTEL
BTG PACTUAL CHILE S A C DE B,0.0101,3055907,302688333,2017-06-01,ENTEL
ALMENDRAL S A,0.5486,165674102,302688333,2017-09-01,ENTEL
BANCO DE CHILE POR CUENTA DE TERCEROS NO RESIDENTES,0.0696,21020483,302688333,2017-09-01,ENTEL
BANCO DE CHILE POR CUENTA DE STATE STREET,0.0611,18459143,302688333,2017-09-01,ENTEL
BANCO DE CHILE POR CUENTA DE CITI NA NEW YORK CLIE,0.0347,10465597,302688333,2017-09-01,ENTEL
BANCO SANTANDER POR CUENTA DE INV EXTRANJEROS,0.023,6942731,302688333,2017-09-01,ENTEL
BANCHILE CORREDORES DE BOLSA S A,0.0222,6700940,302688333,2017-09-01,ENTEL
AFP HABITAT S A PARA FDO PENSION C,0.0177,5340643,302688333,2017-09-01,ENTEL
LARRAIN VIAL S A CORREDORA DE BOLSA,0.0167,5050094,302688333,2017-09-01,ENTEL
BANCO SANTANDER CHILE,0.016200000000000003,4903551,302688333,2017-09-01,ENTEL
BOLSA DE COMERCIO DE SANTIAGO BOLSA DE VALORES,0.015700000000000002,4747761,302688333,2017-09-01,ENTEL
BANCO DE CHILE POR CUENTA DE MERRILL L.,0.0108,3260292,302688333,2017-09-01,ENTEL
BTG PACTUAL CHILE S A C DE B,0.0101,3055907,302688333,2017-09-01,ENTEL
ALMENDRAL S A,0.5486,165674102,302688333,2017-12-01,ENTEL
BANCO DE CHILE POR CUENTA DE TERCEROS NO RESIDENTES,0.0696,21020483,302688333,2017-12-01,ENTEL
BANCO DE CHILE POR CUENTA DE STATE STREET,0.0611,18459143,302688333,2017-12-01,ENTEL
BANCO DE CHILE POR CUENTA DE CITI NA NEW YORK CLIE,0.0347,10465597,302688333,2017-12-01,ENTEL
BANCO SANTANDER POR CUENTA DE INV EXTRANJEROS,0.023,6942731,302688333,2017-12-01,ENTEL
BANCHILE CORREDORES DE BOLSA S A,0.0222,6700940,302688333,2017-12-01,ENTEL
AFP HABITAT S A PARA FDO PENSION C,0.0177,5340643,302688333,2017-12-01,ENTEL
LARRAIN VIAL S A CORREDORA DE BOLSA,0.0167,5050094,302688333,2017-12-01,ENTEL
BANCO SANTANDER CHILE,0.016200000000000003,4903551,302688333,2017-12-01,ENTEL
BOLSA DE COMERCIO DE SANTIAGO BOLSA DE VALORES,0.015700000000000002,4747761,302688333,2017-12-01,ENTEL
BANCO DE CHILE POR CUENTA DE MERRILL L.,0.0108,3260292,302688333,2017-12-01,ENTEL
BTG PACTUAL CHILE S A C DE B,0.0101,3055907,302688333,2017-12-01,ENTEL
ALMENDRAL S A,0.5486,165674102,302688333,2018-03-01,ENTEL
BANCO DE CHILE POR CUENTA DE TERCEROS NO RESIDENTES,0.0696,21020483,302688333,2018-03-01,ENTEL
BANCO DE CHILE POR CUENTA DE STATE STREET,0.0611,18459143,302688333,2018-03-01,ENTEL
BANCO DE CHILE POR CUENTA DE CITI NA NEW YORK CLIE,0.0347,10465597,302688333,2018-03-01,ENTEL
BANCO SANTANDER POR CUENTA DE INV EXTRANJEROS,0.023,6942731,302688333,2018-03-01,ENTEL
BANCHILE CORREDORES DE BOLSA S A,0.0222,6700940,302688333,2018-03-01,ENTEL
AFP HABITAT S A PARA FDO PENSION C,0.0177,5340643,302688333,2018-03-01,ENTEL
LARRAIN VIAL S A CORREDORA DE BOLSA,0.0167,5050094,302688333,2018-03-01,ENTEL
BANCO SANTANDER CHILE,0.016200000000000003,4903551,302688333,2018-03-01,ENTEL
BOLSA DE COMERCIO DE SANTIAGO BOLSA DE VALORES,0.015700000000000002,4747761,302688333,2018-03-01,ENTEL
BANCO DE CHILE POR CUENTA DE MERRILL L.,0.0108,3260292,302688333,2018-03-01,ENTEL
BTG PACTUAL CHILE S A C DE B,0.0101,3055907,302688333,2018-03-01,ENTEL
ALMENDRAL S A,0.5486,165674102,302688333,2018-06-01,ENTEL
BANCO DE CHILE POR CUENTA DE TERCEROS NO RESIDENTES,0.0696,21020483,302688333,2018-06-01,ENTEL
BANCO DE CHILE POR CUENTA DE STATE STREET,0.0611,18459143,302688333,2018-06-01,ENTEL
BANCO DE CHILE POR CUENTA DE CITI NA NEW YORK CLIE,0.0347,10465597,302688333,2018-06-01,ENTEL
BANCO SANTANDER POR CUENTA DE INV EXTRANJEROS,0.023,6942731,302688333,2018-06-01,ENTEL
BANCHILE CORREDORES DE BOLSA S A,0.0222,6700940,302688333,2018-06-01,ENTEL
AFP HABITAT S A PARA FDO PENSION C,0.0177,5340643,302688333,2018-06-01,ENTEL
LARRAIN VIAL S A CORREDORA DE BOLSA,0.0167,5050094,302688333,2018-06-01,ENTEL
BANCO SANTANDER CHILE,0.016200000000000003,4903551,302688333,2018-06-01,ENTEL
BOLSA DE COMERCIO DE SANTIAGO BOLSA DE VALORES,0.015700000000000002,4747761,302688333,2018-06-01,ENTEL
BANCO DE CHILE POR CUENTA DE MERRILL L.,0.0108,3260292,302688333,2018-06-01,ENTEL
BTG PACTUAL CHILE S A C DE B,0.0101,3055907,302688333,2018-06-01,ENTEL
ALMENDRAL S A,0.5486,165674102,302688333,2018-09-01,ENTEL
BANCO DE CHILE POR CUENTA DE TERCEROS NO RESIDENTES,0.0696,21020483,302688333,2018-09-01,ENTEL
BANCO DE CHILE POR CUENTA DE STATE STREET,0.0611,18459143,302688333,2018-09-01,ENTEL
BANCO DE CHILE POR CUENTA DE CITI NA NEW YORK CLIE,0.0347,10465597,302688333,2018-09-01,ENTEL
BANCO SANTANDER POR CUENTA DE INV EXTRANJEROS,0.023,6942731,302688333,2018-09-01,ENTEL
BANCHILE CORREDORES DE BOLSA S A,0.0222,6700940,302688333,2018-09-01,ENTEL
AFP HABITAT S A PARA FDO PENSION C,0.0177,5340643,302688333,2018-09-01,ENTEL
LARRAIN VIAL S A CORREDORA DE BOLSA,0.0167,5050094,302688333,2018-09-01,ENTEL
BANCO SANTANDER CHILE,0.016200000000000003,4903551,302688333,2018-09-01,ENTEL
BOLSA DE COMERCIO DE SANTIAGO BOLSA DE VALORES,0.015700000000000002,4747761,302688333,2018-09-01,ENTEL
BANCO DE CHILE POR CUENTA DE MERRILL L.,0.0108,3260292,302688333,2018-09-01,ENTEL
BTG PACTUAL CHILE S A C DE B,0.0101,3055907,302688333,2018-09-01,ENTEL
ALMENDRAL S A,0.5486,165674102,302688333,2018-12-01,ENTEL
BANCO DE CHILE POR CUENTA DE TERCEROS NO RESIDENTES,0.0696,21020483,302688333,2018-12-01,ENTEL
BANCO DE CHILE POR CUENTA DE STATE STREET,0.0611,18459143,302688333,2018-12-01,ENTEL
BANCO DE CHILE POR CUENTA DE CITI NA NEW YORK CLIE,0.0347,10465597,302688333,2018-12-01,ENTEL
BANCO SANTANDER POR CUENTA DE INV EXTRANJEROS,0.023,6942731,302688333,2018-12-01,ENTEL
BANCHILE CORREDORES DE BOLSA S A,0.0222,6700940,302688333,2018-12-01,ENTEL
AFP HABITAT S A PARA FDO PENSION C,0.0177,5340643,302688333,2018-12-01,ENTEL
LARRAIN VIAL S A CORREDORA DE BOLSA,0.0167,5050094,302688333,2018-12-01,ENTEL
BANCO SANTANDER CHILE,0.016200000000000003,4903551,302688333,2018-12-01,ENTEL
BOLSA DE COMERCIO DE SANTIAGO BOLSA DE VALORES,0.015700000000000002,4747761,302688333,2018-12-01,ENTEL
BANCO DE CHILE POR CUENTA DE MERRILL L.,0.0108,3260292,302688333,2018-12-01,ENTEL
BTG PACTUAL CHILE S A C DE B,0.0101,3055907,302688333,2018-12-01,ENTEL
ALMENDRAL S A,0.5486,165674102,302688333,2019-03-01,ENTEL
BANCO DE CHILE POR CUENTA DE TERCEROS NO RESIDENTES,0.0696,21020483,302688333,2019-03-01,ENTEL
BANCO DE CHILE POR CUENTA DE STATE STREET,0.0611,18459143,302688333,2019-03-01,ENTEL
BANCO DE CHILE POR CUENTA DE CITI NA NEW YORK CLIE,0.0347,10465597,302688333,2019-03-01,ENTEL
BANCO SANTANDER POR CUENTA DE INV EXTRANJEROS,0.023,6942731,302688333,2019-03-01,ENTEL
BANCHILE CORREDORES DE BOLSA S A,0.0222,6700940,302688333,2019-03-01,ENTEL
AFP HABITAT S A PARA FDO PENSION C,0.0177,5340643,302688333,2019-03-01,ENTEL
LARRAIN VIAL S A CORREDORA DE BOLSA,0.0167,5050094,302688333,2019-03-01,ENTEL
BANCO SANTANDER CHILE,0.016200000000000003,4903551,302688333,2019-03-01,ENTEL
BOLSA DE COMERCIO DE SANTIAGO BOLSA DE VALORES,0.015700000000000002,4747761,302688333,2019-03-01,ENTEL
BANCO DE CHILE POR CUENTA DE MERRILL L.,0.0108,3260292,302688333,2019-03-01,ENTEL
BTG PACTUAL CHILE S A C DE B,0.0101,3055907,302688333,2019-03-01,ENTEL
ALMENDRAL S A,0.5486,165674102,302688333,2019-06-01,ENTEL
BANCO DE CHILE POR CUENTA DE TERCEROS NO RESIDENTES,0.0696,21020483,302688333,2019-06-01,ENTEL
BANCO DE CHILE POR CUENTA DE STATE STREET,0.0611,18459143,302688333,2019-06-01,ENTEL
BANCO DE CHILE POR CUENTA DE CITI NA NEW YORK CLIE,0.0347,10465597,302688333,2019-06-01,ENTEL
BANCO SANTANDER POR CUENTA DE INV EXTRANJEROS,0.023,6942731,302688333,2019-06-01,ENTEL
BANCHILE CORREDORES DE BOLSA S A,0.0222,6700940,302688333,2019-06-01,ENTEL
AFP HABITAT S A PARA FDO PENSION C,0.0177,5340643,302688333,2019-06-01,ENTEL
LARRAIN VIAL S A CORREDORA DE BOLSA,0.0167,5050094,302688333,2019-06-01,ENTEL
BANCO SANTANDER CHILE,0.016200000000000003,4903551,302688333,2019-06-01,ENTEL
BOLSA DE COMERCIO DE SANTIAGO BOLSA DE VALORES,0.015700000000000002,4747761,302688333,2019-06-01,ENTEL
BANCO DE CHILE POR CUENTA DE MERRILL L.,0.0108,3260292,302688333,2019-06-01,ENTEL
BTG PACTUAL CHILE S A C DE B,0.0101,3055907,302688333,2019-06-01,ENTEL
ALMENDRAL S A,0.5486,165674102,302688333,2019-09-01,ENTEL
BANCO DE CHILE POR CUENTA DE TERCEROS NO RESIDENTES,0.0696,21020483,302688333,2019-09-01,ENTEL
BANCO DE CHILE POR CUENTA DE STATE STREET,0.0611,18459143,302688333,2019-09-01,ENTEL
BANCO DE CHILE POR CUENTA DE CITI NA NEW YORK CLIE,0.0347,10465597,302688333,2019-09-01,ENTEL
BANCO SANTANDER POR CUENTA DE INV EXTRANJEROS,0.023,6942731,302688333,2019-09-01,ENTEL
BANCHILE CORREDORES DE BOLSA S A,0.0222,6700940,302688333,2019-09-01,ENTEL
AFP HABITAT S A PARA FDO PENSION C,0.0177,5340643,302688333,2019-09-01,ENTEL
LARRAIN VIAL S A CORREDORA DE BOLSA,0.0167,5050094,302688333,2019-09-01,ENTEL
BANCO SANTANDER CHILE,0.016200000000000003,4903551,302688333,2019-09-01,ENTEL
BOLSA DE COMERCIO DE SANTIAGO BOLSA DE VALORES,0.015700000000000002,4747761,302688333,2019-09-01,ENTEL
BANCO DE CHILE POR CUENTA DE MERRILL L.,0.0108,3260292,302688333,2019-09-01,ENTEL
BTG PACTUAL CHILE S A C DE B,0.0101,3055907,302688333,2019-09-01,ENTEL
ALMENDRAL S A,0.5486,165674102,302688333,2019-12-01,ENTEL
BANCO DE CHILE POR CUENTA DE TERCEROS NO RESIDENTES,0.0696,21020483,302688333,2019-12-01,ENTEL
BANCO DE CHILE POR CUENTA DE STATE STREET,0.0611,18459143,302688333,2019-12-01,ENTEL
BANCO DE CHILE POR CUENTA DE CITI NA NEW YORK CLIE,0.0347,10465597,302688333,2019-12-01,ENTEL
BANCO SANTANDER POR CUENTA DE INV EXTRANJEROS,0.023,6942731,302688333,2019-12-01,ENTEL
BANCHILE CORREDORES DE BOLSA S A,0.0222,6700940,302688333,2019-12-01,ENTEL
AFP HABITAT S A PARA FDO PENSION C,0.0177,5340643,302688333,2019-12-01,ENTEL
LARRAIN VIAL S A CORREDORA DE BOLSA,0.0167,5050094,302688333,2019-12-01,ENTEL
BANCO SANTANDER CHILE,0.016200000000000003,4903551,302688333,2019-12-01,ENTEL
BOLSA DE COMERCIO DE SANTIAGO BOLSA DE VALORES,0.015700000000000002,4747761,302688333,2019-12-01,ENTEL
BANCO DE CHILE POR CUENTA DE MERRILL L.,0.0108,3260292,302688333,2019-12-01,ENTEL
BTG PACTUAL CHILE S A C DE B,0.0101,3055907,302688333,2019-12-01,ENTEL
ALMENDRAL S A,0.5486,165674102,302688333,2020-03-01,ENTEL
BANCO DE CHILE POR CUENTA DE TERCEROS NO RESIDENTES,0.0696,21020483,302688333,2020-03-01,ENTEL
BANCO DE CHILE POR CUENTA DE STATE STREET,0.0611,18459143,302688333,2020-03-01,ENTEL
BANCO DE CHILE POR CUENTA DE CITI NA NEW YORK CLIE,0.0347,10465597,302688333,2020-03-01,ENTEL
BANCO SANTANDER POR CUENTA DE INV EXTRANJEROS,0.023,6942731,302688333,2020-03-01,ENTEL
BANCHILE CORREDORES DE BOLSA S A,0.0222,6700940,302688333,2020-03-01,ENTEL
AFP HABITAT S A PARA FDO PENSION C,0.0177,5340643,302688333,2020-03-01,ENTEL
LARRAIN VIAL S A CORREDORA DE BOLSA,0.0167,5050094,302688333,2020-03-01,ENTEL
BANCO SANTANDER CHILE,0.016200000000000003,4903551,302688333,2020-03-01,ENTEL
BOLSA DE COMERCIO DE SANTIAGO BOLSA DE VALORES,0.015700000000000002,4747761,302688333,2020-03-01,ENTEL
BANCO DE CHILE POR CUENTA DE MERRILL L.,0.0108,3260292,302688333,2020-03-01,ENTEL
BTG PACTUAL CHILE S A C DE B,0.0101,3055907,302688333,2020-03-01,ENTEL
ALMENDRAL S A,0.5486,165674102,302688333,2020-06-01,ENTEL
BANCO DE CHILE POR CUENTA DE TERCEROS NO RESIDENTES,0.0696,21020483,302688333,2020-06-01,ENTEL
BANCO DE CHILE POR CUENTA DE STATE STREET,0.0611,18459143,302688333,2020-06-01,ENTEL
BANCO DE CHILE POR CUENTA DE CITI NA NEW YORK CLIE,0.0347,10465597,302688333,2020-06-01,ENTEL
BANCO SANTANDER POR CUENTA DE INV EXTRANJEROS,0.023,6942731,302688333,2020-06-01,ENTEL
BANCHILE CORREDORES DE BOLSA S A,0.0222,6700940,302688333,2020-06-01,ENTEL
AFP HABITAT S A PARA FDO PENSION C,0.0177,5340643,302688333,2020-06-01,ENTEL
LARRAIN VIAL S A CORREDORA DE BOLSA,0.0167,5050094,302688333,2020-06-01,ENTEL
BANCO SANTANDER CHILE,0.016200000000000003,4903551,302688333,2020-06-01,ENTEL
BOLSA DE COMERCIO DE SANTIAGO BOLSA DE VALORES,0.015700000000000002,4747761,302688333,2020-06-01,ENTEL
BANCO DE CHILE POR CUENTA DE MERRILL L.,0.0108,3260292,302688333,2020-06-01,ENTEL
BTG PACTUAL CHILE S A C DE B,0.0101,3055907,302688333,2020-06-01,ENTEL
ALMENDRAL S A,0.5486,165674102,302688333,2020-09-01,ENTEL
BANCO DE CHILE POR CUENTA DE TERCEROS NO RESIDENTES,0.0696,21020483,302688333,2020-09-01,ENTEL
BANCO DE CHILE POR CUENTA DE STATE STREET,0.0611,18459143,302688333,2020-09-01,ENTEL
BANCO DE CHILE POR CUENTA DE CITI NA NEW YORK CLIE,0.0347,10465597,302688333,2020-09-01,ENTEL
BANCO SANTANDER POR CUENTA DE INV EXTRANJEROS,0.023,6942731,302688333,2020-09-01,ENTEL
BANCHILE CORREDORES DE BOLSA S A,0.0222,6700940,302688333,2020-09-01,ENTEL
AFP HABITAT S A PARA FDO PENSION C,0.0177,5340643,302688333,2020-09-01,ENTEL
LARRAIN VIAL S A CORREDORA DE BOLSA,0.0167,5050094,302688333,2020-09-01,ENTEL
BANCO SANTANDER CHILE,0.016200000000000003,4903551,302688333,2020-09-01,ENTEL
BOLSA DE COMERCIO DE SANTIAGO BOLSA DE VALORES,0.015700000000000002,4747761,302688333,2020-09-01,ENTEL
BANCO DE CHILE POR CUENTA DE MERRILL L.,0.0108,3260292,302688333,2020-09-01,ENTEL
BTG PACTUAL CHILE S A C DE B,0.0101,3055907,302688333,2020-09-01,ENTEL
ALMENDRAL S A,0.5486,165674102,302688333,2020-12-01,ENTEL
BANCO DE CHILE POR CUENTA DE TERCEROS NO RESIDENTES,0.0696,21020483,302688333,2020-12-01,ENTEL
BANCO DE CHILE POR CUENTA DE STATE STREET,0.0611,18459143,302688333,2020-12-01,ENTEL
BANCO DE CHILE POR CUENTA DE CITI NA NEW YORK CLIE,0.0347,10465597,302688333,2020-12-01,ENTEL
BANCO SANTANDER POR CUENTA DE INV EXTRANJEROS,0.023,6942731,302688333,2020-12-01,ENTEL
BANCHILE CORREDORES DE BOLSA S A,0.0222,6700940,302688333,2020-12-01,ENTEL
AFP HABITAT S A PARA FDO PENSION C,0.0177,5340643,302688333,2020-12-01,ENTEL
LARRAIN VIAL S A CORREDORA DE BOLSA,0.0167,5050094,302688333,2020-12-01,ENTEL
BANCO SANTANDER CHILE,0.016200000000000003,4903551,302688333,2020-12-01,ENTEL
BOLSA DE COMERCIO DE SANTIAGO BOLSA DE VALORES,0.015700000000000002,4747761,302688333,2020-12-01,ENTEL
BANCO DE CHILE POR CUENTA DE MERRILL L.,0.0108,3260292,302688333,2020-12-01,ENTEL
BTG PACTUAL CHILE S A C DE B,0.0101,3055907,302688333,2020-12-01,ENTEL
ALMENDRAL S A,0.5486,165674102,302688333,2021-03-01,ENTEL
BANCO DE CHILE POR CUENTA DE TERCEROS NO RESIDENTES,0.0696,21020483,302688333,2021-03-01,ENTEL
BANCO DE CHILE POR CUENTA DE STATE STREET,0.0611,18459143,302688333,2021-03-01,ENTEL
BANCO DE CHILE POR CUENTA DE CITI NA NEW YORK CLIE,0.0347,10465597,302688333,2021-03-01,ENTEL
BANCO SANTANDER POR CUENTA DE INV EXTRANJEROS,0.023,6942731,302688333,2021-03-01,ENTEL
BANCHILE CORREDORES DE BOLSA S A,0.0222,6700940,302688333,2021-03-01,ENTEL
AFP HABITAT S A PARA FDO PENSION C,0.0177,5340643,302688333,2021-03-01,ENTEL
LARRAIN VIAL S A CORREDORA DE BOLSA,0.0167,5050094,302688333,2021-03-01,ENTEL
BANCO SANTANDER CHILE,0.016200000000000003,4903551,302688333,2021-03-01,ENTEL
BOLSA DE COMERCIO DE SANTIAGO BOLSA DE VALORES,0.015700000000000002,4747761,302688333,2021-03-01,ENTEL
BANCO DE CHILE POR CUENTA DE MERRILL L.,0.0108,3260292,302688333,2021-03-01,ENTEL
BTG PACTUAL CHILE S A C DE B,0.0101,3055907,302688333,2021-03-01,ENTEL
ALMENDRAL S A,0.5486,165674102,302688333,2021-06-01,ENTEL
BANCO DE CHILE POR CUENTA DE TERCEROS NO RESIDENTES,0.0696,21020483,302688333,2021-06-01,ENTEL
BANCO DE CHILE POR CUENTA DE STATE STREET,0.0611,18459143,302688333,2021-06-01,ENTEL
BANCO DE CHILE POR CUENTA DE CITI NA NEW YORK CLIE,0.0347,10465597,302688333,2021-06-01,ENTEL
BANCO SANTANDER POR CUENTA DE INV EXTRANJEROS,0.023,6942731,302688333,2021-06-01,ENTEL
BANCHILE CORREDORES DE BOLSA S A,0.0222,6700940,302688333,2021-06-01,ENTEL
AFP HABITAT S A PARA FDO PENSION C,0.0177,5340643,302688333,2021-06-01,ENTEL
LARRAIN VIAL S A CORREDORA DE BOLSA,0.0167,5050094,302688333,2021-06-01,ENTEL
BANCO SANTANDER CHILE,0.016200000000000003,4903551,302688333,2021-06-01,ENTEL
BOLSA DE COMERCIO DE SANTIAGO BOLSA DE VALORES,0.015700000000000002,4747761,302688333,2021-06-01,ENTEL
BANCO DE CHILE POR CUENTA DE MERRILL L.,0.0108,3260292,302688333,2021-06-01,ENTEL
BTG PACTUAL CHILE S A C DE B,0.0101,3055907,302688333,2021-06-01,ENTEL
ALMENDRAL S A,0.5486,165674102,302688333,2021-09-01,ENTEL
BANCO DE CHILE POR CUENTA DE TERCEROS NO RESIDENTES,0.0696,21020483,302688333,2021-09-01,ENTEL
BANCO DE CHILE POR CUENTA DE STATE STREET,0.0611,18459143,302688333,2021-09-01,ENTEL
BANCO DE CHILE POR CUENTA DE CITI NA NEW YORK CLIE,0.0347,10465597,302688333,2021-09-01,ENTEL
BANCO SANTANDER POR CUENTA DE INV EXTRANJEROS,0.023,6942731,302688333,2021-09-01,ENTEL
BANCHILE CORREDORES DE BOLSA S A,0.0222,6700940,302688333,2021-09-01,ENTEL
AFP HABITAT S A PARA FDO PENSION C,0.0177,5340643,302688333,2021-09-01,ENTEL
LARRAIN VIAL S A CORREDORA DE BOLSA,0.0167,5050094,302688333,2021-09-01,ENTEL
BANCO SANTANDER CHILE,0.016200000000000003,4903551,302688333,2021-09-01,ENTEL
BOLSA DE COMERCIO DE SANTIAGO BOLSA DE VALORES,0.015700000000000002,4747761,302688333,2021-09-01,ENTEL
BANCO DE CHILE POR CUENTA DE MERRILL L.,0.0108,3260292,302688333,2021-09-01,ENTEL
BTG PACTUAL CHILE S A C DE B,0.0101,3055907,302688333,2021-09-01,ENTEL
ALMENDRAL S A,0.5486,165674102,302688333,2021-12-01,ENTEL
BANCO DE CHILE POR CUENTA DE TERCEROS NO RESIDENTES,0.0696,21020483,302688333,2021-12-01,ENTEL
BANCO DE CHILE POR CUENTA DE STATE STREET,0.0611,18459143,302688333,2021-12-01,ENTEL
BANCO DE CHILE POR CUENTA DE CITI NA NEW YORK CLIE,0.0347,10465597,302688333,2021-12-01,ENTEL
BANCO SANTANDER POR CUENTA DE INV EXTRANJEROS,0.023,6942731,302688333,2021-12-01,ENTEL
BANCHILE CORREDORES DE BOLSA S A,0.0222,6700940,302688333,2021-12-01,ENTEL
AFP HABITAT S A PARA FDO PENSION C,0.0177,5340643,302688333,2021-12-01,ENTEL
LARRAIN VIAL S A CORREDORA DE BOLSA,0.0167,5050094,302688333,2021-12-01,ENTEL
BANCO SANTANDER CHILE,0.016200000000000003,4903551,302688333,2021-12-01,ENTEL
BOLSA DE COMERCIO DE SANTIAGO BOLSA DE VALORES,0.015700000000000002,4747761,302688333,2021-12-01,ENTEL
BANCO DE CHILE POR CUENTA DE MERRILL L.,0.0108,3260292,302688333,2021-12-01,ENTEL
BTG PACTUAL CHILE S A C DE B,0.0101,3055907,302688333,2021-12-01,ENTEL
ALMENDRAL S A,0.5486,165674102,302688333,2022-03-01,ENTEL
BANCO DE CHILE POR CUENTA DE TERCEROS NO RESIDENTES,0.0696,21020483,302688333,2022-03-01,ENTEL
BANCO DE CHILE POR CUENTA DE STATE STREET,0.0611,18459143,302688333,2022-03-01,ENTEL
BANCO DE CHILE POR CUENTA DE CITI NA NEW YORK CLIE,0.0347,10465597,302688333,2022-03-01,ENTEL
BANCO SANTANDER POR CUENTA DE INV EXTRANJEROS,0.023,6942731,302688333,2022-03-01,ENTEL
BANCHILE CORREDORES DE BOLSA S A,0.0222,6700940,302688333,2022-03-01,ENTEL
AFP HABITAT S A PARA FDO PENSION C,0.0177,5340643,302688333,2022-03-01,ENTEL
LARRAIN VIAL S A CORREDORA DE BOLSA,0.0167,5050094,302688333,2022-03-01,ENTEL
BANCO SANTANDER CHILE,0.016200000000000003,4903551,302688333,2022-03-01,ENTEL
BOLSA DE COMERCIO DE SANTIAGO BOLSA DE VALORES,0.015700000000000002,4747761,302688333,2022-03-01,ENTEL
BANCO DE CHILE POR CUENTA DE MERRILL L.,0.0108,3260292,302688333,2022-03-01,ENTEL
BTG PACTUAL CHILE S A C DE B,0.0101,3055907,302688333,2022-03-01,ENTEL
ALMENDRAL S A,0.5486,165674102,302688333,2022-06-01,ENTEL
BANCO DE CHILE POR CUENTA DE TERCEROS NO RESIDENTES,0.0696,21020483,302688333,2022-06-01,ENTEL
BANCO DE CHILE POR CUENTA DE STATE STREET,0.0611,18459143,302688333,2022-06-01,ENTEL
BANCO DE CHILE POR CUENTA DE CITI NA NEW YORK CLIE,0.0347,10465597,302688333,2022-06-01,ENTEL
BANCO SANTANDER POR CUENTA DE INV EXTRANJEROS,0.023,6942731,302688333,2022-06-01,ENTEL
BANCHILE CORREDORES DE BOLSA S A,0.0222,6700940,302688333,2022-06-01,ENTEL
AFP HABITAT S A PARA FDO PENSION C,0.0177,5340643,302688333,2022-06-01,ENTEL
LARRAIN VIAL S A CORREDORA DE BOLSA,0.0167,5050094,302688333,2022-06-01,ENTEL
BANCO SANTANDER CHILE,0.016200000000000003,4903551,302688333,2022-06-01,ENTEL
BOLSA DE COMERCIO DE SANTIAGO BOLSA DE VALORES,0.015700000000000002,4747761,302688333,2022-06-01,ENTEL
BANCO DE CHILE POR CUENTA DE MERRILL L.,0.0108,3260292,302688333,2022-06-01,ENTEL
BTG PACTUAL CHILE S A C DE B,0.0101,3055907,302688333,2022-06-01,ENTEL
ALMENDRAL S A,0.5486,165674102,302688333,2022-09-01,ENTEL
BANCO DE CHILE POR CUENTA DE TERCEROS NO RESIDENTES,0.0696,21020483,302688333,2022-09-01,ENTEL
BANCO DE CHILE POR CUENTA DE STATE STREET,0.0611,18459143,302688333,2022-09-01,ENTEL
BANCO DE CHILE POR CUENTA DE CITI NA NEW YORK CLIE,0.0347,10465597,302688333,2022-09-01,ENTEL
BANCO SANTANDER POR CUENTA DE INV EXTRANJEROS,0.023,6942731,302688333,2022-09-01,ENTEL
BANCHILE CORREDORES DE BOLSA S A,0.0222,6700940,302688333,2022-09-01,ENTEL
AFP HABITAT S A PARA FDO PENSION C,0.0177,5340643,302688333,2022-09-01,ENTEL
LARRAIN VIAL S A CORREDORA DE BOLSA,0.0167,5050094,302688333,2022-09-01,ENTEL
BANCO SANTANDER CHILE,0.016200000000000003,4903551,302688333,2022-09-01,ENTEL
BOLSA DE COMERCIO DE SANTIAGO BOLSA DE VALORES,0.015700000000000002,4747761,302688333,2022-09-01,ENTEL
BANCO DE CHILE POR CUENTA DE MERRILL L.,0.0108,3260292,302688333,2022-09-01,ENTEL
BTG PACTUAL CHILE S A C DE B,0.0101,3055907,302688333,2022-09-01,ENTEL
ALMENDRAL S A,0.5486,165674102,302688333,2022-12-01,ENTEL
BANCO DE CHILE POR CUENTA DE TERCEROS NO RESIDENTES,0.0696,21020483,302688333,2022-12-01,ENTEL
BANCO DE CHILE POR CUENTA DE STATE STREET,0.0611,18459143,302688333,2022-12-01,ENTEL
BANCO DE CHILE POR CUENTA DE CITI NA NEW YORK CLIE,0.0347,10465597,302688333,2022-12-01,ENTEL
BANCO SANTANDER POR CUENTA DE INV EXTRANJEROS,0.023,6942731,302688333,2022-12-01,ENTEL
BANCHILE CORREDORES DE BOLSA S A,0.0222,6700940,302688333,2022-12-01,ENTEL
AFP HABITAT S A PARA FDO PENSION C,0.0177,5340643,302688333,2022-12-01,ENTEL
LARRAIN VIAL S A CORREDORA DE BOLSA,0.0167,5050094,302688333,2022-12-01,ENTEL
BANCO SANTANDER CHILE,0.016200000000000003,4903551,302688333,2022-12-01,ENTEL
BOLSA DE COMERCIO DE SANTIAGO BOLSA DE VALORES,0.015700000000000002,4747761,302688333,2022-12-01,ENTEL
BANCO DE CHILE POR CUENTA DE MERRILL L.,0.0108,3260292,302688333,2022-12-01,ENTEL
BTG PACTUAL CHILE S A C DE B,0.0101,3055907,302688333,2022-12-01,ENTEL
ALMENDRAL S A,0.5486,165674102,302688333,2023-03-01,ENTEL
BANCO DE CHILE POR CUENTA DE TERCEROS NO RESIDENTES,0.0696,21020483,302688333,2023-03-01,ENTEL
BANCO DE CHILE POR CUENTA DE STATE STREET,0.0611,18459143,302688333,2023-03-01,ENTEL
BANCO DE CHILE POR CUENTA DE CITI NA NEW YORK CLIE,0.0347,10465597,302688333,2023-03-01,ENTEL
BANCO SANTANDER POR CUENTA DE INV EXTRANJEROS,0.023,6942731,302688333,2023-03-01,ENTEL
BANCHILE CORREDORES DE BOLSA S A,0.0222,6700940,302688333,2023-03-01,ENTEL
AFP HABITAT S A PARA FDO PENSION C,0.0177,5340643,302688333,2023-03-01,ENTEL
LARRAIN VIAL S A CORREDORA DE BOLSA,0.0167,5050094,302688333,2023-03-01,ENTEL
BANCO SANTANDER CHILE,0.016200000000000003,4903551,302688333,2023-03-01,ENTEL
BOLSA DE COMERCIO DE SANTIAGO BOLSA DE VALORES,0.015700000000000002,4747761,302688333,2023-03-01,ENTEL
BANCO DE CHILE POR CUENTA DE MERRILL L.,0.0108,3260292,302688333,2023-03-01,ENTEL
BTG PACTUAL CHILE S A C DE B,0.0101,3055907,302688333,2023-03-01,ENTEL
ALMENDRAL S A,0.5486,165674102,302688333,2023-06-01,ENTEL
BANCO DE CHILE POR CUENTA DE TERCEROS NO RESIDENTES,0.0696,21020483,302688333,2023-06-01,ENTEL
BANCO DE CHILE POR CUENTA DE STATE STREET,0.0611,18459143,302688333,2023-06-01,ENTEL
BANCO DE CHILE POR CUENTA DE CITI NA NEW YORK CLIE,0.0347,10465597,302688333,2023-06-01,ENTEL
BANCO SANTANDER POR CUENTA DE INV EXTRANJEROS,0.023,6942731,302688333,2023-06-01,ENTEL
BANCHILE CORREDORES DE BOLSA S A,0.0222,6700940,302688333,2023-06-01,ENTEL
AFP HABITAT S A PARA FDO PENSION C,0.0177,5340643,302688333,2023-06-01,ENTEL
LARRAIN VIAL S A CORREDORA DE BOLSA,0.0167,5050094,302688333,2023-06-01,ENTEL
BANCO SANTANDER CHILE,0.016200000000000003,4903551,302688333,2023-06-01,ENTEL
BOLSA DE COMERCIO DE SANTIAGO BOLSA DE VALORES,0.015700000000000002,4747761,302688333,2023-06-01,ENTEL
BANCO DE CHILE POR CUENTA DE MERRILL L.,0.0108,3260292,302688333,2023-06-01,ENTEL
BTG PACTUAL CHILE S A C DE B,0.0101,3055907,302688333,2023-06-01,ENTEL
ALMENDRAL S A,0.5486,165674102,302688333,2023-09-01,ENTEL
BANCO DE CHILE POR CUENTA DE TERCEROS NO RESIDENTES,0.0696,21020483,302688333,2023-09-01,ENTEL
BANCO DE CHILE POR CUENTA DE STATE STREET,0.0611,18459143,302688333,2023-09-01,ENTEL
BANCO DE CHILE POR CUENTA DE CITI NA NEW YORK CLIE,0.0347,10465597,302688333,2023-09-01,ENTEL
BANCO SANTANDER POR CUENTA DE INV EXTRANJEROS,0.023,6942731,302688333,2023-09-01,ENTEL
BANCHILE CORREDORES DE BOLSA S A,0.0222,6700940,302688333,2023-09-01,ENTEL
AFP HABITAT S A PARA FDO PENSION C,0.0177,5340643,302688333,2023-09-01,ENTEL
LARRAIN VIAL S A CORREDORA DE BOLSA,0.0167,5050094,302688333,2023-09-01,ENTEL
BANCO SANTANDER CHILE,0.016200000000000003,4903551,302688333,2023-09-01,ENTEL
BOLSA DE COMERCIO DE SANTIAGO BOLSA DE VALORES,0.015700000000000002,4747761,302688333,2023-09-01,ENTEL
BANCO DE CHILE POR CUENTA DE MERRILL L.,0.0108,3260292,302688333,2023-09-01,ENTEL
BTG PACTUAL CHILE S A C DE B,0.0101,3055907,302688333,2023-09-01,ENTEL
ALMENDRAL S A,0.5486,165674102,302688333,2023-12-01,ENTEL
BANCO DE CHILE POR CUENTA DE TERCEROS NO RESIDENTES,0.0696,21020483,302688333,2023-12-01,ENTEL
BANCO DE CHILE POR CUENTA DE STATE STREET,0.0611,18459143,302688333,2023-12-01,ENTEL
BANCO DE CHILE POR CUENTA DE CITI NA NEW YORK CLIE,0.0347,10465597,302688333,2023-12-01,ENTEL
BANCO SANTANDER POR CUENTA DE INV EXTRANJEROS,0.023,6942731,302688333,2023-12-01,ENTEL
BANCHILE CORREDORES DE BOLSA S A,0.0222,6700940,302688333,2023-12-01,ENTEL
AFP HABITAT S A PARA FDO PENSION C,0.0177,5340643,302688333,2023-12-01,ENTEL
LARRAIN VIAL S A CORREDORA DE BOLSA,0.0167,5050094,302688333,2023-12-01,ENTEL
BANCO SANTANDER CHILE,0.016200000000000003,4903551,302688333,2023-12-01,ENTEL
BOLSA DE COMERCIO DE SANTIAGO BOLSA DE VALORES,0.015700000000000002,4747761,302688333,2023-12-01,ENTEL
BANCO DE CHILE POR CUENTA DE MERRILL L.,0.0108,3260292,302688333,2023-12-01,ENTEL
BTG PACTUAL CHILE S A C DE B,0.0101,3055907,302688333,2023-12-01,ENTEL
ALMENDRAL S A,0.5486,165674102,302688333,2024-03-01,ENTEL
BANCO DE CHILE POR CUENTA DE TERCEROS NO RESIDENTES,0.0696,21020483,302688333,2024-03-01,ENTEL
BANCO DE CHILE POR CUENTA DE STATE STREET,0.0611,18459143,302688333,2024-03-01,ENTEL
BANCO DE CHILE POR CUENTA DE CITI NA NEW YORK CLIE,0.0347,10465597,302688333,2024-03-01,ENTEL
BANCO SANTANDER POR CUENTA DE INV EXTRANJEROS,0.023,6942731,302688333,2024-03-01,ENTEL
BANCHILE CORREDORES DE BOLSA S A,0.0222,6700940,302688333,2024-03-01,ENTEL
AFP HABITAT S A PARA FDO PENSION C,0.0177,5340643,302688333,2024-03-01,ENTEL
LARRAIN VIAL S A CORREDORA DE BOLSA,0.0167,5050094,302688333,2024-03-01,ENTEL
BANCO SANTANDER CHILE,0.016200000000000003,4903551,302688333,2024-03-01,ENTEL
BOLSA DE COMERCIO DE SANTIAGO BOLSA DE VALORES,0.015700000000000002,4747761,302688333,2024-03-01,ENTEL
BANCO DE CHILE POR CUENTA DE MERRILL L.,0.0108,3260292,302688333,2024-03-01,ENTEL
BTG PACTUAL CHILE S A C DE B,0.0101,3055907,302688333,2024-03-01,ENTEL
ALMENDRAL S A,0.5486,165674102,302688333,2024-06-01,ENTEL
BANCO DE CHILE POR CUENTA DE TERCEROS NO RESIDENTES,0.0696,21020483,302688333,2024-06-01,ENTEL
BANCO DE CHILE POR CUENTA DE STATE STREET,0.0611,18459143,302688333,2024-06-01,ENTEL
BANCO DE CHILE POR CUENTA DE CITI NA NEW YORK CLIE,0.0347,10465597,302688333,2024-06-01,ENTEL
BANCO SANTANDER POR CUENTA DE INV EXTRANJEROS,0.023,6942731,302688333,2024-06-01,ENTEL
BANCHILE CORREDORES DE BOLSA S A,0.0222,6700940,302688333,2024-06-01,ENTEL
AFP HABITAT S A PARA FDO PENSION C,0.0177,5340643,302688333,2024-06-01,ENTEL
LARRAIN VIAL S A CORREDORA DE BOLSA,0.0167,5050094,302688333,2024-06-01,ENTEL
BANCO SANTANDER CHILE,0.016200000000000003,4903551,302688333,2024-06-01,ENTEL
BOLSA DE COMERCIO DE SANTIAGO BOLSA DE VALORES,0.015700000000000002,4747761,302688333,2024-06-01,ENTEL
BANCO DE CHILE POR CUENTA DE MERRILL L.,0.0108,3260292,302688333,2024-06-01,ENTEL
BTG PACTUAL CHILE S A C DE B,0.0101,3055907,302688333,2024-06-01,ENTEL
ALMENDRAL S A,0.5486,165674102,302688333,2024-09-01,ENTEL
BANCO DE CHILE POR CUENTA DE TERCEROS NO RESIDENTES,0.0696,21020483,302688333,2024-09-01,ENTEL
BANCO DE CHILE POR CUENTA DE STATE STREET,0.0611,18459143,302688333,2024-09-01,ENTEL
BANCO DE CHILE POR CUENTA DE CITI NA NEW YORK CLIE,0.0347,10465597,302688333,2024-09-01,ENTEL
BANCO SANTANDER POR CUENTA DE INV EXTRANJEROS,0.023,6942731,302688333,2024-09-01,ENTEL
BANCHILE CORREDORES DE BOLSA S A,0.0222,6700940,302688333,2024-09-01,ENTEL
AFP HABITAT S A PARA FDO PENSION C,0.0177,5340643,302688333,2024-09-01,ENTEL
LARRAIN VIAL S A CORREDORA DE BOLSA,0.0167,5050094,302688333,2024-09-01,ENTEL
BANCO SANTANDER CHILE,0.016200000000000003,4903551,302688333,2024-09-01,ENTEL
BOLSA DE COMERCIO DE SANTIAGO BOLSA DE VALORES,0.015700000000000002,4747761,302688333,2024-09-01,ENTEL
BANCO DE CHILE POR CUENTA DE MERRILL L.,0.0108,3260292,302688333,2024-09-01,ENTEL
BTG PACTUAL CHILE S A C DE B,0.0101,3055907,302688333,2024-09-01,ENTEL
ALMENDRAL S A,0.5486,165674102,302688333,2024-12-01,ENTEL
BANCO DE CHILE POR CUENTA DE TERCEROS NO RESIDENTES,0.0696,21020483,302688333,2024-12-01,ENTEL
BANCO DE CHILE POR CUENTA DE STATE STREET,0.0611,18459143,302688333,2024-12-01,ENTEL
BANCO DE CHILE POR CUENTA DE CITI NA NEW YORK CLIE,0.0347,10465597,302688333,2024-12-01,ENTEL
BANCO SANTANDER POR CUENTA DE INV EXTRANJEROS,0.023,6942731,302688333,2024-12-01,ENTEL
BANCHILE CORREDORES DE BOLSA S A,0.0222,6700940,302688333,2024-12-01,ENTEL
AFP HABITAT S A PARA FDO PENSION C,0.0177,5340643,302688333,2024-12-01,ENTEL
LARRAIN VIAL S A CORREDORA DE BOLSA,0.0167,5050094,302688333,2024-12-01,ENTEL
BANCO SANTANDER CHILE,0.016200000000000003,4903551,302688333,2024-12-01,ENTEL
BOLSA DE COMERCIO DE SANTIAGO BOLSA DE VALORES,0.015700000000000002,4747761,302688333,2024-12-01,ENTEL
BANCO DE CHILE POR CUENTA DE MERRILL L.,0.0108,3260292,302688333,2024-12-01,ENTEL
BTG PACTUAL CHILE S A C DE B,0.0101,3055907,302688333,2024-12-01,ENTEL
ALMENDRAL S A,0.5486,165674102,302688333,2025-03-01,ENTEL
BANCO DE CHILE POR CUENTA DE TERCEROS NO RESIDENTES,0.0696,21020483,302688333,2025-03-01,ENTEL
BANCO DE CHILE POR CUENTA DE STATE STREET,0.0611,18459143,302688333,2025-03-01,ENTEL
BANCO DE CHILE POR CUENTA DE CITI NA NEW YORK CLIE,0.0347,10465597,302688333,2025-03-01,ENTEL
BANCO SANTANDER POR CUENTA DE INV EXTRANJEROS,0.023,6942731,302688333,2025-03-01,ENTEL
BANCHILE CORREDORES DE BOLSA S A,0.0222,6700940,302688333,2025-03-01,ENTEL
AFP HABITAT S A PARA FDO PENSION C,0.0177,5340643,302688333,2025-03-01,ENTEL
LARRAIN VIAL S A CORREDORA DE BOLSA,0.0167,5050094,302688333,2025-03-01,ENTEL
BANCO SANTANDER CHILE,0.016200000000000003,4903551,302688333,2025-03-01,ENTEL
BOLSA DE COMERCIO DE SANTIAGO BOLSA DE VALORES,0.015700000000000002,4747761,302688333,2025-03-01,ENTEL
BANCO DE CHILE POR CUENTA DE MERRILL L.,0.0108,3260292,302688333,2025-03-01,ENTEL
BTG PACTUAL CHILE S A C DE B,0.0101,3055907,302688333,2025-03-01,ENTEL
ALMENDRAL S A,0.5486,165674102,302688333,2025-06-01,ENTEL
BANCO DE CHILE POR CUENTA DE TERCEROS NO RESIDENTES,0.0696,21020483,302688333,2025-06-01,ENTEL
BANCO DE CHILE POR CUENTA DE STATE STREET,0.0611,18459143,302688333,2025-06-01,ENTEL
BANCO DE CHILE POR CUENTA DE CITI NA NEW YORK CLIE,0.0347,10465597,302688333,2025-06-01,ENTEL
BANCO SANTANDER POR CUENTA DE INV EXTRANJEROS,0.023,6942731,302688333,2025-06-01,ENTEL
BANCHILE CORREDORES DE BOLSA S A,0.0222,6700940,302688333,2025-06-01,ENTEL
AFP HABITAT S A PARA FDO PENSION C,0.0177,5340643,302688333,2025-06-01,ENTEL
LARRAIN VIAL S A CORREDORA DE BOLSA,0.0167,5050094,302688333,2025-06-01,ENTEL
BANCO SANTANDER CHILE,0.016200000000000003,4903551,302688333,2025-06-01,ENTEL
BOLSA DE COMERCIO DE SANTIAGO BOLSA DE VALORES,0.015700000000000002,4747761,302688333,2025-06-01,ENTEL
BANCO DE CHILE POR CUENTA DE MERRILL L.,0.0108,3260292,302688333,2025-06-01,ENTEL
BTG PACTUAL CHILE S A C DE B,0.0101,3055907,302688333,2025-06-01,ENTEL
ALMENDRAL S A,0.5486,165674102,302688333,2025-09-01,ENTEL
BANCO DE CHILE POR CUENTA DE TERCEROS NO RESIDENTES,0.0696,21020483,302688333,2025-09-01,ENTEL
BANCO DE CHILE POR CUENTA DE STATE STREET,0.0611,18459143,302688333,2025-09-01,ENTEL
BANCO DE CHILE POR CUENTA DE CITI NA NEW YORK CLIE,0.0347,10465597,302688333,2025-09-01,ENTEL
BANCO SANTANDER POR CUENTA DE INV EXTRANJEROS,0.023,6942731,302688333,2025-09-01,ENTEL
BANCHILE CORREDORES DE BOLSA S A,0.0222,6700940,302688333,2025-09-01,ENTEL
AFP HABITAT S A PARA FDO PENSION C,0.0177,5340643,302688333,2025-09-01,ENTEL
LARRAIN VIAL S A CORREDORA DE BOLSA,0.0167,5050094,302688333,2025-09-01,ENTEL
BANCO SANTANDER CHILE,0.016200000000000003,4903551,302688333,2025-09-01,ENTEL
BOLSA DE COMERCIO DE SANTIAGO BOLSA DE VALORES,0.015700000000000002,4747761,302688333,2025-09-01,ENTEL
BANCO DE CHILE POR CUENTA DE MERRILL L.,0.0108,3260292,302688333,2025-09-01,ENTEL
BTG PACTUAL CHILE S A C DE B,0.0101,3055907,302688333,2025-09-01,ENTEL
ALMENDRAL S A,0.5486,165674102,302688333,2025-12-01,ENTEL
BANCO DE CHILE POR CUENTA DE TERCEROS NO RESIDENTES,0.0696,21020483,302688333,2025-12-01,ENTEL
BANCO DE CHILE POR CUENTA DE STATE STREET,0.0611,18459143,302688333,2025-12-01,ENTEL
BANCO DE CHILE POR CUENTA DE CITI NA NEW YORK CLIE,0.0347,10465597,302688333,2025-12-01,ENTEL
BANCO SANTANDER POR CUENTA DE INV EXTRANJEROS,0.023,6942731,302688333,2025-12-01,ENTEL
BANCHILE CORREDORES DE BOLSA S A,0.0222,6700940,302688333,2025-12-01,ENTEL
AFP HABITAT S A PARA FDO PENSION C,0.0177,5340643,302688333,2025-12-01,ENTEL
LARRAIN VIAL S A CORREDORA DE BOLSA,0.0167,5050094,302688333,2025-12-01,ENTEL
BANCO SANTANDER CHILE,0.016200000000000003,4903551,302688333,2025-12-01,ENTEL
BOLSA DE COMERCIO DE SANTIAGO BOLSA DE VALORES,0.015700000000000002,4747761,302688333,2025-12-01,ENTEL
BANCO DE CHILE POR CUENTA DE MERRILL L.,0.0108,3260292,302688333,2025-12-01,ENTEL
BTG PACTUAL CHILE S A C DE B,0.0101,3055907,302688333,2025-12-01,ENTEL
INV AGUAS METROPOLITANAS S A,0.501,3065744510,6140335714,2016-03-01,AGUAS-A
BANCO DE CHILE POR CUENTA DE TERCEROS NO RESIDENTES,0.0782,478748067,6140335714,2016-03-01,AGUAS-A
CORPORACION DE FOMENTO DE LA PRODUCCION,0.05,305948258,6140335714,2016-03-01,AGUAS-A
BANCO SANTANDER POR CUENTA DE INV EXTRANJEROS,0.0353,216135889,6140335714,2016-03-01,AGUAS-A
BANCO DE CHILE POR CUENTA DE STATE STREET,0.0262,160586103,6140335714,2016-03-01,AGUAS-A
AFP HABITAT S A PARA FDO PENSION C,0.0207,126653795,6140335714,2016-03-01,AGUAS-A
BANCO SANTANDER CHILE,0.0206,125922182,6140335714,2016-03-01,AGUAS-A
BANCHILE CORREDORES DE BOLSA S A,0.015600000000000001,95750893,6140335714,2016-03-01,AGUAS-A
BOLSA DE COMERCIO DE SANTIAGO BOLSA DE VALORES,0.012,73459495,6140335714,2016-03-01,AGUAS-A
ASOCIACION DE CANALISTAS SOC DEL CANAL DE MAIPO,0.0115,70426696,6140335714,2016-03-01,AGUAS-A
AFP PROVIDA S.A. PARA FDO. PENSION C,0.0098,60175290,6140335714,2016-03-01,AGUAS-A
LARRAIN VIAL S A CORREDORA DE BOLSA,0.0092,56430897,6140335714,2016-03-01,AGUAS-A
INV AGUAS METROPOLITANAS S A,0.501,3065744510,6140335714,2016-06-01,AGUAS-A
BANCO DE CHILE POR CUENTA DE TERCEROS NO RESIDENTES,0.0782,478748067,6140335714,2016-06-01,AGUAS-A
CORPORACION DE FOMENTO DE LA PRODUCCION,0.05,305948258,6140335714,2016-06-01,AGUAS-A
BANCO SANTANDER POR CUENTA DE INV EXTRANJEROS,0.0353,216135889,6140335714,2016-06-01,AGUAS-A
BANCO DE CHILE POR CUENTA DE STATE STREET,0.0262,160586103,6140335714,2016-06-01,AGUAS-A
AFP HABITAT S A PARA FDO PENSION C,0.0207,126653795,6140335714,2016-06-01,AGUAS-A
BANCO SANTANDER CHILE,0.0206,125922182,6140335714,2016-06-01,AGUAS-A
BANCHILE CORREDORES DE BOLSA S A,0.015600000000000001,95750893,6140335714,2016-06-01,AGUAS-A
BOLSA DE COMERCIO DE SANTIAGO BOLSA DE VALORES,0.012,73459495,6140335714,2016-06-01,AGUAS-A
ASOCIACION DE CANALISTAS SOC DEL CANAL DE MAIPO,0.0115,70426696,6140335714,2016-06-01,AGUAS-A
AFP PROVIDA S.A. PARA FDO. PENSION C,0.0098,60175290,6140335714,2016-06-01,AGUAS-A
LARRAIN VIAL S A CORREDORA DE BOLSA,0.0092,56430897,6140335714,2016-06-01,AGUAS-A
INV AGUAS METROPOLITANAS S A,0.501,3065744510,6140335714,2016-09-01,AGUAS-A
BANCO DE CHILE POR CUENTA DE TERCEROS NO RESIDENTES,0.0782,478748067,6140335714,2016-09-01,AGUAS-A
CORPORACION DE FOMENTO DE LA PRODUCCION,0.05,305948258,6140335714,2016-09-01,AGUAS-A
BANCO SANTANDER POR CUENTA DE INV EXTRANJEROS,0.0353,216135889,6140335714,2016-09-01,AGUAS-A
BANCO DE CHILE POR CUENTA DE STATE STREET,0.0262,160586103,6140335714,2016-09-01,AGUAS-A
AFP HABITAT S A PARA FDO PENSION C,0.0207,126653795,6140335714,2016-09-01,AGUAS-A
BANCO SANTANDER CHILE,0.0206,125922182,6140335714,2016-09-01,AGUAS-A
BANCHILE CORREDORES DE BOLSA S A,0.015600000000000001,95750893,6140335714,2016-09-01,AGUAS-A
BOLSA DE COMERCIO DE SANTIAGO BOLSA DE VALORES,0.012,73459495,6140335714,2016-09-01,AGUAS-A
ASOCIACION DE CANALISTAS SOC DEL CANAL DE MAIPO,0.0115,70426696,6140335714,2016-09-01,AGUAS-A
AFP PROVIDA S.A. PARA FDO. PENSION C,0.0098,60175290,6140335714,2016-09-01,AGUAS-A
LARRAIN VIAL S A CORREDORA DE BOLSA,0.0092,56430897,6140335714,2016-09-01,AGUAS-A
INV AGUAS METROPOLITANAS S A,0.501,3065744510,6140335714,2016-12-01,AGUAS-A
BANCO DE CHILE POR CUENTA DE TERCEROS NO RESIDENTES,0.0782,478748067,6140335714,2016-12-01,AGUAS-A
CORPORACION DE FOMENTO DE LA PRODUCCION,0.05,305948258,6140335714,2016-12-01,AGUAS-A
BANCO SANTANDER POR CUENTA DE INV EXTRANJEROS,0.0353,216135889,6140335714,2016-12-01,AGUAS-A
BANCO DE CHILE POR CUENTA DE STATE STREET,0.0262,160586103,6140335714,2016-12-01,AGUAS-A
AFP HABITAT S A PARA FDO PENSION C,0.0207,126653795,6140335714,2016-12-01,AGUAS-A
BANCO SANTANDER CHILE,0.0206,125922182,6140335714,2016-12-01,AGUAS-A
BANCHILE CORREDORES DE BOLSA S A,0.015600000000000001,95750893,6140335714,2016-12-01,AGUAS-A
BOLSA DE COMERCIO DE SANTIAGO BOLSA DE VALORES,0.012,73459495,6140335714,2016-12-01,AGUAS-A
ASOCIACION DE CANALISTAS SOC DEL CANAL DE MAIPO,0.0115,70426696,6140335714,2016-12-01,AGUAS-A
AFP PROVIDA S.A. PARA FDO. PENSION C,0.0098,60175290,6140335714,2016-12-01,AGUAS-A
LARRAIN VIAL S A CORREDORA DE BOLSA,0.0092,56430897,6140335714,2016-12-01,AGUAS-A
INV AGUAS METROPOLITANAS S A,0.501,3065744510,6140335714,2017-03-01,AGUAS-A
BANCO DE CHILE POR CUENTA DE TERCEROS NO RESIDENTES,0.0782,478748067,6140335714,2017-03-01,AGUAS-A
CORPORACION DE FOMENTO DE LA PRODUCCION,0.05,305948258,6140335714,2017-03-01,AGUAS-A
BANCO SANTANDER POR CUENTA DE INV EXTRANJEROS,0.0353,216135889,6140335714,2017-03-01,AGUAS-A
BANCO DE CHILE POR CUENTA DE STATE STREET,0.0262,160586103,6140335714,2017-03-01,AGUAS-A
AFP HABITAT S A PARA FDO PENSION C,0.0207,126653795,6140335714,2017-03-01,AGUAS-A
BANCO SANTANDER CHILE,0.0206,125922182,6140335714,2017-03-01,AGUAS-A
BANCHILE CORREDORES DE BOLSA S A,0.015600000000000001,95750893,6140335714,2017-03-01,AGUAS-A
BOLSA DE COMERCIO DE SANTIAGO BOLSA DE VALORES,0.012,73459495,6140335714,2017-03-01,AGUAS-A
ASOCIACION DE CANALISTAS SOC DEL CANAL DE MAIPO,0.0115,70426696,6140335714,2017-03-01,AGUAS-A
AFP PROVIDA S.A. PARA FDO. PENSION C,0.0098,60175290,6140335714,2017-03-01,AGUAS-A
LARRAIN VIAL S A CORREDORA DE BOLSA,0.0092,56430897,6140335714,2017-03-01,AGUAS-A
INV AGUAS METROPOLITANAS S A,0.501,3065744510,6140335714,2017-06-01,AGUAS-A
BANCO DE CHILE POR CUENTA DE TERCEROS NO RESIDENTES,0.0782,478748067,6140335714,2017-06-01,AGUAS-A
CORPORACION DE FOMENTO DE LA PRODUCCION,0.05,305948258,6140335714,2017-06-01,AGUAS-A
BANCO SANTANDER POR CUENTA DE INV EXTRANJEROS,0.0353,216135889,6140335714,2017-06-01,AGUAS-A
BANCO DE CHILE POR CUENTA DE STATE STREET,0.0262,160586103,6140335714,2017-06-01,AGUAS-A
AFP HABITAT S A PARA FDO PENSION C,0.0207,126653795,6140335714,2017-06-01,AGUAS-A
BANCO SANTANDER CHILE,0.0206,125922182,6140335714,2017-06-01,AGUAS-A
BANCHILE CORREDORES DE BOLSA S A,0.015600000000000001,95750893,6140335714,2017-06-01,AGUAS-A
BOLSA DE COMERCIO DE SANTIAGO BOLSA DE VALORES,0.012,73459495,6140335714,2017-06-01,AGUAS-A
ASOCIACION DE CANALISTAS SOC DEL CANAL DE MAIPO,0.0115,70426696,6140335714,2017-06-01,AGUAS-A
AFP PROVIDA S.A. PARA FDO. PENSION C,0.0098,60175290,6140335714,2017-06-01,AGUAS-A
LARRAIN VIAL S A CORREDORA DE BOLSA,0.0092,56430897,6140335714,2017-06-01,AGUAS-A
INV AGUAS METROPOLITANAS S A,0.501,3065744510,6140335714,2017-09-01,AGUAS-A
BANCO DE CHILE POR CUENTA DE TERCEROS NO RESIDENTES,0.0782,478748067,6140335714,2017-09-01,AGUAS-A
CORPORACION DE FOMENTO DE LA PRODUCCION,0.05,305948258,6140335714,2017-09-01,AGUAS-A
BANCO SANTANDER POR CUENTA DE INV EXTRANJEROS,0.0353,216135889,6140335714,2017-09-01,AGUAS-A
BANCO DE CHILE POR CUENTA DE STATE STREET,0.0262,160586103,6140335714,2017-09-01,AGUAS-A
AFP HABITAT S A PARA FDO PENSION C,0.0207,126653795,6140335714,2017-09-01,AGUAS-A
BANCO SANTANDER CHILE,0.0206,125922182,6140335714,2017-09-01,AGUAS-A
BANCHILE CORREDORES DE BOLSA S A,0.015600000000000001,95750893,6140335714,2017-09-01,AGUAS-A
BOLSA DE COMERCIO DE SANTIAGO BOLSA DE VALORES,0.012,73459495,6140335714,2017-09-01,AGUAS-A
ASOCIACION DE CANALISTAS SOC DEL CANAL DE MAIPO,0.0115,70426696,6140335714,2017-09-01,AGUAS-A
AFP PROVIDA S.A. PARA FDO. PENSION C,0.0098,60175290,6140335714,2017-09-01,AGUAS-A
LARRAIN VIAL S A CORREDORA DE BOLSA,0.0092,56430897,6140335714,2017-09-01,AGUAS-A
INV AGUAS METROPOLITANAS S A,0.501,3065744510,6140335714,2017-12-01,AGUAS-A
BANCO DE CHILE POR CUENTA DE TERCEROS NO RESIDENTES,0.0782,478748067,6140335714,2017-12-01,AGUAS-A
CORPORACION DE FOMENTO DE LA PRODUCCION,0.05,305948258,6140335714,2017-12-01,AGUAS-A
BANCO SANTANDER POR CUENTA DE INV EXTRANJEROS,0.0353,216135889,6140335714,2017-12-01,AGUAS-A
BANCO DE CHILE POR CUENTA DE STATE STREET,0.0262,160586103,6140335714,2017-12-01,AGUAS-A
AFP HABITAT S A PARA FDO PENSION C,0.0207,126653795,6140335714,2017-12-01,AGUAS-A
BANCO SANTANDER CHILE,0.0206,125922182,6140335714,2017-12-01,AGUAS-A
BANCHILE CORREDORES DE BOLSA S A,0.015600000000000001,95750893,6140335714,2017-12-01,AGUAS-A
BOLSA DE COMERCIO DE SANTIAGO BOLSA DE VALORES,0.012,73459495,6140335714,2017-12-01,AGUAS-A
ASOCIACION DE CANALISTAS SOC DEL CANAL DE MAIPO,0.0115,70426696,6140335714,2017-12-01,AGUAS-A
AFP PROVIDA S.A. PARA FDO. PENSION C,0.0098,60175290,6140335714,2017-12-01,AGUAS-A
LARRAIN VIAL S A CORREDORA DE BOLSA,0.0092,56430897,6140335714,2017-12-01,AGUAS-A
INV AGUAS METROPOLITANAS S A,0.501,3065744510,6140335714,2018-03-01,AGUAS-A
BANCO DE CHILE POR CUENTA DE TERCEROS NO RESIDENTES,0.0782,478748067,6140335714,2018-03-01,AGUAS-A
CORPORACION DE FOMENTO DE LA PRODUCCION,0.05,305948258,6140335714,2018-03-01,AGUAS-A
BANCO SANTANDER POR CUENTA DE INV EXTRANJEROS,0.0353,216135889,6140335714,2018-03-01,AGUAS-A
BANCO DE CHILE POR CUENTA DE STATE STREET,0.0262,160586103,6140335714,2018-03-01,AGUAS-A
AFP HABITAT S A PARA FDO PENSION C,0.0207,126653795,6140335714,2018-03-01,AGUAS-A
BANCO SANTANDER CHILE,0.0206,125922182,6140335714,2018-03-01,AGUAS-A
BANCHILE CORREDORES DE BOLSA S A,0.015600000000000001,95750893,6140335714,2018-03-01,AGUAS-A
BOLSA DE COMERCIO DE SANTIAGO BOLSA DE VALORES,0.012,73459495,6140335714,2018-03-01,AGUAS-A
ASOCIACION DE CANALISTAS SOC DEL CANAL DE MAIPO,0.0115,70426696,6140335714,2018-03-01,AGUAS-A
AFP PROVIDA S.A. PARA FDO. PENSION C,0.0098,60175290,6140335714,2018-03-01,AGUAS-A
LARRAIN VIAL S A CORREDORA DE BOLSA,0.0092,56430897,6140335714,2018-03-01,AGUAS-A
INV AGUAS METROPOLITANAS S A,0.501,3065744510,6140335714,2018-06-01,AGUAS-A
BANCO DE CHILE POR CUENTA DE TERCEROS NO RESIDENTES,0.0782,478748067,6140335714,2018-06-01,AGUAS-A
CORPORACION DE FOMENTO DE LA PRODUCCION,0.05,305948258,6140335714,2018-06-01,AGUAS-A
BANCO SANTANDER POR CUENTA DE INV EXTRANJEROS,0.0353,216135889,6140335714,2018-06-01,AGUAS-A
BANCO DE CHILE POR CUENTA DE STATE STREET,0.0262,160586103,6140335714,2018-06-01,AGUAS-A
AFP HABITAT S A PARA FDO PENSION C,0.0207,126653795,6140335714,2018-06-01,AGUAS-A
BANCO SANTANDER CHILE,0.0206,125922182,6140335714,2018-06-01,AGUAS-A
BANCHILE CORREDORES DE BOLSA S A,0.015600000000000001,95750893,6140335714,2018-06-01,AGUAS-A
BOLSA DE COMERCIO DE SANTIAGO BOLSA DE VALORES,0.012,73459495,6140335714,2018-06-01,AGUAS-A
ASOCIACION DE CANALISTAS SOC DEL CANAL DE MAIPO,0.0115,70426696,6140335714,2018-06-01,AGUAS-A
AFP PROVIDA S.A. PARA FDO. PENSION C,0.0098,60175290,6140335714,2018-06-01,AGUAS-A
LARRAIN VIAL S A CORREDORA DE BOLSA,0.0092,56430897,6140335714,2018-06-01,AGUAS-A
INV AGUAS METROPOLITANAS S A,0.501,3065744510,6140335714,2018-09-01,AGUAS-A
BANCO DE CHILE POR CUENTA DE TERCEROS NO RESIDENTES,0.0782,478748067,6140335714,2018-09-01,AGUAS-A
CORPORACION DE FOMENTO DE LA PRODUCCION,0.05,305948258,6140335714,2018-09-01,AGUAS-A
BANCO SANTANDER POR CUENTA DE INV EXTRANJEROS,0.0353,216135889,6140335714,2018-09-01,AGUAS-A
BANCO DE CHILE POR CUENTA DE STATE STREET,0.0262,160586103,6140335714,2018-09-01,AGUAS-A
AFP HABITAT S A PARA FDO PENSION C,0.0207,126653795,6140335714,2018-09-01,AGUAS-A
BANCO SANTANDER CHILE,0.0206,125922182,6140335714,2018-09-01,AGUAS-A
BANCHILE CORREDORES DE BOLSA S A,0.015600000000000001,95750893,6140335714,2018-09-01,AGUAS-A
BOLSA DE COMERCIO DE SANTIAGO BOLSA DE VALORES,0.012,73459495,6140335714,2018-09-01,AGUAS-A
ASOCIACION DE CANALISTAS SOC DEL CANAL DE MAIPO,0.0115,70426696,6140335714,2018-09-01,AGUAS-A
AFP PROVIDA S.A. PARA FDO. PENSION C,0.0098,60175290,6140335714,2018-09-01,AGUAS-A
LARRAIN VIAL S A CORREDORA DE BOLSA,0.0092,56430897,6140335714,2018-09-01,AGUAS-A
INV AGUAS METROPOLITANAS S A,0.501,3065744510,6140335714,2018-12-01,AGUAS-A
BANCO DE CHILE POR CUENTA DE TERCEROS NO RESIDENTES,0.0782,478748067,6140335714,2018-12-01,AGUAS-A
CORPORACION DE FOMENTO DE LA PRODUCCION,0.05,305948258,6140335714,2018-12-01,AGUAS-A
BANCO SANTANDER POR CUENTA DE INV EXTRANJEROS,0.0353,216135889,6140335714,2018-12-01,AGUAS-A
BANCO DE CHILE POR CUENTA DE STATE STREET,0.0262,160586103,6140335714,2018-12-01,AGUAS-A
AFP HABITAT S A PARA FDO PENSION C,0.0207,126653795,6140335714,2018-12-01,AGUAS-A
BANCO SANTANDER CHILE,0.0206,125922182,6140335714,2018-12-01,AGUAS-A
BANCHILE CORREDORES DE BOLSA S A,0.015600000000000001,95750893,6140335714,2018-12-01,AGUAS-A
BOLSA DE COMERCIO DE SANTIAGO BOLSA DE VALORES,0.012,73459495,6140335714,2018-12-01,AGUAS-A
ASOCIACION DE CANALISTAS SOC DEL CANAL DE MAIPO,0.0115,70426696,6140335714,2018-12-01,AGUAS-A
AFP PROVIDA S.A. PARA FDO. PENSION C,0.0098,60175290,6140335714,2018-12-01,AGUAS-A
LARRAIN VIAL S A CORREDORA DE BOLSA,0.0092,56430897,6140335714,2018-12-01,AGUAS-A
INV AGUAS METROPOLITANAS S A,0.501,3065744510,6140335714,2019-03-01,AGUAS-A
BANCO DE CHILE POR CUENTA DE TERCEROS NO RESIDENTES,0.0782,478748067,6140335714,2019-03-01,AGUAS-A
CORPORACION DE FOMENTO DE LA PRODUCCION,0.05,305948258,6140335714,2019-03-01,AGUAS-A
BANCO SANTANDER POR CUENTA DE INV EXTRANJEROS,0.0353,216135889,6140335714,2019-03-01,AGUAS-A
BANCO DE CHILE POR CUENTA DE STATE STREET,0.0262,160586103,6140335714,2019-03-01,AGUAS-A
AFP HABITAT S A PARA FDO PENSION C,0.0207,126653795,6140335714,2019-03-01,AGUAS-A
BANCO SANTANDER CHILE,0.0206,125922182,6140335714,2019-03-01,AGUAS-A
BANCHILE CORREDORES DE BOLSA S A,0.015600000000000001,95750893,6140335714,2019-03-01,AGUAS-A
BOLSA DE COMERCIO DE SANTIAGO BOLSA DE VALORES,0.012,73459495,6140335714,2019-03-01,AGUAS-A
ASOCIACION DE CANALISTAS SOC DEL CANAL DE MAIPO,0.0115,70426696,6140335714,2019-03-01,AGUAS-A
AFP PROVIDA S.A. PARA FDO. PENSION C,0.0098,60175290,6140335714,2019-03-01,AGUAS-A
LARRAIN VIAL S A CORREDORA DE BOLSA,0.0092,56430897,6140335714,2019-03-01,AGUAS-A
INV AGUAS METROPOLITANAS S A,0.501,3065744510,6140335714,2019-06-01,AGUAS-A
BANCO DE CHILE POR CUENTA DE TERCEROS NO RESIDENTES,0.0782,478748067,6140335714,2019-06-01,AGUAS-A
CORPORACION DE FOMENTO DE LA PRODUCCION,0.05,305948258,6140335714,2019-06-01,AGUAS-A
BANCO SANTANDER POR CUENTA DE INV EXTRANJEROS,0.0353,216135889,6140335714,2019-06-01,AGUAS-A
BANCO DE CHILE POR CUENTA DE STATE STREET,0.0262,160586103,6140335714,2019-06-01,AGUAS-A
AFP HABITAT S A PARA FDO PENSION C,0.0207,126653795,6140335714,2019-06-01,AGUAS-A
BANCO SANTANDER CHILE,0.0206,125922182,6140335714,2019-06-01,AGUAS-A
BANCHILE CORREDORES DE BOLSA S A,0.015600000000000001,95750893,6140335714,2019-06-01,AGUAS-A
BOLSA DE COMERCIO DE SANTIAGO BOLSA DE VALORES,0.012,73459495,6140335714,2019-06-01,AGUAS-A
ASOCIACION DE CANALISTAS SOC DEL CANAL DE MAIPO,0.0115,70426696,6140335714,2019-06-01,AGUAS-A
AFP PROVIDA S.A. PARA FDO. PENSION C,0.0098,60175290,6140335714,2019-06-01,AGUAS-A
LARRAIN VIAL S A CORREDORA DE BOLSA,0.0092,56430897,6140335714,2019-06-01,AGUAS-A
INV AGUAS METROPOLITANAS S A,0.501,3065744510,6140335714,2019-09-01,AGUAS-A
BANCO DE CHILE POR CUENTA DE TERCEROS NO RESIDENTES,0.0782,478748067,6140335714,2019-09-01,AGUAS-A
CORPORACION DE FOMENTO DE LA PRODUCCION,0.05,305948258,6140335714,2019-09-01,AGUAS-A
BANCO SANTANDER POR CUENTA DE INV EXTRANJEROS,0.0353,216135889,6140335714,2019-09-01,AGUAS-A
BANCO DE CHILE POR CUENTA DE STATE STREET,0.0262,160586103,6140335714,2019-09-01,AGUAS-A
AFP HABITAT S A PARA FDO PENSION C,0.0207,126653795,6140335714,2019-09-01,AGUAS-A
BANCO SANTANDER CHILE,0.0206,125922182,6140335714,2019-09-01,AGUAS-A
BANCHILE CORREDORES DE BOLSA S A,0.015600000000000001,95750893,6140335714,2019-09-01,AGUAS-A
BOLSA DE COMERCIO DE SANTIAGO BOLSA DE VALORES,0.012,73459495,6140335714,2019-09-01,AGUAS-A
ASOCIACION DE CANALISTAS SOC DEL CANAL DE MAIPO,0.0115,70426696,6140335714,2019-09-01,AGUAS-A
AFP PROVIDA S.A. PARA FDO. PENSION C,0.0098,60175290,6140335714,2019-09-01,AGUAS-A
LARRAIN VIAL S A CORREDORA DE BOLSA,0.0092,56430897,6140335714,2019-09-01,AGUAS-A
INV AGUAS METROPOLITANAS S A,0.501,3065744510,6140335714,2019-12-01,AGUAS-A
BANCO DE CHILE POR CUENTA DE TERCEROS NO RESIDENTES,0.0782,478748067,6140335714,2019-12-01,AGUAS-A
CORPORACION DE FOMENTO DE LA PRODUCCION,0.05,305948258,6140335714,2019-12-01,AGUAS-A
BANCO SANTANDER POR CUENTA DE INV EXTRANJEROS,0.0353,216135889,6140335714,2019-12-01,AGUAS-A
BANCO DE CHILE POR CUENTA DE STATE STREET,0.0262,160586103,6140335714,2019-12-01,AGUAS-A
AFP HABITAT S A PARA FDO PENSION C,0.0207,126653795,6140335714,2019-12-01,AGUAS-A
BANCO SANTANDER CHILE,0.0206,125922182,6140335714,2019-12-01,AGUAS-A
BANCHILE CORREDORES DE BOLSA S A,0.015600000000000001,95750893,6140335714,2019-12-01,AGUAS-A
BOLSA DE COMERCIO DE SANTIAGO BOLSA DE VALORES,0.012,73459495,6140335714,2019-12-01,AGUAS-A
ASOCIACION DE CANALISTAS SOC DEL CANAL DE MAIPO,0.0115,70426696,6140335714,2019-12-01,AGUAS-A
AFP PROVIDA S.A. PARA FDO. PENSION C,0.0098,60175290,6140335714,2019-12-01,AGUAS-A
LARRAIN VIAL S A CORREDORA DE BOLSA,0.0092,56430897,6140335714,2019-12-01,AGUAS-A
INV AGUAS METROPOLITANAS S A,0.501,3065744510,6140335714,2020-03-01,AGUAS-A
BANCO DE CHILE POR CUENTA DE TERCEROS NO RESIDENTES,0.0782,478748067,6140335714,2020-03-01,AGUAS-A
CORPORACION DE FOMENTO DE LA PRODUCCION,0.05,305948258,6140335714,2020-03-01,AGUAS-A
BANCO SANTANDER POR CUENTA DE INV EXTRANJEROS,0.0353,216135889,6140335714,2020-03-01,AGUAS-A
BANCO DE CHILE POR CUENTA DE STATE STREET,0.0262,160586103,6140335714,2020-03-01,AGUAS-A
AFP HABITAT S A PARA FDO PENSION C,0.0207,126653795,6140335714,2020-03-01,AGUAS-A
BANCO SANTANDER CHILE,0.0206,125922182,6140335714,2020-03-01,AGUAS-A
BANCHILE CORREDORES DE BOLSA S A,0.015600000000000001,95750893,6140335714,2020-03-01,AGUAS-A
BOLSA DE COMERCIO DE SANTIAGO BOLSA DE VALORES,0.012,73459495,6140335714,2020-03-01,AGUAS-A
ASOCIACION DE CANALISTAS SOC DEL CANAL DE MAIPO,0.0115,70426696,6140335714,2020-03-01,AGUAS-A
AFP PROVIDA S.A. PARA FDO. PENSION C,0.0098,60175290,6140335714,2020-03-01,AGUAS-A
LARRAIN VIAL S A CORREDORA DE BOLSA,0.0092,56430897,6140335714,2020-03-01,AGUAS-A
INV AGUAS METROPOLITANAS S A,0.501,3065744510,6140335714,2020-06-01,AGUAS-A
BANCO DE CHILE POR CUENTA DE TERCEROS NO RESIDENTES,0.0782,478748067,6140335714,2020-06-01,AGUAS-A
CORPORACION DE FOMENTO DE LA PRODUCCION,0.05,305948258,6140335714,2020-06-01,AGUAS-A
BANCO SANTANDER POR CUENTA DE INV EXTRANJEROS,0.0353,216135889,6140335714,2020-06-01,AGUAS-A
BANCO DE CHILE POR CUENTA DE STATE STREET,0.0262,160586103,6140335714,2020-06-01,AGUAS-A
AFP HABITAT S A PARA FDO PENSION C,0.0207,126653795,6140335714,2020-06-01,AGUAS-A
BANCO SANTANDER CHILE,0.0206,125922182,6140335714,2020-06-01,AGUAS-A
BANCHILE CORREDORES DE BOLSA S A,0.015600000000000001,95750893,6140335714,2020-06-01,AGUAS-A
BOLSA DE COMERCIO DE SANTIAGO BOLSA DE VALORES,0.012,73459495,6140335714,2020-06-01,AGUAS-A
ASOCIACION DE CANALISTAS SOC DEL CANAL DE MAIPO,0.0115,70426696,6140335714,2020-06-01,AGUAS-A
AFP PROVIDA S.A. PARA FDO. PENSION C,0.0098,60175290,6140335714,2020-06-01,AGUAS-A
LARRAIN VIAL S A CORREDORA DE BOLSA,0.0092,56430897,6140335714,2020-06-01,AGUAS-A
INV AGUAS METROPOLITANAS S A,0.501,3065744510,6140335714,2020-09-01,AGUAS-A
BANCO DE CHILE POR CUENTA DE TERCEROS NO RESIDENTES,0.0782,478748067,6140335714,2020-09-01,AGUAS-A
CORPORACION DE FOMENTO DE LA PRODUCCION,0.05,305948258,6140335714,2020-09-01,AGUAS-A
BANCO SANTANDER POR CUENTA DE INV EXTRANJEROS,0.0353,216135889,6140335714,2020-09-01,AGUAS-A
BANCO DE CHILE POR CUENTA DE STATE STREET,0.0262,160586103,6140335714,2020-09-01,AGUAS-A
AFP HABITAT S A PARA FDO PENSION C,0.0207,126653795,6140335714,2020-09-01,AGUAS-A
BANCO SANTANDER CHILE,0.0206,125922182,6140335714,2020-09-01,AGUAS-A
BANCHILE CORREDORES DE BOLSA S A,0.015600000000000001,95750893,6140335714,2020-09-01,AGUAS-A
BOLSA DE COMERCIO DE SANTIAGO BOLSA DE VALORES,0.012,73459495,6140335714,2020-09-01,AGUAS-A
ASOCIACION DE CANALISTAS SOC DEL CANAL DE MAIPO,0.0115,70426696,6140335714,2020-09-01,AGUAS-A
AFP PROVIDA S.A. PARA FDO. PENSION C,0.0098,60175290,6140335714,2020-09-01,AGUAS-A
LARRAIN VIAL S A CORREDORA DE BOLSA,0.0092,56430897,6140335714,2020-09-01,AGUAS-A
INV AGUAS METROPOLITANAS S A,0.501,3065744510,6140335714,2020-12-01,AGUAS-A
BANCO DE CHILE POR CUENTA DE TERCEROS NO RESIDENTES,0.0782,478748067,6140335714,2020-12-01,AGUAS-A
CORPORACION DE FOMENTO DE LA PRODUCCION,0.05,305948258,6140335714,2020-12-01,AGUAS-A
BANCO SANTANDER POR CUENTA DE INV EXTRANJEROS,0.0353,216135889,6140335714,2020-12-01,AGUAS-A
BANCO DE CHILE POR CUENTA DE STATE STREET,0.0262,160586103,6140335714,2020-12-01,AGUAS-A
AFP HABITAT S A PARA FDO PENSION C,0.0207,126653795,6140335714,2020-12-01,AGUAS-A
BANCO SANTANDER CHILE,0.0206,125922182,6140335714,2020-12-01,AGUAS-A
BANCHILE CORREDORES DE BOLSA S A,0.015600000000000001,95750893,6140335714,2020-12-01,AGUAS-A
BOLSA DE COMERCIO DE SANTIAGO BOLSA DE VALORES,0.012,73459495,6140335714,2020-12-01,AGUAS-A
ASOCIACION DE CANALISTAS SOC DEL CANAL DE MAIPO,0.0115,70426696,6140335714,2020-12-01,AGUAS-A
AFP PROVIDA S.A. PARA FDO. PENSION C,0.0098,60175290,6140335714,2020-12-01,AGUAS-A
LARRAIN VIAL S A CORREDORA DE BOLSA,0.0092,56430897,6140335714,2020-12-01,AGUAS-A
INV AGUAS METROPOLITANAS S A,0.501,3065744510,6140335714,2021-03-01,AGUAS-A
BANCO DE CHILE POR CUENTA DE TERCEROS NO RESIDENTES,0.0782,478748067,6140335714,2021-03-01,AGUAS-A
CORPORACION DE FOMENTO DE LA PRODUCCION,0.05,305948258,6140335714,2021-03-01,AGUAS-A
BANCO SANTANDER POR CUENTA DE INV EXTRANJEROS,0.0353,216135889,6140335714,2021-03-01,AGUAS-A
BANCO DE CHILE POR CUENTA DE STATE STREET,0.0262,160586103,6140335714,2021-03-01,AGUAS-A
AFP HABITAT S A PARA FDO PENSION C,0.0207,126653795,6140335714,2021-03-01,AGUAS-A
BANCO SANTANDER CHILE,0.0206,125922182,6140335714,2021-03-01,AGUAS-A
BANCHILE CORREDORES DE BOLSA S A,0.015600000000000001,95750893,6140335714,2021-03-01,AGUAS-A
BOLSA DE COMERCIO DE SANTIAGO BOLSA DE VALORES,0.012,73459495,6140335714,2021-03-01,AGUAS-A
ASOCIACION DE CANALISTAS SOC DEL CANAL DE MAIPO,0.0115,70426696,6140335714,2021-03-01,AGUAS-A
AFP PROVIDA S.A. PARA FDO. PENSION C,0.0098,60175290,6140335714,2021-03-01,AGUAS-A
LARRAIN VIAL S A CORREDORA DE BOLSA,0.0092,56430897,6140335714,2021-03-01,AGUAS-A
INV AGUAS METROPOLITANAS S A,0.501,3065744510,6140335714,2021-06-01,AGUAS-A
BANCO DE CHILE POR CUENTA DE TERCEROS NO RESIDENTES,0.0782,478748067,6140335714,2021-06-01,AGUAS-A
CORPORACION DE FOMENTO DE LA PRODUCCION,0.05,305948258,6140335714,2021-06-01,AGUAS-A
BANCO SANTANDER POR CUENTA DE INV EXTRANJEROS,0.0353,216135889,6140335714,2021-06-01,AGUAS-A
BANCO DE CHILE POR CUENTA DE STATE STREET,0.0262,160586103,6140335714,2021-06-01,AGUAS-A
AFP HABITAT S A PARA FDO PENSION C,0.0207,126653795,6140335714,2021-06-01,AGUAS-A
BANCO SANTANDER CHILE,0.0206,125922182,6140335714,2021-06-01,AGUAS-A
BANCHILE CORREDORES DE BOLSA S A,0.015600000000000001,95750893,6140335714,2021-06-01,AGUAS-A
BOLSA DE COMERCIO DE SANTIAGO BOLSA DE VALORES,0.012,73459495,6140335714,2021-06-01,AGUAS-A
ASOCIACION DE CANALISTAS SOC DEL CANAL DE MAIPO,0.0115,70426696,6140335714,2021-06-01,AGUAS-A
AFP PROVIDA S.A. PARA FDO. PENSION C,0.0098,60175290,6140335714,2021-06-01,AGUAS-A
LARRAIN VIAL S A CORREDORA DE BOLSA,0.0092,56430897,6140335714,2021-06-01,AGUAS-A
INV AGUAS METROPOLITANAS S A,0.501,3065744510,6140335714,2021-09-01,AGUAS-A
BANCO DE CHILE POR CUENTA DE TERCEROS NO RESIDENTES,0.0782,478748067,6140335714,2021-09-01,AGUAS-A
CORPORACION DE FOMENTO DE LA PRODUCCION,0.05,305948258,6140335714,2021-09-01,AGUAS-A
BANCO SANTANDER POR CUENTA DE INV EXTRANJEROS,0.0353,216135889,6140335714,2021-09-01,AGUAS-A
BANCO DE CHILE POR CUENTA DE STATE STREET,0.0262,160586103,6140335714,2021-09-01,AGUAS-A
AFP HABITAT S A PARA FDO PENSION C,0.0207,126653795,6140335714,2021-09-01,AGUAS-A
BANCO SANTANDER CHILE,0.0206,125922182,6140335714,2021-09-01,AGUAS-A
BANCHILE CORREDORES DE BOLSA S A,0.015600000000000001,95750893,6140335714,2021-09-01,AGUAS-A
BOLSA DE COMERCIO DE SANTIAGO BOLSA DE VALORES,0.012,73459495,6140335714,2021-09-01,AGUAS-A
ASOCIACION DE CANALISTAS SOC DEL CANAL DE MAIPO,0.0115,70426696,6140335714,2021-09-01,AGUAS-A
AFP PROVIDA S.A. PARA FDO. PENSION C,0.0098,60175290,6140335714,2021-09-01,AGUAS-A
LARRAIN VIAL S A CORREDORA DE BOLSA,0.0092,56430897,6140335714,2021-09-01,AGUAS-A
INV AGUAS METROPOLITANAS S A,0.501,3065744510,6140335714,2021-12-01,AGUAS-A
BANCO DE CHILE POR CUENTA DE TERCEROS NO RESIDENTES,0.0782,478748067,6140335714,2021-12-01,AGUAS-A
CORPORACION DE FOMENTO DE LA PRODUCCION,0.05,305948258,6140335714,2021-12-01,AGUAS-A
BANCO SANTANDER POR CUENTA DE INV EXTRANJEROS,0.0353,216135889,6140335714,2021-12-01,AGUAS-A
BANCO DE CHILE POR CUENTA DE STATE STREET,0.0262,160586103,6140335714,2021-12-01,AGUAS-A
AFP HABITAT S A PARA FDO PENSION C,0.0207,126653795,6140335714,2021-12-01,AGUAS-A
BANCO SANTANDER CHILE,0.0206,125922182,6140335714,2021-12-01,AGUAS-A
BANCHILE CORREDORES DE BOLSA S A,0.015600000000000001,95750893,6140335714,2021-12-01,AGUAS-A
BOLSA DE COMERCIO DE SANTIAGO BOLSA DE VALORES,0.012,73459495,6140335714,2021-12-01,AGUAS-A
ASOCIACION DE CANALISTAS SOC DEL CANAL DE MAIPO,0.0115,70426696,6140335714,2021-12-01,AGUAS-A
AFP PROVIDA S.A. PARA FDO. PENSION C,0.0098,60175290,6140335714,2021-12-01,AGUAS-A
LARRAIN VIAL S A CORREDORA DE BOLSA,0.0092,56430897,6140335714,2021-12-01,AGUAS-A
INV AGUAS METROPOLITANAS S A,0.501,3065744510,6140335714,2022-03-01,AGUAS-A
BANCO DE CHILE POR CUENTA DE TERCEROS NO RESIDENTES,0.0782,478748067,6140335714,2022-03-01,AGUAS-A
CORPORACION DE FOMENTO DE LA PRODUCCION,0.05,305948258,6140335714,2022-03-01,AGUAS-A
BANCO SANTANDER POR CUENTA DE INV EXTRANJEROS,0.0353,216135889,6140335714,2022-03-01,AGUAS-A
BANCO DE CHILE POR CUENTA DE STATE STREET,0.0262,160586103,6140335714,2022-03-01,AGUAS-A
AFP HABITAT S A PARA FDO PENSION C,0.0207,126653795,6140335714,2022-03-01,AGUAS-A
BANCO SANTANDER CHILE,0.0206,125922182,6140335714,2022-03-01,AGUAS-A
BANCHILE CORREDORES DE BOLSA S A,0.015600000000000001,95750893,6140335714,2022-03-01,AGUAS-A
BOLSA DE COMERCIO DE SANTIAGO BOLSA DE VALORES,0.012,73459495,6140335714,2022-03-01,AGUAS-A
ASOCIACION DE CANALISTAS SOC DEL CANAL DE MAIPO,0.0115,70426696,6140335714,2022-03-01,AGUAS-A
AFP PROVIDA S.A. PARA FDO. PENSION C,0.0098,60175290,6140335714,2022-03-01,AGUAS-A
LARRAIN VIAL S A CORREDORA DE BOLSA,0.0092,56430897,6140335714,2022-03-01,AGUAS-A
INV AGUAS METROPOLITANAS S A,0.501,3065744510,6140335714,2022-06-01,AGUAS-A
BANCO DE CHILE POR CUENTA DE TERCEROS NO RESIDENTES,0.0782,478748067,6140335714,2022-06-01,AGUAS-A
CORPORACION DE FOMENTO DE LA PRODUCCION,0.05,305948258,6140335714,2022-06-01,AGUAS-A
BANCO SANTANDER POR CUENTA DE INV EXTRANJEROS,0.0353,216135889,6140335714,2022-06-01,AGUAS-A
BANCO DE CHILE POR CUENTA DE STATE STREET,0.0262,160586103,6140335714,2022-06-01,AGUAS-A
AFP HABITAT S A PARA FDO PENSION C,0.0207,126653795,6140335714,2022-06-01,AGUAS-A
BANCO SANTANDER CHILE,0.0206,125922182,6140335714,2022-06-01,AGUAS-A
BANCHILE CORREDORES DE BOLSA S A,0.015600000000000001,95750893,6140335714,2022-06-01,AGUAS-A
BOLSA DE COMERCIO DE SANTIAGO BOLSA DE VALORES,0.012,73459495,6140335714,2022-06-01,AGUAS-A
ASOCIACION DE CANALISTAS SOC DEL CANAL DE MAIPO,0.0115,70426696,6140335714,2022-06-01,AGUAS-A
AFP PROVIDA S.A. PARA FDO. PENSION C,0.0098,60175290,6140335714,2022-06-01,AGUAS-A
LARRAIN VIAL S A CORREDORA DE BOLSA,0.0092,56430897,6140335714,2022-06-01,AGUAS-A
INV AGUAS METROPOLITANAS S A,0.501,3065744510,6140335714,2022-09-01,AGUAS-A
BANCO DE CHILE POR CUENTA DE TERCEROS NO RESIDENTES,0.0782,478748067,6140335714,2022-09-01,AGUAS-A
CORPORACION DE FOMENTO DE LA PRODUCCION,0.05,305948258,6140335714,2022-09-01,AGUAS-A
BANCO SANTANDER POR CUENTA DE INV EXTRANJEROS,0.0353,216135889,6140335714,2022-09-01,AGUAS-A
BANCO DE CHILE POR CUENTA DE STATE STREET,0.0262,160586103,6140335714,2022-09-01,AGUAS-A
AFP HABITAT S A PARA FDO PENSION C,0.0207,126653795,6140335714,2022-09-01,AGUAS-A
BANCO SANTANDER CHILE,0.0206,125922182,6140335714,2022-09-01,AGUAS-A
BANCHILE CORREDORES DE BOLSA S A,0.015600000000000001,95750893,6140335714,2022-09-01,AGUAS-A
BOLSA DE COMERCIO DE SANTIAGO BOLSA DE VALORES,0.012,73459495,6140335714,2022-09-01,AGUAS-A
ASOCIACION DE CANALISTAS SOC DEL CANAL DE MAIPO,0.0115,70426696,6140335714,2022-09-01,AGUAS-A
AFP PROVIDA S.A. PARA FDO. PENSION C,0.0098,60175290,6140335714,2022-09-01,AGUAS-A
LARRAIN VIAL S A CORREDORA DE BOLSA,0.0092,56430897,6140335714,2022-09-01,AGUAS-A
INV AGUAS METROPOLITANAS S A,0.501,3065744510,6140335714,2022-12-01,AGUAS-A
BANCO DE CHILE POR CUENTA DE TERCEROS NO RESIDENTES,0.0782,478748067,6140335714,2022-12-01,AGUAS-A
CORPORACION DE FOMENTO DE LA PRODUCCION,0.05,305948258,6140335714,2022-12-01,AGUAS-A
BANCO SANTANDER POR CUENTA DE INV EXTRANJEROS,0.0353,216135889,6140335714,2022-12-01,AGUAS-A
BANCO DE CHILE POR CUENTA DE STATE STREET,0.0262,160586103,6140335714,2022-12-01,AGUAS-A
AFP HABITAT S A PARA FDO PENSION C,0.0207,126653795,6140335714,2022-12-01,AGUAS-A
BANCO SANTANDER CHILE,0.0206,125922182,6140335714,2022-12-01,AGUAS-A
BANCHILE CORREDORES DE BOLSA S A,0.015600000000000001,95750893,6140335714,2022-12-01,AGUAS-A
BOLSA DE COMERCIO DE SANTIAGO BOLSA DE VALORES,0.012,73459495,6140335714,2022-12-01,AGUAS-A
ASOCIACION DE CANALISTAS SOC DEL CANAL DE MAIPO,0.0115,70426696,6140335714,2022-12-01,AGUAS-A
AFP PROVIDA S.A. PARA FDO. PENSION C,0.0098,60175290,6140335714,2022-12-01,AGUAS-A
LARRAIN VIAL S A CORREDORA DE BOLSA,0.0092,56430897,6140335714,2022-12-01,AGUAS-A
INV AGUAS METROPOLITANAS S A,0.501,3065744510,6140335714,2023-03-01,AGUAS-A
BANCO DE CHILE POR CUENTA DE TERCEROS NO RESIDENTES,0.0782,478748067,6140335714,2023-03-01,AGUAS-A
CORPORACION DE FOMENTO DE LA PRODUCCION,0.05,305948258,6140335714,2023-03-01,AGUAS-A
BANCO SANTANDER POR CUENTA DE INV EXTRANJEROS,0.0353,216135889,6140335714,2023-03-01,AGUAS-A
BANCO DE CHILE POR CUENTA DE STATE STREET,0.0262,160586103,6140335714,2023-03-01,AGUAS-A
AFP HABITAT S A PARA FDO PENSION C,0.0207,126653795,6140335714,2023-03-01,AGUAS-A
BANCO SANTANDER CHILE,0.0206,125922182,6140335714,2023-03-01,AGUAS-A
BANCHILE CORREDORES DE BOLSA S A,0.015600000000000001,95750893,6140335714,2023-03-01,AGUAS-A
BOLSA DE COMERCIO DE SANTIAGO BOLSA DE VALORES,0.012,73459495,6140335714,2023-03-01,AGUAS-A
ASOCIACION DE CANALISTAS SOC DEL CANAL DE MAIPO,0.0115,70426696,6140335714,2023-03-01,AGUAS-A
AFP PROVIDA S.A. PARA FDO. PENSION C,0.0098,60175290,6140335714,2023-03-01,AGUAS-A
LARRAIN VIAL S A CORREDORA DE BOLSA,0.0092,56430897,6140335714,2023-03-01,AGUAS-A
INV AGUAS METROPOLITANAS S A,0.501,3065744510,6140335714,2023-06-01,AGUAS-A
BANCO DE CHILE POR CUENTA DE TERCEROS NO RESIDENTES,0.0782,478748067,6140335714,2023-06-01,AGUAS-A
CORPORACION DE FOMENTO DE LA PRODUCCION,0.05,305948258,6140335714,2023-06-01,AGUAS-A
BANCO SANTANDER POR CUENTA DE INV EXTRANJEROS,0.0353,216135889,6140335714,2023-06-01,AGUAS-A
BANCO DE CHILE POR CUENTA DE STATE STREET,0.0262,160586103,6140335714,2023-06-01,AGUAS-A
AFP HABITAT S A PARA FDO PENSION C,0.0207,126653795,6140335714,2023-06-01,AGUAS-A
BANCO SANTANDER CHILE,0.0206,125922182,6140335714,2023-06-01,AGUAS-A
BANCHILE CORREDORES DE BOLSA S A,0.015600000000000001,95750893,6140335714,2023-06-01,AGUAS-A
BOLSA DE COMERCIO DE SANTIAGO BOLSA DE VALORES,0.012,73459495,6140335714,2023-06-01,AGUAS-A
ASOCIACION DE CANALISTAS SOC DEL CANAL DE MAIPO,0.0115,70426696,6140335714,2023-06-01,AGUAS-A
AFP PROVIDA S.A. PARA FDO. PENSION C,0.0098,60175290,6140335714,2023-06-01,AGUAS-A
LARRAIN VIAL S A CORREDORA DE BOLSA,0.0092,56430897,6140335714,2023-06-01,AGUAS-A
INV AGUAS METROPOLITANAS S A,0.501,3065744510,6140335714,2023-09-01,AGUAS-A
BANCO DE CHILE POR CUENTA DE TERCEROS NO RESIDENTES,0.0782,478748067,6140335714,2023-09-01,AGUAS-A
CORPORACION DE FOMENTO DE LA PRODUCCION,0.05,305948258,6140335714,2023-09-01,AGUAS-A
BANCO SANTANDER POR CUENTA DE INV EXTRANJEROS,0.0353,216135889,6140335714,2023-09-01,AGUAS-A
BANCO DE CHILE POR CUENTA DE STATE STREET,0.0262,160586103,6140335714,2023-09-01,AGUAS-A
AFP HABITAT S A PARA FDO PENSION C,0.0207,126653795,6140335714,2023-09-01,AGUAS-A
BANCO SANTANDER CHILE,0.0206,125922182,6140335714,2023-09-01,AGUAS-A
BANCHILE CORREDORES DE BOLSA S A,0.015600000000000001,95750893,6140335714,2023-09-01,AGUAS-A
BOLSA DE COMERCIO DE SANTIAGO BOLSA DE VALORES,0.012,73459495,6140335714,2023-09-01,AGUAS-A
ASOCIACION DE CANALISTAS SOC DEL CANAL DE MAIPO,0.0115,70426696,6140335714,2023-09-01,AGUAS-A
AFP PROVIDA S.A. PARA FDO. PENSION C,0.0098,60175290,6140335714,2023-09-01,AGUAS-A
LARRAIN VIAL S A CORREDORA DE BOLSA,0.0092,56430897,6140335714,2023-09-01,AGUAS-A
INV AGUAS METROPOLITANAS S A,0.501,3065744510,6140335714,2023-12-01,AGUAS-A
BANCO DE CHILE POR CUENTA DE TERCEROS NO RESIDENTES,0.0782,478748067,6140335714,2023-12-01,AGUAS-A
CORPORACION DE FOMENTO DE LA PRODUCCION,0.05,305948258,6140335714,2023-12-01,AGUAS-A
BANCO SANTANDER POR CUENTA DE INV EXTRANJEROS,0.0353,216135889,6140335714,2023-12-01,AGUAS-A
BANCO DE CHILE POR CUENTA DE STATE STREET,0.0262,160586103,6140335714,2023-12-01,AGUAS-A
AFP HABITAT S A PARA FDO PENSION C,0.0207,126653795,6140335714,2023-12-01,AGUAS-A
BANCO SANTANDER CHILE,0.0206,125922182,6140335714,2023-12-01,AGUAS-A
BANCHILE CORREDORES DE BOLSA S A,0.015600000000000001,95750893,6140335714,2023-12-01,AGUAS-A
BOLSA DE COMERCIO DE SANTIAGO BOLSA DE VALORES,0.012,73459495,6140335714,2023-12-01,AGUAS-A
ASOCIACION DE CANALISTAS SOC DEL CANAL DE MAIPO,0.0115,70426696,6140335714,2023-12-01,AGUAS-A
AFP PROVIDA S.A. PARA FDO. PENSION C,0.0098,60175290,6140335714,2023-12-01,AGUAS-A
LARRAIN VIAL S A CORREDORA DE BOLSA,0.0092,56430897,6140335714,2023-12-01,AGUAS-A
INV AGUAS METROPOLITANAS S A,0.501,3065744510,6140335714,2024-03-01,AGUAS-A
BANCO DE CHILE POR CUENTA DE TERCEROS NO RESIDENTES,0.0782,478748067,6140335714,2024-03-01,AGUAS-A
CORPORACION DE FOMENTO DE LA PRODUCCION,0.05,305948258,6140335714,2024-03-01,AGUAS-A
BANCO SANTANDER POR CUENTA DE INV EXTRANJEROS,0.0353,216135889,6140335714,2024-03-01,AGUAS-A
BANCO DE CHILE POR CUENTA DE STATE STREET,0.0262,160586103,6140335714,2024-03-01,AGUAS-A
AFP HABITAT S A PARA FDO PENSION C,0.0207,126653795,6140335714,2024-03-01,AGUAS-A
BANCO SANTANDER CHILE,0.0206,125922182,6140335714,2024-03-01,AGUAS-A
BANCHILE CORREDORES DE BOLSA S A,0.015600000000000001,95750893,6140335714,2024-03-01,AGUAS-A
BOLSA DE COMERCIO DE SANTIAGO BOLSA DE VALORES,0.012,73459495,6140335714,2024-03-01,AGUAS-A
ASOCIACION DE CANALISTAS SOC DEL CANAL DE MAIPO,0.0115,70426696,6140335714,2024-03-01,AGUAS-A
AFP PROVIDA S.A. PARA FDO. PENSION C,0.0098,60175290,6140335714,2024-03-01,AGUAS-A
LARRAIN VIAL S A CORREDORA DE BOLSA,0.0092,56430897,6140335714,2024-03-01,AGUAS-A
INV AGUAS METROPOLITANAS S A,0.501,3065744510,6140335714,2024-06-01,AGUAS-A
BANCO DE CHILE POR CUENTA DE TERCEROS NO RESIDENTES,0.0782,478748067,6140335714,2024-06-01,AGUAS-A
CORPORACION DE FOMENTO DE LA PRODUCCION,0.05,305948258,6140335714,2024-06-01,AGUAS-A
BANCO SANTANDER POR CUENTA DE INV EXTRANJEROS,0.0353,216135889,6140335714,2024-06-01,AGUAS-A
BANCO DE CHILE POR CUENTA DE STATE STREET,0.0262,160586103,6140335714,2024-06-01,AGUAS-A
AFP HABITAT S A PARA FDO PENSION C,0.0207,126653795,6140335714,2024-06-01,AGUAS-A
BANCO SANTANDER CHILE,0.0206,125922182,6140335714,2024-06-01,AGUAS-A
BANCHILE CORREDORES DE BOLSA S A,0.015600000000000001,95750893,6140335714,2024-06-01,AGUAS-A
BOLSA DE COMERCIO DE SANTIAGO BOLSA DE VALORES,0.012,73459495,6140335714,2024-06-01,AGUAS-A
ASOCIACION DE CANALISTAS SOC DEL CANAL DE MAIPO,0.0115,70426696,6140335714,2024-06-01,AGUAS-A
AFP PROVIDA S.A. PARA FDO. PENSION C,0.0098,60175290,6140335714,2024-06-01,AGUAS-A
LARRAIN VIAL S A CORREDORA DE BOLSA,0.0092,56430897,6140335714,2024-06-01,AGUAS-A
INV AGUAS METROPOLITANAS S A,0.501,3065744510,6140335714,2024-09-01,AGUAS-A
BANCO DE CHILE POR CUENTA DE TERCEROS NO RESIDENTES,0.0782,478748067,6140335714,2024-09-01,AGUAS-A
CORPORACION DE FOMENTO DE LA PRODUCCION,0.05,305948258,6140335714,2024-09-01,AGUAS-A
BANCO SANTANDER POR CUENTA DE INV EXTRANJEROS,0.0353,216135889,6140335714,2024-09-01,AGUAS-A
BANCO DE CHILE POR CUENTA DE STATE STREET,0.0262,160586103,6140335714,2024-09-01,AGUAS-A
AFP HABITAT S A PARA FDO PENSION C,0.0207,126653795,6140335714,2024-09-01,AGUAS-A
BANCO SANTANDER CHILE,0.0206,125922182,6140335714,2024-09-01,AGUAS-A
BANCHILE CORREDORES DE BOLSA S A,0.015600000000000001,95750893,6140335714,2024-09-01,AGUAS-A
BOLSA DE COMERCIO DE SANTIAGO BOLSA DE VALORES,0.012,73459495,6140335714,2024-09-01,AGUAS-A
ASOCIACION DE CANALISTAS SOC DEL CANAL DE MAIPO,0.0115,70426696,6140335714,2024-09-01,AGUAS-A
AFP PROVIDA S.A. PARA FDO. PENSION C,0.0098,60175290,6140335714,2024-09-01,AGUAS-A
LARRAIN VIAL S A CORREDORA DE BOLSA,0.0092,56430897,6140335714,2024-09-01,AGUAS-A
INV AGUAS METROPOLITANAS S A,0.501,3065744510,6140335714,2024-12-01,AGUAS-A
BANCO DE CHILE POR CUENTA DE TERCEROS NO RESIDENTES,0.0782,478748067,6140335714,2024-12-01,AGUAS-A
CORPORACION DE FOMENTO DE LA PRODUCCION,0.05,305948258,6140335714,2024-12-01,AGUAS-A
BANCO SANTANDER POR CUENTA DE INV EXTRANJEROS,0.0353,216135889,6140335714,2024-12-01,AGUAS-A
BANCO DE CHILE POR CUENTA DE STATE STREET,0.0262,160586103,6140335714,2024-12-01,AGUAS-A
AFP HABITAT S A PARA FDO PENSION C,0.0207,126653795,6140335714,2024-12-01,AGUAS-A
BANCO SANTANDER CHILE,0.0206,125922182,6140335714,2024-12-01,AGUAS-A
BANCHILE CORREDORES DE BOLSA S A,0.015600000000000001,95750893,6140335714,2024-12-01,AGUAS-A
BOLSA DE COMERCIO DE SANTIAGO BOLSA DE VALORES,0.012,73459495,6140335714,2024-12-01,AGUAS-A
ASOCIACION DE CANALISTAS SOC DEL CANAL DE MAIPO,0.0115,70426696,6140335714,2024-12-01,AGUAS-A
AFP PROVIDA S.A. PARA FDO. PENSION C,0.0098,60175290,6140335714,2024-12-01,AGUAS-A
LARRAIN VIAL S A CORREDORA DE BOLSA,0.0092,56430897,6140335714,2024-12-01,AGUAS-A
INV AGUAS METROPOLITANAS S A,0.501,3065744510,6140335714,2025-03-01,AGUAS-A
BANCO DE CHILE POR CUENTA DE TERCEROS NO RESIDENTES,0.0782,478748067,6140335714,2025-03-01,AGUAS-A
CORPORACION DE FOMENTO DE LA PRODUCCION,0.05,305948258,6140335714,2025-03-01,AGUAS-A
BANCO SANTANDER POR CUENTA DE INV EXTRANJEROS,0.0353,216135889,6140335714,2025-03-01,AGUAS-A
BANCO DE CHILE POR CUENTA DE STATE STREET,0.0262,160586103,6140335714,2025-03-01,AGUAS-A
AFP HABITAT S A PARA FDO PENSION C,0.0207,126653795,6140335714,2025-03-01,AGUAS-A
BANCO SANTANDER CHILE,0.0206,125922182,6140335714,2025-03-01,AGUAS-A
BANCHILE CORREDORES DE BOLSA S A,0.015600000000000001,95750893,6140335714,2025-03-01,AGUAS-A
BOLSA DE COMERCIO DE SANTIAGO BOLSA DE VALORES,0.012,73459495,6140335714,2025-03-01,AGUAS-A
ASOCIACION DE CANALISTAS SOC DEL CANAL DE MAIPO,0.0115,70426696,6140335714,2025-03-01,AGUAS-A
AFP PROVIDA S.A. PARA FDO. PENSION C,0.0098,60175290,6140335714,2025-03-01,AGUAS-A
LARRAIN VIAL S A CORREDORA DE BOLSA,0.0092,56430897,6140335714,2025-03-01,AGUAS-A
INV AGUAS METROPOLITANAS S A,0.501,3065744510,6140335714,2025-06-01,AGUAS-A
BANCO DE CHILE POR CUENTA DE TERCEROS NO RESIDENTES,0.0782,478748067,6140335714,2025-06-01,AGUAS-A
CORPORACION DE FOMENTO DE LA PRODUCCION,0.05,305948258,6140335714,2025-06-01,AGUAS-A
BANCO SANTANDER POR CUENTA DE INV EXTRANJEROS,0.0353,216135889,6140335714,2025-06-01,AGUAS-A
BANCO DE CHILE POR CUENTA DE STATE STREET,0.0262,160586103,6140335714,2025-06-01,AGUAS-A
AFP HABITAT S A PARA FDO PENSION C,0.0207,126653795,6140335714,2025-06-01,AGUAS-A
BANCO SANTANDER CHILE,0.0206,125922182,6140335714,2025-06-01,AGUAS-A
BANCHILE CORREDORES DE BOLSA S A,0.015600000000000001,95750893,6140335714,2025-06-01,AGUAS-A
BOLSA DE COMERCIO DE SANTIAGO BOLSA DE VALORES,0.012,73459495,6140335714,2025-06-01,AGUAS-A
ASOCIACION DE CANALISTAS SOC DEL CANAL DE MAIPO,0.0115,70426696,6140335714,2025-06-01,AGUAS-A
AFP PROVIDA S.A. PARA FDO. PENSION C,0.0098,60175290,6140335714,2025-06-01,AGUAS-A
LARRAIN VIAL S A CORREDORA DE BOLSA,0.0092,56430897,6140335714,2025-06-01,AGUAS-A
INV AGUAS METROPOLITANAS S A,0.501,3065744510,6140335714,2025-09-01,AGUAS-A
BANCO DE CHILE POR CUENTA DE TERCEROS NO RESIDENTES,0.0782,478748067,6140335714,2025-09-01,AGUAS-A
CORPORACION DE FOMENTO DE LA PRODUCCION,0.05,305948258,6140335714,2025-09-01,AGUAS-A
BANCO SANTANDER POR CUENTA DE INV EXTRANJEROS,0.0353,216135889,6140335714,2025-09-01,AGUAS-A
BANCO DE CHILE POR CUENTA DE STATE STREET,0.0262,160586103,6140335714,2025-09-01,AGUAS-A
AFP HABITAT S A PARA FDO PENSION C,0.0207,126653795,6140335714,2025-09-01,AGUAS-A
BANCO SANTANDER CHILE,0.0206,125922182,6140335714,2025-09-01,AGUAS-A
BANCHILE CORREDORES DE BOLSA S A,0.015600000000000001,95750893,6140335714,2025-09-01,AGUAS-A
BOLSA DE COMERCIO DE SANTIAGO BOLSA DE VALORES,0.012,73459495,6140335714,2025-09-01,AGUAS-A
ASOCIACION DE CANALISTAS SOC DEL CANAL DE MAIPO,0.0115,70426696,6140335714,2025-09-01,AGUAS-A
AFP PROVIDA S.A. PARA FDO. PENSION C,0.0098,60175290,6140335714,2025-09-01,AGUAS-A
LARRAIN VIAL S A CORREDORA DE BOLSA,0.0092,56430897,6140335714,2025-09-01,AGUAS-A
INV AGUAS METROPOLITANAS S A,0.501,3065744510,6140335714,2025-12-01,AGUAS-A
BANCO DE CHILE POR CUENTA DE TERCEROS NO RESIDENTES,0.0782,478748067,6140335714,2025-12-01,AGUAS-A
CORPORACION DE FOMENTO DE LA PRODUCCION,0.05,305948258,6140335714,2025-12-01,AGUAS-A
BANCO SANTANDER POR CUENTA DE INV EXTRANJEROS,0.0353,216135889,6140335714,2025-12-01,AGUAS-A
BANCO DE CHILE POR CUENTA DE STATE STREET,0.0262,160586103,6140335714,2025-12-01,AGUAS-A
AFP HABITAT S A PARA FDO PENSION C,0.0207,126653795,6140335714,2025-12-01,AGUAS-A
BANCO SANTANDER CHILE,0.0206,125922182,6140335714,2025-12-01,AGUAS-A
BANCHILE CORREDORES DE BOLSA S A,0.015600000000000001,95750893,6140335714,2025-12-01,AGUAS-A
BOLSA DE COMERCIO DE SANTIAGO BOLSA DE VALORES,0.012,73459495,6140335714,2025-12-01,AGUAS-A
ASOCIACION DE CANALISTAS SOC DEL CANAL DE MAIPO,0.0115,70426696,6140335714,2025-12-01,AGUAS-A
AFP PROVIDA S.A. PARA FDO. PENSION C,0.0098,60175290,6140335714,2025-12-01,AGUAS-A
LARRAIN VIAL S A CORREDORA DE BOLSA,0.0092,56430897,6140335714,2025-12-01,AGUAS-A
INVERCAP SA,0.43310000000000004,64731088,149983008,2016-03-01,CAP
M.C. INVERSIONES LIMITADA,0.125,18681015,149983008,2016-03-01,CAP
BANCHILE CORREDORES DE BOLSA S A,0.055099999999999996,8239997,149983008,2016-03-01,CAP
BCI C DE B S A,0.0323,4828361,149983008,2016-03-01,CAP
BANCO DE CHILE POR CUENTA DE STATE STREET,0.027000000000000003,4028176,149983008,2016-03-01,CAP
FUNDACION CAP,0.022099999999999998,3299497,149983008,2016-03-01,CAP
BANCO SANTANDER POR CUENTA DE INV EXTRANJEROS,0.019299999999999998,2891074,149983008,2016-03-01,CAP
SOUTH PACIFIC INVESTMENTS SA,0.019299999999999998,2877970,149983008,2016-03-01,CAP
LARRAIN VIAL S A CORREDORA DE BOLSA,0.0167,2495803,149983008,2016-03-01,CAP
SANTANDER CORREDORES DE BOLSA LIMITADA,0.0154,2304815,149983008,2016-03-01,CAP
CONSORCIO C DE B S A,0.0138,2060140,149983008,2016-03-01,CAP
VALORES SECURITY S A C DE B,0.013300000000000001,1994774,149983008,2016-03-01,CAP
INVERCAP SA,0.43310000000000004,64731088,149983008,2016-06-01,CAP
M.C. INVERSIONES LIMITADA,0.125,18681015,149983008,2016-06-01,CAP
BANCHILE CORREDORES DE BOLSA S A,0.055099999999999996,8239997,149983008,2016-06-01,CAP
BCI C DE B S A,0.0323,4828361,149983008,2016-06-01,CAP
BANCO DE CHILE POR CUENTA DE STATE STREET,0.027000000000000003,4028176,149983008,2016-06-01,CAP
FUNDACION CAP,0.022099999999999998,3299497,149983008,2016-06-01,CAP
BANCO SANTANDER POR CUENTA DE INV EXTRANJEROS,0.019299999999999998,2891074,149983008,2016-06-01,CAP
SOUTH PACIFIC INVESTMENTS SA,0.019299999999999998,2877970,149983008,2016-06-01,CAP
LARRAIN VIAL S A CORREDORA DE BOLSA,0.0167,2495803,149983008,2016-06-01,CAP
SANTANDER CORREDORES DE BOLSA LIMITADA,0.0154,2304815,149983008,2016-06-01,CAP
CONSORCIO C DE B S A,0.0138,2060140,149983008,2016-06-01,CAP
VALORES SECURITY S A C DE B,0.013300000000000001,1994774,149983008,2016-06-01,CAP
INVERCAP SA,0.43310000000000004,64731088,149983008,2016-09-01,CAP
M.C. INVERSIONES LIMITADA,0.125,18681015,149983008,2016-09-01,CAP
BANCHILE CORREDORES DE BOLSA S A,0.055099999999999996,8239997,149983008,2016-09-01,CAP
BCI C DE B S A,0.0323,4828361,149983008,2016-09-01,CAP
BANCO DE CHILE POR CUENTA DE STATE STREET,0.027000000000000003,4028176,149983008,2016-09-01,CAP
FUNDACION CAP,0.022099999999999998,3299497,149983008,2016-09-01,CAP
BANCO SANTANDER POR CUENTA DE INV EXTRANJEROS,0.019299999999999998,2891074,149983008,2016-09-01,CAP
SOUTH PACIFIC INVESTMENTS SA,0.019299999999999998,2877970,149983008,2016-09-01,CAP
LARRAIN VIAL S A CORREDORA DE BOLSA,0.0167,2495803,149983008,2016-09-01,CAP
SANTANDER CORREDORES DE BOLSA LIMITADA,0.0154,2304815,149983008,2016-09-01,CAP
CONSORCIO C DE B S A,0.0138,2060140,149983008,2016-09-01,CAP
VALORES SECURITY S A C DE B,0.013300000000000001,1994774,149983008,2016-09-01,CAP
INVERCAP SA,0.43310000000000004,64731088,149983008,2016-12-01,CAP
M.C. INVERSIONES LIMITADA,0.125,18681015,149983008,2016-12-01,CAP
BANCHILE CORREDORES DE BOLSA S A,0.055099999999999996,8239997,149983008,2016-12-01,CAP
BCI C DE B S A,0.0323,4828361,149983008,2016-12-01,CAP
BANCO DE CHILE POR CUENTA DE STATE STREET,0.027000000000000003,4028176,149983008,2016-12-01,CAP
FUNDACION CAP,0.022099999999999998,3299497,149983008,2016-12-01,CAP
BANCO SANTANDER POR CUENTA DE INV EXTRANJEROS,0.019299999999999998,2891074,149983008,2016-12-01,CAP
SOUTH PACIFIC INVESTMENTS SA,0.019299999999999998,2877970,149983008,2016-12-01,CAP
LARRAIN VIAL S A CORREDORA DE BOLSA,0.0167,2495803,149983008,2016-12-01,CAP
SANTANDER CORREDORES DE BOLSA LIMITADA,0.0154,2304815,149983008,2016-12-01,CAP
CONSORCIO C DE B S A,0.0138,2060140,149983008,2016-12-01,CAP
VALORES SECURITY S A C DE B,0.013300000000000001,1994774,149983008,2016-12-01,CAP
INVERCAP SA,0.43310000000000004,64731088,149983008,2017-03-01,CAP
M.C. INVERSIONES LIMITADA,0.125,18681015,149983008,2017-03-01,CAP
BANCHILE CORREDORES DE BOLSA S A,0.055099999999999996,8239997,149983008,2017-03-01,CAP
BCI C DE B S A,0.0323,4828361,149983008,2017-03-01,CAP
BANCO DE CHILE POR CUENTA DE STATE STREET,0.027000000000000003,4028176,149983008,2017-03-01,CAP
FUNDACION CAP,0.022099999999999998,3299497,149983008,2017-03-01,CAP
BANCO SANTANDER POR CUENTA DE INV EXTRANJEROS,0.019299999999999998,2891074,149983008,2017-03-01,CAP
SOUTH PACIFIC INVESTMENTS SA,0.019299999999999998,2877970,149983008,2017-03-01,CAP
LARRAIN VIAL S A CORREDORA DE BOLSA,0.0167,2495803,149983008,2017-03-01,CAP
SANTANDER CORREDORES DE BOLSA LIMITADA,0.0154,2304815,149983008,2017-03-01,CAP
CONSORCIO C DE B S A,0.0138,2060140,149983008,2017-03-01,CAP
VALORES SECURITY S A C DE B,0.013300000000000001,1994774,149983008,2017-03-01,CAP
INVERCAP SA,0.43310000000000004,64731088,149983008,2017-06-01,CAP
M.C. INVERSIONES LIMITADA,0.125,18681015,149983008,2017-06-01,CAP
BANCHILE CORREDORES DE BOLSA S A,0.055099999999999996,8239997,149983008,2017-06-01,CAP
BCI C DE B S A,0.0323,4828361,149983008,2017-06-01,CAP
BANCO DE CHILE POR CUENTA DE STATE STREET,0.027000000000000003,4028176,149983008,2017-06-01,CAP
FUNDACION CAP,0.022099999999999998,3299497,149983008,2017-06-01,CAP
BANCO SANTANDER POR CUENTA DE INV EXTRANJEROS,0.019299999999999998,2891074,149983008,2017-06-01,CAP
SOUTH PACIFIC INVESTMENTS SA,0.019299999999999998,2877970,149983008,2017-06-01,CAP
LARRAIN VIAL S A CORREDORA DE BOLSA,0.0167,2495803,149983008,2017-06-01,CAP
SANTANDER CORREDORES DE BOLSA LIMITADA,0.0154,2304815,149983008,2017-06-01,CAP
CONSORCIO C DE B S A,0.0138,2060140,149983008,2017-06-01,CAP
VALORES SECURITY S A C DE B,0.013300000000000001,1994774,149983008,2017-06-01,CAP
INVERCAP SA,0.43310000000000004,64731088,149983008,2017-09-01,CAP
M.C. INVERSIONES LIMITADA,0.125,18681015,149983008,2017-09-01,CAP
BANCHILE CORREDORES DE BOLSA S A,0.055099999999999996,8239997,149983008,2017-09-01,CAP
BCI C DE B S A,0.0323,4828361,149983008,2017-09-01,CAP
BANCO DE CHILE POR CUENTA DE STATE STREET,0.027000000000000003,4028176,149983008,2017-09-01,CAP
FUNDACION CAP,0.022099999999999998,3299497,149983008,2017-09-01,CAP
BANCO SANTANDER POR CUENTA DE INV EXTRANJEROS,0.019299999999999998,2891074,149983008,2017-09-01,CAP
SOUTH PACIFIC INVESTMENTS SA,0.019299999999999998,2877970,149983008,2017-09-01,CAP
LARRAIN VIAL S A CORREDORA DE BOLSA,0.0167,2495803,149983008,2017-09-01,CAP
SANTANDER CORREDORES DE BOLSA LIMITADA,0.0154,2304815,149983008,2017-09-01,CAP
CONSORCIO C DE B S A,0.0138,2060140,149983008,2017-09-01,CAP
VALORES SECURITY S A C DE B,0.013300000000000001,1994774,149983008,2017-09-01,CAP
INVERCAP SA,0.43310000000000004,64731088,149983008,2017-12-01,CAP
M.C. INVERSIONES LIMITADA,0.125,18681015,149983008,2017-12-01,CAP
BANCHILE CORREDORES DE BOLSA S A,0.055099999999999996,8239997,149983008,2017-12-01,CAP
BCI C DE B S A,0.0323,4828361,149983008,2017-12-01,CAP
BANCO DE CHILE POR CUENTA DE STATE STREET,0.027000000000000003,4028176,149983008,2017-12-01,CAP
FUNDACION CAP,0.022099999999999998,3299497,149983008,2017-12-01,CAP
BANCO SANTANDER POR CUENTA DE INV EXTRANJEROS,0.019299999999999998,2891074,149983008,2017-12-01,CAP
SOUTH PACIFIC INVESTMENTS SA,0.019299999999999998,2877970,149983008,2017-12-01,CAP
LARRAIN VIAL S A CORREDORA DE BOLSA,0.0167,2495803,149983008,2017-12-01,CAP
SANTANDER CORREDORES DE BOLSA LIMITADA,0.0154,2304815,149983008,2017-12-01,CAP
CONSORCIO C DE B S A,0.0138,2060140,149983008,2017-12-01,CAP
VALORES SECURITY S A C DE B,0.013300000000000001,1994774,149983008,2017-12-01,CAP
INVERCAP SA,0.43310000000000004,64731088,149983008,2018-03-01,CAP
M.C. INVERSIONES LIMITADA,0.125,18681015,149983008,2018-03-01,CAP
BANCHILE CORREDORES DE BOLSA S A,0.055099999999999996,8239997,149983008,2018-03-01,CAP
BCI C DE B S A,0.0323,4828361,149983008,2018-03-01,CAP
BANCO DE CHILE POR CUENTA DE STATE STREET,0.027000000000000003,4028176,149983008,2018-03-01,CAP
FUNDACION CAP,0.022099999999999998,3299497,149983008,2018-03-01,CAP
BANCO SANTANDER POR CUENTA DE INV EXTRANJEROS,0.019299999999999998,2891074,149983008,2018-03-01,CAP
SOUTH PACIFIC INVESTMENTS SA,0.019299999999999998,2877970,149983008,2018-03-01,CAP
LARRAIN VIAL S A CORREDORA DE BOLSA,0.0167,2495803,149983008,2018-03-01,CAP
SANTANDER CORREDORES DE BOLSA LIMITADA,0.0154,2304815,149983008,2018-03-01,CAP
CONSORCIO C DE B S A,0.0138,2060140,149983008,2018-03-01,CAP
VALORES SECURITY S A C DE B,0.013300000000000001,1994774,149983008,2018-03-01,CAP
INVERCAP SA,0.43310000000000004,64731088,149983008,2018-06-01,CAP
M.C. INVERSIONES LIMITADA,0.125,18681015,149983008,2018-06-01,CAP
BANCHILE CORREDORES DE BOLSA S A,0.055099999999999996,8239997,149983008,2018-06-01,CAP
BCI C DE B S A,0.0323,4828361,149983008,2018-06-01,CAP
BANCO DE CHILE POR CUENTA DE STATE STREET,0.027000000000000003,4028176,149983008,2018-06-01,CAP
FUNDACION CAP,0.022099999999999998,3299497,149983008,2018-06-01,CAP
BANCO SANTANDER POR CUENTA DE INV EXTRANJEROS,0.019299999999999998,2891074,149983008,2018-06-01,CAP
SOUTH PACIFIC INVESTMENTS SA,0.019299999999999998,2877970,149983008,2018-06-01,CAP
LARRAIN VIAL S A CORREDORA DE BOLSA,0.0167,2495803,149983008,2018-06-01,CAP
SANTANDER CORREDORES DE BOLSA LIMITADA,0.0154,2304815,149983008,2018-06-01,CAP
CONSORCIO C DE B S A,0.0138,2060140,149983008,2018-06-01,CAP
VALORES SECURITY S A C DE B,0.013300000000000001,1994774,149983008,2018-06-01,CAP
INVERCAP SA,0.43310000000000004,64731088,149983008,2018-09-01,CAP
M.C. INVERSIONES LIMITADA,0.125,18681015,149983008,2018-09-01,CAP
BANCHILE CORREDORES DE BOLSA S A,0.055099999999999996,8239997,149983008,2018-09-01,CAP
BCI C DE B S A,0.0323,4828361,149983008,2018-09-01,CAP
BANCO DE CHILE POR CUENTA DE STATE STREET,0.027000000000000003,4028176,149983008,2018-09-01,CAP
FUNDACION CAP,0.022099999999999998,3299497,149983008,2018-09-01,CAP
BANCO SANTANDER POR CUENTA DE INV EXTRANJEROS,0.019299999999999998,2891074,149983008,2018-09-01,CAP
SOUTH PACIFIC INVESTMENTS SA,0.019299999999999998,2877970,149983008,2018-09-01,CAP
LARRAIN VIAL S A CORREDORA DE BOLSA,0.0167,2495803,149983008,2018-09-01,CAP
SANTANDER CORREDORES DE BOLSA LIMITADA,0.0154,2304815,149983008,2018-09-01,CAP
CONSORCIO C DE B S A,0.0138,2060140,149983008,2018-09-01,CAP
VALORES SECURITY S A C DE B,0.013300000000000001,1994774,149983008,2018-09-01,CAP
INVERCAP SA,0.43310000000000004,64731088,149983008,2018-12-01,CAP
M.C. INVERSIONES LIMITADA,0.125,18681015,149983008,2018-12-01,CAP
BANCHILE CORREDORES DE BOLSA S A,0.055099999999999996,8239997,149983008,2018-12-01,CAP
BCI C DE B S A,0.0323,4828361,149983008,2018-12-01,CAP
BANCO DE CHILE POR CUENTA DE STATE STREET,0.027000000000000003,4028176,149983008,2018-12-01,CAP
FUNDACION CAP,0.022099999999999998,3299497,149983008,2018-12-01,CAP
BANCO SANTANDER POR CUENTA DE INV EXTRANJEROS,0.019299999999999998,2891074,149983008,2018-12-01,CAP
SOUTH PACIFIC INVESTMENTS SA,0.019299999999999998,2877970,149983008,2018-12-01,CAP
LARRAIN VIAL S A CORREDORA DE BOLSA,0.0167,2495803,149983008,2018-12-01,CAP
SANTANDER CORREDORES DE BOLSA LIMITADA,0.0154,2304815,149983008,2018-12-01,CAP
CONSORCIO C DE B S A,0.0138,2060140,149983008,2018-12-01,CAP
VALORES SECURITY S A C DE B,0.013300000000000001,1994774,149983008,2018-12-01,CAP
INVERCAP SA,0.43310000000000004,64731088,149983008,2019-03-01,CAP
M.C. INVERSIONES LIMITADA,0.125,18681015,149983008,2019-03-01,CAP
BANCHILE CORREDORES DE BOLSA S A,0.055099999999999996,8239997,149983008,2019-03-01,CAP
BCI C DE B S A,0.0323,4828361,149983008,2019-03-01,CAP
BANCO DE CHILE POR CUENTA DE STATE STREET,0.027000000000000003,4028176,149983008,2019-03-01,CAP
FUNDACION CAP,0.022099999999999998,3299497,149983008,2019-03-01,CAP
BANCO SANTANDER POR CUENTA DE INV EXTRANJEROS,0.019299999999999998,2891074,149983008,2019-03-01,CAP
SOUTH PACIFIC INVESTMENTS SA,0.019299999999999998,2877970,149983008,2019-03-01,CAP
LARRAIN VIAL S A CORREDORA DE BOLSA,0.0167,2495803,149983008,2019-03-01,CAP
SANTANDER CORREDORES DE BOLSA LIMITADA,0.0154,2304815,149983008,2019-03-01,CAP
CONSORCIO C DE B S A,0.0138,2060140,149983008,2019-03-01,CAP
VALORES SECURITY S A C DE B,0.013300000000000001,1994774,149983008,2019-03-01,CAP
INVERCAP SA,0.43310000000000004,64731088,149983008,2019-06-01,CAP
M.C. INVERSIONES LIMITADA,0.125,18681015,149983008,2019-06-01,CAP
BANCHILE CORREDORES DE BOLSA S A,0.055099999999999996,8239997,149983008,2019-06-01,CAP
BCI C DE B S A,0.0323,4828361,149983008,2019-06-01,CAP
BANCO DE CHILE POR CUENTA DE STATE STREET,0.027000000000000003,4028176,149983008,2019-06-01,CAP
FUNDACION CAP,0.022099999999999998,3299497,149983008,2019-06-01,CAP
BANCO SANTANDER POR CUENTA DE INV EXTRANJEROS,0.019299999999999998,2891074,149983008,2019-06-01,CAP
SOUTH PACIFIC INVESTMENTS SA,0.019299999999999998,2877970,149983008,2019-06-01,CAP
LARRAIN VIAL S A CORREDORA DE BOLSA,0.0167,2495803,149983008,2019-06-01,CAP
SANTANDER CORREDORES DE BOLSA LIMITADA,0.0154,2304815,149983008,2019-06-01,CAP
CONSORCIO C DE B S A,0.0138,2060140,149983008,2019-06-01,CAP
VALORES SECURITY S A C DE B,0.013300000000000001,1994774,149983008,2019-06-01,CAP
INVERCAP SA,0.43310000000000004,64731088,149983008,2019-09-01,CAP
M.C. INVERSIONES LIMITADA,0.125,18681015,149983008,2019-09-01,CAP
BANCHILE CORREDORES DE BOLSA S A,0.055099999999999996,8239997,149983008,2019-09-01,CAP
BCI C DE B S A,0.0323,4828361,149983008,2019-09-01,CAP
BANCO DE CHILE POR CUENTA DE STATE STREET,0.027000000000000003,4028176,149983008,2019-09-01,CAP
FUNDACION CAP,0.022099999999999998,3299497,149983008,2019-09-01,CAP
BANCO SANTANDER POR CUENTA DE INV EXTRANJEROS,0.019299999999999998,2891074,149983008,2019-09-01,CAP
SOUTH PACIFIC INVESTMENTS SA,0.019299999999999998,2877970,149983008,2019-09-01,CAP
LARRAIN VIAL S A CORREDORA DE BOLSA,0.0167,2495803,149983008,2019-09-01,CAP
SANTANDER CORREDORES DE BOLSA LIMITADA,0.0154,2304815,149983008,2019-09-01,CAP
CONSORCIO C DE B S A,0.0138,2060140,149983008,2019-09-01,CAP
VALORES SECURITY S A C DE B,0.013300000000000001,1994774,149983008,2019-09-01,CAP
INVERCAP SA,0.43310000000000004,64731088,149983008,2019-12-01,CAP
M.C. INVERSIONES LIMITADA,0.125,18681015,149983008,2019-12-01,CAP
BANCHILE CORREDORES DE BOLSA S A,0.055099999999999996,8239997,149983008,2019-12-01,CAP
BCI C DE B S A,0.0323,4828361,149983008,2019-12-01,CAP
BANCO DE CHILE POR CUENTA DE STATE STREET,0.027000000000000003,4028176,149983008,2019-12-01,CAP
FUNDACION CAP,0.022099999999999998,3299497,149983008,2019-12-01,CAP
BANCO SANTANDER POR CUENTA DE INV EXTRANJEROS,0.019299999999999998,2891074,149983008,2019-12-01,CAP
SOUTH PACIFIC INVESTMENTS SA,0.019299999999999998,2877970,149983008,2019-12-01,CAP
LARRAIN VIAL S A CORREDORA DE BOLSA,0.0167,2495803,149983008,2019-12-01,CAP
SANTANDER CORREDORES DE BOLSA LIMITADA,0.0154,2304815,149983008,2019-12-01,CAP
CONSORCIO C DE B S A,0.0138,2060140,149983008,2019-12-01,CAP
VALORES SECURITY S A C DE B,0.013300000000000001,1994774,149983008,2019-12-01,CAP
INVERCAP SA,0.43310000000000004,64731088,149983008,2020-03-01,CAP
M.C. INVERSIONES LIMITADA,0.125,18681015,149983008,2020-03-01,CAP
BANCHILE CORREDORES DE BOLSA S A,0.055099999999999996,8239997,149983008,2020-03-01,CAP
BCI C DE B S A,0.0323,4828361,149983008,2020-03-01,CAP
BANCO DE CHILE POR CUENTA DE STATE STREET,0.027000000000000003,4028176,149983008,2020-03-01,CAP
FUNDACION CAP,0.022099999999999998,3299497,149983008,2020-03-01,CAP
BANCO SANTANDER POR CUENTA DE INV EXTRANJEROS,0.019299999999999998,2891074,149983008,2020-03-01,CAP
SOUTH PACIFIC INVESTMENTS SA,0.019299999999999998,2877970,149983008,2020-03-01,CAP
LARRAIN VIAL S A CORREDORA DE BOLSA,0.0167,2495803,149983008,2020-03-01,CAP
SANTANDER CORREDORES DE BOLSA LIMITADA,0.0154,2304815,149983008,2020-03-01,CAP
CONSORCIO C DE B S A,0.0138,2060140,149983008,2020-03-01,CAP
VALORES SECURITY S A C DE B,0.013300000000000001,1994774,149983008,2020-03-01,CAP
INVERCAP SA,0.43310000000000004,64731088,149983008,2020-06-01,CAP
M.C. INVERSIONES LIMITADA,0.125,18681015,149983008,2020-06-01,CAP
BANCHILE CORREDORES DE BOLSA S A,0.055099999999999996,8239997,149983008,2020-06-01,CAP
BCI C DE B S A,0.0323,4828361,149983008,2020-06-01,CAP
BANCO DE CHILE POR CUENTA DE STATE STREET,0.027000000000000003,4028176,149983008,2020-06-01,CAP
FUNDACION CAP,0.022099999999999998,3299497,149983008,2020-06-01,CAP
BANCO SANTANDER POR CUENTA DE INV EXTRANJEROS,0.019299999999999998,2891074,149983008,2020-06-01,CAP
SOUTH PACIFIC INVESTMENTS SA,0.019299999999999998,2877970,149983008,2020-06-01,CAP
LARRAIN VIAL S A CORREDORA DE BOLSA,0.0167,2495803,149983008,2020-06-01,CAP
SANTANDER CORREDORES DE BOLSA LIMITADA,0.0154,2304815,149983008,2020-06-01,CAP
CONSORCIO C DE B S A,0.0138,2060140,149983008,2020-06-01,CAP
VALORES SECURITY S A C DE B,0.013300000000000001,1994774,149983008,2020-06-01,CAP
INVERCAP SA,0.43310000000000004,64731088,149983008,2020-09-01,CAP
M.C. INVERSIONES LIMITADA,0.125,18681015,149983008,2020-09-01,CAP
BANCHILE CORREDORES DE BOLSA S A,0.055099999999999996,8239997,149983008,2020-09-01,CAP
BCI C DE B S A,0.0323,4828361,149983008,2020-09-01,CAP
BANCO DE CHILE POR CUENTA DE STATE STREET,0.027000000000000003,4028176,149983008,2020-09-01,CAP
FUNDACION CAP,0.022099999999999998,3299497,149983008,2020-09-01,CAP
BANCO SANTANDER POR CUENTA DE INV EXTRANJEROS,0.019299999999999998,2891074,149983008,2020-09-01,CAP
SOUTH PACIFIC INVESTMENTS SA,0.019299999999999998,2877970,149983008,2020-09-01,CAP
LARRAIN VIAL S A CORREDORA DE BOLSA,0.0167,2495803,149983008,2020-09-01,CAP
SANTANDER CORREDORES DE BOLSA LIMITADA,0.0154,2304815,149983008,2020-09-01,CAP
CONSORCIO C DE B S A,0.0138,2060140,149983008,2020-09-01,CAP
VALORES SECURITY S A C DE B,0.013300000000000001,1994774,149983008,2020-09-01,CAP
INVERCAP SA,0.43310000000000004,64731088,149983008,2020-12-01,CAP
M.C. INVERSIONES LIMITADA,0.125,18681015,149983008,2020-12-01,CAP
BANCHILE CORREDORES DE BOLSA S A,0.055099999999999996,8239997,149983008,2020-12-01,CAP
BCI C DE B S A,0.0323,4828361,149983008,2020-12-01,CAP
BANCO DE CHILE POR CUENTA DE STATE STREET,0.027000000000000003,4028176,149983008,2020-12-01,CAP
FUNDACION CAP,0.022099999999999998,3299497,149983008,2020-12-01,CAP
BANCO SANTANDER POR CUENTA DE INV EXTRANJEROS,0.019299999999999998,2891074,149983008,2020-12-01,CAP
SOUTH PACIFIC INVESTMENTS SA,0.019299999999999998,2877970,149983008,2020-12-01,CAP
LARRAIN VIAL S A CORREDORA DE BOLSA,0.0167,2495803,149983008,2020-12-01,CAP
SANTANDER CORREDORES DE BOLSA LIMITADA,0.0154,2304815,149983008,2020-12-01,CAP
CONSORCIO C DE B S A,0.0138,2060140,149983008,2020-12-01,CAP
VALORES SECURITY S A C DE B,0.013300000000000001,1994774,149983008,2020-12-01,CAP
INVERCAP SA,0.43310000000000004,64731088,149983008,2021-03-01,CAP
M.C. INVERSIONES LIMITADA,0.125,18681015,149983008,2021-03-01,CAP
BANCHILE CORREDORES DE BOLSA S A,0.055099999999999996,8239997,149983008,2021-03-01,CAP
BCI C DE B S A,0.0323,4828361,149983008,2021-03-01,CAP
BANCO DE CHILE POR CUENTA DE STATE STREET,0.027000000000000003,4028176,149983008,2021-03-01,CAP
FUNDACION CAP,0.022099999999999998,3299497,149983008,2021-03-01,CAP
BANCO SANTANDER POR CUENTA DE INV EXTRANJEROS,0.019299999999999998,2891074,149983008,2021-03-01,CAP
SOUTH PACIFIC INVESTMENTS SA,0.019299999999999998,2877970,149983008,2021-03-01,CAP
LARRAIN VIAL S A CORREDORA DE BOLSA,0.0167,2495803,149983008,2021-03-01,CAP
SANTANDER CORREDORES DE BOLSA LIMITADA,0.0154,2304815,149983008,2021-03-01,CAP
CONSORCIO C DE B S A,0.0138,2060140,149983008,2021-03-01,CAP
VALORES SECURITY S A C DE B,0.013300000000000001,1994774,149983008,2021-03-01,CAP
INVERCAP SA,0.43310000000000004,64731088,149983008,2021-06-01,CAP
M.C. INVERSIONES LIMITADA,0.125,18681015,149983008,2021-06-01,CAP
BANCHILE CORREDORES DE BOLSA S A,0.055099999999999996,8239997,149983008,2021-06-01,CAP
BCI C DE B S A,0.0323,4828361,149983008,2021-06-01,CAP
BANCO DE CHILE POR CUENTA DE STATE STREET,0.027000000000000003,4028176,149983008,2021-06-01,CAP
FUNDACION CAP,0.022099999999999998,3299497,149983008,2021-06-01,CAP
BANCO SANTANDER POR CUENTA DE INV EXTRANJEROS,0.019299999999999998,2891074,149983008,2021-06-01,CAP
SOUTH PACIFIC INVESTMENTS SA,0.019299999999999998,2877970,149983008,2021-06-01,CAP
LARRAIN VIAL S A CORREDORA DE BOLSA,0.0167,2495803,149983008,2021-06-01,CAP
SANTANDER CORREDORES DE BOLSA LIMITADA,0.0154,2304815,149983008,2021-06-01,CAP
CONSORCIO C DE B S A,0.0138,2060140,149983008,2021-06-01,CAP
VALORES SECURITY S A C DE B,0.013300000000000001,1994774,149983008,2021-06-01,CAP
INVERCAP SA,0.43310000000000004,64731088,149983008,2021-09-01,CAP
M.C. INVERSIONES LIMITADA,0.125,18681015,149983008,2021-09-01,CAP
BANCHILE CORREDORES DE BOLSA S A,0.055099999999999996,8239997,149983008,2021-09-01,CAP
BCI C DE B S A,0.0323,4828361,149983008,2021-09-01,CAP
BANCO DE CHILE POR CUENTA DE STATE STREET,0.027000000000000003,4028176,149983008,2021-09-01,CAP
FUNDACION CAP,0.022099999999999998,3299497,149983008,2021-09-01,CAP
BANCO SANTANDER POR CUENTA DE INV EXTRANJEROS,0.019299999999999998,2891074,149983008,2021-09-01,CAP
SOUTH PACIFIC INVESTMENTS SA,0.019299999999999998,2877970,149983008,2021-09-01,CAP
LARRAIN VIAL S A CORREDORA DE BOLSA,0.0167,2495803,149983008,2021-09-01,CAP
SANTANDER CORREDORES DE BOLSA LIMITADA,0.0154,2304815,149983008,2021-09-01,CAP
CONSORCIO C DE B S A,0.0138,2060140,149983008,2021-09-01,CAP
VALORES SECURITY S A C DE B,0.013300000000000001,1994774,149983008,2021-09-01,CAP
INVERCAP SA,0.43310000000000004,64731088,149983008,2021-12-01,CAP
M.C. INVERSIONES LIMITADA,0.125,18681015,149983008,2021-12-01,CAP
BANCHILE CORREDORES DE BOLSA S A,0.055099999999999996,8239997,149983008,2021-12-01,CAP
BCI C DE B S A,0.0323,4828361,149983008,2021-12-01,CAP
BANCO DE CHILE POR CUENTA DE STATE STREET,0.027000000000000003,4028176,149983008,2021-12-01,CAP
FUNDACION CAP,0.022099999999999998,3299497,149983008,2021-12-01,CAP
BANCO SANTANDER POR CUENTA DE INV EXTRANJEROS,0.019299999999999998,2891074,149983008,2021-12-01,CAP
SOUTH PACIFIC INVESTMENTS SA,0.019299999999999998,2877970,149983008,2021-12-01,CAP
LARRAIN VIAL S A CORREDORA DE BOLSA,0.0167,2495803,149983008,2021-12-01,CAP
SANTANDER CORREDORES DE BOLSA LIMITADA,0.0154,2304815,149983008,2021-12-01,CAP
CONSORCIO C DE B S A,0.0138,2060140,149983008,2021-12-01,CAP
VALORES SECURITY S A C DE B,0.013300000000000001,1994774,149983008,2021-12-01,CAP
INVERCAP SA,0.43310000000000004,64731088,149983008,2022-03-01,CAP
M.C. INVERSIONES LIMITADA,0.125,18681015,149983008,2022-03-01,CAP
BANCHILE CORREDORES DE BOLSA S A,0.055099999999999996,8239997,149983008,2022-03-01,CAP
BCI C DE B S A,0.0323,4828361,149983008,2022-03-01,CAP
BANCO DE CHILE POR CUENTA DE STATE STREET,0.027000000000000003,4028176,149983008,2022-03-01,CAP
FUNDACION CAP,0.022099999999999998,3299497,149983008,2022-03-01,CAP
BANCO SANTANDER POR CUENTA DE INV EXTRANJEROS,0.019299999999999998,2891074,149983008,2022-03-01,CAP
SOUTH PACIFIC INVESTMENTS SA,0.019299999999999998,2877970,149983008,2022-03-01,CAP
LARRAIN VIAL S A CORREDORA DE BOLSA,0.0167,2495803,149983008,2022-03-01,CAP
SANTANDER CORREDORES DE BOLSA LIMITADA,0.0154,2304815,149983008,2022-03-01,CAP
CONSORCIO C DE B S A,0.0138,2060140,149983008,2022-03-01,CAP
VALORES SECURITY S A C DE B,0.013300000000000001,1994774,149983008,2022-03-01,CAP
INVERCAP SA,0.43310000000000004,64731088,149983008,2022-06-01,CAP
M.C. INVERSIONES LIMITADA,0.125,18681015,149983008,2022-06-01,CAP
BANCHILE CORREDORES DE BOLSA S A,0.055099999999999996,8239997,149983008,2022-06-01,CAP
BCI C DE B S A,0.0323,4828361,149983008,2022-06-01,CAP
BANCO DE CHILE POR CUENTA DE STATE STREET,0.027000000000000003,4028176,149983008,2022-06-01,CAP
FUNDACION CAP,0.022099999999999998,3299497,149983008,2022-06-01,CAP
BANCO SANTANDER POR CUENTA DE INV EXTRANJEROS,0.019299999999999998,2891074,149983008,2022-06-01,CAP
SOUTH PACIFIC INVESTMENTS SA,0.019299999999999998,2877970,149983008,2022-06-01,CAP
LARRAIN VIAL S A CORREDORA DE BOLSA,0.0167,2495803,149983008,2022-06-01,CAP
SANTANDER CORREDORES DE BOLSA LIMITADA,0.0154,2304815,149983008,2022-06-01,CAP
CONSORCIO C DE B S A,0.0138,2060140,149983008,2022-06-01,CAP
VALORES SECURITY S A C DE B,0.013300000000000001,1994774,149983008,2022-06-01,CAP
INVERCAP SA,0.43310000000000004,64731088,149983008,2022-09-01,CAP
M.C. INVERSIONES LIMITADA,0.125,18681015,149983008,2022-09-01,CAP
BANCHILE CORREDORES DE BOLSA S A,0.055099999999999996,8239997,149983008,2022-09-01,CAP
BCI C DE B S A,0.0323,4828361,149983008,2022-09-01,CAP
BANCO DE CHILE POR CUENTA DE STATE STREET,0.027000000000000003,4028176,149983008,2022-09-01,CAP
FUNDACION CAP,0.022099999999999998,3299497,149983008,2022-09-01,CAP
BANCO SANTANDER POR CUENTA DE INV EXTRANJEROS,0.019299999999999998,2891074,149983008,2022-09-01,CAP
SOUTH PACIFIC INVESTMENTS SA,0.019299999999999998,2877970,149983008,2022-09-01,CAP
LARRAIN VIAL S A CORREDORA DE BOLSA,0.0167,2495803,149983008,2022-09-01,CAP
SANTANDER CORREDORES DE BOLSA LIMITADA,0.0154,2304815,149983008,2022-09-01,CAP
CONSORCIO C DE B S A,0.0138,2060140,149983008,2022-09-01,CAP
VALORES SECURITY S A C DE B,0.013300000000000001,1994774,149983008,2022-09-01,CAP
INVERCAP SA,0.43310000000000004,64731088,149983008,2022-12-01,CAP
M.C. INVERSIONES LIMITADA,0.125,18681015,149983008,2022-12-01,CAP
BANCHILE CORREDORES DE BOLSA S A,0.055099999999999996,8239997,149983008,2022-12-01,CAP
BCI C DE B S A,0.0323,4828361,149983008,2022-12-01,CAP
BANCO DE CHILE POR CUENTA DE STATE STREET,0.027000000000000003,4028176,149983008,2022-12-01,CAP
FUNDACION CAP,0.022099999999999998,3299497,149983008,2022-12-01,CAP
BANCO SANTANDER POR CUENTA DE INV EXTRANJEROS,0.019299999999999998,2891074,149983008,2022-12-01,CAP
SOUTH PACIFIC INVESTMENTS SA,0.019299999999999998,2877970,149983008,2022-12-01,CAP
LARRAIN VIAL S A CORREDORA DE BOLSA,0.0167,2495803,149983008,2022-12-01,CAP
SANTANDER CORREDORES DE BOLSA LIMITADA,0.0154,2304815,149983008,2022-12-01,CAP
CONSORCIO C DE B S A,0.0138,2060140,149983008,2022-12-01,CAP
VALORES SECURITY S A C DE B,0.013300000000000001,1994774,149983008,2022-12-01,CAP
INVERCAP SA,0.43310000000000004,64731088,149983008,2023-03-01,CAP
M.C. INVERSIONES LIMITADA,0.125,18681015,149983008,2023-03-01,CAP
BANCHILE CORREDORES DE BOLSA S A,0.055099999999999996,8239997,149983008,2023-03-01,CAP
BCI C DE B S A,0.0323,4828361,149983008,2023-03-01,CAP
BANCO DE CHILE POR CUENTA DE STATE STREET,0.027000000000000003,4028176,149983008,2023-03-01,CAP
FUNDACION CAP,0.022099999999999998,3299497,149983008,2023-03-01,CAP
BANCO SANTANDER POR CUENTA DE INV EXTRANJEROS,0.019299999999999998,2891074,149983008,2023-03-01,CAP
SOUTH PACIFIC INVESTMENTS SA,0.019299999999999998,2877970,149983008,2023-03-01,CAP
LARRAIN VIAL S A CORREDORA DE BOLSA,0.0167,2495803,149983008,2023-03-01,CAP
SANTANDER CORREDORES DE BOLSA LIMITADA,0.0154,2304815,149983008,2023-03-01,CAP
CONSORCIO C DE B S A,0.0138,2060140,149983008,2023-03-01,CAP
VALORES SECURITY S A C DE B,0.013300000000000001,1994774,149983008,2023-03-01,CAP
INVERCAP SA,0.43310000000000004,64731088,149983008,2023-06-01,CAP
M.C. INVERSIONES LIMITADA,0.125,18681015,149983008,2023-06-01,CAP
BANCHILE CORREDORES DE BOLSA S A,0.055099999999999996,8239997,149983008,2023-06-01,CAP
BCI C DE B S A,0.0323,4828361,149983008,2023-06-01,CAP
BANCO DE CHILE POR CUENTA DE STATE STREET,0.027000000000000003,4028176,149983008,2023-06-01,CAP
FUNDACION CAP,0.022099999999999998,3299497,149983008,2023-06-01,CAP
BANCO SANTANDER POR CUENTA DE INV EXTRANJEROS,0.019299999999999998,2891074,149983008,2023-06-01,CAP
SOUTH PACIFIC INVESTMENTS SA,0.019299999999999998,2877970,149983008,2023-06-01,CAP
LARRAIN VIAL S A CORREDORA DE BOLSA,0.0167,2495803,149983008,2023-06-01,CAP
SANTANDER CORREDORES DE BOLSA LIMITADA,0.0154,2304815,149983008,2023-06-01,CAP
CONSORCIO C DE B S A,0.0138,2060140,149983008,2023-06-01,CAP
VALORES SECURITY S A C DE B,0.013300000000000001,1994774,149983008,2023-06-01,CAP
INVERCAP SA,0.43310000000000004,64731088,149983008,2023-09-01,CAP
M.C. INVERSIONES LIMITADA,0.125,18681015,149983008,2023-09-01,CAP
BANCHILE CORREDORES DE BOLSA S A,0.055099999999999996,8239997,149983008,2023-09-01,CAP
BCI C DE B S A,0.0323,4828361,149983008,2023-09-01,CAP
BANCO DE CHILE POR CUENTA DE STATE STREET,0.027000000000000003,4028176,149983008,2023-09-01,CAP
FUNDACION CAP,0.022099999999999998,3299497,149983008,2023-09-01,CAP
BANCO SANTANDER POR CUENTA DE INV EXTRANJEROS,0.019299999999999998,2891074,149983008,2023-09-01,CAP
SOUTH PACIFIC INVESTMENTS SA,0.019299999999999998,2877970,149983008,2023-09-01,CAP
LARRAIN VIAL S A CORREDORA DE BOLSA,0.0167,2495803,149983008,2023-09-01,CAP
SANTANDER CORREDORES DE BOLSA LIMITADA,0.0154,2304815,149983008,2023-09-01,CAP
CONSORCIO C DE B S A,0.0138,2060140,149983008,2023-09-01,CAP
VALORES SECURITY S A C DE B,0.013300000000000001,1994774,149983008,2023-09-01,CAP
INVERCAP SA,0.43310000000000004,64731088,149983008,2023-12-01,CAP
M.C. INVERSIONES LIMITADA,0.125,18681015,149983008,2023-12-01,CAP
BANCHILE CORREDORES DE BOLSA S A,0.055099999999999996,8239997,149983008,2023-12-01,CAP
BCI C DE B S A,0.0323,4828361,149983008,2023-12-01,CAP
BANCO DE CHILE POR CUENTA DE STATE STREET,0.027000000000000003,4028176,149983008,2023-12-01,CAP
FUNDACION CAP,0.022099999999999998,3299497,149983008,2023-12-01,CAP
BANCO SANTANDER POR CUENTA DE INV EXTRANJEROS,0.019299999999999998,2891074,149983008,2023-12-01,CAP
SOUTH PACIFIC INVESTMENTS SA,0.019299999999999998,2877970,149983008,2023-12-01,CAP
LARRAIN VIAL S A CORREDORA DE BOLSA,0.0167,2495803,149983008,2023-12-01,CAP
SANTANDER CORREDORES DE BOLSA LIMITADA,0.0154,2304815,149983008,2023-12-01,CAP
CONSORCIO C DE B S A,0.0138,2060140,149983008,2023-12-01,CAP
VALORES SECURITY S A C DE B,0.013300000000000001,1994774,149983008,2023-12-01,CAP
INVERCAP SA,0.43310000000000004,64731088,149983008,2024-03-01,CAP
M.C. INVERSIONES LIMITADA,0.125,18681015,149983008,2024-03-01,CAP
BANCHILE CORREDORES DE BOLSA S A,0.055099999999999996,8239997,149983008,2024-03-01,CAP
BCI C DE B S A,0.0323,4828361,149983008,2024-03-01,CAP
BANCO DE CHILE POR CUENTA DE STATE STREET,0.027000000000000003,4028176,149983008,2024-03-01,CAP
FUNDACION CAP,0.022099999999999998,3299497,149983008,2024-03-01,CAP
BANCO SANTANDER POR CUENTA DE INV EXTRANJEROS,0.019299999999999998,2891074,149983008,2024-03-01,CAP
SOUTH PACIFIC INVESTMENTS SA,0.019299999999999998,2877970,149983008,2024-03-01,CAP
LARRAIN VIAL S A CORREDORA DE BOLSA,0.0167,2495803,149983008,2024-03-01,CAP
SANTANDER CORREDORES DE BOLSA LIMITADA,0.0154,2304815,149983008,2024-03-01,CAP
CONSORCIO C DE B S A,0.0138,2060140,149983008,2024-03-01,CAP
VALORES SECURITY S A C DE B,0.013300000000000001,1994774,149983008,2024-03-01,CAP
INVERCAP SA,0.43310000000000004,64731088,149983008,2024-06-01,CAP
M.C. INVERSIONES LIMITADA,0.125,18681015,149983008,2024-06-01,CAP
BANCHILE CORREDORES DE BOLSA S A,0.055099999999999996,8239997,149983008,2024-06-01,CAP
BCI C DE B S A,0.0323,4828361,149983008,2024-06-01,CAP
BANCO DE CHILE POR CUENTA DE STATE STREET,0.027000000000000003,4028176,149983008,2024-06-01,CAP
FUNDACION CAP,0.022099999999999998,3299497,149983008,2024-06-01,CAP
BANCO SANTANDER POR CUENTA DE INV EXTRANJEROS,0.019299999999999998,2891074,149983008,2024-06-01,CAP
SOUTH PACIFIC INVESTMENTS SA,0.019299999999999998,2877970,149983008,2024-06-01,CAP
LARRAIN VIAL S A CORREDORA DE BOLSA,0.0167,2495803,149983008,2024-06-01,CAP
SANTANDER CORREDORES DE BOLSA LIMITADA,0.0154,2304815,149983008,2024-06-01,CAP
CONSORCIO C DE B S A,0.0138,2060140,149983008,2024-06-01,CAP
VALORES SECURITY S A C DE B,0.013300000000000001,1994774,149983008,2024-06-01,CAP
INVERCAP SA,0.43310000000000004,64731088,149983008,2024-09-01,CAP
M.C. INVERSIONES LIMITADA,0.125,18681015,149983008,2024-09-01,CAP
BANCHILE CORREDORES DE BOLSA S A,0.055099999999999996,8239997,149983008,2024-09-01,CAP
BCI C DE B S A,0.0323,4828361,149983008,2024-09-01,CAP
BANCO DE CHILE POR CUENTA DE STATE STREET,0.027000000000000003,4028176,149983008,2024-09-01,CAP
FUNDACION CAP,0.022099999999999998,3299497,149983008,2024-09-01,CAP
BANCO SANTANDER POR CUENTA DE INV EXTRANJEROS,0.019299999999999998,2891074,149983008,2024-09-01,CAP
SOUTH PACIFIC INVESTMENTS SA,0.019299999999999998,2877970,149983008,2024-09-01,CAP
LARRAIN VIAL S A CORREDORA DE BOLSA,0.0167,2495803,149983008,2024-09-01,CAP
SANTANDER CORREDORES DE BOLSA LIMITADA,0.0154,2304815,149983008,2024-09-01,CAP
CONSORCIO C DE B S A,0.0138,2060140,149983008,2024-09-01,CAP
VALORES SECURITY S A C DE B,0.013300000000000001,1994774,149983008,2024-09-01,CAP
INVERCAP SA,0.43310000000000004,64731088,149983008,2024-12-01,CAP
M.C. INVERSIONES LIMITADA,0.125,18681015,149983008,2024-12-01,CAP
BANCHILE CORREDORES DE BOLSA S A,0.055099999999999996,8239997,149983008,2024-12-01,CAP
BCI C DE B S A,0.0323,4828361,149983008,2024-12-01,CAP
BANCO DE CHILE POR CUENTA DE STATE STREET,0.027000000000000003,4028176,149983008,2024-12-01,CAP
FUNDACION CAP,0.022099999999999998,3299497,149983008,2024-12-01,CAP
BANCO SANTANDER POR CUENTA DE INV EXTRANJEROS,0.019299999999999998,2891074,149983008,2024-12-01,CAP
SOUTH PACIFIC INVESTMENTS SA,0.019299999999999998,2877970,149983008,2024-12-01,CAP
LARRAIN VIAL S A CORREDORA DE BOLSA,0.0167,2495803,149983008,2024-12-01,CAP
SANTANDER CORREDORES DE BOLSA LIMITADA,0.0154,2304815,149983008,2024-12-01,CAP
CONSORCIO C DE B S A,0.0138,2060140,149983008,2024-12-01,CAP
VALORES SECURITY S A C DE B,0.013300000000000001,1994774,149983008,2024-12-01,CAP
INVERCAP SA,0.43310000000000004,64731088,149983008,2025-03-01,CAP
M.C. INVERSIONES LIMITADA,0.125,18681015,149983008,2025-03-01,CAP
BANCHILE CORREDORES DE BOLSA S A,0.055099999999999996,8239997,149983008,2025-03-01,CAP
BCI C DE B S A,0.0323,4828361,149983008,2025-03-01,CAP
BANCO DE CHILE POR CUENTA DE STATE STREET,0.027000000000000003,4028176,149983008,2025-03-01,CAP
FUNDACION CAP,0.022099999999999998,3299497,149983008,2025-03-01,CAP
BANCO SANTANDER POR CUENTA DE INV EXTRANJEROS,0.019299999999999998,2891074,149983008,2025-03-01,CAP
SOUTH PACIFIC INVESTMENTS SA,0.019299999999999998,2877970,149983008,2025-03-01,CAP
LARRAIN VIAL S A CORREDORA DE BOLSA,0.0167,2495803,149983008,2025-03-01,CAP
SANTANDER CORREDORES DE BOLSA LIMITADA,0.0154,2304815,149983008,2025-03-01,CAP
CONSORCIO C DE B S A,0.0138,2060140,149983008,2025-03-01,CAP
VALORES SECURITY S A C DE B,0.013300000000000001,1994774,149983008,2025-03-01,CAP
INVERCAP SA,0.43310000000000004,64731088,149983008,2025-06-01,CAP
M.C. INVERSIONES LIMITADA,0.125,18681015,149983008,2025-06-01,CAP
BANCHILE CORREDORES DE BOLSA S A,0.055099999999999996,8239997,149983008,2025-06-01,CAP
BCI C DE B S A,0.0323,4828361,149983008,2025-06-01,CAP
BANCO DE CHILE POR CUENTA DE STATE STREET,0.027000000000000003,4028176,149983008,2025-06-01,CAP
FUNDACION CAP,0.022099999999999998,3299497,149983008,2025-06-01,CAP
BANCO SANTANDER POR CUENTA DE INV EXTRANJEROS,0.019299999999999998,2891074,149983008,2025-06-01,CAP
SOUTH PACIFIC INVESTMENTS SA,0.019299999999999998,2877970,149983008,2025-06-01,CAP
LARRAIN VIAL S A CORREDORA DE BOLSA,0.0167,2495803,149983008,2025-06-01,CAP
SANTANDER CORREDORES DE BOLSA LIMITADA,0.0154,2304815,149983008,2025-06-01,CAP
CONSORCIO C DE B S A,0.0138,2060140,149983008,2025-06-01,CAP
VALORES SECURITY S A C DE B,0.013300000000000001,1994774,149983008,2025-06-01,CAP
INVERCAP SA,0.43310000000000004,64731088,149983008,2025-09-01,CAP
M.C. INVERSIONES LIMITADA,0.125,18681015,149983008,2025-09-01,CAP
BANCHILE CORREDORES DE BOLSA S A,0.055099999999999996,8239997,149983008,2025-09-01,CAP
BCI C DE B S A,0.0323,4828361,149983008,2025-09-01,CAP
BANCO DE CHILE POR CUENTA DE STATE STREET,0.027000000000000003,4028176,149983008,2025-09-01,CAP
FUNDACION CAP,0.022099999999999998,3299497,149983008,2025-09-01,CAP
BANCO SANTANDER POR CUENTA DE INV EXTRANJEROS,0.019299999999999998,2891074,149983008,2025-09-01,CAP
SOUTH PACIFIC INVESTMENTS SA,0.019299999999999998,2877970,149983008,2025-09-01,CAP
LARRAIN VIAL S A CORREDORA DE BOLSA,0.0167,2495803,149983008,2025-09-01,CAP
SANTANDER CORREDORES DE BOLSA LIMITADA,0.0154,2304815,149983008,2025-09-01,CAP
CONSORCIO C DE B S A,0.0138,2060140,149983008,2025-09-01,CAP
VALORES SECURITY S A C DE B,0.013300000000000001,1994774,149983008,2025-09-01,CAP
INVERCAP SA,0.43310000000000004,64731088,149983008,2025-12-01,CAP
M.C. INVERSIONES LIMITADA,0.125,18681015,149983008,2025-12-01,CAP
BANCHILE CORREDORES DE BOLSA S A,0.055099999999999996,8239997,149983008,2025-12-01,CAP
BCI C DE B S A,0.0323,4828361,149983008,2025-12-01,CAP
BANCO DE CHILE POR CUENTA DE STATE STREET,0.027000000000000003,4028176,149983008,2025-12-01,CAP
FUNDACION CAP,0.022099999999999998,3299497,149983008,2025-12-01,CAP
BANCO SANTANDER POR CUENTA DE INV EXTRANJEROS,0.019299999999999998,2891074,149983008,2025-12-01,CAP
SOUTH PACIFIC INVESTMENTS SA,0.019299999999999998,2877970,149983008,2025-12-01,CAP
LARRAIN VIAL S A CORREDORA DE BOLSA,0.0167,2495803,149983008,2025-12-01,CAP
SANTANDER CORREDORES DE BOLSA LIMITADA,0.0154,2304815,149983008,2025-12-01,CAP
CONSORCIO C DE B S A,0.0138,2060140,149983008,2025-12-01,CAP
VALORES SECURITY S A C DE B,0.013300000000000001,1994774,149983008,2025-12-01,CAP
MINERA VALPARAISO S.A.,0.3519,6170679733,17589331589,2016-03-01,COLBUN
FORESTAL COMINCO S.A.,0.14,2454688263,17589331589,2016-03-01,COLBUN
ANTARCHILE S.A.,0.0958,1680445653,17589331589,2016-03-01,COLBUN
BANCO DE CHILE POR CUENTA DE STATE STREET,0.026600000000000002,466262167,17589331589,2016-03-01,COLBUN
BANCO SANTANDER - JP MORGAN,0.0262,459630748,17589331589,2016-03-01,COLBUN
LARRAIN VIAL S.A. CORREDORA DE BOLSA,0.017,297816191,17589331589,2016-03-01,COLBUN
FONDO DE PENSIONES HABITAT A,0.0159,278116006,17589331589,2016-03-01,COLBUN
FONDO DE PENSIONES HABITAT C,0.0152,266364679,17589331589,2016-03-01,COLBUN
BANCHILE CORREDORES DE BOLSA S.A.,0.0151,265598907,17589331589,2016-03-01,COLBUN
BANCO DE CHILE POR CUENTA DE CITI N.A. NEW YORK,0.0146,256000509,17589331589,2016-03-01,COLBUN
BANCO DE CHILE POR CUENTA DE TERCEROS CA,0.013600000000000001,238197988,17589331589,2016-03-01,COLBUN
FONDO DE PENSIONES CUPRUM A,0.013600000000000001,237941964,17589331589,2016-03-01,COLBUN
MINERA VALPARAISO S.A.,0.3519,6170679733,17589331589,2016-06-01,COLBUN
FORESTAL COMINCO S.A.,0.14,2454688263,17589331589,2016-06-01,COLBUN
ANTARCHILE S.A.,0.0958,1680445653,17589331589,2016-06-01,COLBUN
BANCO DE CHILE POR CUENTA DE STATE STREET,0.026600000000000002,466262167,17589331589,2016-06-01,COLBUN
BANCO SANTANDER - JP MORGAN,0.0262,459630748,17589331589,2016-06-01,COLBUN
LARRAIN VIAL S.A. CORREDORA DE BOLSA,0.017,297816191,17589331589,2016-06-01,COLBUN
FONDO DE PENSIONES HABITAT A,0.0159,278116006,17589331589,2016-06-01,COLBUN
FONDO DE PENSIONES HABITAT C,0.0152,266364679,17589331589,2016-06-01,COLBUN
BANCHILE CORREDORES DE BOLSA S.A.,0.0151,265598907,17589331589,2016-06-01,COLBUN
BANCO DE CHILE POR CUENTA DE CITI N.A. NEW YORK,0.0146,256000509,17589331589,2016-06-01,COLBUN
BANCO DE CHILE POR CUENTA DE TERCEROS CA,0.013600000000000001,238197988,17589331589,2016-06-01,COLBUN
FONDO DE PENSIONES CUPRUM A,0.013600000000000001,237941964,17589331589,2016-06-01,COLBUN
MINERA VALPARAISO S.A.,0.3519,6170679733,17589331589,2016-09-01,COLBUN
FORESTAL COMINCO S.A.,0.14,2454688263,17589331589,2016-09-01,COLBUN
ANTARCHILE S.A.,0.0958,1680445653,17589331589,2016-09-01,COLBUN
BANCO DE CHILE POR CUENTA DE STATE STREET,0.026600000000000002,466262167,17589331589,2016-09-01,COLBUN
BANCO SANTANDER - JP MORGAN,0.0262,459630748,17589331589,2016-09-01,COLBUN
LARRAIN VIAL S.A. CORREDORA DE BOLSA,0.017,297816191,17589331589,2016-09-01,COLBUN
FONDO DE PENSIONES HABITAT A,0.0159,278116006,17589331589,2016-09-01,COLBUN
FONDO DE PENSIONES HABITAT C,0.0152,266364679,17589331589,2016-09-01,COLBUN
BANCHILE CORREDORES DE BOLSA S.A.,0.0151,265598907,17589331589,2016-09-01,COLBUN
BANCO DE CHILE POR CUENTA DE CITI N.A. NEW YORK,0.0146,256000509,17589331589,2016-09-01,COLBUN
BANCO DE CHILE POR CUENTA DE TERCEROS CA,0.013600000000000001,238197988,17589331589,2016-09-01,COLBUN
FONDO DE PENSIONES CUPRUM A,0.013600000000000001,237941964,17589331589,2016-09-01,COLBUN
MINERA VALPARAISO S.A.,0.3519,6170679733,17589331589,2016-12-01,COLBUN
FORESTAL COMINCO S.A.,0.14,2454688263,17589331589,2016-12-01,COLBUN
ANTARCHILE S.A.,0.0958,1680445653,17589331589,2016-12-01,COLBUN
BANCO DE CHILE POR CUENTA DE STATE STREET,0.026600000000000002,466262167,17589331589,2016-12-01,COLBUN
BANCO SANTANDER - JP MORGAN,0.0262,459630748,17589331589,2016-12-01,COLBUN
LARRAIN VIAL S.A. CORREDORA DE BOLSA,0.017,297816191,17589331589,2016-12-01,COLBUN
FONDO DE PENSIONES HABITAT A,0.0159,278116006,17589331589,2016-12-01,COLBUN
FONDO DE PENSIONES HABITAT C,0.0152,266364679,17589331589,2016-12-01,COLBUN
BANCHILE CORREDORES DE BOLSA S.A.,0.0151,265598907,17589331589,2016-12-01,COLBUN
BANCO DE CHILE POR CUENTA DE CITI N.A. NEW YORK,0.0146,256000509,17589331589,2016-12-01,COLBUN
BANCO DE CHILE POR CUENTA DE TERCEROS CA,0.013600000000000001,238197988,17589331589,2016-12-01,COLBUN
FONDO DE PENSIONES CUPRUM A,0.013600000000000001,237941964,17589331589,2016-12-01,COLBUN
MINERA VALPARAISO S.A.,0.3519,6170679733,17589331589,2017-03-01,COLBUN
FORESTAL COMINCO S.A.,0.14,2454688263,17589331589,2017-03-01,COLBUN
ANTARCHILE S.A.,0.0958,1680445653,17589331589,2017-03-01,COLBUN
BANCO DE CHILE POR CUENTA DE STATE STREET,0.026600000000000002,466262167,17589331589,2017-03-01,COLBUN
BANCO SANTANDER - JP MORGAN,0.0262,459630748,17589331589,2017-03-01,COLBUN
LARRAIN VIAL S.A. CORREDORA DE BOLSA,0.017,297816191,17589331589,2017-03-01,COLBUN
FONDO DE PENSIONES HABITAT A,0.0159,278116006,17589331589,2017-03-01,COLBUN
FONDO DE PENSIONES HABITAT C,0.0152,266364679,17589331589,2017-03-01,COLBUN
BANCHILE CORREDORES DE BOLSA S.A.,0.0151,265598907,17589331589,2017-03-01,COLBUN
BANCO DE CHILE POR CUENTA DE CITI N.A. NEW YORK,0.0146,256000509,17589331589,2017-03-01,COLBUN
BANCO DE CHILE POR CUENTA DE TERCEROS CA,0.013600000000000001,238197988,17589331589,2017-03-01,COLBUN
FONDO DE PENSIONES CUPRUM A,0.013600000000000001,237941964,17589331589,2017-03-01,COLBUN
MINERA VALPARAISO S.A.,0.3519,6170679733,17589331589,2017-06-01,COLBUN
FORESTAL COMINCO S.A.,0.14,2454688263,17589331589,2017-06-01,COLBUN
ANTARCHILE S.A.,0.0958,1680445653,17589331589,2017-06-01,COLBUN
BANCO DE CHILE POR CUENTA DE STATE STREET,0.026600000000000002,466262167,17589331589,2017-06-01,COLBUN
BANCO SANTANDER - JP MORGAN,0.0262,459630748,17589331589,2017-06-01,COLBUN
LARRAIN VIAL S.A. CORREDORA DE BOLSA,0.017,297816191,17589331589,2017-06-01,COLBUN
FONDO DE PENSIONES HABITAT A,0.0159,278116006,17589331589,2017-06-01,COLBUN
FONDO DE PENSIONES HABITAT C,0.0152,266364679,17589331589,2017-06-01,COLBUN
BANCHILE CORREDORES DE BOLSA S.A.,0.0151,265598907,17589331589,2017-06-01,COLBUN
BANCO DE CHILE POR CUENTA DE CITI N.A. NEW YORK,0.0146,256000509,17589331589,2017-06-01,COLBUN
BANCO DE CHILE POR CUENTA DE TERCEROS CA,0.013600000000000001,238197988,17589331589,2017-06-01,COLBUN
FONDO DE PENSIONES CUPRUM A,0.013600000000000001,237941964,17589331589,2017-06-01,COLBUN
MINERA VALPARAISO S.A.,0.3519,6170679733,17589331589,2017-09-01,COLBUN
FORESTAL COMINCO S.A.,0.14,2454688263,17589331589,2017-09-01,COLBUN
ANTARCHILE S.A.,0.0958,1680445653,17589331589,2017-09-01,COLBUN
BANCO DE CHILE POR CUENTA DE STATE STREET,0.026600000000000002,466262167,17589331589,2017-09-01,COLBUN
BANCO SANTANDER - JP MORGAN,0.0262,459630748,17589331589,2017-09-01,COLBUN
LARRAIN VIAL S.A. CORREDORA DE BOLSA,0.017,297816191,17589331589,2017-09-01,COLBUN
FONDO DE PENSIONES HABITAT A,0.0159,278116006,17589331589,2017-09-01,COLBUN
FONDO DE PENSIONES HABITAT C,0.0152,266364679,17589331589,2017-09-01,COLBUN
BANCHILE CORREDORES DE BOLSA S.A.,0.0151,265598907,17589331589,2017-09-01,COLBUN
BANCO DE CHILE POR CUENTA DE CITI N.A. NEW YORK,0.0146,256000509,17589331589,2017-09-01,COLBUN
BANCO DE CHILE POR CUENTA DE TERCEROS CA,0.013600000000000001,238197988,17589331589,2017-09-01,COLBUN
FONDO DE PENSIONES CUPRUM A,0.013600000000000001,237941964,17589331589,2017-09-01,COLBUN
MINERA VALPARAISO S.A.,0.3519,6170679733,17589331589,2017-12-01,COLBUN
FORESTAL COMINCO S.A.,0.14,2454688263,17589331589,2017-12-01,COLBUN
ANTARCHILE S.A.,0.0958,1680445653,17589331589,2017-12-01,COLBUN
BANCO DE CHILE POR CUENTA DE STATE STREET,0.026600000000000002,466262167,17589331589,2017-12-01,COLBUN
BANCO SANTANDER - JP MORGAN,0.0262,459630748,17589331589,2017-12-01,COLBUN
LARRAIN VIAL S.A. CORREDORA DE BOLSA,0.017,297816191,17589331589,2017-12-01,COLBUN
FONDO DE PENSIONES HABITAT A,0.0159,278116006,17589331589,2017-12-01,COLBUN
FONDO DE PENSIONES HABITAT C,0.0152,266364679,17589331589,2017-12-01,COLBUN
BANCHILE CORREDORES DE BOLSA S.A.,0.0151,265598907,17589331589,2017-12-01,COLBUN
BANCO DE CHILE POR CUENTA DE CITI N.A. NEW YORK,0.0146,256000509,17589331589,2017-12-01,COLBUN
BANCO DE CHILE POR CUENTA DE TERCEROS CA,0.013600000000000001,238197988,17589331589,2017-12-01,COLBUN
FONDO DE PENSIONES CUPRUM A,0.013600000000000001,237941964,17589331589,2017-12-01,COLBUN
MINERA VALPARAISO S.A.,0.3519,6170679733,17589331589,2018-03-01,COLBUN
FORESTAL COMINCO S.A.,0.14,2454688263,17589331589,2018-03-01,COLBUN
ANTARCHILE S.A.,0.0958,1680445653,17589331589,2018-03-01,COLBUN
BANCO DE CHILE POR CUENTA DE STATE STREET,0.026600000000000002,466262167,17589331589,2018-03-01,COLBUN
BANCO SANTANDER - JP MORGAN,0.0262,459630748,17589331589,2018-03-01,COLBUN
LARRAIN VIAL S.A. CORREDORA DE BOLSA,0.017,297816191,17589331589,2018-03-01,COLBUN
FONDO DE PENSIONES HABITAT A,0.0159,278116006,17589331589,2018-03-01,COLBUN
FONDO DE PENSIONES HABITAT C,0.0152,266364679,17589331589,2018-03-01,COLBUN
BANCHILE CORREDORES DE BOLSA S.A.,0.0151,265598907,17589331589,2018-03-01,COLBUN
BANCO DE CHILE POR CUENTA DE CITI N.A. NEW YORK,0.0146,256000509,17589331589,2018-03-01,COLBUN
BANCO DE CHILE POR CUENTA DE TERCEROS CA,0.013600000000000001,238197988,17589331589,2018-03-01,COLBUN
FONDO DE PENSIONES CUPRUM A,0.013600000000000001,237941964,17589331589,2018-03-01,COLBUN
MINERA VALPARAISO S.A.,0.3519,6170679733,17589331589,2018-06-01,COLBUN
FORESTAL COMINCO S.A.,0.14,2454688263,17589331589,2018-06-01,COLBUN
ANTARCHILE S.A.,0.0958,1680445653,17589331589,2018-06-01,COLBUN
BANCO DE CHILE POR CUENTA DE STATE STREET,0.026600000000000002,466262167,17589331589,2018-06-01,COLBUN
BANCO SANTANDER - JP MORGAN,0.0262,459630748,17589331589,2018-06-01,COLBUN
LARRAIN VIAL S.A. CORREDORA DE BOLSA,0.017,297816191,17589331589,2018-06-01,COLBUN
FONDO DE PENSIONES HABITAT A,0.0159,278116006,17589331589,2018-06-01,COLBUN
FONDO DE PENSIONES HABITAT C,0.0152,266364679,17589331589,2018-06-01,COLBUN
BANCHILE CORREDORES DE BOLSA S.A.,0.0151,265598907,17589331589,2018-06-01,COLBUN
BANCO DE CHILE POR CUENTA DE CITI N.A. NEW YORK,0.0146,256000509,17589331589,2018-06-01,COLBUN
BANCO DE CHILE POR CUENTA DE TERCEROS CA,0.013600000000000001,238197988,17589331589,2018-06-01,COLBUN
FONDO DE PENSIONES CUPRUM A,0.013600000000000001,237941964,17589331589,2018-06-01,COLBUN
MINERA VALPARAISO S.A.,0.3519,6170679733,17589331589,2018-09-01,COLBUN
FORESTAL COMINCO S.A.,0.14,2454688263,17589331589,2018-09-01,COLBUN
ANTARCHILE S.A.,0.0958,1680445653,17589331589,2018-09-01,COLBUN
BANCO DE CHILE POR CUENTA DE STATE STREET,0.026600000000000002,466262167,17589331589,2018-09-01,COLBUN
BANCO SANTANDER - JP MORGAN,0.0262,459630748,17589331589,2018-09-01,COLBUN
LARRAIN VIAL S.A. CORREDORA DE BOLSA,0.017,297816191,17589331589,2018-09-01,COLBUN
FONDO DE PENSIONES HABITAT A,0.0159,278116006,17589331589,2018-09-01,COLBUN
FONDO DE PENSIONES HABITAT C,0.0152,266364679,17589331589,2018-09-01,COLBUN
BANCHILE CORREDORES DE BOLSA S.A.,0.0151,265598907,17589331589,2018-09-01,COLBUN
BANCO DE CHILE POR CUENTA DE CITI N.A. NEW YORK,0.0146,256000509,17589331589,2018-09-01,COLBUN
BANCO DE CHILE POR CUENTA DE TERCEROS CA,0.013600000000000001,238197988,17589331589,2018-09-01,COLBUN
FONDO DE PENSIONES CUPRUM A,0.013600000000000001,237941964,17589331589,2018-09-01,COLBUN
MINERA VALPARAISO S.A.,0.3519,6170679733,17589331589,2018-12-01,COLBUN
FORESTAL COMINCO S.A.,0.14,2454688263,17589331589,2018-12-01,COLBUN
ANTARCHILE S.A.,0.0958,1680445653,17589331589,2018-12-01,COLBUN
BANCO DE CHILE POR CUENTA DE STATE STREET,0.026600000000000002,466262167,17589331589,2018-12-01,COLBUN
BANCO SANTANDER - JP MORGAN,0.0262,459630748,17589331589,2018-12-01,COLBUN
LARRAIN VIAL S.A. CORREDORA DE BOLSA,0.017,297816191,17589331589,2018-12-01,COLBUN
FONDO DE PENSIONES HABITAT A,0.0159,278116006,17589331589,2018-12-01,COLBUN
FONDO DE PENSIONES HABITAT C,0.0152,266364679,17589331589,2018-12-01,COLBUN
BANCHILE CORREDORES DE BOLSA S.A.,0.0151,265598907,17589331589,2018-12-01,COLBUN
BANCO DE CHILE POR CUENTA DE CITI N.A. NEW YORK,0.0146,256000509,17589331589,2018-12-01,COLBUN
BANCO DE CHILE POR CUENTA DE TERCEROS CA,0.013600000000000001,238197988,17589331589,2018-12-01,COLBUN
FONDO DE PENSIONES CUPRUM A,0.013600000000000001,237941964,17589331589,2018-12-01,COLBUN
MINERA VALPARAISO S.A.,0.3519,6170679733,17589331589,2019-03-01,COLBUN
FORESTAL COMINCO S.A.,0.14,2454688263,17589331589,2019-03-01,COLBUN
ANTARCHILE S.A.,0.0958,1680445653,17589331589,2019-03-01,COLBUN
BANCO DE CHILE POR CUENTA DE STATE STREET,0.026600000000000002,466262167,17589331589,2019-03-01,COLBUN
BANCO SANTANDER - JP MORGAN,0.0262,459630748,17589331589,2019-03-01,COLBUN
LARRAIN VIAL S.A. CORREDORA DE BOLSA,0.017,297816191,17589331589,2019-03-01,COLBUN
FONDO DE PENSIONES HABITAT A,0.0159,278116006,17589331589,2019-03-01,COLBUN
FONDO DE PENSIONES HABITAT C,0.0152,266364679,17589331589,2019-03-01,COLBUN
BANCHILE CORREDORES DE BOLSA S.A.,0.0151,265598907,17589331589,2019-03-01,COLBUN
BANCO DE CHILE POR CUENTA DE CITI N.A. NEW YORK,0.0146,256000509,17589331589,2019-03-01,COLBUN
BANCO DE CHILE POR CUENTA DE TERCEROS CA,0.013600000000000001,238197988,17589331589,2019-03-01,COLBUN
FONDO DE PENSIONES CUPRUM A,0.013600000000000001,237941964,17589331589,2019-03-01,COLBUN
MINERA VALPARAISO S.A.,0.3519,6170679733,17589331589,2019-06-01,COLBUN
FORESTAL COMINCO S.A.,0.14,2454688263,17589331589,2019-06-01,COLBUN
ANTARCHILE S.A.,0.0958,1680445653,17589331589,2019-06-01,COLBUN
BANCO DE CHILE POR CUENTA DE STATE STREET,0.026600000000000002,466262167,17589331589,2019-06-01,COLBUN
BANCO SANTANDER - JP MORGAN,0.0262,459630748,17589331589,2019-06-01,COLBUN
LARRAIN VIAL S.A. CORREDORA DE BOLSA,0.017,297816191,17589331589,2019-06-01,COLBUN
FONDO DE PENSIONES HABITAT A,0.0159,278116006,17589331589,2019-06-01,COLBUN
FONDO DE PENSIONES HABITAT C,0.0152,266364679,17589331589,2019-06-01,COLBUN
BANCHILE CORREDORES DE BOLSA S.A.,0.0151,265598907,17589331589,2019-06-01,COLBUN
BANCO DE CHILE POR CUENTA DE CITI N.A. NEW YORK,0.0146,256000509,17589331589,2019-06-01,COLBUN
BANCO DE CHILE POR CUENTA DE TERCEROS CA,0.013600000000000001,238197988,17589331589,2019-06-01,COLBUN
FONDO DE PENSIONES CUPRUM A,0.013600000000000001,237941964,17589331589,2019-06-01,COLBUN
MINERA VALPARAISO S.A.,0.3519,6170679733,17589331589,2019-09-01,COLBUN
FORESTAL COMINCO S.A.,0.14,2454688263,17589331589,2019-09-01,COLBUN
ANTARCHILE S.A.,0.0958,1680445653,17589331589,2019-09-01,COLBUN
BANCO DE CHILE POR CUENTA DE STATE STREET,0.026600000000000002,466262167,17589331589,2019-09-01,COLBUN
BANCO SANTANDER - JP MORGAN,0.0262,459630748,17589331589,2019-09-01,COLBUN
LARRAIN VIAL S.A. CORREDORA DE BOLSA,0.017,297816191,17589331589,2019-09-01,COLBUN
FONDO DE PENSIONES HABITAT A,0.0159,278116006,17589331589,2019-09-01,COLBUN
FONDO DE PENSIONES HABITAT C,0.0152,266364679,17589331589,2019-09-01,COLBUN
BANCHILE CORREDORES DE BOLSA S.A.,0.0151,265598907,17589331589,2019-09-01,COLBUN
BANCO DE CHILE POR CUENTA DE CITI N.A. NEW YORK,0.0146,256000509,17589331589,2019-09-01,COLBUN
BANCO DE CHILE POR CUENTA DE TERCEROS CA,0.013600000000000001,238197988,17589331589,2019-09-01,COLBUN
FONDO DE PENSIONES CUPRUM A,0.013600000000000001,237941964,17589331589,2019-09-01,COLBUN
MINERA VALPARAISO S.A.,0.3519,6170679733,17589331589,2019-12-01,COLBUN
FORESTAL COMINCO S.A.,0.14,2454688263,17589331589,2019-12-01,COLBUN
ANTARCHILE S.A.,0.0958,1680445653,17589331589,2019-12-01,COLBUN
BANCO DE CHILE POR CUENTA DE STATE STREET,0.026600000000000002,466262167,17589331589,2019-12-01,COLBUN
BANCO SANTANDER - JP MORGAN,0.0262,459630748,17589331589,2019-12-01,COLBUN
LARRAIN VIAL S.A. CORREDORA DE BOLSA,0.017,297816191,17589331589,2019-12-01,COLBUN
FONDO DE PENSIONES HABITAT A,0.0159,278116006,17589331589,2019-12-01,COLBUN
FONDO DE PENSIONES HABITAT C,0.0152,266364679,17589331589,2019-12-01,COLBUN
BANCHILE CORREDORES DE BOLSA S.A.,0.0151,265598907,17589331589,2019-12-01,COLBUN
BANCO DE CHILE POR CUENTA DE CITI N.A. NEW YORK,0.0146,256000509,17589331589,2019-12-01,COLBUN
BANCO DE CHILE POR CUENTA DE TERCEROS CA,0.013600000000000001,238197988,17589331589,2019-12-01,COLBUN
FONDO DE PENSIONES CUPRUM A,0.013600000000000001,237941964,17589331589,2019-12-01,COLBUN
MINERA VALPARAISO S.A.,0.3519,6170679733,17589331589,2020-03-01,COLBUN
FORESTAL COMINCO S.A.,0.14,2454688263,17589331589,2020-03-01,COLBUN
ANTARCHILE S.A.,0.0958,1680445653,17589331589,2020-03-01,COLBUN
BANCO DE CHILE POR CUENTA DE STATE STREET,0.026600000000000002,466262167,17589331589,2020-03-01,COLBUN
BANCO SANTANDER - JP MORGAN,0.0262,459630748,17589331589,2020-03-01,COLBUN
LARRAIN VIAL S.A. CORREDORA DE BOLSA,0.017,297816191,17589331589,2020-03-01,COLBUN
FONDO DE PENSIONES HABITAT A,0.0159,278116006,17589331589,2020-03-01,COLBUN
FONDO DE PENSIONES HABITAT C,0.0152,266364679,17589331589,2020-03-01,COLBUN
BANCHILE CORREDORES DE BOLSA S.A.,0.0151,265598907,17589331589,2020-03-01,COLBUN
BANCO DE CHILE POR CUENTA DE CITI N.A. NEW YORK,0.0146,256000509,17589331589,2020-03-01,COLBUN
BANCO DE CHILE POR CUENTA DE TERCEROS CA,0.013600000000000001,238197988,17589331589,2020-03-01,COLBUN
FONDO DE PENSIONES CUPRUM A,0.013600000000000001,237941964,17589331589,2020-03-01,COLBUN
MINERA VALPARAISO S.A.,0.3519,6170679733,17589331589,2020-06-01,COLBUN
FORESTAL COMINCO S.A.,0.14,2454688263,17589331589,2020-06-01,COLBUN
ANTARCHILE S.A.,0.0958,1680445653,17589331589,2020-06-01,COLBUN
BANCO DE CHILE POR CUENTA DE STATE STREET,0.026600000000000002,466262167,17589331589,2020-06-01,COLBUN
BANCO SANTANDER - JP MORGAN,0.0262,459630748,17589331589,2020-06-01,COLBUN
LARRAIN VIAL S.A. CORREDORA DE BOLSA,0.017,297816191,17589331589,2020-06-01,COLBUN
FONDO DE PENSIONES HABITAT A,0.0159,278116006,17589331589,2020-06-01,COLBUN
FONDO DE PENSIONES HABITAT C,0.0152,266364679,17589331589,2020-06-01,COLBUN
BANCHILE CORREDORES DE BOLSA S.A.,0.0151,265598907,17589331589,2020-06-01,COLBUN
BANCO DE CHILE POR CUENTA DE CITI N.A. NEW YORK,0.0146,256000509,17589331589,2020-06-01,COLBUN
BANCO DE CHILE POR CUENTA DE TERCEROS CA,0.013600000000000001,238197988,17589331589,2020-06-01,COLBUN
FONDO DE PENSIONES CUPRUM A,0.013600000000000001,237941964,17589331589,2020-06-01,COLBUN
MINERA VALPARAISO S.A.,0.3519,6170679733,17589331589,2020-09-01,COLBUN
FORESTAL COMINCO S.A.,0.14,2454688263,17589331589,2020-09-01,COLBUN
ANTARCHILE S.A.,0.0958,1680445653,17589331589,2020-09-01,COLBUN
BANCO DE CHILE POR CUENTA DE STATE STREET,0.026600000000000002,466262167,17589331589,2020-09-01,COLBUN
BANCO SANTANDER - JP MORGAN,0.0262,459630748,17589331589,2020-09-01,COLBUN
LARRAIN VIAL S.A. CORREDORA DE BOLSA,0.017,297816191,17589331589,2020-09-01,COLBUN
FONDO DE PENSIONES HABITAT A,0.0159,278116006,17589331589,2020-09-01,COLBUN
FONDO DE PENSIONES HABITAT C,0.0152,266364679,17589331589,2020-09-01,COLBUN
BANCHILE CORREDORES DE BOLSA S.A.,0.0151,265598907,17589331589,2020-09-01,COLBUN
BANCO DE CHILE POR CUENTA DE CITI N.A. NEW YORK,0.0146,256000509,17589331589,2020-09-01,COLBUN
BANCO DE CHILE POR CUENTA DE TERCEROS CA,0.013600000000000001,238197988,17589331589,2020-09-01,COLBUN
FONDO DE PENSIONES CUPRUM A,0.013600000000000001,237941964,17589331589,2020-09-01,COLBUN
MINERA VALPARAISO S.A.,0.3519,6170679733,17589331589,2020-12-01,COLBUN
FORESTAL COMINCO S.A.,0.14,2454688263,17589331589,2020-12-01,COLBUN
ANTARCHILE S.A.,0.0958,1680445653,17589331589,2020-12-01,COLBUN
BANCO DE CHILE POR CUENTA DE STATE STREET,0.026600000000000002,466262167,17589331589,2020-12-01,COLBUN
BANCO SANTANDER - JP MORGAN,0.0262,459630748,17589331589,2020-12-01,COLBUN
LARRAIN VIAL S.A. CORREDORA DE BOLSA,0.017,297816191,17589331589,2020-12-01,COLBUN
FONDO DE PENSIONES HABITAT A,0.0159,278116006,17589331589,2020-12-01,COLBUN
FONDO DE PENSIONES HABITAT C,0.0152,266364679,17589331589,2020-12-01,COLBUN
BANCHILE CORREDORES DE BOLSA S.A.,0.0151,265598907,17589331589,2020-12-01,COLBUN
BANCO DE CHILE POR CUENTA DE CITI N.A. NEW YORK,0.0146,256000509,17589331589,2020-12-01,COLBUN
BANCO DE CHILE POR CUENTA DE TERCEROS CA,0.013600000000000001,238197988,17589331589,2020-12-01,COLBUN
FONDO DE PENSIONES CUPRUM A,0.013600000000000001,237941964,17589331589,2020-12-01,COLBUN
MINERA VALPARAISO S.A.,0.3519,6170679733,17589331589,2021-03-01,COLBUN
FORESTAL COMINCO S.A.,0.14,2454688263,17589331589,2021-03-01,COLBUN
ANTARCHILE S.A.,0.0958,1680445653,17589331589,2021-03-01,COLBUN
BANCO DE CHILE POR CUENTA DE STATE STREET,0.026600000000000002,466262167,17589331589,2021-03-01,COLBUN
BANCO SANTANDER - JP MORGAN,0.0262,459630748,17589331589,2021-03-01,COLBUN
LARRAIN VIAL S.A. CORREDORA DE BOLSA,0.017,297816191,17589331589,2021-03-01,COLBUN
FONDO DE PENSIONES HABITAT A,0.0159,278116006,17589331589,2021-03-01,COLBUN
FONDO DE PENSIONES HABITAT C,0.0152,266364679,17589331589,2021-03-01,COLBUN
BANCHILE CORREDORES DE BOLSA S.A.,0.0151,265598907,17589331589,2021-03-01,COLBUN
BANCO DE CHILE POR CUENTA DE CITI N.A. NEW YORK,0.0146,256000509,17589331589,2021-03-01,COLBUN
BANCO DE CHILE POR CUENTA DE TERCEROS CA,0.013600000000000001,238197988,17589331589,2021-03-01,COLBUN
FONDO DE PENSIONES CUPRUM A,0.013600000000000001,237941964,17589331589,2021-03-01,COLBUN
MINERA VALPARAISO S.A.,0.3519,6170679733,17589331589,2021-06-01,COLBUN
FORESTAL COMINCO S.A.,0.14,2454688263,17589331589,2021-06-01,COLBUN
ANTARCHILE S.A.,0.0958,1680445653,17589331589,2021-06-01,COLBUN
BANCO DE CHILE POR CUENTA DE STATE STREET,0.026600000000000002,466262167,17589331589,2021-06-01,COLBUN
BANCO SANTANDER - JP MORGAN,0.0262,459630748,17589331589,2021-06-01,COLBUN
LARRAIN VIAL S.A. CORREDORA DE BOLSA,0.017,297816191,17589331589,2021-06-01,COLBUN
FONDO DE PENSIONES HABITAT A,0.0159,278116006,17589331589,2021-06-01,COLBUN
FONDO DE PENSIONES HABITAT C,0.0152,266364679,17589331589,2021-06-01,COLBUN
BANCHILE CORREDORES DE BOLSA S.A.,0.0151,265598907,17589331589,2021-06-01,COLBUN
BANCO DE CHILE POR CUENTA DE CITI N.A. NEW YORK,0.0146,256000509,17589331589,2021-06-01,COLBUN
BANCO DE CHILE POR CUENTA DE TERCEROS CA,0.013600000000000001,238197988,17589331589,2021-06-01,COLBUN
FONDO DE PENSIONES CUPRUM A,0.013600000000000001,237941964,17589331589,2021-06-01,COLBUN
MINERA VALPARAISO S.A.,0.3519,6170679733,17589331589,2021-09-01,COLBUN
FORESTAL COMINCO S.A.,0.14,2454688263,17589331589,2021-09-01,COLBUN
ANTARCHILE S.A.,0.0958,1680445653,17589331589,2021-09-01,COLBUN
BANCO DE CHILE POR CUENTA DE STATE STREET,0.026600000000000002,466262167,17589331589,2021-09-01,COLBUN
BANCO SANTANDER - JP MORGAN,0.0262,459630748,17589331589,2021-09-01,COLBUN
LARRAIN VIAL S.A. CORREDORA DE BOLSA,0.017,297816191,17589331589,2021-09-01,COLBUN
FONDO DE PENSIONES HABITAT A,0.0159,278116006,17589331589,2021-09-01,COLBUN
FONDO DE PENSIONES HABITAT C,0.0152,266364679,17589331589,2021-09-01,COLBUN
BANCHILE CORREDORES DE BOLSA S.A.,0.0151,265598907,17589331589,2021-09-01,COLBUN
BANCO DE CHILE POR CUENTA DE CITI N.A. NEW YORK,0.0146,256000509,17589331589,2021-09-01,COLBUN
BANCO DE CHILE POR CUENTA DE TERCEROS CA,0.013600000000000001,238197988,17589331589,2021-09-01,COLBUN
FONDO DE PENSIONES CUPRUM A,0.013600000000000001,237941964,17589331589,2021-09-01,COLBUN
MINERA VALPARAISO S.A.,0.3519,6170679733,17589331589,2021-12-01,COLBUN
FORESTAL COMINCO S.A.,0.14,2454688263,17589331589,2021-12-01,COLBUN
ANTARCHILE S.A.,0.0958,1680445653,17589331589,2021-12-01,COLBUN
BANCO DE CHILE POR CUENTA DE STATE STREET,0.026600000000000002,466262167,17589331589,2021-12-01,COLBUN
BANCO SANTANDER - JP MORGAN,0.0262,459630748,17589331589,2021-12-01,COLBUN
LARRAIN VIAL S.A. CORREDORA DE BOLSA,0.017,297816191,17589331589,2021-12-01,COLBUN
FONDO DE PENSIONES HABITAT A,0.0159,278116006,17589331589,2021-12-01,COLBUN
FONDO DE PENSIONES HABITAT C,0.0152,266364679,17589331589,2021-12-01,COLBUN
BANCHILE CORREDORES DE BOLSA S.A.,0.0151,265598907,17589331589,2021-12-01,COLBUN
BANCO DE CHILE POR CUENTA DE CITI N.A. NEW YORK,0.0146,256000509,17589331589,2021-12-01,COLBUN
BANCO DE CHILE POR CUENTA DE TERCEROS CA,0.013600000000000001,238197988,17589331589,2021-12-01,COLBUN
FONDO DE PENSIONES CUPRUM A,0.013600000000000001,237941964,17589331589,2021-12-01,COLBUN
MINERA VALPARAISO S.A.,0.3519,6170679733,17589331589,2022-03-01,COLBUN
FORESTAL COMINCO S.A.,0.14,2454688263,17589331589,2022-03-01,COLBUN
ANTARCHILE S.A.,0.0958,1680445653,17589331589,2022-03-01,COLBUN
BANCO DE CHILE POR CUENTA DE STATE STREET,0.026600000000000002,466262167,17589331589,2022-03-01,COLBUN
BANCO SANTANDER - JP MORGAN,0.0262,459630748,17589331589,2022-03-01,COLBUN
LARRAIN VIAL S.A. CORREDORA DE BOLSA,0.017,297816191,17589331589,2022-03-01,COLBUN
FONDO DE PENSIONES HABITAT A,0.0159,278116006,17589331589,2022-03-01,COLBUN
FONDO DE PENSIONES HABITAT C,0.0152,266364679,17589331589,2022-03-01,COLBUN
BANCHILE CORREDORES DE BOLSA S.A.,0.0151,265598907,17589331589,2022-03-01,COLBUN
BANCO DE CHILE POR CUENTA DE CITI N.A. NEW YORK,0.0146,256000509,17589331589,2022-03-01,COLBUN
BANCO DE CHILE POR CUENTA DE TERCEROS CA,0.013600000000000001,238197988,17589331589,2022-03-01,COLBUN
FONDO DE PENSIONES CUPRUM A,0.013600000000000001,237941964,17589331589,2022-03-01,COLBUN
MINERA VALPARAISO S.A.,0.3519,6170679733,17589331589,2022-06-01,COLBUN
FORESTAL COMINCO S.A.,0.14,2454688263,17589331589,2022-06-01,COLBUN
ANTARCHILE S.A.,0.0958,1680445653,17589331589,2022-06-01,COLBUN
BANCO DE CHILE POR CUENTA DE STATE STREET,0.026600000000000002,466262167,17589331589,2022-06-01,COLBUN
BANCO SANTANDER - JP MORGAN,0.0262,459630748,17589331589,2022-06-01,COLBUN
LARRAIN VIAL S.A. CORREDORA DE BOLSA,0.017,297816191,17589331589,2022-06-01,COLBUN
FONDO DE PENSIONES HABITAT A,0.0159,278116006,17589331589,2022-06-01,COLBUN
FONDO DE PENSIONES HABITAT C,0.0152,266364679,17589331589,2022-06-01,COLBUN
BANCHILE CORREDORES DE BOLSA S.A.,0.0151,265598907,17589331589,2022-06-01,COLBUN
BANCO DE CHILE POR CUENTA DE CITI N.A. NEW YORK,0.0146,256000509,17589331589,2022-06-01,COLBUN
BANCO DE CHILE POR CUENTA DE TERCEROS CA,0.013600000000000001,238197988,17589331589,2022-06-01,COLBUN
FONDO DE PENSIONES CUPRUM A,0.013600000000000001,237941964,17589331589,2022-06-01,COLBUN
MINERA VALPARAISO S.A.,0.3519,6170679733,17589331589,2022-09-01,COLBUN
FORESTAL COMINCO S.A.,0.14,2454688263,17589331589,2022-09-01,COLBUN
ANTARCHILE S.A.,0.0958,1680445653,17589331589,2022-09-01,COLBUN
BANCO DE CHILE POR CUENTA DE STATE STREET,0.026600000000000002,466262167,17589331589,2022-09-01,COLBUN
BANCO SANTANDER - JP MORGAN,0.0262,459630748,17589331589,2022-09-01,COLBUN
LARRAIN VIAL S.A. CORREDORA DE BOLSA,0.017,297816191,17589331589,2022-09-01,COLBUN
FONDO DE PENSIONES HABITAT A,0.0159,278116006,17589331589,2022-09-01,COLBUN
FONDO DE PENSIONES HABITAT C,0.0152,266364679,17589331589,2022-09-01,COLBUN
BANCHILE CORREDORES DE BOLSA S.A.,0.0151,265598907,17589331589,2022-09-01,COLBUN
BANCO DE CHILE POR CUENTA DE CITI N.A. NEW YORK,0.0146,256000509,17589331589,2022-09-01,COLBUN
BANCO DE CHILE POR CUENTA DE TERCEROS CA,0.013600000000000001,238197988,17589331589,2022-09-01,COLBUN
FONDO DE PENSIONES CUPRUM A,0.013600000000000001,237941964,17589331589,2022-09-01,COLBUN
MINERA VALPARAISO S.A.,0.3519,6170679733,17589331589,2022-12-01,COLBUN
FORESTAL COMINCO S.A.,0.14,2454688263,17589331589,2022-12-01,COLBUN
ANTARCHILE S.A.,0.0958,1680445653,17589331589,2022-12-01,COLBUN
BANCO DE CHILE POR CUENTA DE STATE STREET,0.026600000000000002,466262167,17589331589,2022-12-01,COLBUN
BANCO SANTANDER - JP MORGAN,0.0262,459630748,17589331589,2022-12-01,COLBUN
LARRAIN VIAL S.A. CORREDORA DE BOLSA,0.017,297816191,17589331589,2022-12-01,COLBUN
FONDO DE PENSIONES HABITAT A,0.0159,278116006,17589331589,2022-12-01,COLBUN
FONDO DE PENSIONES HABITAT C,0.0152,266364679,17589331589,2022-12-01,COLBUN
BANCHILE CORREDORES DE BOLSA S.A.,0.0151,265598907,17589331589,2022-12-01,COLBUN
BANCO DE CHILE POR CUENTA DE CITI N.A. NEW YORK,0.0146,256000509,17589331589,2022-12-01,COLBUN
BANCO DE CHILE POR CUENTA DE TERCEROS CA,0.013600000000000001,238197988,17589331589,2022-12-01,COLBUN
FONDO DE PENSIONES CUPRUM A,0.013600000000000001,237941964,17589331589,2022-12-01,COLBUN
MINERA VALPARAISO S.A.,0.3519,6170679733,17589331589,2023-03-01,COLBUN
FORESTAL COMINCO S.A.,0.14,2454688263,17589331589,2023-03-01,COLBUN
ANTARCHILE S.A.,0.0958,1680445653,17589331589,2023-03-01,COLBUN
BANCO DE CHILE POR CUENTA DE STATE STREET,0.026600000000000002,466262167,17589331589,2023-03-01,COLBUN
BANCO SANTANDER - JP MORGAN,0.0262,459630748,17589331589,2023-03-01,COLBUN
LARRAIN VIAL S.A. CORREDORA DE BOLSA,0.017,297816191,17589331589,2023-03-01,COLBUN
FONDO DE PENSIONES HABITAT A,0.0159,278116006,17589331589,2023-03-01,COLBUN
FONDO DE PENSIONES HABITAT C,0.0152,266364679,17589331589,2023-03-01,COLBUN
BANCHILE CORREDORES DE BOLSA S.A.,0.0151,265598907,17589331589,2023-03-01,COLBUN
BANCO DE CHILE POR CUENTA DE CITI N.A. NEW YORK,0.0146,256000509,17589331589,2023-03-01,COLBUN
BANCO DE CHILE POR CUENTA DE TERCEROS CA,0.013600000000000001,238197988,17589331589,2023-03-01,COLBUN
FONDO DE PENSIONES CUPRUM A,0.013600000000000001,237941964,17589331589,2023-03-01,COLBUN
MINERA VALPARAISO S.A.,0.3519,6170679733,17589331589,2023-06-01,COLBUN
FORESTAL COMINCO S.A.,0.14,2454688263,17589331589,2023-06-01,COLBUN
ANTARCHILE S.A.,0.0958,1680445653,17589331589,2023-06-01,COLBUN
BANCO DE CHILE POR CUENTA DE STATE STREET,0.026600000000000002,466262167,17589331589,2023-06-01,COLBUN
BANCO SANTANDER - JP MORGAN,0.0262,459630748,17589331589,2023-06-01,COLBUN
LARRAIN VIAL S.A. CORREDORA DE BOLSA,0.017,297816191,17589331589,2023-06-01,COLBUN
FONDO DE PENSIONES HABITAT A,0.0159,278116006,17589331589,2023-06-01,COLBUN
FONDO DE PENSIONES HABITAT C,0.0152,266364679,17589331589,2023-06-01,COLBUN
BANCHILE CORREDORES DE BOLSA S.A.,0.0151,265598907,17589331589,2023-06-01,COLBUN
BANCO DE CHILE POR CUENTA DE CITI N.A. NEW YORK,0.0146,256000509,17589331589,2023-06-01,COLBUN
BANCO DE CHILE POR CUENTA DE TERCEROS CA,0.013600000000000001,238197988,17589331589,2023-06-01,COLBUN
FONDO DE PENSIONES CUPRUM A,0.013600000000000001,237941964,17589331589,2023-06-01,COLBUN
MINERA VALPARAISO S.A.,0.3519,6170679733,17589331589,2023-09-01,COLBUN
FORESTAL COMINCO S.A.,0.14,2454688263,17589331589,2023-09-01,COLBUN
ANTARCHILE S.A.,0.0958,1680445653,17589331589,2023-09-01,COLBUN
BANCO DE CHILE POR CUENTA DE STATE STREET,0.026600000000000002,466262167,17589331589,2023-09-01,COLBUN
BANCO SANTANDER - JP MORGAN,0.0262,459630748,17589331589,2023-09-01,COLBUN
LARRAIN VIAL S.A. CORREDORA DE BOLSA,0.017,297816191,17589331589,2023-09-01,COLBUN
FONDO DE PENSIONES HABITAT A,0.0159,278116006,17589331589,2023-09-01,COLBUN
FONDO DE PENSIONES HABITAT C,0.0152,266364679,17589331589,2023-09-01,COLBUN
BANCHILE CORREDORES DE BOLSA S.A.,0.0151,265598907,17589331589,2023-09-01,COLBUN
BANCO DE CHILE POR CUENTA DE CITI N.A. NEW YORK,0.0146,256000509,17589331589,2023-09-01,COLBUN
BANCO DE CHILE POR CUENTA DE TERCEROS CA,0.013600000000000001,238197988,17589331589,2023-09-01,COLBUN
FONDO DE PENSIONES CUPRUM A,0.013600000000000001,237941964,17589331589,2023-09-01,COLBUN
MINERA VALPARAISO S.A.,0.3519,6170679733,17589331589,2023-12-01,COLBUN
FORESTAL COMINCO S.A.,0.14,2454688263,17589331589,2023-12-01,COLBUN
ANTARCHILE S.A.,0.0958,1680445653,17589331589,2023-12-01,COLBUN
BANCO DE CHILE POR CUENTA DE STATE STREET,0.026600000000000002,466262167,17589331589,2023-12-01,COLBUN
BANCO SANTANDER - JP MORGAN,0.0262,459630748,17589331589,2023-12-01,COLBUN
LARRAIN VIAL S.A. CORREDORA DE BOLSA,0.017,297816191,17589331589,2023-12-01,COLBUN
FONDO DE PENSIONES HABITAT A,0.0159,278116006,17589331589,2023-12-01,COLBUN
FONDO DE PENSIONES HABITAT C,0.0152,266364679,17589331589,2023-12-01,COLBUN
BANCHILE CORREDORES DE BOLSA S.A.,0.0151,265598907,17589331589,2023-12-01,COLBUN
BANCO DE CHILE POR CUENTA DE CITI N.A. NEW YORK,0.0146,256000509,17589331589,2023-12-01,COLBUN
BANCO DE CHILE POR CUENTA DE TERCEROS CA,0.013600000000000001,238197988,17589331589,2023-12-01,COLBUN
FONDO DE PENSIONES CUPRUM A,0.013600000000000001,237941964,17589331589,2023-12-01,COLBUN
MINERA VALPARAISO S.A.,0.3519,6170679733,17589331589,2024-03-01,COLBUN
FORESTAL COMINCO S.A.,0.14,2454688263,17589331589,2024-03-01,COLBUN
ANTARCHILE S.A.,0.0958,1680445653,17589331589,2024-03-01,COLBUN
BANCO DE CHILE POR CUENTA DE STATE STREET,0.026600000000000002,466262167,17589331589,2024-03-01,COLBUN
BANCO SANTANDER - JP MORGAN,0.0262,459630748,17589331589,2024-03-01,COLBUN
LARRAIN VIAL S.A. CORREDORA DE BOLSA,0.017,297816191,17589331589,2024-03-01,COLBUN
FONDO DE PENSIONES HABITAT A,0.0159,278116006,17589331589,2024-03-01,COLBUN
FONDO DE PENSIONES HABITAT C,0.0152,266364679,17589331589,2024-03-01,COLBUN
BANCHILE CORREDORES DE BOLSA S.A.,0.0151,265598907,17589331589,2024-03-01,COLBUN
BANCO DE CHILE POR CUENTA DE CITI N.A. NEW YORK,0.0146,256000509,17589331589,2024-03-01,COLBUN
BANCO DE CHILE POR CUENTA DE TERCEROS CA,0.013600000000000001,238197988,17589331589,2024-03-01,COLBUN
FONDO DE PENSIONES CUPRUM A,0.013600000000000001,237941964,17589331589,2024-03-01,COLBUN
MINERA VALPARAISO S.A.,0.3519,6170679733,17589331589,2024-06-01,COLBUN
FORESTAL COMINCO S.A.,0.14,2454688263,17589331589,2024-06-01,COLBUN
ANTARCHILE S.A.,0.0958,1680445653,17589331589,2024-06-01,COLBUN
BANCO DE CHILE POR CUENTA DE STATE STREET,0.026600000000000002,466262167,17589331589,2024-06-01,COLBUN
BANCO SANTANDER - JP MORGAN,0.0262,459630748,17589331589,2024-06-01,COLBUN
LARRAIN VIAL S.A. CORREDORA DE BOLSA,0.017,297816191,17589331589,2024-06-01,COLBUN
FONDO DE PENSIONES HABITAT A,0.0159,278116006,17589331589,2024-06-01,COLBUN
FONDO DE PENSIONES HABITAT C,0.0152,266364679,17589331589,2024-06-01,COLBUN
BANCHILE CORREDORES DE BOLSA S.A.,0.0151,265598907,17589331589,2024-06-01,COLBUN
BANCO DE CHILE POR CUENTA DE CITI N.A. NEW YORK,0.0146,256000509,17589331589,2024-06-01,COLBUN
BANCO DE CHILE POR CUENTA DE TERCEROS CA,0.013600000000000001,238197988,17589331589,2024-06-01,COLBUN
FONDO DE PENSIONES CUPRUM A,0.013600000000000001,237941964,17589331589,2024-06-01,COLBUN
MINERA VALPARAISO S.A.,0.3519,6170679733,17589331589,2024-09-01,COLBUN
FORESTAL COMINCO S.A.,0.14,2454688263,17589331589,2024-09-01,COLBUN
ANTARCHILE S.A.,0.0958,1680445653,17589331589,2024-09-01,COLBUN
BANCO DE CHILE POR CUENTA DE STATE STREET,0.026600000000000002,466262167,17589331589,2024-09-01,COLBUN
BANCO SANTANDER - JP MORGAN,0.0262,459630748,17589331589,2024-09-01,COLBUN
LARRAIN VIAL S.A. CORREDORA DE BOLSA,0.017,297816191,17589331589,2024-09-01,COLBUN
FONDO DE PENSIONES HABITAT A,0.0159,278116006,17589331589,2024-09-01,COLBUN
FONDO DE PENSIONES HABITAT C,0.0152,266364679,17589331589,2024-09-01,COLBUN
BANCHILE CORREDORES DE BOLSA S.A.,0.0151,265598907,17589331589,2024-09-01,COLBUN
BANCO DE CHILE POR CUENTA DE CITI N.A. NEW YORK,0.0146,256000509,17589331589,2024-09-01,COLBUN
BANCO DE CHILE POR CUENTA DE TERCEROS CA,0.013600000000000001,238197988,17589331589,2024-09-01,COLBUN
FONDO DE PENSIONES CUPRUM A,0.013600000000000001,237941964,17589331589,2024-09-01,COLBUN
MINERA VALPARAISO S.A.,0.3519,6170679733,17589331589,2024-12-01,COLBUN
FORESTAL COMINCO S.A.,0.14,2454688263,17589331589,2024-12-01,COLBUN
ANTARCHILE S.A.,0.0958,1680445653,17589331589,2024-12-01,COLBUN
BANCO DE CHILE POR CUENTA DE STATE STREET,0.026600000000000002,466262167,17589331589,2024-12-01,COLBUN
BANCO SANTANDER - JP MORGAN,0.0262,459630748,17589331589,2024-12-01,COLBUN
LARRAIN VIAL S.A. CORREDORA DE BOLSA,0.017,297816191,17589331589,2024-12-01,COLBUN
FONDO DE PENSIONES HABITAT A,0.0159,278116006,17589331589,2024-12-01,COLBUN
FONDO DE PENSIONES HABITAT C,0.0152,266364679,17589331589,2024-12-01,COLBUN
BANCHILE CORREDORES DE BOLSA S.A.,0.0151,265598907,17589331589,2024-12-01,COLBUN
BANCO DE CHILE POR CUENTA DE CITI N.A. NEW YORK,0.0146,256000509,17589331589,2024-12-01,COLBUN
BANCO DE CHILE POR CUENTA DE TERCEROS CA,0.013600000000000001,238197988,17589331589,2024-12-01,COLBUN
FONDO DE PENSIONES CUPRUM A,0.013600000000000001,237941964,17589331589,2024-12-01,COLBUN
MINERA VALPARAISO S.A.,0.3519,6170679733,17589331589,2025-03-01,COLBUN
FORESTAL COMINCO S.A.,0.14,2454688263,17589331589,2025-03-01,COLBUN
ANTARCHILE S.A.,0.0958,1680445653,17589331589,2025-03-01,COLBUN
BANCO DE CHILE POR CUENTA DE STATE STREET,0.026600000000000002,466262167,17589331589,2025-03-01,COLBUN
BANCO SANTANDER - JP MORGAN,0.0262,459630748,17589331589,2025-03-01,COLBUN
LARRAIN VIAL S.A. CORREDORA DE BOLSA,0.017,297816191,17589331589,2025-03-01,COLBUN
FONDO DE PENSIONES HABITAT A,0.0159,278116006,17589331589,2025-03-01,COLBUN
FONDO DE PENSIONES HABITAT C,0.0152,266364679,17589331589,2025-03-01,COLBUN
BANCHILE CORREDORES DE BOLSA S.A.,0.0151,265598907,17589331589,2025-03-01,COLBUN
BANCO DE CHILE POR CUENTA DE CITI N.A. NEW YORK,0.0146,256000509,17589331589,2025-03-01,COLBUN
BANCO DE CHILE POR CUENTA DE TERCEROS CA,0.013600000000000001,238197988,17589331589,2025-03-01,COLBUN
FONDO DE PENSIONES CUPRUM A,0.013600000000000001,237941964,17589331589,2025-03-01,COLBUN
MINERA VALPARAISO S.A.,0.3519,6170679733,17589331589,2025-06-01,COLBUN
FORESTAL COMINCO S.A.,0.14,2454688263,17589331589,2025-06-01,COLBUN
ANTARCHILE S.A.,0.0958,1680445653,17589331589,2025-06-01,COLBUN
BANCO DE CHILE POR CUENTA DE STATE STREET,0.026600000000000002,466262167,17589331589,2025-06-01,COLBUN
BANCO SANTANDER - JP MORGAN,0.0262,459630748,17589331589,2025-06-01,COLBUN
LARRAIN VIAL S.A. CORREDORA DE BOLSA,0.017,297816191,17589331589,2025-06-01,COLBUN
FONDO DE PENSIONES HABITAT A,0.0159,278116006,17589331589,2025-06-01,COLBUN
FONDO DE PENSIONES HABITAT C,0.0152,266364679,17589331589,2025-06-01,COLBUN
BANCHILE CORREDORES DE BOLSA S.A.,0.0151,265598907,17589331589,2025-06-01,COLBUN
BANCO DE CHILE POR CUENTA DE CITI N.A. NEW YORK,0.0146,256000509,17589331589,2025-06-01,COLBUN
BANCO DE CHILE POR CUENTA DE TERCEROS CA,0.013600000000000001,238197988,17589331589,2025-06-01,COLBUN
FONDO DE PENSIONES CUPRUM A,0.013600000000000001,237941964,17589331589,2025-06-01,COLBUN
MINERA VALPARAISO S.A.,0.3519,6170679733,17589331589,2025-09-01,COLBUN
FORESTAL COMINCO S.A.,0.14,2454688263,17589331589,2025-09-01,COLBUN
ANTARCHILE S.A.,0.0958,1680445653,17589331589,2025-09-01,COLBUN
BANCO DE CHILE POR CUENTA DE STATE STREET,0.026600000000000002,466262167,17589331589,2025-09-01,COLBUN
BANCO SANTANDER - JP MORGAN,0.0262,459630748,17589331589,2025-09-01,COLBUN
LARRAIN VIAL S.A. CORREDORA DE BOLSA,0.017,297816191,17589331589,2025-09-01,COLBUN
FONDO DE PENSIONES HABITAT A,0.0159,278116006,17589331589,2025-09-01,COLBUN
FONDO DE PENSIONES HABITAT C,0.0152,266364679,17589331589,2025-09-01,COLBUN
BANCHILE CORREDORES DE BOLSA S.A.,0.0151,265598907,17589331589,2025-09-01,COLBUN
BANCO DE CHILE POR CUENTA DE CITI N.A. NEW YORK,0.0146,256000509,17589331589,2025-09-01,COLBUN
BANCO DE CHILE POR CUENTA DE TERCEROS CA,0.013600000000000001,238197988,17589331589,2025-09-01,COLBUN
FONDO DE PENSIONES CUPRUM A,0.013600000000000001,237941964,17589331589,2025-09-01,COLBUN
MINERA VALPARAISO S.A.,0.3519,6170679733,17589331589,2025-12-01,COLBUN
FORESTAL COMINCO S.A.,0.14,2454688263,17589331589,2025-12-01,COLBUN
ANTARCHILE S.A.,0.0958,1680445653,17589331589,2025-12-01,COLBUN
BANCO DE CHILE POR CUENTA DE STATE STREET,0.026600000000000002,466262167,17589331589,2025-12-01,COLBUN
BANCO SANTANDER - JP MORGAN,0.0262,459630748,17589331589,2025-12-01,COLBUN
LARRAIN VIAL S.A. CORREDORA DE BOLSA,0.017,297816191,17589331589,2025-12-01,COLBUN
FONDO DE PENSIONES HABITAT A,0.0159,278116006,17589331589,2025-12-01,COLBUN
FONDO DE PENSIONES HABITAT C,0.0152,266364679,17589331589,2025-12-01,COLBUN
BANCHILE CORREDORES DE BOLSA S.A.,0.0151,265598907,17589331589,2025-12-01,COLBUN
BANCO DE CHILE POR CUENTA DE CITI N.A. NEW YORK,0.0146,256000509,17589331589,2025-12-01,COLBUN
BANCO DE CHILE POR CUENTA DE TERCEROS CA,0.013600000000000001,238197988,17589331589,2025-12-01,COLBUN
FONDO DE PENSIONES CUPRUM A,0.013600000000000001,237941964,17589331589,2025-12-01,COLBUN
ANTARCHILE S.A.,0.6082,790581560,1303380178,2016-03-01,COPEC
BANCO DE CHILE POR CUENTA DE STATE STREET,0.0259,33722798,1303380178,2016-03-01,COPEC
FORESTAL Y PESQUERA CALLAQUI S.A.,0.0229,29731091,1303380178,2016-03-01,COPEC
VIECAL S.A.,0.0226,29439066,1303380178,2016-03-01,COPEC
BANCHILE CORREDORES DE BOLSA S.A.,0.019299999999999998,25134939,1303380178,2016-03-01,COPEC
BANCO SANTANDER - JP MORGAN,0.0176,22846033,1303380178,2016-03-01,COPEC
MINERA VALPARAISO S.A.,0.0169,22027125,1303380178,2016-03-01,COPEC
BANCO DE CHILE POR CUENTA DE TERCEROS CA,0.0144,18727338,1303380178,2016-03-01,COPEC
FORESTAL Y PESQUERA COPAHUE S.A.,0.0144,18692371,1303380178,2016-03-01,COPEC
BICE INVERSIONES CORREDORES DE BOLSA S.A.,0.0121,15671017,1303380178,2016-03-01,COPEC
SERVICIOS Y CONSULTORIA LTDA.,0.011899999999999999,15446423,1303380178,2016-03-01,COPEC
FONDO DE PENSIONES HABITAT C,0.0109,14111219,1303380178,2016-03-01,COPEC
ANTARCHILE S.A.,0.6082,790581560,1303380178,2016-06-01,COPEC
BANCO DE CHILE POR CUENTA DE STATE STREET,0.0259,33722798,1303380178,2016-06-01,COPEC
FORESTAL Y PESQUERA CALLAQUI S.A.,0.0229,29731091,1303380178,2016-06-01,COPEC
VIECAL S.A.,0.0226,29439066,1303380178,2016-06-01,COPEC
BANCHILE CORREDORES DE BOLSA S.A.,0.019299999999999998,25134939,1303380178,2016-06-01,COPEC
BANCO SANTANDER - JP MORGAN,0.0176,22846033,1303380178,2016-06-01,COPEC
MINERA VALPARAISO S.A.,0.0169,22027125,1303380178,2016-06-01,COPEC
BANCO DE CHILE POR CUENTA DE TERCEROS CA,0.0144,18727338,1303380178,2016-06-01,COPEC
FORESTAL Y PESQUERA COPAHUE S.A.,0.0144,18692371,1303380178,2016-06-01,COPEC
BICE INVERSIONES CORREDORES DE BOLSA S.A.,0.0121,15671017,1303380178,2016-06-01,COPEC
SERVICIOS Y CONSULTORIA LTDA.,0.011899999999999999,15446423,1303380178,2016-06-01,COPEC
FONDO DE PENSIONES HABITAT C,0.0109,14111219,1303380178,2016-06-01,COPEC
ANTARCHILE S.A.,0.6082,790581560,1303380178,2016-09-01,COPEC
BANCO DE CHILE POR CUENTA DE STATE STREET,0.0259,33722798,1303380178,2016-09-01,COPEC
FORESTAL Y PESQUERA CALLAQUI S.A.,0.0229,29731091,1303380178,2016-09-01,COPEC
VIECAL S.A.,0.0226,29439066,1303380178,2016-09-01,COPEC
BANCHILE CORREDORES DE BOLSA S.A.,0.019299999999999998,25134939,1303380178,2016-09-01,COPEC
BANCO SANTANDER - JP MORGAN,0.0176,22846033,1303380178,2016-09-01,COPEC
MINERA VALPARAISO S.A.,0.0169,22027125,1303380178,2016-09-01,COPEC
BANCO DE CHILE POR CUENTA DE TERCEROS CA,0.0144,18727338,1303380178,2016-09-01,COPEC
FORESTAL Y PESQUERA COPAHUE S.A.,0.0144,18692371,1303380178,2016-09-01,COPEC
BICE INVERSIONES CORREDORES DE BOLSA S.A.,0.0121,15671017,1303380178,2016-09-01,COPEC
SERVICIOS Y CONSULTORIA LTDA.,0.011899999999999999,15446423,1303380178,2016-09-01,COPEC
FONDO DE PENSIONES HABITAT C,0.0109,14111219,1303380178,2016-09-01,COPEC
ANTARCHILE S.A.,0.6082,790581560,1303380178,2016-12-01,COPEC
BANCO DE CHILE POR CUENTA DE STATE STREET,0.0259,33722798,1303380178,2016-12-01,COPEC
FORESTAL Y PESQUERA CALLAQUI S.A.,0.0229,29731091,1303380178,2016-12-01,COPEC
VIECAL S.A.,0.0226,29439066,1303380178,2016-12-01,COPEC
BANCHILE CORREDORES DE BOLSA S.A.,0.019299999999999998,25134939,1303380178,2016-12-01,COPEC
BANCO SANTANDER - JP MORGAN,0.0176,22846033,1303380178,2016-12-01,COPEC
MINERA VALPARAISO S.A.,0.0169,22027125,1303380178,2016-12-01,COPEC
BANCO DE CHILE POR CUENTA DE TERCEROS CA,0.0144,18727338,1303380178,2016-12-01,COPEC
FORESTAL Y PESQUERA COPAHUE S.A.,0.0144,18692371,1303380178,2016-12-01,COPEC
BICE INVERSIONES CORREDORES DE BOLSA S.A.,0.0121,15671017,1303380178,2016-12-01,COPEC
SERVICIOS Y CONSULTORIA LTDA.,0.011899999999999999,15446423,1303380178,2016-12-01,COPEC
FONDO DE PENSIONES HABITAT C,0.0109,14111219,1303380178,2016-12-01,COPEC
ANTARCHILE S.A.,0.6082,790581560,1303380178,2017-03-01,COPEC
BANCO DE CHILE POR CUENTA DE STATE STREET,0.0259,33722798,1303380178,2017-03-01,COPEC
FORESTAL Y PESQUERA CALLAQUI S.A.,0.0229,29731091,1303380178,2017-03-01,COPEC
VIECAL S.A.,0.0226,29439066,1303380178,2017-03-01,COPEC
BANCHILE CORREDORES DE BOLSA S.A.,0.019299999999999998,25134939,1303380178,2017-03-01,COPEC
BANCO SANTANDER - JP MORGAN,0.0176,22846033,1303380178,2017-03-01,COPEC
MINERA VALPARAISO S.A.,0.0169,22027125,1303380178,2017-03-01,COPEC
BANCO DE CHILE POR CUENTA DE TERCEROS CA,0.0144,18727338,1303380178,2017-03-01,COPEC
FORESTAL Y PESQUERA COPAHUE S.A.,0.0144,18692371,1303380178,2017-03-01,COPEC
BICE INVERSIONES CORREDORES DE BOLSA S.A.,0.0121,15671017,1303380178,2017-03-01,COPEC
SERVICIOS Y CONSULTORIA LTDA.,0.011899999999999999,15446423,1303380178,2017-03-01,COPEC
FONDO DE PENSIONES HABITAT C,0.0109,14111219,1303380178,2017-03-01,COPEC
ANTARCHILE S.A.,0.6082,790581560,1303380178,2017-06-01,COPEC
BANCO DE CHILE POR CUENTA DE STATE STREET,0.0259,33722798,1303380178,2017-06-01,COPEC
FORESTAL Y PESQUERA CALLAQUI S.A.,0.0229,29731091,1303380178,2017-06-01,COPEC
VIECAL S.A.,0.0226,29439066,1303380178,2017-06-01,COPEC
BANCHILE CORREDORES DE BOLSA S.A.,0.019299999999999998,25134939,1303380178,2017-06-01,COPEC
BANCO SANTANDER - JP MORGAN,0.0176,22846033,1303380178,2017-06-01,COPEC
MINERA VALPARAISO S.A.,0.0169,22027125,1303380178,2017-06-01,COPEC
BANCO DE CHILE POR CUENTA DE TERCEROS CA,0.0144,18727338,1303380178,2017-06-01,COPEC
FORESTAL Y PESQUERA COPAHUE S.A.,0.0144,18692371,1303380178,2017-06-01,COPEC
BICE INVERSIONES CORREDORES DE BOLSA S.A.,0.0121,15671017,1303380178,2017-06-01,COPEC
SERVICIOS Y CONSULTORIA LTDA.,0.011899999999999999,15446423,1303380178,2017-06-01,COPEC
FONDO DE PENSIONES HABITAT C,0.0109,14111219,1303380178,2017-06-01,COPEC
ANTARCHILE S.A.,0.6082,790581560,1303380178,2017-09-01,COPEC
BANCO DE CHILE POR CUENTA DE STATE STREET,0.0259,33722798,1303380178,2017-09-01,COPEC
FORESTAL Y PESQUERA CALLAQUI S.A.,0.0229,29731091,1303380178,2017-09-01,COPEC
VIECAL S.A.,0.0226,29439066,1303380178,2017-09-01,COPEC
BANCHILE CORREDORES DE BOLSA S.A.,0.019299999999999998,25134939,1303380178,2017-09-01,COPEC
BANCO SANTANDER - JP MORGAN,0.0176,22846033,1303380178,2017-09-01,COPEC
MINERA VALPARAISO S.A.,0.0169,22027125,1303380178,2017-09-01,COPEC
BANCO DE CHILE POR CUENTA DE TERCEROS CA,0.0144,18727338,1303380178,2017-09-01,COPEC
FORESTAL Y PESQUERA COPAHUE S.A.,0.0144,18692371,1303380178,2017-09-01,COPEC
BICE INVERSIONES CORREDORES DE BOLSA S.A.,0.0121,15671017,1303380178,2017-09-01,COPEC
SERVICIOS Y CONSULTORIA LTDA.,0.011899999999999999,15446423,1303380178,2017-09-01,COPEC
FONDO DE PENSIONES HABITAT C,0.0109,14111219,1303380178,2017-09-01,COPEC
ANTARCHILE S.A.,0.6082,790581560,1303380178,2017-12-01,COPEC
BANCO DE CHILE POR CUENTA DE STATE STREET,0.0259,33722798,1303380178,2017-12-01,COPEC
FORESTAL Y PESQUERA CALLAQUI S.A.,0.0229,29731091,1303380178,2017-12-01,COPEC
VIECAL S.A.,0.0226,29439066,1303380178,2017-12-01,COPEC
BANCHILE CORREDORES DE BOLSA S.A.,0.019299999999999998,25134939,1303380178,2017-12-01,COPEC
BANCO SANTANDER - JP MORGAN,0.0176,22846033,1303380178,2017-12-01,COPEC
MINERA VALPARAISO S.A.,0.0169,22027125,1303380178,2017-12-01,COPEC
BANCO DE CHILE POR CUENTA DE TERCEROS CA,0.0144,18727338,1303380178,2017-12-01,COPEC
FORESTAL Y PESQUERA COPAHUE S.A.,0.0144,18692371,1303380178,2017-12-01,COPEC
BICE INVERSIONES CORREDORES DE BOLSA S.A.,0.0121,15671017,1303380178,2017-12-01,COPEC
SERVICIOS Y CONSULTORIA LTDA.,0.011899999999999999,15446423,1303380178,2017-12-01,COPEC
FONDO DE PENSIONES HABITAT C,0.0109,14111219,1303380178,2017-12-01,COPEC
ANTARCHILE S.A.,0.6082,790581560,1303380178,2018-03-01,COPEC
BANCO DE CHILE POR CUENTA DE STATE STREET,0.0259,33722798,1303380178,2018-03-01,COPEC
FORESTAL Y PESQUERA CALLAQUI S.A.,0.0229,29731091,1303380178,2018-03-01,COPEC
VIECAL S.A.,0.0226,29439066,1303380178,2018-03-01,COPEC
BANCHILE CORREDORES DE BOLSA S.A.,0.019299999999999998,25134939,1303380178,2018-03-01,COPEC
BANCO SANTANDER - JP MORGAN,0.0176,22846033,1303380178,2018-03-01,COPEC
MINERA VALPARAISO S.A.,0.0169,22027125,1303380178,2018-03-01,COPEC
BANCO DE CHILE POR CUENTA DE TERCEROS CA,0.0144,18727338,1303380178,2018-03-01,COPEC
FORESTAL Y PESQUERA COPAHUE S.A.,0.0144,18692371,1303380178,2018-03-01,COPEC
BICE INVERSIONES CORREDORES DE BOLSA S.A.,0.0121,15671017,1303380178,2018-03-01,COPEC
SERVICIOS Y CONSULTORIA LTDA.,0.011899999999999999,15446423,1303380178,2018-03-01,COPEC
FONDO DE PENSIONES HABITAT C,0.0109,14111219,1303380178,2018-03-01,COPEC
ANTARCHILE S.A.,0.6082,790581560,1303380178,2018-06-01,COPEC
BANCO DE CHILE POR CUENTA DE STATE STREET,0.0259,33722798,1303380178,2018-06-01,COPEC
FORESTAL Y PESQUERA CALLAQUI S.A.,0.0229,29731091,1303380178,2018-06-01,COPEC
VIECAL S.A.,0.0226,29439066,1303380178,2018-06-01,COPEC
BANCHILE CORREDORES DE BOLSA S.A.,0.019299999999999998,25134939,1303380178,2018-06-01,COPEC
BANCO SANTANDER - JP MORGAN,0.0176,22846033,1303380178,2018-06-01,COPEC
MINERA VALPARAISO S.A.,0.0169,22027125,1303380178,2018-06-01,COPEC
BANCO DE CHILE POR CUENTA DE TERCEROS CA,0.0144,18727338,1303380178,2018-06-01,COPEC
FORESTAL Y PESQUERA COPAHUE S.A.,0.0144,18692371,1303380178,2018-06-01,COPEC
BICE INVERSIONES CORREDORES DE BOLSA S.A.,0.0121,15671017,1303380178,2018-06-01,COPEC
SERVICIOS Y CONSULTORIA LTDA.,0.011899999999999999,15446423,1303380178,2018-06-01,COPEC
FONDO DE PENSIONES HABITAT C,0.0109,14111219,1303380178,2018-06-01,COPEC
ANTARCHILE S.A.,0.6082,790581560,1303380178,2018-09-01,COPEC
BANCO DE CHILE POR CUENTA DE STATE STREET,0.0259,33722798,1303380178,2018-09-01,COPEC
FORESTAL Y PESQUERA CALLAQUI S.A.,0.0229,29731091,1303380178,2018-09-01,COPEC
VIECAL S.A.,0.0226,29439066,1303380178,2018-09-01,COPEC
BANCHILE CORREDORES DE BOLSA S.A.,0.019299999999999998,25134939,1303380178,2018-09-01,COPEC
BANCO SANTANDER - JP MORGAN,0.0176,22846033,1303380178,2018-09-01,COPEC
MINERA VALPARAISO S.A.,0.0169,22027125,1303380178,2018-09-01,COPEC
BANCO DE CHILE POR CUENTA DE TERCEROS CA,0.0144,18727338,1303380178,2018-09-01,COPEC
FORESTAL Y PESQUERA COPAHUE S.A.,0.0144,18692371,1303380178,2018-09-01,COPEC
BICE INVERSIONES CORREDORES DE BOLSA S.A.,0.0121,15671017,1303380178,2018-09-01,COPEC
SERVICIOS Y CONSULTORIA LTDA.,0.011899999999999999,15446423,1303380178,2018-09-01,COPEC
FONDO DE PENSIONES HABITAT C,0.0109,14111219,1303380178,2018-09-01,COPEC
ANTARCHILE S.A.,0.6082,790581560,1303380178,2018-12-01,COPEC
BANCO DE CHILE POR CUENTA DE STATE STREET,0.0259,33722798,1303380178,2018-12-01,COPEC
FORESTAL Y PESQUERA CALLAQUI S.A.,0.0229,29731091,1303380178,2018-12-01,COPEC
VIECAL S.A.,0.0226,29439066,1303380178,2018-12-01,COPEC
BANCHILE CORREDORES DE BOLSA S.A.,0.019299999999999998,25134939,1303380178,2018-12-01,COPEC
BANCO SANTANDER - JP MORGAN,0.0176,22846033,1303380178,2018-12-01,COPEC
MINERA VALPARAISO S.A.,0.0169,22027125,1303380178,2018-12-01,COPEC
BANCO DE CHILE POR CUENTA DE TERCEROS CA,0.0144,18727338,1303380178,2018-12-01,COPEC
FORESTAL Y PESQUERA COPAHUE S.A.,0.0144,18692371,1303380178,2018-12-01,COPEC
BICE INVERSIONES CORREDORES DE BOLSA S.A.,0.0121,15671017,1303380178,2018-12-01,COPEC
SERVICIOS Y CONSULTORIA LTDA.,0.011899999999999999,15446423,1303380178,2018-12-01,COPEC
FONDO DE PENSIONES HABITAT C,0.0109,14111219,1303380178,2018-12-01,COPEC
ANTARCHILE S.A.,0.6082,790581560,1303380178,2019-03-01,COPEC
BANCO DE CHILE POR CUENTA DE STATE STREET,0.0259,33722798,1303380178,2019-03-01,COPEC
FORESTAL Y PESQUERA CALLAQUI S.A.,0.0229,29731091,1303380178,2019-03-01,COPEC
VIECAL S.A.,0.0226,29439066,1303380178,2019-03-01,COPEC
BANCHILE CORREDORES DE BOLSA S.A.,0.019299999999999998,25134939,1303380178,2019-03-01,COPEC
BANCO SANTANDER - JP MORGAN,0.0176,22846033,1303380178,2019-03-01,COPEC
MINERA VALPARAISO S.A.,0.0169,22027125,1303380178,2019-03-01,COPEC
BANCO DE CHILE POR CUENTA DE TERCEROS CA,0.0144,18727338,1303380178,2019-03-01,COPEC
FORESTAL Y PESQUERA COPAHUE S.A.,0.0144,18692371,1303380178,2019-03-01,COPEC
BICE INVERSIONES CORREDORES DE BOLSA S.A.,0.0121,15671017,1303380178,2019-03-01,COPEC
SERVICIOS Y CONSULTORIA LTDA.,0.011899999999999999,15446423,1303380178,2019-03-01,COPEC
FONDO DE PENSIONES HABITAT C,0.0109,14111219,1303380178,2019-03-01,COPEC
ANTARCHILE S.A.,0.6082,790581560,1303380178,2019-06-01,COPEC
BANCO DE CHILE POR CUENTA DE STATE STREET,0.0259,33722798,1303380178,2019-06-01,COPEC
FORESTAL Y PESQUERA CALLAQUI S.A.,0.0229,29731091,1303380178,2019-06-01,COPEC
VIECAL S.A.,0.0226,29439066,1303380178,2019-06-01,COPEC
BANCHILE CORREDORES DE BOLSA S.A.,0.019299999999999998,25134939,1303380178,2019-06-01,COPEC
BANCO SANTANDER - JP MORGAN,0.0176,22846033,1303380178,2019-06-01,COPEC
MINERA VALPARAISO S.A.,0.0169,22027125,1303380178,2019-06-01,COPEC
BANCO DE CHILE POR CUENTA DE TERCEROS CA,0.0144,18727338,1303380178,2019-06-01,COPEC
FORESTAL Y PESQUERA COPAHUE S.A.,0.0144,18692371,1303380178,2019-06-01,COPEC
BICE INVERSIONES CORREDORES DE BOLSA S.A.,0.0121,15671017,1303380178,2019-06-01,COPEC
SERVICIOS Y CONSULTORIA LTDA.,0.011899999999999999,15446423,1303380178,2019-06-01,COPEC
FONDO DE PENSIONES HABITAT C,0.0109,14111219,1303380178,2019-06-01,COPEC
ANTARCHILE S.A.,0.6082,790581560,1303380178,2019-09-01,COPEC
BANCO DE CHILE POR CUENTA DE STATE STREET,0.0259,33722798,1303380178,2019-09-01,COPEC
FORESTAL Y PESQUERA CALLAQUI S.A.,0.0229,29731091,1303380178,2019-09-01,COPEC
VIECAL S.A.,0.0226,29439066,1303380178,2019-09-01,COPEC
BANCHILE CORREDORES DE BOLSA S.A.,0.019299999999999998,25134939,1303380178,2019-09-01,COPEC
BANCO SANTANDER - JP MORGAN,0.0176,22846033,1303380178,2019-09-01,COPEC
MINERA VALPARAISO S.A.,0.0169,22027125,1303380178,2019-09-01,COPEC
BANCO DE CHILE POR CUENTA DE TERCEROS CA,0.0144,18727338,1303380178,2019-09-01,COPEC
FORESTAL Y PESQUERA COPAHUE S.A.,0.0144,18692371,1303380178,2019-09-01,COPEC
BICE INVERSIONES CORREDORES DE BOLSA S.A.,0.0121,15671017,1303380178,2019-09-01,COPEC
SERVICIOS Y CONSULTORIA LTDA.,0.011899999999999999,15446423,1303380178,2019-09-01,COPEC
FONDO DE PENSIONES HABITAT C,0.0109,14111219,1303380178,2019-09-01,COPEC
ANTARCHILE S.A.,0.6082,790581560,1303380178,2019-12-01,COPEC
BANCO DE CHILE POR CUENTA DE STATE STREET,0.0259,33722798,1303380178,2019-12-01,COPEC
FORESTAL Y PESQUERA CALLAQUI S.A.,0.0229,29731091,1303380178,2019-12-01,COPEC
VIECAL S.A.,0.0226,29439066,1303380178,2019-12-01,COPEC
BANCHILE CORREDORES DE BOLSA S.A.,0.019299999999999998,25134939,1303380178,2019-12-01,COPEC
BANCO SANTANDER - JP MORGAN,0.0176,22846033,1303380178,2019-12-01,COPEC
MINERA VALPARAISO S.A.,0.0169,22027125,1303380178,2019-12-01,COPEC
BANCO DE CHILE POR CUENTA DE TERCEROS CA,0.0144,18727338,1303380178,2019-12-01,COPEC
FORESTAL Y PESQUERA COPAHUE S.A.,0.0144,18692371,1303380178,2019-12-01,COPEC
BICE INVERSIONES CORREDORES DE BOLSA S.A.,0.0121,15671017,1303380178,2019-12-01,COPEC
SERVICIOS Y CONSULTORIA LTDA.,0.011899999999999999,15446423,1303380178,2019-12-01,COPEC
FONDO DE PENSIONES HABITAT C,0.0109,14111219,1303380178,2019-12-01,COPEC
ANTARCHILE S.A.,0.6082,790581560,1303380178,2020-03-01,COPEC
BANCO DE CHILE POR CUENTA DE STATE STREET,0.0259,33722798,1303380178,2020-03-01,COPEC
FORESTAL Y PESQUERA CALLAQUI S.A.,0.0229,29731091,1303380178,2020-03-01,COPEC
VIECAL S.A.,0.0226,29439066,1303380178,2020-03-01,COPEC
BANCHILE CORREDORES DE BOLSA S.A.,0.019299999999999998,25134939,1303380178,2020-03-01,COPEC
BANCO SANTANDER - JP MORGAN,0.0176,22846033,1303380178,2020-03-01,COPEC
MINERA VALPARAISO S.A.,0.0169,22027125,1303380178,2020-03-01,COPEC
BANCO DE CHILE POR CUENTA DE TERCEROS CA,0.0144,18727338,1303380178,2020-03-01,COPEC
FORESTAL Y PESQUERA COPAHUE S.A.,0.0144,18692371,1303380178,2020-03-01,COPEC
BICE INVERSIONES CORREDORES DE BOLSA S.A.,0.0121,15671017,1303380178,2020-03-01,COPEC
SERVICIOS Y CONSULTORIA LTDA.,0.011899999999999999,15446423,1303380178,2020-03-01,COPEC
FONDO DE PENSIONES HABITAT C,0.0109,14111219,1303380178,2020-03-01,COPEC
ANTARCHILE S.A.,0.6082,790581560,1303380178,2020-06-01,COPEC
BANCO DE CHILE POR CUENTA DE STATE STREET,0.0259,33722798,1303380178,2020-06-01,COPEC
FORESTAL Y PESQUERA CALLAQUI S.A.,0.0229,29731091,1303380178,2020-06-01,COPEC
VIECAL S.A.,0.0226,29439066,1303380178,2020-06-01,COPEC
BANCHILE CORREDORES DE BOLSA S.A.,0.019299999999999998,25134939,1303380178,2020-06-01,COPEC
BANCO SANTANDER - JP MORGAN,0.0176,22846033,1303380178,2020-06-01,COPEC
MINERA VALPARAISO S.A.,0.0169,22027125,1303380178,2020-06-01,COPEC
BANCO DE CHILE POR CUENTA DE TERCEROS CA,0.0144,18727338,1303380178,2020-06-01,COPEC
FORESTAL Y PESQUERA COPAHUE S.A.,0.0144,18692371,1303380178,2020-06-01,COPEC
BICE INVERSIONES CORREDORES DE BOLSA S.A.,0.0121,15671017,1303380178,2020-06-01,COPEC
SERVICIOS Y CONSULTORIA LTDA.,0.011899999999999999,15446423,1303380178,2020-06-01,COPEC
FONDO DE PENSIONES HABITAT C,0.0109,14111219,1303380178,2020-06-01,COPEC
ANTARCHILE S.A.,0.6082,790581560,1303380178,2020-09-01,COPEC
BANCO DE CHILE POR CUENTA DE STATE STREET,0.0259,33722798,1303380178,2020-09-01,COPEC
FORESTAL Y PESQUERA CALLAQUI S.A.,0.0229,29731091,1303380178,2020-09-01,COPEC
VIECAL S.A.,0.0226,29439066,1303380178,2020-09-01,COPEC
BANCHILE CORREDORES DE BOLSA S.A.,0.019299999999999998,25134939,1303380178,2020-09-01,COPEC
BANCO SANTANDER - JP MORGAN,0.0176,22846033,1303380178,2020-09-01,COPEC
MINERA VALPARAISO S.A.,0.0169,22027125,1303380178,2020-09-01,COPEC
BANCO DE CHILE POR CUENTA DE TERCEROS CA,0.0144,18727338,1303380178,2020-09-01,COPEC
FORESTAL Y PESQUERA COPAHUE S.A.,0.0144,18692371,1303380178,2020-09-01,COPEC
BICE INVERSIONES CORREDORES DE BOLSA S.A.,0.0121,15671017,1303380178,2020-09-01,COPEC
SERVICIOS Y CONSULTORIA LTDA.,0.011899999999999999,15446423,1303380178,2020-09-01,COPEC
FONDO DE PENSIONES HABITAT C,0.0109,14111219,1303380178,2020-09-01,COPEC
ANTARCHILE S.A.,0.6082,790581560,1303380178,2020-12-01,COPEC
BANCO DE CHILE POR CUENTA DE STATE STREET,0.0259,33722798,1303380178,2020-12-01,COPEC
FORESTAL Y PESQUERA CALLAQUI S.A.,0.0229,29731091,1303380178,2020-12-01,COPEC
VIECAL S.A.,0.0226,29439066,1303380178,2020-12-01,COPEC
BANCHILE CORREDORES DE BOLSA S.A.,0.019299999999999998,25134939,1303380178,2020-12-01,COPEC
BANCO SANTANDER - JP MORGAN,0.0176,22846033,1303380178,2020-12-01,COPEC
MINERA VALPARAISO S.A.,0.0169,22027125,1303380178,2020-12-01,COPEC
BANCO DE CHILE POR CUENTA DE TERCEROS CA,0.0144,18727338,1303380178,2020-12-01,COPEC
FORESTAL Y PESQUERA COPAHUE S.A.,0.0144,18692371,1303380178,2020-12-01,COPEC
BICE INVERSIONES CORREDORES DE BOLSA S.A.,0.0121,15671017,1303380178,2020-12-01,COPEC
SERVICIOS Y CONSULTORIA LTDA.,0.011899999999999999,15446423,1303380178,2020-12-01,COPEC
FONDO DE PENSIONES HABITAT C,0.0109,14111219,1303380178,2020-12-01,COPEC
ANTARCHILE S.A.,0.6082,790581560,1303380178,2021-03-01,COPEC
BANCO DE CHILE POR CUENTA DE STATE STREET,0.0259,33722798,1303380178,2021-03-01,COPEC
FORESTAL Y PESQUERA CALLAQUI S.A.,0.0229,29731091,1303380178,2021-03-01,COPEC
VIECAL S.A.,0.0226,29439066,1303380178,2021-03-01,COPEC
BANCHILE CORREDORES DE BOLSA S.A.,0.019299999999999998,25134939,1303380178,2021-03-01,COPEC
BANCO SANTANDER - JP MORGAN,0.0176,22846033,1303380178,2021-03-01,COPEC
MINERA VALPARAISO S.A.,0.0169,22027125,1303380178,2021-03-01,COPEC
BANCO DE CHILE POR CUENTA DE TERCEROS CA,0.0144,18727338,1303380178,2021-03-01,COPEC
FORESTAL Y PESQUERA COPAHUE S.A.,0.0144,18692371,1303380178,2021-03-01,COPEC
BICE INVERSIONES CORREDORES DE BOLSA S.A.,0.0121,15671017,1303380178,2021-03-01,COPEC
SERVICIOS Y CONSULTORIA LTDA.,0.011899999999999999,15446423,1303380178,2021-03-01,COPEC
FONDO DE PENSIONES HABITAT C,0.0109,14111219,1303380178,2021-03-01,COPEC
ANTARCHILE S.A.,0.6082,790581560,1303380178,2021-06-01,COPEC
BANCO DE CHILE POR CUENTA DE STATE STREET,0.0259,33722798,1303380178,2021-06-01,COPEC
FORESTAL Y PESQUERA CALLAQUI S.A.,0.0229,29731091,1303380178,2021-06-01,COPEC
VIECAL S.A.,0.0226,29439066,1303380178,2021-06-01,COPEC
BANCHILE CORREDORES DE BOLSA S.A.,0.019299999999999998,25134939,1303380178,2021-06-01,COPEC
BANCO SANTANDER - JP MORGAN,0.0176,22846033,1303380178,2021-06-01,COPEC
MINERA VALPARAISO S.A.,0.0169,22027125,1303380178,2021-06-01,COPEC
BANCO DE CHILE POR CUENTA DE TERCEROS CA,0.0144,18727338,1303380178,2021-06-01,COPEC
FORESTAL Y PESQUERA COPAHUE S.A.,0.0144,18692371,1303380178,2021-06-01,COPEC
BICE INVERSIONES CORREDORES DE BOLSA S.A.,0.0121,15671017,1303380178,2021-06-01,COPEC
SERVICIOS Y CONSULTORIA LTDA.,0.011899999999999999,15446423,1303380178,2021-06-01,COPEC
FONDO DE PENSIONES HABITAT C,0.0109,14111219,1303380178,2021-06-01,COPEC
ANTARCHILE S.A.,0.6082,790581560,1303380178,2021-09-01,COPEC
BANCO DE CHILE POR CUENTA DE STATE STREET,0.0259,33722798,1303380178,2021-09-01,COPEC
FORESTAL Y PESQUERA CALLAQUI S.A.,0.0229,29731091,1303380178,2021-09-01,COPEC
VIECAL S.A.,0.0226,29439066,1303380178,2021-09-01,COPEC
BANCHILE CORREDORES DE BOLSA S.A.,0.019299999999999998,25134939,1303380178,2021-09-01,COPEC
BANCO SANTANDER - JP MORGAN,0.0176,22846033,1303380178,2021-09-01,COPEC
MINERA VALPARAISO S.A.,0.0169,22027125,1303380178,2021-09-01,COPEC
BANCO DE CHILE POR CUENTA DE TERCEROS CA,0.0144,18727338,1303380178,2021-09-01,COPEC
FORESTAL Y PESQUERA COPAHUE S.A.,0.0144,18692371,1303380178,2021-09-01,COPEC
BICE INVERSIONES CORREDORES DE BOLSA S.A.,0.0121,15671017,1303380178,2021-09-01,COPEC
SERVICIOS Y CONSULTORIA LTDA.,0.011899999999999999,15446423,1303380178,2021-09-01,COPEC
FONDO DE PENSIONES HABITAT C,0.0109,14111219,1303380178,2021-09-01,COPEC
ANTARCHILE S.A.,0.6082,790581560,1303380178,2021-12-01,COPEC
BANCO DE CHILE POR CUENTA DE STATE STREET,0.0259,33722798,1303380178,2021-12-01,COPEC
FORESTAL Y PESQUERA CALLAQUI S.A.,0.0229,29731091,1303380178,2021-12-01,COPEC
VIECAL S.A.,0.0226,29439066,1303380178,2021-12-01,COPEC
BANCHILE CORREDORES DE BOLSA S.A.,0.019299999999999998,25134939,1303380178,2021-12-01,COPEC
BANCO SANTANDER - JP MORGAN,0.0176,22846033,1303380178,2021-12-01,COPEC
MINERA VALPARAISO S.A.,0.0169,22027125,1303380178,2021-12-01,COPEC
BANCO DE CHILE POR CUENTA DE TERCEROS CA,0.0144,18727338,1303380178,2021-12-01,COPEC
FORESTAL Y PESQUERA COPAHUE S.A.,0.0144,18692371,1303380178,2021-12-01,COPEC
BICE INVERSIONES CORREDORES DE BOLSA S.A.,0.0121,15671017,1303380178,2021-12-01,COPEC
SERVICIOS Y CONSULTORIA LTDA.,0.011899999999999999,15446423,1303380178,2021-12-01,COPEC
FONDO DE PENSIONES HABITAT C,0.0109,14111219,1303380178,2021-12-01,COPEC
ANTARCHILE S.A.,0.6082,790581560,1303380178,2022-03-01,COPEC
BANCO DE CHILE POR CUENTA DE STATE STREET,0.0259,33722798,1303380178,2022-03-01,COPEC
FORESTAL Y PESQUERA CALLAQUI S.A.,0.0229,29731091,1303380178,2022-03-01,COPEC
VIECAL S.A.,0.0226,29439066,1303380178,2022-03-01,COPEC
BANCHILE CORREDORES DE BOLSA S.A.,0.019299999999999998,25134939,1303380178,2022-03-01,COPEC
BANCO SANTANDER - JP MORGAN,0.0176,22846033,1303380178,2022-03-01,COPEC
MINERA VALPARAISO S.A.,0.0169,22027125,1303380178,2022-03-01,COPEC
BANCO DE CHILE POR CUENTA DE TERCEROS CA,0.0144,18727338,1303380178,2022-03-01,COPEC
FORESTAL Y PESQUERA COPAHUE S.A.,0.0144,18692371,1303380178,2022-03-01,COPEC
BICE INVERSIONES CORREDORES DE BOLSA S.A.,0.0121,15671017,1303380178,2022-03-01,COPEC
SERVICIOS Y CONSULTORIA LTDA.,0.011899999999999999,15446423,1303380178,2022-03-01,COPEC
FONDO DE PENSIONES HABITAT C,0.0109,14111219,1303380178,2022-03-01,COPEC
ANTARCHILE S.A.,0.6082,790581560,1303380178,2022-06-01,COPEC
BANCO DE CHILE POR CUENTA DE STATE STREET,0.0259,33722798,1303380178,2022-06-01,COPEC
FORESTAL Y PESQUERA CALLAQUI S.A.,0.0229,29731091,1303380178,2022-06-01,COPEC
VIECAL S.A.,0.0226,29439066,1303380178,2022-06-01,COPEC
BANCHILE CORREDORES DE BOLSA S.A.,0.019299999999999998,25134939,1303380178,2022-06-01,COPEC
BANCO SANTANDER - JP MORGAN,0.0176,22846033,1303380178,2022-06-01,COPEC
MINERA VALPARAISO S.A.,0.0169,22027125,1303380178,2022-06-01,COPEC
BANCO DE CHILE POR CUENTA DE TERCEROS CA,0.0144,18727338,1303380178,2022-06-01,COPEC
FORESTAL Y PESQUERA COPAHUE S.A.,0.0144,18692371,1303380178,2022-06-01,COPEC
BICE INVERSIONES CORREDORES DE BOLSA S.A.,0.0121,15671017,1303380178,2022-06-01,COPEC
SERVICIOS Y CONSULTORIA LTDA.,0.011899999999999999,15446423,1303380178,2022-06-01,COPEC
FONDO DE PENSIONES HABITAT C,0.0109,14111219,1303380178,2022-06-01,COPEC
ANTARCHILE S.A.,0.6082,790581560,1303380178,2022-09-01,COPEC
BANCO DE CHILE POR CUENTA DE STATE STREET,0.0259,33722798,1303380178,2022-09-01,COPEC
FORESTAL Y PESQUERA CALLAQUI S.A.,0.0229,29731091,1303380178,2022-09-01,COPEC
VIECAL S.A.,0.0226,29439066,1303380178,2022-09-01,COPEC
BANCHILE CORREDORES DE BOLSA S.A.,0.019299999999999998,25134939,1303380178,2022-09-01,COPEC
BANCO SANTANDER - JP MORGAN,0.0176,22846033,1303380178,2022-09-01,COPEC
MINERA VALPARAISO S.A.,0.0169,22027125,1303380178,2022-09-01,COPEC
BANCO DE CHILE POR CUENTA DE TERCEROS CA,0.0144,18727338,1303380178,2022-09-01,COPEC
FORESTAL Y PESQUERA COPAHUE S.A.,0.0144,18692371,1303380178,2022-09-01,COPEC
BICE INVERSIONES CORREDORES DE BOLSA S.A.,0.0121,15671017,1303380178,2022-09-01,COPEC
SERVICIOS Y CONSULTORIA LTDA.,0.011899999999999999,15446423,1303380178,2022-09-01,COPEC
FONDO DE PENSIONES HABITAT C,0.0109,14111219,1303380178,2022-09-01,COPEC
ANTARCHILE S.A.,0.6082,790581560,1303380178,2022-12-01,COPEC
BANCO DE CHILE POR CUENTA DE STATE STREET,0.0259,33722798,1303380178,2022-12-01,COPEC
FORESTAL Y PESQUERA CALLAQUI S.A.,0.0229,29731091,1303380178,2022-12-01,COPEC
VIECAL S.A.,0.0226,29439066,1303380178,2022-12-01,COPEC
BANCHILE CORREDORES DE BOLSA S.A.,0.019299999999999998,25134939,1303380178,2022-12-01,COPEC
BANCO SANTANDER - JP MORGAN,0.0176,22846033,1303380178,2022-12-01,COPEC
MINERA VALPARAISO S.A.,0.0169,22027125,1303380178,2022-12-01,COPEC
BANCO DE CHILE POR CUENTA DE TERCEROS CA,0.0144,18727338,1303380178,2022-12-01,COPEC
FORESTAL Y PESQUERA COPAHUE S.A.,0.0144,18692371,1303380178,2022-12-01,COPEC
BICE INVERSIONES CORREDORES DE BOLSA S.A.,0.0121,15671017,1303380178,2022-12-01,COPEC
SERVICIOS Y CONSULTORIA LTDA.,0.011899999999999999,15446423,1303380178,2022-12-01,COPEC
FONDO DE PENSIONES HABITAT C,0.0109,14111219,1303380178,2022-12-01,COPEC
ANTARCHILE S.A.,0.6082,790581560,1303380178,2023-03-01,COPEC
BANCO DE CHILE POR CUENTA DE STATE STREET,0.0259,33722798,1303380178,2023-03-01,COPEC
FORESTAL Y PESQUERA CALLAQUI S.A.,0.0229,29731091,1303380178,2023-03-01,COPEC
VIECAL S.A.,0.0226,29439066,1303380178,2023-03-01,COPEC
BANCHILE CORREDORES DE BOLSA S.A.,0.019299999999999998,25134939,1303380178,2023-03-01,COPEC
BANCO SANTANDER - JP MORGAN,0.0176,22846033,1303380178,2023-03-01,COPEC
MINERA VALPARAISO S.A.,0.0169,22027125,1303380178,2023-03-01,COPEC
BANCO DE CHILE POR CUENTA DE TERCEROS CA,0.0144,18727338,1303380178,2023-03-01,COPEC
FORESTAL Y PESQUERA COPAHUE S.A.,0.0144,18692371,1303380178,2023-03-01,COPEC
BICE INVERSIONES CORREDORES DE BOLSA S.A.,0.0121,15671017,1303380178,2023-03-01,COPEC
SERVICIOS Y CONSULTORIA LTDA.,0.011899999999999999,15446423,1303380178,2023-03-01,COPEC
FONDO DE PENSIONES HABITAT C,0.0109,14111219,1303380178,2023-03-01,COPEC
ANTARCHILE S.A.,0.6082,790581560,1303380178,2023-06-01,COPEC
BANCO DE CHILE POR CUENTA DE STATE STREET,0.0259,33722798,1303380178,2023-06-01,COPEC
FORESTAL Y PESQUERA CALLAQUI S.A.,0.0229,29731091,1303380178,2023-06-01,COPEC
VIECAL S.A.,0.0226,29439066,1303380178,2023-06-01,COPEC
BANCHILE CORREDORES DE BOLSA S.A.,0.019299999999999998,25134939,1303380178,2023-06-01,COPEC
BANCO SANTANDER - JP MORGAN,0.0176,22846033,1303380178,2023-06-01,COPEC
MINERA VALPARAISO S.A.,0.0169,22027125,1303380178,2023-06-01,COPEC
BANCO DE CHILE POR CUENTA DE TERCEROS CA,0.0144,18727338,1303380178,2023-06-01,COPEC
FORESTAL Y PESQUERA COPAHUE S.A.,0.0144,18692371,1303380178,2023-06-01,COPEC
BICE INVERSIONES CORREDORES DE BOLSA S.A.,0.0121,15671017,1303380178,2023-06-01,COPEC
SERVICIOS Y CONSULTORIA LTDA.,0.011899999999999999,15446423,1303380178,2023-06-01,COPEC
FONDO DE PENSIONES HABITAT C,0.0109,14111219,1303380178,2023-06-01,COPEC
ANTARCHILE S.A.,0.6082,790581560,1303380178,2023-09-01,COPEC
BANCO DE CHILE POR CUENTA DE STATE STREET,0.0259,33722798,1303380178,2023-09-01,COPEC
FORESTAL Y PESQUERA CALLAQUI S.A.,0.0229,29731091,1303380178,2023-09-01,COPEC
VIECAL S.A.,0.0226,29439066,1303380178,2023-09-01,COPEC
BANCHILE CORREDORES DE BOLSA S.A.,0.019299999999999998,25134939,1303380178,2023-09-01,COPEC
BANCO SANTANDER - JP MORGAN,0.0176,22846033,1303380178,2023-09-01,COPEC
MINERA VALPARAISO S.A.,0.0169,22027125,1303380178,2023-09-01,COPEC
BANCO DE CHILE POR CUENTA DE TERCEROS CA,0.0144,18727338,1303380178,2023-09-01,COPEC
FORESTAL Y PESQUERA COPAHUE S.A.,0.0144,18692371,1303380178,2023-09-01,COPEC
BICE INVERSIONES CORREDORES DE BOLSA S.A.,0.0121,15671017,1303380178,2023-09-01,COPEC
SERVICIOS Y CONSULTORIA LTDA.,0.011899999999999999,15446423,1303380178,2023-09-01,COPEC
FONDO DE PENSIONES HABITAT C,0.0109,14111219,1303380178,2023-09-01,COPEC
ANTARCHILE S.A.,0.6082,790581560,1303380178,2023-12-01,COPEC
BANCO DE CHILE POR CUENTA DE STATE STREET,0.0259,33722798,1303380178,2023-12-01,COPEC
FORESTAL Y PESQUERA CALLAQUI S.A.,0.0229,29731091,1303380178,2023-12-01,COPEC
VIECAL S.A.,0.0226,29439066,1303380178,2023-12-01,COPEC
BANCHILE CORREDORES DE BOLSA S.A.,0.019299999999999998,25134939,1303380178,2023-12-01,COPEC
BANCO SANTANDER - JP MORGAN,0.0176,22846033,1303380178,2023-12-01,COPEC
MINERA VALPARAISO S.A.,0.0169,22027125,1303380178,2023-12-01,COPEC
BANCO DE CHILE POR CUENTA DE TERCEROS CA,0.0144,18727338,1303380178,2023-12-01,COPEC
FORESTAL Y PESQUERA COPAHUE S.A.,0.0144,18692371,1303380178,2023-12-01,COPEC
BICE INVERSIONES CORREDORES DE BOLSA S.A.,0.0121,15671017,1303380178,2023-12-01,COPEC
SERVICIOS Y CONSULTORIA LTDA.,0.011899999999999999,15446423,1303380178,2023-12-01,COPEC
FONDO DE PENSIONES HABITAT C,0.0109,14111219,1303380178,2023-12-01,COPEC
ANTARCHILE S.A.,0.6082,790581560,1303380178,2024-03-01,COPEC
BANCO DE CHILE POR CUENTA DE STATE STREET,0.0259,33722798,1303380178,2024-03-01,COPEC
FORESTAL Y PESQUERA CALLAQUI S.A.,0.0229,29731091,1303380178,2024-03-01,COPEC
VIECAL S.A.,0.0226,29439066,1303380178,2024-03-01,COPEC
BANCHILE CORREDORES DE BOLSA S.A.,0.019299999999999998,25134939,1303380178,2024-03-01,COPEC
BANCO SANTANDER - JP MORGAN,0.0176,22846033,1303380178,2024-03-01,COPEC
MINERA VALPARAISO S.A.,0.0169,22027125,1303380178,2024-03-01,COPEC
BANCO DE CHILE POR CUENTA DE TERCEROS CA,0.0144,18727338,1303380178,2024-03-01,COPEC
FORESTAL Y PESQUERA COPAHUE S.A.,0.0144,18692371,1303380178,2024-03-01,COPEC
BICE INVERSIONES CORREDORES DE BOLSA S.A.,0.0121,15671017,1303380178,2024-03-01,COPEC
SERVICIOS Y CONSULTORIA LTDA.,0.011899999999999999,15446423,1303380178,2024-03-01,COPEC
FONDO DE PENSIONES HABITAT C,0.0109,14111219,1303380178,2024-03-01,COPEC
ANTARCHILE S.A.,0.6082,790581560,1303380178,2024-06-01,COPEC
BANCO DE CHILE POR CUENTA DE STATE STREET,0.0259,33722798,1303380178,2024-06-01,COPEC
FORESTAL Y PESQUERA CALLAQUI S.A.,0.0229,29731091,1303380178,2024-06-01,COPEC
VIECAL S.A.,0.0226,29439066,1303380178,2024-06-01,COPEC
BANCHILE CORREDORES DE BOLSA S.A.,0.019299999999999998,25134939,1303380178,2024-06-01,COPEC
BANCO SANTANDER - JP MORGAN,0.0176,22846033,1303380178,2024-06-01,COPEC
MINERA VALPARAISO S.A.,0.0169,22027125,1303380178,2024-06-01,COPEC
BANCO DE CHILE POR CUENTA DE TERCEROS CA,0.0144,18727338,1303380178,2024-06-01,COPEC
FORESTAL Y PESQUERA COPAHUE S.A.,0.0144,18692371,1303380178,2024-06-01,COPEC
BICE INVERSIONES CORREDORES DE BOLSA S.A.,0.0121,15671017,1303380178,2024-06-01,COPEC
SERVICIOS Y CONSULTORIA LTDA.,0.011899999999999999,15446423,1303380178,2024-06-01,COPEC
FONDO DE PENSIONES HABITAT C,0.0109,14111219,1303380178,2024-06-01,COPEC
ANTARCHILE S.A.,0.6082,790581560,1303380178,2024-09-01,COPEC
BANCO DE CHILE POR CUENTA DE STATE STREET,0.0259,33722798,1303380178,2024-09-01,COPEC
FORESTAL Y PESQUERA CALLAQUI S.A.,0.0229,29731091,1303380178,2024-09-01,COPEC
VIECAL S.A.,0.0226,29439066,1303380178,2024-09-01,COPEC
BANCHILE CORREDORES DE BOLSA S.A.,0.019299999999999998,25134939,1303380178,2024-09-01,COPEC
BANCO SANTANDER - JP MORGAN,0.0176,22846033,1303380178,2024-09-01,COPEC
MINERA VALPARAISO S.A.,0.0169,22027125,1303380178,2024-09-01,COPEC
BANCO DE CHILE POR CUENTA DE TERCEROS CA,0.0144,18727338,1303380178,2024-09-01,COPEC
FORESTAL Y PESQUERA COPAHUE S.A.,0.0144,18692371,1303380178,2024-09-01,COPEC
BICE INVERSIONES CORREDORES DE BOLSA S.A.,0.0121,15671017,1303380178,2024-09-01,COPEC
SERVICIOS Y CONSULTORIA LTDA.,0.011899999999999999,15446423,1303380178,2024-09-01,COPEC
FONDO DE PENSIONES HABITAT C,0.0109,14111219,1303380178,2024-09-01,COPEC
ANTARCHILE S.A.,0.6082,790581560,1303380178,2024-12-01,COPEC
BANCO DE CHILE POR CUENTA DE STATE STREET,0.0259,33722798,1303380178,2024-12-01,COPEC
FORESTAL Y PESQUERA CALLAQUI S.A.,0.0229,29731091,1303380178,2024-12-01,COPEC
VIECAL S.A.,0.0226,29439066,1303380178,2024-12-01,COPEC
BANCHILE CORREDORES DE BOLSA S.A.,0.019299999999999998,25134939,1303380178,2024-12-01,COPEC
BANCO SANTANDER - JP MORGAN,0.0176,22846033,1303380178,2024-12-01,COPEC
MINERA VALPARAISO S.A.,0.0169,22027125,1303380178,2024-12-01,COPEC
BANCO DE CHILE POR CUENTA DE TERCEROS CA,0.0144,18727338,1303380178,2024-12-01,COPEC
FORESTAL Y PESQUERA COPAHUE S.A.,0.0144,18692371,1303380178,2024-12-01,COPEC
BICE INVERSIONES CORREDORES DE BOLSA S.A.,0.0121,15671017,1303380178,2024-12-01,COPEC
SERVICIOS Y CONSULTORIA LTDA.,0.011899999999999999,15446423,1303380178,2024-12-01,COPEC
FONDO DE PENSIONES HABITAT C,0.0109,14111219,1303380178,2024-12-01,COPEC
ANTARCHILE S.A.,0.6082,790581560,1303380178,2025-03-01,COPEC
BANCO DE CHILE POR CUENTA DE STATE STREET,0.0259,33722798,1303380178,2025-03-01,COPEC
FORESTAL Y PESQUERA CALLAQUI S.A.,0.0229,29731091,1303380178,2025-03-01,COPEC
VIECAL S.A.,0.0226,29439066,1303380178,2025-03-01,COPEC
BANCHILE CORREDORES DE BOLSA S.A.,0.019299999999999998,25134939,1303380178,2025-03-01,COPEC
BANCO SANTANDER - JP MORGAN,0.0176,22846033,1303380178,2025-03-01,COPEC
MINERA VALPARAISO S.A.,0.0169,22027125,1303380178,2025-03-01,COPEC
BANCO DE CHILE POR CUENTA DE TERCEROS CA,0.0144,18727338,1303380178,2025-03-01,COPEC
FORESTAL Y PESQUERA COPAHUE S.A.,0.0144,18692371,1303380178,2025-03-01,COPEC
BICE INVERSIONES CORREDORES DE BOLSA S.A.,0.0121,15671017,1303380178,2025-03-01,COPEC
SERVICIOS Y CONSULTORIA LTDA.,0.011899999999999999,15446423,1303380178,2025-03-01,COPEC
FONDO DE PENSIONES HABITAT C,0.0109,14111219,1303380178,2025-03-01,COPEC
ANTARCHILE S.A.,0.6082,790581560,1303380178,2025-06-01,COPEC
BANCO DE CHILE POR CUENTA DE STATE STREET,0.0259,33722798,1303380178,2025-06-01,COPEC
FORESTAL Y PESQUERA CALLAQUI S.A.,0.0229,29731091,1303380178,2025-06-01,COPEC
VIECAL S.A.,0.0226,29439066,1303380178,2025-06-01,COPEC
BANCHILE CORREDORES DE BOLSA S.A.,0.019299999999999998,25134939,1303380178,2025-06-01,COPEC
BANCO SANTANDER - JP MORGAN,0.0176,22846033,1303380178,2025-06-01,COPEC
MINERA VALPARAISO S.A.,0.0169,22027125,1303380178,2025-06-01,COPEC
BANCO DE CHILE POR CUENTA DE TERCEROS CA,0.0144,18727338,1303380178,2025-06-01,COPEC
FORESTAL Y PESQUERA COPAHUE S.A.,0.0144,18692371,1303380178,2025-06-01,COPEC
BICE INVERSIONES CORREDORES DE BOLSA S.A.,0.0121,15671017,1303380178,2025-06-01,COPEC
SERVICIOS Y CONSULTORIA LTDA.,0.011899999999999999,15446423,1303380178,2025-06-01,COPEC
FONDO DE PENSIONES HABITAT C,0.0109,14111219,1303380178,2025-06-01,COPEC
ANTARCHILE S.A.,0.6082,790581560,1303380178,2025-09-01,COPEC
BANCO DE CHILE POR CUENTA DE STATE STREET,0.0259,33722798,1303380178,2025-09-01,COPEC
FORESTAL Y PESQUERA CALLAQUI S.A.,0.0229,29731091,1303380178,2025-09-01,COPEC
VIECAL S.A.,0.0226,29439066,1303380178,2025-09-01,COPEC
BANCHILE CORREDORES DE BOLSA S.A.,0.019299999999999998,25134939,1303380178,2025-09-01,COPEC
BANCO SANTANDER - JP MORGAN,0.0176,22846033,1303380178,2025-09-01,COPEC
MINERA VALPARAISO S.A.,0.0169,22027125,1303380178,2025-09-01,COPEC
BANCO DE CHILE POR CUENTA DE TERCEROS CA,0.0144,18727338,1303380178,2025-09-01,COPEC
FORESTAL Y PESQUERA COPAHUE S.A.,0.0144,18692371,1303380178,2025-09-01,COPEC
BICE INVERSIONES CORREDORES DE BOLSA S.A.,0.0121,15671017,1303380178,2025-09-01,COPEC
SERVICIOS Y CONSULTORIA LTDA.,0.011899999999999999,15446423,1303380178,2025-09-01,COPEC
FONDO DE PENSIONES HABITAT C,0.0109,14111219,1303380178,2025-09-01,COPEC
ANTARCHILE S.A.,0.6082,790581560,1303380178,2025-12-01,COPEC
BANCO DE CHILE POR CUENTA DE STATE STREET,0.0259,33722798,1303380178,2025-12-01,COPEC
FORESTAL Y PESQUERA CALLAQUI S.A.,0.0229,29731091,1303380178,2025-12-01,COPEC
VIECAL S.A.,0.0226,29439066,1303380178,2025-12-01,COPEC
BANCHILE CORREDORES DE BOLSA S.A.,0.019299999999999998,25134939,1303380178,2025-12-01,COPEC
BANCO SANTANDER - JP MORGAN,0.0176,22846033,1303380178,2025-12-01,COPEC
MINERA VALPARAISO S.A.,0.0169,22027125,1303380178,2025-12-01,COPEC
BANCO DE CHILE POR CUENTA DE TERCEROS CA,0.0144,18727338,1303380178,2025-12-01,COPEC
FORESTAL Y PESQUERA COPAHUE S.A.,0.0144,18692371,1303380178,2025-12-01,COPEC
BICE INVERSIONES CORREDORES DE BOLSA S.A.,0.0121,15671017,1303380178,2025-12-01,COPEC
SERVICIOS Y CONSULTORIA LTDA.,0.011899999999999999,15446423,1303380178,2025-12-01,COPEC
FONDO DE PENSIONES HABITAT C,0.0109,14111219,1303380178,2025-12-01,COPEC
INVERSIONES ANGELINI Y COMPAÑIA LIMITADA,0.3422,106383782,311809941,2016-03-01,NUTRAVALOR
ANTARCHILE S.A.,0.187,58126119,311809941,2016-03-01,NUTRAVALOR
INVERSIONES LO RECABARREN LIMITADA,0.0932,28968512,311809941,2016-03-01,NUTRAVALOR
ANGELINI ROSSI ROBERTO,0.0583,18118207,311809941,2016-03-01,NUTRAVALOR
INVERSIONES Y RENTAS SAN JUAN LTDA.,0.0441,13724517,311809941,2016-03-01,NUTRAVALOR
ANGELINI ROSSI PATRICIA,0.0441,13702799,311809941,2016-03-01,NUTRAVALOR
FRIEDBERG ALBERT DOV,0.036699999999999997,11404870,311809941,2016-03-01,NUTRAVALOR
AGROFORESTAL E INVERSIONES MAIHUE SPA,0.0226,7027216,311809941,2016-03-01,NUTRAVALOR
BANCHILE CORREDORES DE BOLSA S.A.,0.018500000000000003,5741954,311809941,2016-03-01,NUTRAVALOR
NEVASA S.A. CORREDORES DE BOLSA,0.0172,5347328,311809941,2016-03-01,NUTRAVALOR
BTG PACTUAL CHILE S.A. CORREDORES DE BOLSA,0.0171,5304057,311809941,2016-03-01,NUTRAVALOR
CONSORCIO CORREDORES DE BOLSA S.A.,0.0169,5269588,311809941,2016-03-01,NUTRAVALOR
INVERSIONES ANGELINI Y COMPAÑIA LIMITADA,0.3422,106383782,311809941,2016-06-01,NUTRAVALOR
ANTARCHILE S.A.,0.187,58126119,311809941,2016-06-01,NUTRAVALOR
INVERSIONES LO RECABARREN LIMITADA,0.0932,28968512,311809941,2016-06-01,NUTRAVALOR
ANGELINI ROSSI ROBERTO,0.0583,18118207,311809941,2016-06-01,NUTRAVALOR
INVERSIONES Y RENTAS SAN JUAN LTDA.,0.0441,13724517,311809941,2016-06-01,NUTRAVALOR
ANGELINI ROSSI PATRICIA,0.0441,13702799,311809941,2016-06-01,NUTRAVALOR
FRIEDBERG ALBERT DOV,0.036699999999999997,11404870,311809941,2016-06-01,NUTRAVALOR
AGROFORESTAL E INVERSIONES MAIHUE SPA,0.0226,7027216,311809941,2016-06-01,NUTRAVALOR
BANCHILE CORREDORES DE BOLSA S.A.,0.018500000000000003,5741954,311809941,2016-06-01,NUTRAVALOR
NEVASA S.A. CORREDORES DE BOLSA,0.0172,5347328,311809941,2016-06-01,NUTRAVALOR
BTG PACTUAL CHILE S.A. CORREDORES DE BOLSA,0.0171,5304057,311809941,2016-06-01,NUTRAVALOR
CONSORCIO CORREDORES DE BOLSA S.A.,0.0169,5269588,311809941,2016-06-01,NUTRAVALOR
INVERSIONES ANGELINI Y COMPAÑIA LIMITADA,0.3422,106383782,311809941,2016-09-01,NUTRAVALOR
ANTARCHILE S.A.,0.187,58126119,311809941,2016-09-01,NUTRAVALOR
INVERSIONES LO RECABARREN LIMITADA,0.0932,28968512,311809941,2016-09-01,NUTRAVALOR
ANGELINI ROSSI ROBERTO,0.0583,18118207,311809941,2016-09-01,NUTRAVALOR
INVERSIONES Y RENTAS SAN JUAN LTDA.,0.0441,13724517,311809941,2016-09-01,NUTRAVALOR
ANGELINI ROSSI PATRICIA,0.0441,13702799,311809941,2016-09-01,NUTRAVALOR
FRIEDBERG ALBERT DOV,0.036699999999999997,11404870,311809941,2016-09-01,NUTRAVALOR
AGROFORESTAL E INVERSIONES MAIHUE SPA,0.0226,7027216,311809941,2016-09-01,NUTRAVALOR
BANCHILE CORREDORES DE BOLSA S.A.,0.018500000000000003,5741954,311809941,2016-09-01,NUTRAVALOR
NEVASA S.A. CORREDORES DE BOLSA,0.0172,5347328,311809941,2016-09-01,NUTRAVALOR
BTG PACTUAL CHILE S.A. CORREDORES DE BOLSA,0.0171,5304057,311809941,2016-09-01,NUTRAVALOR
CONSORCIO CORREDORES DE BOLSA S.A.,0.0169,5269588,311809941,2016-09-01,NUTRAVALOR
INVERSIONES ANGELINI Y COMPAÑIA LIMITADA,0.3422,106383782,311809941,2016-12-01,NUTRAVALOR
ANTARCHILE S.A.,0.187,58126119,311809941,2016-12-01,NUTRAVALOR
INVERSIONES LO RECABARREN LIMITADA,0.0932,28968512,311809941,2016-12-01,NUTRAVALOR
ANGELINI ROSSI ROBERTO,0.0583,18118207,311809941,2016-12-01,NUTRAVALOR
INVERSIONES Y RENTAS SAN JUAN LTDA.,0.0441,13724517,311809941,2016-12-01,NUTRAVALOR
ANGELINI ROSSI PATRICIA,0.0441,13702799,311809941,2016-12-01,NUTRAVALOR
FRIEDBERG ALBERT DOV,0.036699999999999997,11404870,311809941,2016-12-01,NUTRAVALOR
AGROFORESTAL E INVERSIONES MAIHUE SPA,0.0226,7027216,311809941,2016-12-01,NUTRAVALOR
BANCHILE CORREDORES DE BOLSA S.A.,0.018500000000000003,5741954,311809941,2016-12-01,NUTRAVALOR
NEVASA S.A. CORREDORES DE BOLSA,0.0172,5347328,311809941,2016-12-01,NUTRAVALOR
BTG PACTUAL CHILE S.A. CORREDORES DE BOLSA,0.0171,5304057,311809941,2016-12-01,NUTRAVALOR
CONSORCIO CORREDORES DE BOLSA S.A.,0.0169,5269588,311809941,2016-12-01,NUTRAVALOR
INVERSIONES ANGELINI Y COMPAÑIA LIMITADA,0.3422,106383782,311809941,2017-03-01,NUTRAVALOR
ANTARCHILE S.A.,0.187,58126119,311809941,2017-03-01,NUTRAVALOR
INVERSIONES LO RECABARREN LIMITADA,0.0932,28968512,311809941,2017-03-01,NUTRAVALOR
ANGELINI ROSSI ROBERTO,0.0583,18118207,311809941,2017-03-01,NUTRAVALOR
INVERSIONES Y RENTAS SAN JUAN LTDA.,0.0441,13724517,311809941,2017-03-01,NUTRAVALOR
ANGELINI ROSSI PATRICIA,0.0441,13702799,311809941,2017-03-01,NUTRAVALOR
FRIEDBERG ALBERT DOV,0.036699999999999997,11404870,311809941,2017-03-01,NUTRAVALOR
AGROFORESTAL E INVERSIONES MAIHUE SPA,0.0226,7027216,311809941,2017-03-01,NUTRAVALOR
BANCHILE CORREDORES DE BOLSA S.A.,0.018500000000000003,5741954,311809941,2017-03-01,NUTRAVALOR
NEVASA S.A. CORREDORES DE BOLSA,0.0172,5347328,311809941,2017-03-01,NUTRAVALOR
BTG PACTUAL CHILE S.A. CORREDORES DE BOLSA,0.0171,5304057,311809941,2017-03-01,NUTRAVALOR
CONSORCIO CORREDORES DE BOLSA S.A.,0.0169,5269588,311809941,2017-03-01,NUTRAVALOR
INVERSIONES ANGELINI Y COMPAÑIA LIMITADA,0.3422,106383782,311809941,2017-06-01,NUTRAVALOR
ANTARCHILE S.A.,0.187,58126119,311809941,2017-06-01,NUTRAVALOR
INVERSIONES LO RECABARREN LIMITADA,0.0932,28968512,311809941,2017-06-01,NUTRAVALOR
ANGELINI ROSSI ROBERTO,0.0583,18118207,311809941,2017-06-01,NUTRAVALOR
INVERSIONES Y RENTAS SAN JUAN LTDA.,0.0441,13724517,311809941,2017-06-01,NUTRAVALOR
ANGELINI ROSSI PATRICIA,0.0441,13702799,311809941,2017-06-01,NUTRAVALOR
FRIEDBERG ALBERT DOV,0.036699999999999997,11404870,311809941,2017-06-01,NUTRAVALOR
AGROFORESTAL E INVERSIONES MAIHUE SPA,0.0226,7027216,311809941,2017-06-01,NUTRAVALOR
BANCHILE CORREDORES DE BOLSA S.A.,0.018500000000000003,5741954,311809941,2017-06-01,NUTRAVALOR
NEVASA S.A. CORREDORES DE BOLSA,0.0172,5347328,311809941,2017-06-01,NUTRAVALOR
BTG PACTUAL CHILE S.A. CORREDORES DE BOLSA,0.0171,5304057,311809941,2017-06-01,NUTRAVALOR
CONSORCIO CORREDORES DE BOLSA S.A.,0.0169,5269588,311809941,2017-06-01,NUTRAVALOR
INVERSIONES ANGELINI Y COMPAÑIA LIMITADA,0.3422,106383782,311809941,2017-09-01,NUTRAVALOR
ANTARCHILE S.A.,0.187,58126119,311809941,2017-09-01,NUTRAVALOR
INVERSIONES LO RECABARREN LIMITADA,0.0932,28968512,311809941,2017-09-01,NUTRAVALOR
ANGELINI ROSSI ROBERTO,0.0583,18118207,311809941,2017-09-01,NUTRAVALOR
INVERSIONES Y RENTAS SAN JUAN LTDA.,0.0441,13724517,311809941,2017-09-01,NUTRAVALOR
ANGELINI ROSSI PATRICIA,0.0441,13702799,311809941,2017-09-01,NUTRAVALOR
FRIEDBERG ALBERT DOV,0.036699999999999997,11404870,311809941,2017-09-01,NUTRAVALOR
AGROFORESTAL E INVERSIONES MAIHUE SPA,0.0226,7027216,311809941,2017-09-01,NUTRAVALOR
BANCHILE CORREDORES DE BOLSA S.A.,0.018500000000000003,5741954,311809941,2017-09-01,NUTRAVALOR
NEVASA S.A. CORREDORES DE BOLSA,0.0172,5347328,311809941,2017-09-01,NUTRAVALOR
BTG PACTUAL CHILE S.A. CORREDORES DE BOLSA,0.0171,5304057,311809941,2017-09-01,NUTRAVALOR
CONSORCIO CORREDORES DE BOLSA S.A.,0.0169,5269588,311809941,2017-09-01,NUTRAVALOR
INVERSIONES ANGELINI Y COMPAÑIA LIMITADA,0.3422,106383782,311809941,2017-12-01,NUTRAVALOR
ANTARCHILE S.A.,0.187,58126119,311809941,2017-12-01,NUTRAVALOR
INVERSIONES LO RECABARREN LIMITADA,0.0932,28968512,311809941,2017-12-01,NUTRAVALOR
ANGELINI ROSSI ROBERTO,0.0583,18118207,311809941,2017-12-01,NUTRAVALOR
INVERSIONES Y RENTAS SAN JUAN LTDA.,0.0441,13724517,311809941,2017-12-01,NUTRAVALOR
ANGELINI ROSSI PATRICIA,0.0441,13702799,311809941,2017-12-01,NUTRAVALOR
FRIEDBERG ALBERT DOV,0.036699999999999997,11404870,311809941,2017-12-01,NUTRAVALOR
AGROFORESTAL E INVERSIONES MAIHUE SPA,0.0226,7027216,311809941,2017-12-01,NUTRAVALOR
BANCHILE CORREDORES DE BOLSA S.A.,0.018500000000000003,5741954,311809941,2017-12-01,NUTRAVALOR
NEVASA S.A. CORREDORES DE BOLSA,0.0172,5347328,311809941,2017-12-01,NUTRAVALOR
BTG PACTUAL CHILE S.A. CORREDORES DE BOLSA,0.0171,5304057,311809941,2017-12-01,NUTRAVALOR
CONSORCIO CORREDORES DE BOLSA S.A.,0.0169,5269588,311809941,2017-12-01,NUTRAVALOR
INVERSIONES ANGELINI Y COMPAÑIA LIMITADA,0.3422,106383782,311809941,2018-03-01,NUTRAVALOR
ANTARCHILE S.A.,0.187,58126119,311809941,2018-03-01,NUTRAVALOR
INVERSIONES LO RECABARREN LIMITADA,0.0932,28968512,311809941,2018-03-01,NUTRAVALOR
ANGELINI ROSSI ROBERTO,0.0583,18118207,311809941,2018-03-01,NUTRAVALOR
INVERSIONES Y RENTAS SAN JUAN LTDA.,0.0441,13724517,311809941,2018-03-01,NUTRAVALOR
ANGELINI ROSSI PATRICIA,0.0441,13702799,311809941,2018-03-01,NUTRAVALOR
FRIEDBERG ALBERT DOV,0.036699999999999997,11404870,311809941,2018-03-01,NUTRAVALOR
AGROFORESTAL E INVERSIONES MAIHUE SPA,0.0226,7027216,311809941,2018-03-01,NUTRAVALOR
BANCHILE CORREDORES DE BOLSA S.A.,0.018500000000000003,5741954,311809941,2018-03-01,NUTRAVALOR
NEVASA S.A. CORREDORES DE BOLSA,0.0172,5347328,311809941,2018-03-01,NUTRAVALOR
BTG PACTUAL CHILE S.A. CORREDORES DE BOLSA,0.0171,5304057,311809941,2018-03-01,NUTRAVALOR
CONSORCIO CORREDORES DE BOLSA S.A.,0.0169,5269588,311809941,2018-03-01,NUTRAVALOR
INVERSIONES ANGELINI Y COMPAÑIA LIMITADA,0.3422,106383782,311809941,2018-06-01,NUTRAVALOR
ANTARCHILE S.A.,0.187,58126119,311809941,2018-06-01,NUTRAVALOR
INVERSIONES LO RECABARREN LIMITADA,0.0932,28968512,311809941,2018-06-01,NUTRAVALOR
ANGELINI ROSSI ROBERTO,0.0583,18118207,311809941,2018-06-01,NUTRAVALOR
INVERSIONES Y RENTAS SAN JUAN LTDA.,0.0441,13724517,311809941,2018-06-01,NUTRAVALOR
ANGELINI ROSSI PATRICIA,0.0441,13702799,311809941,2018-06-01,NUTRAVALOR
FRIEDBERG ALBERT DOV,0.036699999999999997,11404870,311809941,2018-06-01,NUTRAVALOR
AGROFORESTAL E INVERSIONES MAIHUE SPA,0.0226,7027216,311809941,2018-06-01,NUTRAVALOR
BANCHILE CORREDORES DE BOLSA S.A.,0.018500000000000003,5741954,311809941,2018-06-01,NUTRAVALOR
NEVASA S.A. CORREDORES DE BOLSA,0.0172,5347328,311809941,2018-06-01,NUTRAVALOR
BTG PACTUAL CHILE S.A. CORREDORES DE BOLSA,0.0171,5304057,311809941,2018-06-01,NUTRAVALOR
CONSORCIO CORREDORES DE BOLSA S.A.,0.0169,5269588,311809941,2018-06-01,NUTRAVALOR
INVERSIONES ANGELINI Y COMPAÑIA LIMITADA,0.3422,106383782,311809941,2018-09-01,NUTRAVALOR
ANTARCHILE S.A.,0.187,58126119,311809941,2018-09-01,NUTRAVALOR
INVERSIONES LO RECABARREN LIMITADA,0.0932,28968512,311809941,2018-09-01,NUTRAVALOR
ANGELINI ROSSI ROBERTO,0.0583,18118207,311809941,2018-09-01,NUTRAVALOR
INVERSIONES Y RENTAS SAN JUAN LTDA.,0.0441,13724517,311809941,2018-09-01,NUTRAVALOR
ANGELINI ROSSI PATRICIA,0.0441,13702799,311809941,2018-09-01,NUTRAVALOR
FRIEDBERG ALBERT DOV,0.036699999999999997,11404870,311809941,2018-09-01,NUTRAVALOR
AGROFORESTAL E INVERSIONES MAIHUE SPA,0.0226,7027216,311809941,2018-09-01,NUTRAVALOR
BANCHILE CORREDORES DE BOLSA S.A.,0.018500000000000003,5741954,311809941,2018-09-01,NUTRAVALOR
NEVASA S.A. CORREDORES DE BOLSA,0.0172,5347328,311809941,2018-09-01,NUTRAVALOR
BTG PACTUAL CHILE S.A. CORREDORES DE BOLSA,0.0171,5304057,311809941,2018-09-01,NUTRAVALOR
CONSORCIO CORREDORES DE BOLSA S.A.,0.0169,5269588,311809941,2018-09-01,NUTRAVALOR
INVERSIONES ANGELINI Y COMPAÑIA LIMITADA,0.3422,106383782,311809941,2018-12-01,NUTRAVALOR
ANTARCHILE S.A.,0.187,58126119,311809941,2018-12-01,NUTRAVALOR
INVERSIONES LO RECABARREN LIMITADA,0.0932,28968512,311809941,2018-12-01,NUTRAVALOR
ANGELINI ROSSI ROBERTO,0.0583,18118207,311809941,2018-12-01,NUTRAVALOR
INVERSIONES Y RENTAS SAN JUAN LTDA.,0.0441,13724517,311809941,2018-12-01,NUTRAVALOR
ANGELINI ROSSI PATRICIA,0.0441,13702799,311809941,2018-12-01,NUTRAVALOR
FRIEDBERG ALBERT DOV,0.036699999999999997,11404870,311809941,2018-12-01,NUTRAVALOR
AGROFORESTAL E INVERSIONES MAIHUE SPA,0.0226,7027216,311809941,2018-12-01,NUTRAVALOR
BANCHILE CORREDORES DE BOLSA S.A.,0.018500000000000003,5741954,311809941,2018-12-01,NUTRAVALOR
NEVASA S.A. CORREDORES DE BOLSA,0.0172,5347328,311809941,2018-12-01,NUTRAVALOR
BTG PACTUAL CHILE S.A. CORREDORES DE BOLSA,0.0171,5304057,311809941,2018-12-01,NUTRAVALOR
CONSORCIO CORREDORES DE BOLSA S.A.,0.0169,5269588,311809941,2018-12-01,NUTRAVALOR
INVERSIONES ANGELINI Y COMPAÑIA LIMITADA,0.3422,106383782,311809941,2019-03-01,NUTRAVALOR
ANTARCHILE S.A.,0.187,58126119,311809941,2019-03-01,NUTRAVALOR
INVERSIONES LO RECABARREN LIMITADA,0.0932,28968512,311809941,2019-03-01,NUTRAVALOR
ANGELINI ROSSI ROBERTO,0.0583,18118207,311809941,2019-03-01,NUTRAVALOR
INVERSIONES Y RENTAS SAN JUAN LTDA.,0.0441,13724517,311809941,2019-03-01,NUTRAVALOR
ANGELINI ROSSI PATRICIA,0.0441,13702799,311809941,2019-03-01,NUTRAVALOR
FRIEDBERG ALBERT DOV,0.036699999999999997,11404870,311809941,2019-03-01,NUTRAVALOR
AGROFORESTAL E INVERSIONES MAIHUE SPA,0.0226,7027216,311809941,2019-03-01,NUTRAVALOR
BANCHILE CORREDORES DE BOLSA S.A.,0.018500000000000003,5741954,311809941,2019-03-01,NUTRAVALOR
NEVASA S.A. CORREDORES DE BOLSA,0.0172,5347328,311809941,2019-03-01,NUTRAVALOR
BTG PACTUAL CHILE S.A. CORREDORES DE BOLSA,0.0171,5304057,311809941,2019-03-01,NUTRAVALOR
CONSORCIO CORREDORES DE BOLSA S.A.,0.0169,5269588,311809941,2019-03-01,NUTRAVALOR
INVERSIONES ANGELINI Y COMPAÑIA LIMITADA,0.3422,106383782,311809941,2019-06-01,NUTRAVALOR
ANTARCHILE S.A.,0.187,58126119,311809941,2019-06-01,NUTRAVALOR
INVERSIONES LO RECABARREN LIMITADA,0.0932,28968512,311809941,2019-06-01,NUTRAVALOR
ANGELINI ROSSI ROBERTO,0.0583,18118207,311809941,2019-06-01,NUTRAVALOR
INVERSIONES Y RENTAS SAN JUAN LTDA.,0.0441,13724517,311809941,2019-06-01,NUTRAVALOR
ANGELINI ROSSI PATRICIA,0.0441,13702799,311809941,2019-06-01,NUTRAVALOR
FRIEDBERG ALBERT DOV,0.036699999999999997,11404870,311809941,2019-06-01,NUTRAVALOR
AGROFORESTAL E INVERSIONES MAIHUE SPA,0.0226,7027216,311809941,2019-06-01,NUTRAVALOR
BANCHILE CORREDORES DE BOLSA S.A.,0.018500000000000003,5741954,311809941,2019-06-01,NUTRAVALOR
NEVASA S.A. CORREDORES DE BOLSA,0.0172,5347328,311809941,2019-06-01,NUTRAVALOR
BTG PACTUAL CHILE S.A. CORREDORES DE BOLSA,0.0171,5304057,311809941,2019-06-01,NUTRAVALOR
CONSORCIO CORREDORES DE BOLSA S.A.,0.0169,5269588,311809941,2019-06-01,NUTRAVALOR
INVERSIONES ANGELINI Y COMPAÑIA LIMITADA,0.3422,106383782,311809941,2019-09-01,NUTRAVALOR
ANTARCHILE S.A.,0.187,58126119,311809941,2019-09-01,NUTRAVALOR
INVERSIONES LO RECABARREN LIMITADA,0.0932,28968512,311809941,2019-09-01,NUTRAVALOR
ANGELINI ROSSI ROBERTO,0.0583,18118207,311809941,2019-09-01,NUTRAVALOR
INVERSIONES Y RENTAS SAN JUAN LTDA.,0.0441,13724517,311809941,2019-09-01,NUTRAVALOR
ANGELINI ROSSI PATRICIA,0.0441,13702799,311809941,2019-09-01,NUTRAVALOR
FRIEDBERG ALBERT DOV,0.036699999999999997,11404870,311809941,2019-09-01,NUTRAVALOR
AGROFORESTAL E INVERSIONES MAIHUE SPA,0.0226,7027216,311809941,2019-09-01,NUTRAVALOR
BANCHILE CORREDORES DE BOLSA S.A.,0.018500000000000003,5741954,311809941,2019-09-01,NUTRAVALOR
NEVASA S.A. CORREDORES DE BOLSA,0.0172,5347328,311809941,2019-09-01,NUTRAVALOR
BTG PACTUAL CHILE S.A. CORREDORES DE BOLSA,0.0171,5304057,311809941,2019-09-01,NUTRAVALOR
CONSORCIO CORREDORES DE BOLSA S.A.,0.0169,5269588,311809941,2019-09-01,NUTRAVALOR
INVERSIONES ANGELINI Y COMPAÑIA LIMITADA,0.3422,106383782,311809941,2019-12-01,NUTRAVALOR
ANTARCHILE S.A.,0.187,58126119,311809941,2019-12-01,NUTRAVALOR
INVERSIONES LO RECABARREN LIMITADA,0.0932,28968512,311809941,2019-12-01,NUTRAVALOR
ANGELINI ROSSI ROBERTO,0.0583,18118207,311809941,2019-12-01,NUTRAVALOR
INVERSIONES Y RENTAS SAN JUAN LTDA.,0.0441,13724517,311809941,2019-12-01,NUTRAVALOR
ANGELINI ROSSI PATRICIA,0.0441,13702799,311809941,2019-12-01,NUTRAVALOR
FRIEDBERG ALBERT DOV,0.036699999999999997,11404870,311809941,2019-12-01,NUTRAVALOR
AGROFORESTAL E INVERSIONES MAIHUE SPA,0.0226,7027216,311809941,2019-12-01,NUTRAVALOR
BANCHILE CORREDORES DE BOLSA S.A.,0.018500000000000003,5741954,311809941,2019-12-01,NUTRAVALOR
NEVASA S.A. CORREDORES DE BOLSA,0.0172,5347328,311809941,2019-12-01,NUTRAVALOR
BTG PACTUAL CHILE S.A. CORREDORES DE BOLSA,0.0171,5304057,311809941,2019-12-01,NUTRAVALOR
CONSORCIO CORREDORES DE BOLSA S.A.,0.0169,5269588,311809941,2019-12-01,NUTRAVALOR
INVERSIONES ANGELINI Y COMPAÑIA LIMITADA,0.3422,106383782,311809941,2020-03-01,NUTRAVALOR
ANTARCHILE S.A.,0.187,58126119,311809941,2020-03-01,NUTRAVALOR
INVERSIONES LO RECABARREN LIMITADA,0.0932,28968512,311809941,2020-03-01,NUTRAVALOR
ANGELINI ROSSI ROBERTO,0.0583,18118207,311809941,2020-03-01,NUTRAVALOR
INVERSIONES Y RENTAS SAN JUAN LTDA.,0.0441,13724517,311809941,2020-03-01,NUTRAVALOR
ANGELINI ROSSI PATRICIA,0.0441,13702799,311809941,2020-03-01,NUTRAVALOR
FRIEDBERG ALBERT DOV,0.036699999999999997,11404870,311809941,2020-03-01,NUTRAVALOR
AGROFORESTAL E INVERSIONES MAIHUE SPA,0.0226,7027216,311809941,2020-03-01,NUTRAVALOR
BANCHILE CORREDORES DE BOLSA S.A.,0.018500000000000003,5741954,311809941,2020-03-01,NUTRAVALOR
NEVASA S.A. CORREDORES DE BOLSA,0.0172,5347328,311809941,2020-03-01,NUTRAVALOR
BTG PACTUAL CHILE S.A. CORREDORES DE BOLSA,0.0171,5304057,311809941,2020-03-01,NUTRAVALOR
CONSORCIO CORREDORES DE BOLSA S.A.,0.0169,5269588,311809941,2020-03-01,NUTRAVALOR
INVERSIONES ANGELINI Y COMPAÑIA LIMITADA,0.3422,106383782,311809941,2020-06-01,NUTRAVALOR
ANTARCHILE S.A.,0.187,58126119,311809941,2020-06-01,NUTRAVALOR
INVERSIONES LO RECABARREN LIMITADA,0.0932,28968512,311809941,2020-06-01,NUTRAVALOR
ANGELINI ROSSI ROBERTO,0.0583,18118207,311809941,2020-06-01,NUTRAVALOR
INVERSIONES Y RENTAS SAN JUAN LTDA.,0.0441,13724517,311809941,2020-06-01,NUTRAVALOR
ANGELINI ROSSI PATRICIA,0.0441,13702799,311809941,2020-06-01,NUTRAVALOR
FRIEDBERG ALBERT DOV,0.036699999999999997,11404870,311809941,2020-06-01,NUTRAVALOR
AGROFORESTAL E INVERSIONES MAIHUE SPA,0.0226,7027216,311809941,2020-06-01,NUTRAVALOR
BANCHILE CORREDORES DE BOLSA S.A.,0.018500000000000003,5741954,311809941,2020-06-01,NUTRAVALOR
NEVASA S.A. CORREDORES DE BOLSA,0.0172,5347328,311809941,2020-06-01,NUTRAVALOR
BTG PACTUAL CHILE S.A. CORREDORES DE BOLSA,0.0171,5304057,311809941,2020-06-01,NUTRAVALOR
CONSORCIO CORREDORES DE BOLSA S.A.,0.0169,5269588,311809941,2020-06-01,NUTRAVALOR
INVERSIONES ANGELINI Y COMPAÑIA LIMITADA,0.3422,106383782,311809941,2020-09-01,NUTRAVALOR
ANTARCHILE S.A.,0.187,58126119,311809941,2020-09-01,NUTRAVALOR
INVERSIONES LO RECABARREN LIMITADA,0.0932,28968512,311809941,2020-09-01,NUTRAVALOR
ANGELINI ROSSI ROBERTO,0.0583,18118207,311809941,2020-09-01,NUTRAVALOR
INVERSIONES Y RENTAS SAN JUAN LTDA.,0.0441,13724517,311809941,2020-09-01,NUTRAVALOR
ANGELINI ROSSI PATRICIA,0.0441,13702799,311809941,2020-09-01,NUTRAVALOR
FRIEDBERG ALBERT DOV,0.036699999999999997,11404870,311809941,2020-09-01,NUTRAVALOR
AGROFORESTAL E INVERSIONES MAIHUE SPA,0.0226,7027216,311809941,2020-09-01,NUTRAVALOR
BANCHILE CORREDORES DE BOLSA S.A.,0.018500000000000003,5741954,311809941,2020-09-01,NUTRAVALOR
NEVASA S.A. CORREDORES DE BOLSA,0.0172,5347328,311809941,2020-09-01,NUTRAVALOR
BTG PACTUAL CHILE S.A. CORREDORES DE BOLSA,0.0171,5304057,311809941,2020-09-01,NUTRAVALOR
CONSORCIO CORREDORES DE BOLSA S.A.,0.0169,5269588,311809941,2020-09-01,NUTRAVALOR
INVERSIONES ANGELINI Y COMPAÑIA LIMITADA,0.3422,106383782,311809941,2020-12-01,NUTRAVALOR
ANTARCHILE S.A.,0.187,58126119,311809941,2020-12-01,NUTRAVALOR
INVERSIONES LO RECABARREN LIMITADA,0.0932,28968512,311809941,2020-12-01,NUTRAVALOR
ANGELINI ROSSI ROBERTO,0.0583,18118207,311809941,2020-12-01,NUTRAVALOR
INVERSIONES Y RENTAS SAN JUAN LTDA.,0.0441,13724517,311809941,2020-12-01,NUTRAVALOR
ANGELINI ROSSI PATRICIA,0.0441,13702799,311809941,2020-12-01,NUTRAVALOR
FRIEDBERG ALBERT DOV,0.036699999999999997,11404870,311809941,2020-12-01,NUTRAVALOR
AGROFORESTAL E INVERSIONES MAIHUE SPA,0.0226,7027216,311809941,2020-12-01,NUTRAVALOR
BANCHILE CORREDORES DE BOLSA S.A.,0.018500000000000003,5741954,311809941,2020-12-01,NUTRAVALOR
NEVASA S.A. CORREDORES DE BOLSA,0.0172,5347328,311809941,2020-12-01,NUTRAVALOR
BTG PACTUAL CHILE S.A. CORREDORES DE BOLSA,0.0171,5304057,311809941,2020-12-01,NUTRAVALOR
CONSORCIO CORREDORES DE BOLSA S.A.,0.0169,5269588,311809941,2020-12-01,NUTRAVALOR
INVERSIONES ANGELINI Y COMPAÑIA LIMITADA,0.3422,106383782,311809941,2021-03-01,NUTRAVALOR
ANTARCHILE S.A.,0.187,58126119,311809941,2021-03-01,NUTRAVALOR
INVERSIONES LO RECABARREN LIMITADA,0.0932,28968512,311809941,2021-03-01,NUTRAVALOR
ANGELINI ROSSI ROBERTO,0.0583,18118207,311809941,2021-03-01,NUTRAVALOR
INVERSIONES Y RENTAS SAN JUAN LTDA.,0.0441,13724517,311809941,2021-03-01,NUTRAVALOR
ANGELINI ROSSI PATRICIA,0.0441,13702799,311809941,2021-03-01,NUTRAVALOR
FRIEDBERG ALBERT DOV,0.036699999999999997,11404870,311809941,2021-03-01,NUTRAVALOR
AGROFORESTAL E INVERSIONES MAIHUE SPA,0.0226,7027216,311809941,2021-03-01,NUTRAVALOR
BANCHILE CORREDORES DE BOLSA S.A.,0.018500000000000003,5741954,311809941,2021-03-01,NUTRAVALOR
NEVASA S.A. CORREDORES DE BOLSA,0.0172,5347328,311809941,2021-03-01,NUTRAVALOR
BTG PACTUAL CHILE S.A. CORREDORES DE BOLSA,0.0171,5304057,311809941,2021-03-01,NUTRAVALOR
CONSORCIO CORREDORES DE BOLSA S.A.,0.0169,5269588,311809941,2021-03-01,NUTRAVALOR
INVERSIONES ANGELINI Y COMPAÑIA LIMITADA,0.3422,106383782,311809941,2021-06-01,NUTRAVALOR
ANTARCHILE S.A.,0.187,58126119,311809941,2021-06-01,NUTRAVALOR
INVERSIONES LO RECABARREN LIMITADA,0.0932,28968512,311809941,2021-06-01,NUTRAVALOR
ANGELINI ROSSI ROBERTO,0.0583,18118207,311809941,2021-06-01,NUTRAVALOR
INVERSIONES Y RENTAS SAN JUAN LTDA.,0.0441,13724517,311809941,2021-06-01,NUTRAVALOR
ANGELINI ROSSI PATRICIA,0.0441,13702799,311809941,2021-06-01,NUTRAVALOR
FRIEDBERG ALBERT DOV,0.036699999999999997,11404870,311809941,2021-06-01,NUTRAVALOR
AGROFORESTAL E INVERSIONES MAIHUE SPA,0.0226,7027216,311809941,2021-06-01,NUTRAVALOR
BANCHILE CORREDORES DE BOLSA S.A.,0.018500000000000003,5741954,311809941,2021-06-01,NUTRAVALOR
NEVASA S.A. CORREDORES DE BOLSA,0.0172,5347328,311809941,2021-06-01,NUTRAVALOR
BTG PACTUAL CHILE S.A. CORREDORES DE BOLSA,0.0171,5304057,311809941,2021-06-01,NUTRAVALOR
CONSORCIO CORREDORES DE BOLSA S.A.,0.0169,5269588,311809941,2021-06-01,NUTRAVALOR
INVERSIONES ANGELINI Y COMPAÑIA LIMITADA,0.3422,106383782,311809941,2021-09-01,NUTRAVALOR
ANTARCHILE S.A.,0.187,58126119,311809941,2021-09-01,NUTRAVALOR
INVERSIONES LO RECABARREN LIMITADA,0.0932,28968512,311809941,2021-09-01,NUTRAVALOR
ANGELINI ROSSI ROBERTO,0.0583,18118207,311809941,2021-09-01,NUTRAVALOR
INVERSIONES Y RENTAS SAN JUAN LTDA.,0.0441,13724517,311809941,2021-09-01,NUTRAVALOR
ANGELINI ROSSI PATRICIA,0.0441,13702799,311809941,2021-09-01,NUTRAVALOR
FRIEDBERG ALBERT DOV,0.036699999999999997,11404870,311809941,2021-09-01,NUTRAVALOR
AGROFORESTAL E INVERSIONES MAIHUE SPA,0.0226,7027216,311809941,2021-09-01,NUTRAVALOR
BANCHILE CORREDORES DE BOLSA S.A.,0.018500000000000003,5741954,311809941,2021-09-01,NUTRAVALOR
NEVASA S.A. CORREDORES DE BOLSA,0.0172,5347328,311809941,2021-09-01,NUTRAVALOR
BTG PACTUAL CHILE S.A. CORREDORES DE BOLSA,0.0171,5304057,311809941,2021-09-01,NUTRAVALOR
CONSORCIO CORREDORES DE BOLSA S.A.,0.0169,5269588,311809941,2021-09-01,NUTRAVALOR
INVERSIONES ANGELINI Y COMPAÑIA LIMITADA,0.3422,106383782,311809941,2021-12-01,NUTRAVALOR
ANTARCHILE S.A.,0.187,58126119,311809941,2021-12-01,NUTRAVALOR
INVERSIONES LO RECABARREN LIMITADA,0.0932,28968512,311809941,2021-12-01,NUTRAVALOR
ANGELINI ROSSI ROBERTO,0.0583,18118207,311809941,2021-12-01,NUTRAVALOR
INVERSIONES Y RENTAS SAN JUAN LTDA.,0.0441,13724517,311809941,2021-12-01,NUTRAVALOR
ANGELINI ROSSI PATRICIA,0.0441,13702799,311809941,2021-12-01,NUTRAVALOR
FRIEDBERG ALBERT DOV,0.036699999999999997,11404870,311809941,2021-12-01,NUTRAVALOR
AGROFORESTAL E INVERSIONES MAIHUE SPA,0.0226,7027216,311809941,2021-12-01,NUTRAVALOR
BANCHILE CORREDORES DE BOLSA S.A.,0.018500000000000003,5741954,311809941,2021-12-01,NUTRAVALOR
NEVASA S.A. CORREDORES DE BOLSA,0.0172,5347328,311809941,2021-12-01,NUTRAVALOR
BTG PACTUAL CHILE S.A. CORREDORES DE BOLSA,0.0171,5304057,311809941,2021-12-01,NUTRAVALOR
CONSORCIO CORREDORES DE BOLSA S.A.,0.0169,5269588,311809941,2021-12-01,NUTRAVALOR
INVERSIONES ANGELINI Y COMPAÑIA LIMITADA,0.3422,106383782,311809941,2022-03-01,NUTRAVALOR
ANTARCHILE S.A.,0.187,58126119,311809941,2022-03-01,NUTRAVALOR
INVERSIONES LO RECABARREN LIMITADA,0.0932,28968512,311809941,2022-03-01,NUTRAVALOR
ANGELINI ROSSI ROBERTO,0.0583,18118207,311809941,2022-03-01,NUTRAVALOR
INVERSIONES Y RENTAS SAN JUAN LTDA.,0.0441,13724517,311809941,2022-03-01,NUTRAVALOR
ANGELINI ROSSI PATRICIA,0.0441,13702799,311809941,2022-03-01,NUTRAVALOR
FRIEDBERG ALBERT DOV,0.036699999999999997,11404870,311809941,2022-03-01,NUTRAVALOR
AGROFORESTAL E INVERSIONES MAIHUE SPA,0.0226,7027216,311809941,2022-03-01,NUTRAVALOR
BANCHILE CORREDORES DE BOLSA S.A.,0.018500000000000003,5741954,311809941,2022-03-01,NUTRAVALOR
NEVASA S.A. CORREDORES DE BOLSA,0.0172,5347328,311809941,2022-03-01,NUTRAVALOR
BTG PACTUAL CHILE S.A. CORREDORES DE BOLSA,0.0171,5304057,311809941,2022-03-01,NUTRAVALOR
CONSORCIO CORREDORES DE BOLSA S.A.,0.0169,5269588,311809941,2022-03-01,NUTRAVALOR
INVERSIONES ANGELINI Y COMPAÑIA LIMITADA,0.3422,106383782,311809941,2022-06-01,NUTRAVALOR
ANTARCHILE S.A.,0.187,58126119,311809941,2022-06-01,NUTRAVALOR
INVERSIONES LO RECABARREN LIMITADA,0.0932,28968512,311809941,2022-06-01,NUTRAVALOR
ANGELINI ROSSI ROBERTO,0.0583,18118207,311809941,2022-06-01,NUTRAVALOR
INVERSIONES Y RENTAS SAN JUAN LTDA.,0.0441,13724517,311809941,2022-06-01,NUTRAVALOR
ANGELINI ROSSI PATRICIA,0.0441,13702799,311809941,2022-06-01,NUTRAVALOR
FRIEDBERG ALBERT DOV,0.036699999999999997,11404870,311809941,2022-06-01,NUTRAVALOR
AGROFORESTAL E INVERSIONES MAIHUE SPA,0.0226,7027216,311809941,2022-06-01,NUTRAVALOR
BANCHILE CORREDORES DE BOLSA S.A.,0.018500000000000003,5741954,311809941,2022-06-01,NUTRAVALOR
NEVASA S.A. CORREDORES DE BOLSA,0.0172,5347328,311809941,2022-06-01,NUTRAVALOR
BTG PACTUAL CHILE S.A. CORREDORES DE BOLSA,0.0171,5304057,311809941,2022-06-01,NUTRAVALOR
CONSORCIO CORREDORES DE BOLSA S.A.,0.0169,5269588,311809941,2022-06-01,NUTRAVALOR
INVERSIONES ANGELINI Y COMPAÑIA LIMITADA,0.3422,106383782,311809941,2022-09-01,NUTRAVALOR
ANTARCHILE S.A.,0.187,58126119,311809941,2022-09-01,NUTRAVALOR
INVERSIONES LO RECABARREN LIMITADA,0.0932,28968512,311809941,2022-09-01,NUTRAVALOR
ANGELINI ROSSI ROBERTO,0.0583,18118207,311809941,2022-09-01,NUTRAVALOR
INVERSIONES Y RENTAS SAN JUAN LTDA.,0.0441,13724517,311809941,2022-09-01,NUTRAVALOR
ANGELINI ROSSI PATRICIA,0.0441,13702799,311809941,2022-09-01,NUTRAVALOR
FRIEDBERG ALBERT DOV,0.036699999999999997,11404870,311809941,2022-09-01,NUTRAVALOR
AGROFORESTAL E INVERSIONES MAIHUE SPA,0.0226,7027216,311809941,2022-09-01,NUTRAVALOR
BANCHILE CORREDORES DE BOLSA S.A.,0.018500000000000003,5741954,311809941,2022-09-01,NUTRAVALOR
NEVASA S.A. CORREDORES DE BOLSA,0.0172,5347328,311809941,2022-09-01,NUTRAVALOR
BTG PACTUAL CHILE S.A. CORREDORES DE BOLSA,0.0171,5304057,311809941,2022-09-01,NUTRAVALOR
CONSORCIO CORREDORES DE BOLSA S.A.,0.0169,5269588,311809941,2022-09-01,NUTRAVALOR
INVERSIONES ANGELINI Y COMPAÑIA LIMITADA,0.3422,106383782,311809941,2022-12-01,NUTRAVALOR
ANTARCHILE S.A.,0.187,58126119,311809941,2022-12-01,NUTRAVALOR
INVERSIONES LO RECABARREN LIMITADA,0.0932,28968512,311809941,2022-12-01,NUTRAVALOR
ANGELINI ROSSI ROBERTO,0.0583,18118207,311809941,2022-12-01,NUTRAVALOR
INVERSIONES Y RENTAS SAN JUAN LTDA.,0.0441,13724517,311809941,2022-12-01,NUTRAVALOR
ANGELINI ROSSI PATRICIA,0.0441,13702799,311809941,2022-12-01,NUTRAVALOR
FRIEDBERG ALBERT DOV,0.036699999999999997,11404870,311809941,2022-12-01,NUTRAVALOR
AGROFORESTAL E INVERSIONES MAIHUE SPA,0.0226,7027216,311809941,2022-12-01,NUTRAVALOR
BANCHILE CORREDORES DE BOLSA S.A.,0.018500000000000003,5741954,311809941,2022-12-01,NUTRAVALOR
NEVASA S.A. CORREDORES DE BOLSA,0.0172,5347328,311809941,2022-12-01,NUTRAVALOR
BTG PACTUAL CHILE S.A. CORREDORES DE BOLSA,0.0171,5304057,311809941,2022-12-01,NUTRAVALOR
CONSORCIO CORREDORES DE BOLSA S.A.,0.0169,5269588,311809941,2022-12-01,NUTRAVALOR
INVERSIONES ANGELINI Y COMPAÑIA LIMITADA,0.3422,106383782,311809941,2023-03-01,NUTRAVALOR
ANTARCHILE S.A.,0.187,58126119,311809941,2023-03-01,NUTRAVALOR
INVERSIONES LO RECABARREN LIMITADA,0.0932,28968512,311809941,2023-03-01,NUTRAVALOR
ANGELINI ROSSI ROBERTO,0.0583,18118207,311809941,2023-03-01,NUTRAVALOR
INVERSIONES Y RENTAS SAN JUAN LTDA.,0.0441,13724517,311809941,2023-03-01,NUTRAVALOR
ANGELINI ROSSI PATRICIA,0.0441,13702799,311809941,2023-03-01,NUTRAVALOR
FRIEDBERG ALBERT DOV,0.036699999999999997,11404870,311809941,2023-03-01,NUTRAVALOR
AGROFORESTAL E INVERSIONES MAIHUE SPA,0.0226,7027216,311809941,2023-03-01,NUTRAVALOR
BANCHILE CORREDORES DE BOLSA S.A.,0.018500000000000003,5741954,311809941,2023-03-01,NUTRAVALOR
NEVASA S.A. CORREDORES DE BOLSA,0.0172,5347328,311809941,2023-03-01,NUTRAVALOR
BTG PACTUAL CHILE S.A. CORREDORES DE BOLSA,0.0171,5304057,311809941,2023-03-01,NUTRAVALOR
CONSORCIO CORREDORES DE BOLSA S.A.,0.0169,5269588,311809941,2023-03-01,NUTRAVALOR
INVERSIONES ANGELINI Y COMPAÑIA LIMITADA,0.3422,106383782,311809941,2023-06-01,NUTRAVALOR
ANTARCHILE S.A.,0.187,58126119,311809941,2023-06-01,NUTRAVALOR
INVERSIONES LO RECABARREN LIMITADA,0.0932,28968512,311809941,2023-06-01,NUTRAVALOR
ANGELINI ROSSI ROBERTO,0.0583,18118207,311809941,2023-06-01,NUTRAVALOR
INVERSIONES Y RENTAS SAN JUAN LTDA.,0.0441,13724517,311809941,2023-06-01,NUTRAVALOR
ANGELINI ROSSI PATRICIA,0.0441,13702799,311809941,2023-06-01,NUTRAVALOR
FRIEDBERG ALBERT DOV,0.036699999999999997,11404870,311809941,2023-06-01,NUTRAVALOR
AGROFORESTAL E INVERSIONES MAIHUE SPA,0.0226,7027216,311809941,2023-06-01,NUTRAVALOR
BANCHILE CORREDORES DE BOLSA S.A.,0.018500000000000003,5741954,311809941,2023-06-01,NUTRAVALOR
NEVASA S.A. CORREDORES DE BOLSA,0.0172,5347328,311809941,2023-06-01,NUTRAVALOR
BTG PACTUAL CHILE S.A. CORREDORES DE BOLSA,0.0171,5304057,311809941,2023-06-01,NUTRAVALOR
CONSORCIO CORREDORES DE BOLSA S.A.,0.0169,5269588,311809941,2023-06-01,NUTRAVALOR
INVERSIONES ANGELINI Y COMPAÑIA LIMITADA,0.3422,106383782,311809941,2023-09-01,NUTRAVALOR
ANTARCHILE S.A.,0.187,58126119,311809941,2023-09-01,NUTRAVALOR
INVERSIONES LO RECABARREN LIMITADA,0.0932,28968512,311809941,2023-09-01,NUTRAVALOR
ANGELINI ROSSI ROBERTO,0.0583,18118207,311809941,2023-09-01,NUTRAVALOR
INVERSIONES Y RENTAS SAN JUAN LTDA.,0.0441,13724517,311809941,2023-09-01,NUTRAVALOR
ANGELINI ROSSI PATRICIA,0.0441,13702799,311809941,2023-09-01,NUTRAVALOR
FRIEDBERG ALBERT DOV,0.036699999999999997,11404870,311809941,2023-09-01,NUTRAVALOR
AGROFORESTAL E INVERSIONES MAIHUE SPA,0.0226,7027216,311809941,2023-09-01,NUTRAVALOR
BANCHILE CORREDORES DE BOLSA S.A.,0.018500000000000003,5741954,311809941,2023-09-01,NUTRAVALOR
NEVASA S.A. CORREDORES DE BOLSA,0.0172,5347328,311809941,2023-09-01,NUTRAVALOR
BTG PACTUAL CHILE S.A. CORREDORES DE BOLSA,0.0171,5304057,311809941,2023-09-01,NUTRAVALOR
CONSORCIO CORREDORES DE BOLSA S.A.,0.0169,5269588,311809941,2023-09-01,NUTRAVALOR
INVERSIONES ANGELINI Y COMPAÑIA LIMITADA,0.3422,106383782,311809941,2023-12-01,NUTRAVALOR
ANTARCHILE S.A.,0.187,58126119,311809941,2023-12-01,NUTRAVALOR
INVERSIONES LO RECABARREN LIMITADA,0.0932,28968512,311809941,2023-12-01,NUTRAVALOR
ANGELINI ROSSI ROBERTO,0.0583,18118207,311809941,2023-12-01,NUTRAVALOR
INVERSIONES Y RENTAS SAN JUAN LTDA.,0.0441,13724517,311809941,2023-12-01,NUTRAVALOR
ANGELINI ROSSI PATRICIA,0.0441,13702799,311809941,2023-12-01,NUTRAVALOR
FRIEDBERG ALBERT DOV,0.036699999999999997,11404870,311809941,2023-12-01,NUTRAVALOR
AGROFORESTAL E INVERSIONES MAIHUE SPA,0.0226,7027216,311809941,2023-12-01,NUTRAVALOR
BANCHILE CORREDORES DE BOLSA S.A.,0.018500000000000003,5741954,311809941,2023-12-01,NUTRAVALOR
NEVASA S.A. CORREDORES DE BOLSA,0.0172,5347328,311809941,2023-12-01,NUTRAVALOR
BTG PACTUAL CHILE S.A. CORREDORES DE BOLSA,0.0171,5304057,311809941,2023-12-01,NUTRAVALOR
CONSORCIO CORREDORES DE BOLSA S.A.,0.0169,5269588,311809941,2023-12-01,NUTRAVALOR
INVERSIONES ANGELINI Y COMPAÑIA LIMITADA,0.3422,106383782,311809941,2024-03-01,NUTRAVALOR
ANTARCHILE S.A.,0.187,58126119,311809941,2024-03-01,NUTRAVALOR
INVERSIONES LO RECABARREN LIMITADA,0.0932,28968512,311809941,2024-03-01,NUTRAVALOR
ANGELINI ROSSI ROBERTO,0.0583,18118207,311809941,2024-03-01,NUTRAVALOR
INVERSIONES Y RENTAS SAN JUAN LTDA.,0.0441,13724517,311809941,2024-03-01,NUTRAVALOR
ANGELINI ROSSI PATRICIA,0.0441,13702799,311809941,2024-03-01,NUTRAVALOR
FRIEDBERG ALBERT DOV,0.036699999999999997,11404870,311809941,2024-03-01,NUTRAVALOR
AGROFORESTAL E INVERSIONES MAIHUE SPA,0.0226,7027216,311809941,2024-03-01,NUTRAVALOR
BANCHILE CORREDORES DE BOLSA S.A.,0.018500000000000003,5741954,311809941,2024-03-01,NUTRAVALOR
NEVASA S.A. CORREDORES DE BOLSA,0.0172,5347328,311809941,2024-03-01,NUTRAVALOR
BTG PACTUAL CHILE S.A. CORREDORES DE BOLSA,0.0171,5304057,311809941,2024-03-01,NUTRAVALOR
CONSORCIO CORREDORES DE BOLSA S.A.,0.0169,5269588,311809941,2024-03-01,NUTRAVALOR
INVERSIONES ANGELINI Y COMPAÑIA LIMITADA,0.3422,106383782,311809941,2024-06-01,NUTRAVALOR
ANTARCHILE S.A.,0.187,58126119,311809941,2024-06-01,NUTRAVALOR
INVERSIONES LO RECABARREN LIMITADA,0.0932,28968512,311809941,2024-06-01,NUTRAVALOR
ANGELINI ROSSI ROBERTO,0.0583,18118207,311809941,2024-06-01,NUTRAVALOR
INVERSIONES Y RENTAS SAN JUAN LTDA.,0.0441,13724517,311809941,2024-06-01,NUTRAVALOR
ANGELINI ROSSI PATRICIA,0.0441,13702799,311809941,2024-06-01,NUTRAVALOR
FRIEDBERG ALBERT DOV,0.036699999999999997,11404870,311809941,2024-06-01,NUTRAVALOR
AGROFORESTAL E INVERSIONES MAIHUE SPA,0.0226,7027216,311809941,2024-06-01,NUTRAVALOR
BANCHILE CORREDORES DE BOLSA S.A.,0.018500000000000003,5741954,311809941,2024-06-01,NUTRAVALOR
NEVASA S.A. CORREDORES DE BOLSA,0.0172,5347328,311809941,2024-06-01,NUTRAVALOR
BTG PACTUAL CHILE S.A. CORREDORES DE BOLSA,0.0171,5304057,311809941,2024-06-01,NUTRAVALOR
CONSORCIO CORREDORES DE BOLSA S.A.,0.0169,5269588,311809941,2024-06-01,NUTRAVALOR
INVERSIONES ANGELINI Y COMPAÑIA LIMITADA,0.3422,106383782,311809941,2024-09-01,NUTRAVALOR
ANTARCHILE S.A.,0.187,58126119,311809941,2024-09-01,NUTRAVALOR
INVERSIONES LO RECABARREN LIMITADA,0.0932,28968512,311809941,2024-09-01,NUTRAVALOR
ANGELINI ROSSI ROBERTO,0.0583,18118207,311809941,2024-09-01,NUTRAVALOR
INVERSIONES Y RENTAS SAN JUAN LTDA.,0.0441,13724517,311809941,2024-09-01,NUTRAVALOR
ANGELINI ROSSI PATRICIA,0.0441,13702799,311809941,2024-09-01,NUTRAVALOR
FRIEDBERG ALBERT DOV,0.036699999999999997,11404870,311809941,2024-09-01,NUTRAVALOR
AGROFORESTAL E INVERSIONES MAIHUE SPA,0.0226,7027216,311809941,2024-09-01,NUTRAVALOR
BANCHILE CORREDORES DE BOLSA S.A.,0.018500000000000003,5741954,311809941,2024-09-01,NUTRAVALOR
NEVASA S.A. CORREDORES DE BOLSA,0.0172,5347328,311809941,2024-09-01,NUTRAVALOR
BTG PACTUAL CHILE S.A. CORREDORES DE BOLSA,0.0171,5304057,311809941,2024-09-01,NUTRAVALOR
CONSORCIO CORREDORES DE BOLSA S.A.,0.0169,5269588,311809941,2024-09-01,NUTRAVALOR
INVERSIONES ANGELINI Y COMPAÑIA LIMITADA,0.3422,106383782,311809941,2024-12-01,NUTRAVALOR
ANTARCHILE S.A.,0.187,58126119,311809941,2024-12-01,NUTRAVALOR
INVERSIONES LO RECABARREN LIMITADA,0.0932,28968512,311809941,2024-12-01,NUTRAVALOR
ANGELINI ROSSI ROBERTO,0.0583,18118207,311809941,2024-12-01,NUTRAVALOR
INVERSIONES Y RENTAS SAN JUAN LTDA.,0.0441,13724517,311809941,2024-12-01,NUTRAVALOR
ANGELINI ROSSI PATRICIA,0.0441,13702799,311809941,2024-12-01,NUTRAVALOR
FRIEDBERG ALBERT DOV,0.036699999999999997,11404870,311809941,2024-12-01,NUTRAVALOR
AGROFORESTAL E INVERSIONES MAIHUE SPA,0.0226,7027216,311809941,2024-12-01,NUTRAVALOR
BANCHILE CORREDORES DE BOLSA S.A.,0.018500000000000003,5741954,311809941,2024-12-01,NUTRAVALOR
NEVASA S.A. CORREDORES DE BOLSA,0.0172,5347328,311809941,2024-12-01,NUTRAVALOR
BTG PACTUAL CHILE S.A. CORREDORES DE BOLSA,0.0171,5304057,311809941,2024-12-01,NUTRAVALOR
CONSORCIO CORREDORES DE BOLSA S.A.,0.0169,5269588,311809941,2024-12-01,NUTRAVALOR
INVERSIONES ANGELINI Y COMPAÑIA LIMITADA,0.3422,106383782,311809941,2025-03-01,NUTRAVALOR
ANTARCHILE S.A.,0.187,58126119,311809941,2025-03-01,NUTRAVALOR
INVERSIONES LO RECABARREN LIMITADA,0.0932,28968512,311809941,2025-03-01,NUTRAVALOR
ANGELINI ROSSI ROBERTO,0.0583,18118207,311809941,2025-03-01,NUTRAVALOR
INVERSIONES Y RENTAS SAN JUAN LTDA.,0.0441,13724517,311809941,2025-03-01,NUTRAVALOR
ANGELINI ROSSI PATRICIA,0.0441,13702799,311809941,2025-03-01,NUTRAVALOR
FRIEDBERG ALBERT DOV,0.036699999999999997,11404870,311809941,2025-03-01,NUTRAVALOR
AGROFORESTAL E INVERSIONES MAIHUE SPA,0.0226,7027216,311809941,2025-03-01,NUTRAVALOR
BANCHILE CORREDORES DE BOLSA S.A.,0.018500000000000003,5741954,311809941,2025-03-01,NUTRAVALOR
NEVASA S.A. CORREDORES DE BOLSA,0.0172,5347328,311809941,2025-03-01,NUTRAVALOR
BTG PACTUAL CHILE S.A. CORREDORES DE BOLSA,0.0171,5304057,311809941,2025-03-01,NUTRAVALOR
CONSORCIO CORREDORES DE BOLSA S.A.,0.0169,5269588,311809941,2025-03-01,NUTRAVALOR
INVERSIONES ANGELINI Y COMPAÑIA LIMITADA,0.3422,106383782,311809941,2025-06-01,NUTRAVALOR
ANTARCHILE S.A.,0.187,58126119,311809941,2025-06-01,NUTRAVALOR
INVERSIONES LO RECABARREN LIMITADA,0.0932,28968512,311809941,2025-06-01,NUTRAVALOR
ANGELINI ROSSI ROBERTO,0.0583,18118207,311809941,2025-06-01,NUTRAVALOR
INVERSIONES Y RENTAS SAN JUAN LTDA.,0.0441,13724517,311809941,2025-06-01,NUTRAVALOR
ANGELINI ROSSI PATRICIA,0.0441,13702799,311809941,2025-06-01,NUTRAVALOR
FRIEDBERG ALBERT DOV,0.036699999999999997,11404870,311809941,2025-06-01,NUTRAVALOR
AGROFORESTAL E INVERSIONES MAIHUE SPA,0.0226,7027216,311809941,2025-06-01,NUTRAVALOR
BANCHILE CORREDORES DE BOLSA S.A.,0.018500000000000003,5741954,311809941,2025-06-01,NUTRAVALOR
NEVASA S.A. CORREDORES DE BOLSA,0.0172,5347328,311809941,2025-06-01,NUTRAVALOR
BTG PACTUAL CHILE S.A. CORREDORES DE BOLSA,0.0171,5304057,311809941,2025-06-01,NUTRAVALOR
CONSORCIO CORREDORES DE BOLSA S.A.,0.0169,5269588,311809941,2025-06-01,NUTRAVALOR
INVERSIONES ANGELINI Y COMPAÑIA LIMITADA,0.3422,106383782,311809941,2025-09-01,NUTRAVALOR
ANTARCHILE S.A.,0.187,58126119,311809941,2025-09-01,NUTRAVALOR
INVERSIONES LO RECABARREN LIMITADA,0.0932,28968512,311809941,2025-09-01,NUTRAVALOR
ANGELINI ROSSI ROBERTO,0.0583,18118207,311809941,2025-09-01,NUTRAVALOR
INVERSIONES Y RENTAS SAN JUAN LTDA.,0.0441,13724517,311809941,2025-09-01,NUTRAVALOR
ANGELINI ROSSI PATRICIA,0.0441,13702799,311809941,2025-09-01,NUTRAVALOR
FRIEDBERG ALBERT DOV,0.036699999999999997,11404870,311809941,2025-09-01,NUTRAVALOR
AGROFORESTAL E INVERSIONES MAIHUE SPA,0.0226,7027216,311809941,2025-09-01,NUTRAVALOR
BANCHILE CORREDORES DE BOLSA S.A.,0.018500000000000003,5741954,311809941,2025-09-01,NUTRAVALOR
NEVASA S.A. CORREDORES DE BOLSA,0.0172,5347328,311809941,2025-09-01,NUTRAVALOR
BTG PACTUAL CHILE S.A. CORREDORES DE BOLSA,0.0171,5304057,311809941,2025-09-01,NUTRAVALOR
CONSORCIO CORREDORES DE BOLSA S.A.,0.0169,5269588,311809941,2025-09-01,NUTRAVALOR
INVERSIONES ANGELINI Y COMPAÑIA LIMITADA,0.3422,106383782,311809941,2025-12-01,NUTRAVALOR
ANTARCHILE S.A.,0.187,58126119,311809941,2025-12-01,NUTRAVALOR
INVERSIONES LO RECABARREN LIMITADA,0.0932,28968512,311809941,2025-12-01,NUTRAVALOR
ANGELINI ROSSI ROBERTO,0.0583,18118207,311809941,2025-12-01,NUTRAVALOR
INVERSIONES Y RENTAS SAN JUAN LTDA.,0.0441,13724517,311809941,2025-12-01,NUTRAVALOR
ANGELINI ROSSI PATRICIA,0.0441,13702799,311809941,2025-12-01,NUTRAVALOR
FRIEDBERG ALBERT DOV,0.036699999999999997,11404870,311809941,2025-12-01,NUTRAVALOR
AGROFORESTAL E INVERSIONES MAIHUE SPA,0.0226,7027216,311809941,2025-12-01,NUTRAVALOR
BANCHILE CORREDORES DE BOLSA S.A.,0.018500000000000003,5741954,311809941,2025-12-01,NUTRAVALOR
NEVASA S.A. CORREDORES DE BOLSA,0.0172,5347328,311809941,2025-12-01,NUTRAVALOR
BTG PACTUAL CHILE S.A. CORREDORES DE BOLSA,0.0171,5304057,311809941,2025-12-01,NUTRAVALOR
CONSORCIO CORREDORES DE BOLSA S.A.,0.0169,5269588,311809941,2025-12-01,NUTRAVALOR
INVERSIONES TLC SPA,0.21899999999999997,62556568,286453566,2017-03-01,SQM-B
THE BANK OF NEW YORK MELLON ADRS,0.1728,49351983,286453566,2017-03-01,SQM-B
SOCIEDAD DE INVERSIONES PAMPA CALICHERA SA,0.1519,43386616,286453566,2017-03-01,SQM-B
POTASIOS DE CHILE SA,0.0636,18179147,286453566,2017-03-01,SQM-B
BANCO DE CHILE POR CUENTA DE STATE STREET,0.0418,11945333,286453566,2017-03-01,SQM-B
GLOBAL MINING SPA,0.0308,8798539,286453566,2017-03-01,SQM-B
BANCO SANTANDER POR CUENTA DE INV EXTRANJEROS,0.0286,8170861,286453566,2017-03-01,SQM-B
BANCO DE CHILE POR CUENTA DE CITI NA NEW YORK CLIE,0.0176,5015099,286453566,2017-03-01,SQM-B
BANCO DE CHILE POR CUENTA DE TERCEROS NO RESIDENTES,0.0163,4645000,286453566,2017-03-01,SQM-B
INVERSIONES LA ESPERANZA CHILE LIMITADA,0.0149,4246226,286453566,2017-03-01,SQM-B
BANCO SANTANDER CHILE,0.0131,3741117,286453566,2017-03-01,SQM-B
AFP HABITAT S A PARA FDO PENSION C,0.0129,3695251,286453566,2017-03-01,SQM-B
INVERSIONES TLC SPA,0.21899999999999997,62556568,286453566,2017-06-01,SQM-B
THE BANK OF NEW YORK MELLON ADRS,0.1728,49351983,286453566,2017-06-01,SQM-B
SOCIEDAD DE INVERSIONES PAMPA CALICHERA SA,0.1519,43386616,286453566,2017-06-01,SQM-B
POTASIOS DE CHILE SA,0.0636,18179147,286453566,2017-06-01,SQM-B
BANCO DE CHILE POR CUENTA DE STATE STREET,0.0418,11945333,286453566,2017-06-01,SQM-B
GLOBAL MINING SPA,0.0308,8798539,286453566,2017-06-01,SQM-B
BANCO SANTANDER POR CUENTA DE INV EXTRANJEROS,0.0286,8170861,286453566,2017-06-01,SQM-B
BANCO DE CHILE POR CUENTA DE CITI NA NEW YORK CLIE,0.0176,5015099,286453566,2017-06-01,SQM-B
BANCO DE CHILE POR CUENTA DE TERCEROS NO RESIDENTES,0.0163,4645000,286453566,2017-06-01,SQM-B
INVERSIONES LA ESPERANZA CHILE LIMITADA,0.0149,4246226,286453566,2017-06-01,SQM-B
BANCO SANTANDER CHILE,0.0131,3741117,286453566,2017-06-01,SQM-B
AFP HABITAT S A PARA FDO PENSION C,0.0129,3695251,286453566,2017-06-01,SQM-B
INVERSIONES TLC SPA,0.21899999999999997,62556568,286453566,2017-09-01,SQM-B
THE BANK OF NEW YORK MELLON ADRS,0.1728,49351983,286453566,2017-09-01,SQM-B
SOCIEDAD DE INVERSIONES PAMPA CALICHERA SA,0.1519,43386616,286453566,2017-09-01,SQM-B
POTASIOS DE CHILE SA,0.0636,18179147,286453566,2017-09-01,SQM-B
BANCO DE CHILE POR CUENTA DE STATE STREET,0.0418,11945333,286453566,2017-09-01,SQM-B
GLOBAL MINING SPA,0.0308,8798539,286453566,2017-09-01,SQM-B
BANCO SANTANDER POR CUENTA DE INV EXTRANJEROS,0.0286,8170861,286453566,2017-09-01,SQM-B
BANCO DE CHILE POR CUENTA DE CITI NA NEW YORK CLIE,0.0176,5015099,286453566,2017-09-01,SQM-B
BANCO DE CHILE POR CUENTA DE TERCEROS NO RESIDENTES,0.0163,4645000,286453566,2017-09-01,SQM-B
INVERSIONES LA ESPERANZA CHILE LIMITADA,0.0149,4246226,286453566,2017-09-01,SQM-B
BANCO SANTANDER CHILE,0.0131,3741117,286453566,2017-09-01,SQM-B
AFP HABITAT S A PARA FDO PENSION C,0.0129,3695251,286453566,2017-09-01,SQM-B
INVERSIONES TLC SPA,0.21899999999999997,62556568,286453566,2017-12-01,SQM-B
THE BANK OF NEW YORK MELLON ADRS,0.1728,49351983,286453566,2017-12-01,SQM-B
SOCIEDAD DE INVERSIONES PAMPA CALICHERA SA,0.1519,43386616,286453566,2017-12-01,SQM-B
POTASIOS DE CHILE SA,0.0636,18179147,286453566,2017-12-01,SQM-B
BANCO DE CHILE POR CUENTA DE STATE STREET,0.0418,11945333,286453566,2017-12-01,SQM-B
GLOBAL MINING SPA,0.0308,8798539,286453566,2017-12-01,SQM-B
BANCO SANTANDER POR CUENTA DE INV EXTRANJEROS,0.0286,8170861,286453566,2017-12-01,SQM-B
BANCO DE CHILE POR CUENTA DE CITI NA NEW YORK CLIE,0.0176,5015099,286453566,2017-12-01,SQM-B
BANCO DE CHILE POR CUENTA DE TERCEROS NO RESIDENTES,0.0163,4645000,286453566,2017-12-01,SQM-B
INVERSIONES LA ESPERANZA CHILE LIMITADA,0.0149,4246226,286453566,2017-12-01,SQM-B
BANCO SANTANDER CHILE,0.0131,3741117,286453566,2017-12-01,SQM-B
AFP HABITAT S A PARA FDO PENSION C,0.0129,3695251,286453566,2017-12-01,SQM-B
INVERSIONES TLC SPA,0.21899999999999997,62556568,286453566,2018-03-01,SQM-B
THE BANK OF NEW YORK MELLON ADRS,0.1728,49351983,286453566,2018-03-01,SQM-B
SOCIEDAD DE INVERSIONES PAMPA CALICHERA SA,0.1519,43386616,286453566,2018-03-01,SQM-B
POTASIOS DE CHILE SA,0.0636,18179147,286453566,2018-03-01,SQM-B
BANCO DE CHILE POR CUENTA DE STATE STREET,0.0418,11945333,286453566,2018-03-01,SQM-B
GLOBAL MINING SPA,0.0308,8798539,286453566,2018-03-01,SQM-B
BANCO SANTANDER POR CUENTA DE INV EXTRANJEROS,0.0286,8170861,286453566,2018-03-01,SQM-B
BANCO DE CHILE POR CUENTA DE CITI NA NEW YORK CLIE,0.0176,5015099,286453566,2018-03-01,SQM-B
BANCO DE CHILE POR CUENTA DE TERCEROS NO RESIDENTES,0.0163,4645000,286453566,2018-03-01,SQM-B
INVERSIONES LA ESPERANZA CHILE LIMITADA,0.0149,4246226,286453566,2018-03-01,SQM-B
BANCO SANTANDER CHILE,0.0131,3741117,286453566,2018-03-01,SQM-B
AFP HABITAT S A PARA FDO PENSION C,0.0129,3695251,286453566,2018-03-01,SQM-B
INVERSIONES TLC SPA,0.21899999999999997,62556568,286453566,2018-06-01,SQM-B
THE BANK OF NEW YORK MELLON ADRS,0.1728,49351983,286453566,2018-06-01,SQM-B
SOCIEDAD DE INVERSIONES PAMPA CALICHERA SA,0.1519,43386616,286453566,2018-06-01,SQM-B
POTASIOS DE CHILE SA,0.0636,18179147,286453566,2018-06-01,SQM-B
BANCO DE CHILE POR CUENTA DE STATE STREET,0.0418,11945333,286453566,2018-06-01,SQM-B
GLOBAL MINING SPA,0.0308,8798539,286453566,2018-06-01,SQM-B
BANCO SANTANDER POR CUENTA DE INV EXTRANJEROS,0.0286,8170861,286453566,2018-06-01,SQM-B
BANCO DE CHILE POR CUENTA DE CITI NA NEW YORK CLIE,0.0176,5015099,286453566,2018-06-01,SQM-B
BANCO DE CHILE POR CUENTA DE TERCEROS NO RESIDENTES,0.0163,4645000,286453566,2018-06-01,SQM-B
INVERSIONES LA ESPERANZA CHILE LIMITADA,0.0149,4246226,286453566,2018-06-01,SQM-B
BANCO SANTANDER CHILE,0.0131,3741117,286453566,2018-06-01,SQM-B
AFP HABITAT S A PARA FDO PENSION C,0.0129,3695251,286453566,2018-06-01,SQM-B
INVERSIONES TLC SPA,0.21899999999999997,62556568,286453566,2018-09-01,SQM-B
THE BANK OF NEW YORK MELLON ADRS,0.1728,49351983,286453566,2018-09-01,SQM-B
SOCIEDAD DE INVERSIONES PAMPA CALICHERA SA,0.1519,43386616,286453566,2018-09-01,SQM-B
POTASIOS DE CHILE SA,0.0636,18179147,286453566,2018-09-01,SQM-B
BANCO DE CHILE POR CUENTA DE STATE STREET,0.0418,11945333,286453566,2018-09-01,SQM-B
GLOBAL MINING SPA,0.0308,8798539,286453566,2018-09-01,SQM-B
BANCO SANTANDER POR CUENTA DE INV EXTRANJEROS,0.0286,8170861,286453566,2018-09-01,SQM-B
BANCO DE CHILE POR CUENTA DE CITI NA NEW YORK CLIE,0.0176,5015099,286453566,2018-09-01,SQM-B
BANCO DE CHILE POR CUENTA DE TERCEROS NO RESIDENTES,0.0163,4645000,286453566,2018-09-01,SQM-B
INVERSIONES LA ESPERANZA CHILE LIMITADA,0.0149,4246226,286453566,2018-09-01,SQM-B
BANCO SANTANDER CHILE,0.0131,3741117,286453566,2018-09-01,SQM-B
AFP HABITAT S A PARA FDO PENSION C,0.0129,3695251,286453566,2018-09-01,SQM-B
INVERSIONES TLC SPA,0.21899999999999997,62556568,286453566,2018-12-01,SQM-B
THE BANK OF NEW YORK MELLON ADRS,0.1728,49351983,286453566,2018-12-01,SQM-B
SOCIEDAD DE INVERSIONES PAMPA CALICHERA SA,0.1519,43386616,286453566,2018-12-01,SQM-B
POTASIOS DE CHILE SA,0.0636,18179147,286453566,2018-12-01,SQM-B
BANCO DE CHILE POR CUENTA DE STATE STREET,0.0418,11945333,286453566,2018-12-01,SQM-B
GLOBAL MINING SPA,0.0308,8798539,286453566,2018-12-01,SQM-B
BANCO SANTANDER POR CUENTA DE INV EXTRANJEROS,0.0286,8170861,286453566,2018-12-01,SQM-B
BANCO DE CHILE POR CUENTA DE CITI NA NEW YORK CLIE,0.0176,5015099,286453566,2018-12-01,SQM-B
BANCO DE CHILE POR CUENTA DE TERCEROS NO RESIDENTES,0.0163,4645000,286453566,2018-12-01,SQM-B
INVERSIONES LA ESPERANZA CHILE LIMITADA,0.0149,4246226,286453566,2018-12-01,SQM-B
BANCO SANTANDER CHILE,0.0131,3741117,286453566,2018-12-01,SQM-B
AFP HABITAT S A PARA FDO PENSION C,0.0129,3695251,286453566,2018-12-01,SQM-B
INVERSIONES TLC SPA,0.21899999999999997,62556568,286453566,2019-03-01,SQM-B
THE BANK OF NEW YORK MELLON ADRS,0.1728,49351983,286453566,2019-03-01,SQM-B
SOCIEDAD DE INVERSIONES PAMPA CALICHERA SA,0.1519,43386616,286453566,2019-03-01,SQM-B
POTASIOS DE CHILE SA,0.0636,18179147,286453566,2019-03-01,SQM-B
BANCO DE CHILE POR CUENTA DE STATE STREET,0.0418,11945333,286453566,2019-03-01,SQM-B
GLOBAL MINING SPA,0.0308,8798539,286453566,2019-03-01,SQM-B
BANCO SANTANDER POR CUENTA DE INV EXTRANJEROS,0.0286,8170861,286453566,2019-03-01,SQM-B
BANCO DE CHILE POR CUENTA DE CITI NA NEW YORK CLIE,0.0176,5015099,286453566,2019-03-01,SQM-B
BANCO DE CHILE POR CUENTA DE TERCEROS NO RESIDENTES,0.0163,4645000,286453566,2019-03-01,SQM-B
INVERSIONES LA ESPERANZA CHILE LIMITADA,0.0149,4246226,286453566,2019-03-01,SQM-B
BANCO SANTANDER CHILE,0.0131,3741117,286453566,2019-03-01,SQM-B
AFP HABITAT S A PARA FDO PENSION C,0.0129,3695251,286453566,2019-03-01,SQM-B
INVERSIONES TLC SPA,0.21899999999999997,62556568,286453566,2019-06-01,SQM-B
THE BANK OF NEW YORK MELLON ADRS,0.1728,49351983,286453566,2019-06-01,SQM-B
SOCIEDAD DE INVERSIONES PAMPA CALICHERA SA,0.1519,43386616,286453566,2019-06-01,SQM-B
POTASIOS DE CHILE SA,0.0636,18179147,286453566,2019-06-01,SQM-B
BANCO DE CHILE POR CUENTA DE STATE STREET,0.0418,11945333,286453566,2019-06-01,SQM-B
GLOBAL MINING SPA,0.0308,8798539,286453566,2019-06-01,SQM-B
BANCO SANTANDER POR CUENTA DE INV EXTRANJEROS,0.0286,8170861,286453566,2019-06-01,SQM-B
BANCO DE CHILE POR CUENTA DE CITI NA NEW YORK CLIE,0.0176,5015099,286453566,2019-06-01,SQM-B
BANCO DE CHILE POR CUENTA DE TERCEROS NO RESIDENTES,0.0163,4645000,286453566,2019-06-01,SQM-B
INVERSIONES LA ESPERANZA CHILE LIMITADA,0.0149,4246226,286453566,2019-06-01,SQM-B
BANCO SANTANDER CHILE,0.0131,3741117,286453566,2019-06-01,SQM-B
AFP HABITAT S A PARA FDO PENSION C,0.0129,3695251,286453566,2019-06-01,SQM-B
INVERSIONES TLC SPA,0.21899999999999997,62556568,286453566,2019-09-01,SQM-B
THE BANK OF NEW YORK MELLON ADRS,0.1728,49351983,286453566,2019-09-01,SQM-B
SOCIEDAD DE INVERSIONES PAMPA CALICHERA SA,0.1519,43386616,286453566,2019-09-01,SQM-B
POTASIOS DE CHILE SA,0.0636,18179147,286453566,2019-09-01,SQM-B
BANCO DE CHILE POR CUENTA DE STATE STREET,0.0418,11945333,286453566,2019-09-01,SQM-B
GLOBAL MINING SPA,0.0308,8798539,286453566,2019-09-01,SQM-B
BANCO SANTANDER POR CUENTA DE INV EXTRANJEROS,0.0286,8170861,286453566,2019-09-01,SQM-B
BANCO DE CHILE POR CUENTA DE CITI NA NEW YORK CLIE,0.0176,5015099,286453566,2019-09-01,SQM-B
BANCO DE CHILE POR CUENTA DE TERCEROS NO RESIDENTES,0.0163,4645000,286453566,2019-09-01,SQM-B
INVERSIONES LA ESPERANZA CHILE LIMITADA,0.0149,4246226,286453566,2019-09-01,SQM-B
BANCO SANTANDER CHILE,0.0131,3741117,286453566,2019-09-01,SQM-B
AFP HABITAT S A PARA FDO PENSION C,0.0129,3695251,286453566,2019-09-01,SQM-B
INVERSIONES TLC SPA,0.21899999999999997,62556568,286453566,2019-12-01,SQM-B
THE BANK OF NEW YORK MELLON ADRS,0.1728,49351983,286453566,2019-12-01,SQM-B
SOCIEDAD DE INVERSIONES PAMPA CALICHERA SA,0.1519,43386616,286453566,2019-12-01,SQM-B
POTASIOS DE CHILE SA,0.0636,18179147,286453566,2019-12-01,SQM-B
BANCO DE CHILE POR CUENTA DE STATE STREET,0.0418,11945333,286453566,2019-12-01,SQM-B
GLOBAL MINING SPA,0.0308,8798539,286453566,2019-12-01,SQM-B
BANCO SANTANDER POR CUENTA DE INV EXTRANJEROS,0.0286,8170861,286453566,2019-12-01,SQM-B
BANCO DE CHILE POR CUENTA DE CITI NA NEW YORK CLIE,0.0176,5015099,286453566,2019-12-01,SQM-B
BANCO DE CHILE POR CUENTA DE TERCEROS NO RESIDENTES,0.0163,4645000,286453566,2019-12-01,SQM-B
INVERSIONES LA ESPERANZA CHILE LIMITADA,0.0149,4246226,286453566,2019-12-01,SQM-B
BANCO SANTANDER CHILE,0.0131,3741117,286453566,2019-12-01,SQM-B
AFP HABITAT S A PARA FDO PENSION C,0.0129,3695251,286453566,2019-12-01,SQM-B
INVERSIONES TLC SPA,0.21899999999999997,62556568,286453566,2020-03-01,SQM-B
THE BANK OF NEW YORK MELLON ADRS,0.1728,49351983,286453566,2020-03-01,SQM-B
SOCIEDAD DE INVERSIONES PAMPA CALICHERA SA,0.1519,43386616,286453566,2020-03-01,SQM-B
POTASIOS DE CHILE SA,0.0636,18179147,286453566,2020-03-01,SQM-B
BANCO DE CHILE POR CUENTA DE STATE STREET,0.0418,11945333,286453566,2020-03-01,SQM-B
GLOBAL MINING SPA,0.0308,8798539,286453566,2020-03-01,SQM-B
BANCO SANTANDER POR CUENTA DE INV EXTRANJEROS,0.0286,8170861,286453566,2020-03-01,SQM-B
BANCO DE CHILE POR CUENTA DE CITI NA NEW YORK CLIE,0.0176,5015099,286453566,2020-03-01,SQM-B
BANCO DE CHILE POR CUENTA DE TERCEROS NO RESIDENTES,0.0163,4645000,286453566,2020-03-01,SQM-B
INVERSIONES LA ESPERANZA CHILE LIMITADA,0.0149,4246226,286453566,2020-03-01,SQM-B
BANCO SANTANDER CHILE,0.0131,3741117,286453566,2020-03-01,SQM-B
AFP HABITAT S A PARA FDO PENSION C,0.0129,3695251,286453566,2020-03-01,SQM-B
INVERSIONES TLC SPA,0.21899999999999997,62556568,286453566,2020-06-01,SQM-B
THE BANK OF NEW YORK MELLON ADRS,0.1728,49351983,286453566,2020-06-01,SQM-B
SOCIEDAD DE INVERSIONES PAMPA CALICHERA SA,0.1519,43386616,286453566,2020-06-01,SQM-B
POTASIOS DE CHILE SA,0.0636,18179147,286453566,2020-06-01,SQM-B
BANCO DE CHILE POR CUENTA DE STATE STREET,0.0418,11945333,286453566,2020-06-01,SQM-B
GLOBAL MINING SPA,0.0308,8798539,286453566,2020-06-01,SQM-B
BANCO SANTANDER POR CUENTA DE INV EXTRANJEROS,0.0286,8170861,286453566,2020-06-01,SQM-B
BANCO DE CHILE POR CUENTA DE CITI NA NEW YORK CLIE,0.0176,5015099,286453566,2020-06-01,SQM-B
BANCO DE CHILE POR CUENTA DE TERCEROS NO RESIDENTES,0.0163,4645000,286453566,2020-06-01,SQM-B
INVERSIONES LA ESPERANZA CHILE LIMITADA,0.0149,4246226,286453566,2020-06-01,SQM-B
BANCO SANTANDER CHILE,0.0131,3741117,286453566,2020-06-01,SQM-B
AFP HABITAT S A PARA FDO PENSION C,0.0129,3695251,286453566,2020-06-01,SQM-B
INVERSIONES TLC SPA,0.21899999999999997,62556568,286453566,2020-09-01,SQM-B
THE BANK OF NEW YORK MELLON ADRS,0.1728,49351983,286453566,2020-09-01,SQM-B
SOCIEDAD DE INVERSIONES PAMPA CALICHERA SA,0.1519,43386616,286453566,2020-09-01,SQM-B
POTASIOS DE CHILE SA,0.0636,18179147,286453566,2020-09-01,SQM-B
BANCO DE CHILE POR CUENTA DE STATE STREET,0.0418,11945333,286453566,2020-09-01,SQM-B
GLOBAL MINING SPA,0.0308,8798539,286453566,2020-09-01,SQM-B
BANCO SANTANDER POR CUENTA DE INV EXTRANJEROS,0.0286,8170861,286453566,2020-09-01,SQM-B
BANCO DE CHILE POR CUENTA DE CITI NA NEW YORK CLIE,0.0176,5015099,286453566,2020-09-01,SQM-B
BANCO DE CHILE POR CUENTA DE TERCEROS NO RESIDENTES,0.0163,4645000,286453566,2020-09-01,SQM-B
INVERSIONES LA ESPERANZA CHILE LIMITADA,0.0149,4246226,286453566,2020-09-01,SQM-B
BANCO SANTANDER CHILE,0.0131,3741117,286453566,2020-09-01,SQM-B
AFP HABITAT S A PARA FDO PENSION C,0.0129,3695251,286453566,2020-09-01,SQM-B
INVERSIONES TLC SPA,0.21899999999999997,62556568,286453566,2020-12-01,SQM-B
THE BANK OF NEW YORK MELLON ADRS,0.1728,49351983,286453566,2020-12-01,SQM-B
SOCIEDAD DE INVERSIONES PAMPA CALICHERA SA,0.1519,43386616,286453566,2020-12-01,SQM-B
POTASIOS DE CHILE SA,0.0636,18179147,286453566,2020-12-01,SQM-B
BANCO DE CHILE POR CUENTA DE STATE STREET,0.0418,11945333,286453566,2020-12-01,SQM-B
GLOBAL MINING SPA,0.0308,8798539,286453566,2020-12-01,SQM-B
BANCO SANTANDER POR CUENTA DE INV EXTRANJEROS,0.0286,8170861,286453566,2020-12-01,SQM-B
BANCO DE CHILE POR CUENTA DE CITI NA NEW YORK CLIE,0.0176,5015099,286453566,2020-12-01,SQM-B
BANCO DE CHILE POR CUENTA DE TERCEROS NO RESIDENTES,0.0163,4645000,286453566,2020-12-01,SQM-B
INVERSIONES LA ESPERANZA CHILE LIMITADA,0.0149,4246226,286453566,2020-12-01,SQM-B
BANCO SANTANDER CHILE,0.0131,3741117,286453566,2020-12-01,SQM-B
AFP HABITAT S A PARA FDO PENSION C,0.0129,3695251,286453566,2020-12-01,SQM-B
INVERSIONES TLC SPA,0.21899999999999997,62556568,286453566,2021-03-01,SQM-B
THE BANK OF NEW YORK MELLON ADRS,0.1728,49351983,286453566,2021-03-01,SQM-B
SOCIEDAD DE INVERSIONES PAMPA CALICHERA SA,0.1519,43386616,286453566,2021-03-01,SQM-B
POTASIOS DE CHILE SA,0.0636,18179147,286453566,2021-03-01,SQM-B
BANCO DE CHILE POR CUENTA DE STATE STREET,0.0418,11945333,286453566,2021-03-01,SQM-B
GLOBAL MINING SPA,0.0308,8798539,286453566,2021-03-01,SQM-B
BANCO SANTANDER POR CUENTA DE INV EXTRANJEROS,0.0286,8170861,286453566,2021-03-01,SQM-B
BANCO DE CHILE POR CUENTA DE CITI NA NEW YORK CLIE,0.0176,5015099,286453566,2021-03-01,SQM-B
BANCO DE CHILE POR CUENTA DE TERCEROS NO RESIDENTES,0.0163,4645000,286453566,2021-03-01,SQM-B
INVERSIONES LA ESPERANZA CHILE LIMITADA,0.0149,4246226,286453566,2021-03-01,SQM-B
BANCO SANTANDER CHILE,0.0131,3741117,286453566,2021-03-01,SQM-B
AFP HABITAT S A PARA FDO PENSION C,0.0129,3695251,286453566,2021-03-01,SQM-B
INVERSIONES TLC SPA,0.21899999999999997,62556568,286453566,2021-06-01,SQM-B
THE BANK OF NEW YORK MELLON ADRS,0.1728,49351983,286453566,2021-06-01,SQM-B
SOCIEDAD DE INVERSIONES PAMPA CALICHERA SA,0.1519,43386616,286453566,2021-06-01,SQM-B
POTASIOS DE CHILE SA,0.0636,18179147,286453566,2021-06-01,SQM-B
BANCO DE CHILE POR CUENTA DE STATE STREET,0.0418,11945333,286453566,2021-06-01,SQM-B
GLOBAL MINING SPA,0.0308,8798539,286453566,2021-06-01,SQM-B
BANCO SANTANDER POR CUENTA DE INV EXTRANJEROS,0.0286,8170861,286453566,2021-06-01,SQM-B
BANCO DE CHILE POR CUENTA DE CITI NA NEW YORK CLIE,0.0176,5015099,286453566,2021-06-01,SQM-B
BANCO DE CHILE POR CUENTA DE TERCEROS NO RESIDENTES,0.0163,4645000,286453566,2021-06-01,SQM-B
INVERSIONES LA ESPERANZA CHILE LIMITADA,0.0149,4246226,286453566,2021-06-01,SQM-B
BANCO SANTANDER CHILE,0.0131,3741117,286453566,2021-06-01,SQM-B
AFP HABITAT S A PARA FDO PENSION C,0.0129,3695251,286453566,2021-06-01,SQM-B
INVERSIONES TLC SPA,0.21899999999999997,62556568,286453566,2021-09-01,SQM-B
THE BANK OF NEW YORK MELLON ADRS,0.1728,49351983,286453566,2021-09-01,SQM-B
SOCIEDAD DE INVERSIONES PAMPA CALICHERA SA,0.1519,43386616,286453566,2021-09-01,SQM-B
POTASIOS DE CHILE SA,0.0636,18179147,286453566,2021-09-01,SQM-B
BANCO DE CHILE POR CUENTA DE STATE STREET,0.0418,11945333,286453566,2021-09-01,SQM-B
GLOBAL MINING SPA,0.0308,8798539,286453566,2021-09-01,SQM-B
BANCO SANTANDER POR CUENTA DE INV EXTRANJEROS,0.0286,8170861,286453566,2021-09-01,SQM-B
BANCO DE CHILE POR CUENTA DE CITI NA NEW YORK CLIE,0.0176,5015099,286453566,2021-09-01,SQM-B
BANCO DE CHILE POR CUENTA DE TERCEROS NO RESIDENTES,0.0163,4645000,286453566,2021-09-01,SQM-B
INVERSIONES LA ESPERANZA CHILE LIMITADA,0.0149,4246226,286453566,2021-09-01,SQM-B
BANCO SANTANDER CHILE,0.0131,3741117,286453566,2021-09-01,SQM-B
AFP HABITAT S A PARA FDO PENSION C,0.0129,3695251,286453566,2021-09-01,SQM-B
INVERSIONES TLC SPA,0.21899999999999997,62556568,286453566,2021-12-01,SQM-B
THE BANK OF NEW YORK MELLON ADRS,0.1728,49351983,286453566,2021-12-01,SQM-B
SOCIEDAD DE INVERSIONES PAMPA CALICHERA SA,0.1519,43386616,286453566,2021-12-01,SQM-B
POTASIOS DE CHILE SA,0.0636,18179147,286453566,2021-12-01,SQM-B
BANCO DE CHILE POR CUENTA DE STATE STREET,0.0418,11945333,286453566,2021-12-01,SQM-B
GLOBAL MINING SPA,0.0308,8798539,286453566,2021-12-01,SQM-B
BANCO SANTANDER POR CUENTA DE INV EXTRANJEROS,0.0286,8170861,286453566,2021-12-01,SQM-B
BANCO DE CHILE POR CUENTA DE CITI NA NEW YORK CLIE,0.0176,5015099,286453566,2021-12-01,SQM-B
BANCO DE CHILE POR CUENTA DE TERCEROS NO RESIDENTES,0.0163,4645000,286453566,2021-12-01,SQM-B
INVERSIONES LA ESPERANZA CHILE LIMITADA,0.0149,4246226,286453566,2021-12-01,SQM-B
BANCO SANTANDER CHILE,0.0131,3741117,286453566,2021-12-01,SQM-B
AFP HABITAT S A PARA FDO PENSION C,0.0129,3695251,286453566,2021-12-01,SQM-B
INVERSIONES TLC SPA,0.21899999999999997,62556568,286453566,2022-03-01,SQM-B
THE BANK OF NEW YORK MELLON ADRS,0.1728,49351983,286453566,2022-03-01,SQM-B
SOCIEDAD DE INVERSIONES PAMPA CALICHERA SA,0.1519,43386616,286453566,2022-03-01,SQM-B
POTASIOS DE CHILE SA,0.0636,18179147,286453566,2022-03-01,SQM-B
BANCO DE CHILE POR CUENTA DE STATE STREET,0.0418,11945333,286453566,2022-03-01,SQM-B
GLOBAL MINING SPA,0.0308,8798539,286453566,2022-03-01,SQM-B
BANCO SANTANDER POR CUENTA DE INV EXTRANJEROS,0.0286,8170861,286453566,2022-03-01,SQM-B
BANCO DE CHILE POR CUENTA DE CITI NA NEW YORK CLIE,0.0176,5015099,286453566,2022-03-01,SQM-B
BANCO DE CHILE POR CUENTA DE TERCEROS NO RESIDENTES,0.0163,4645000,286453566,2022-03-01,SQM-B
INVERSIONES LA ESPERANZA CHILE LIMITADA,0.0149,4246226,286453566,2022-03-01,SQM-B
BANCO SANTANDER CHILE,0.0131,3741117,286453566,2022-03-01,SQM-B
AFP HABITAT S A PARA FDO PENSION C,0.0129,3695251,286453566,2022-03-01,SQM-B
INVERSIONES TLC SPA,0.21899999999999997,62556568,286453566,2022-06-01,SQM-B
THE BANK OF NEW YORK MELLON ADRS,0.1728,49351983,286453566,2022-06-01,SQM-B
SOCIEDAD DE INVERSIONES PAMPA CALICHERA SA,0.1519,43386616,286453566,2022-06-01,SQM-B
POTASIOS DE CHILE SA,0.0636,18179147,286453566,2022-06-01,SQM-B
BANCO DE CHILE POR CUENTA DE STATE STREET,0.0418,11945333,286453566,2022-06-01,SQM-B
GLOBAL MINING SPA,0.0308,8798539,286453566,2022-06-01,SQM-B
BANCO SANTANDER POR CUENTA DE INV EXTRANJEROS,0.0286,8170861,286453566,2022-06-01,SQM-B
BANCO DE CHILE POR CUENTA DE CITI NA NEW YORK CLIE,0.0176,5015099,286453566,2022-06-01,SQM-B
BANCO DE CHILE POR CUENTA DE TERCEROS NO RESIDENTES,0.0163,4645000,286453566,2022-06-01,SQM-B
INVERSIONES LA ESPERANZA CHILE LIMITADA,0.0149,4246226,286453566,2022-06-01,SQM-B
BANCO SANTANDER CHILE,0.0131,3741117,286453566,2022-06-01,SQM-B
AFP HABITAT S A PARA FDO PENSION C,0.0129,3695251,286453566,2022-06-01,SQM-B
INVERSIONES TLC SPA,0.21899999999999997,62556568,286453566,2022-09-01,SQM-B
THE BANK OF NEW YORK MELLON ADRS,0.1728,49351983,286453566,2022-09-01,SQM-B
SOCIEDAD DE INVERSIONES PAMPA CALICHERA SA,0.1519,43386616,286453566,2022-09-01,SQM-B
POTASIOS DE CHILE SA,0.0636,18179147,286453566,2022-09-01,SQM-B
BANCO DE CHILE POR CUENTA DE STATE STREET,0.0418,11945333,286453566,2022-09-01,SQM-B
GLOBAL MINING SPA,0.0308,8798539,286453566,2022-09-01,SQM-B
BANCO SANTANDER POR CUENTA DE INV EXTRANJEROS,0.0286,8170861,286453566,2022-09-01,SQM-B
BANCO DE CHILE POR CUENTA DE CITI NA NEW YORK CLIE,0.0176,5015099,286453566,2022-09-01,SQM-B
BANCO DE CHILE POR CUENTA DE TERCEROS NO RESIDENTES,0.0163,4645000,286453566,2022-09-01,SQM-B
INVERSIONES LA ESPERANZA CHILE LIMITADA,0.0149,4246226,286453566,2022-09-01,SQM-B
BANCO SANTANDER CHILE,0.0131,3741117,286453566,2022-09-01,SQM-B
AFP HABITAT S A PARA FDO PENSION C,0.0129,3695251,286453566,2022-09-01,SQM-B
INVERSIONES TLC SPA,0.21899999999999997,62556568,286453566,2022-12-01,SQM-B
THE BANK OF NEW YORK MELLON ADRS,0.1728,49351983,286453566,2022-12-01,SQM-B
SOCIEDAD DE INVERSIONES PAMPA CALICHERA SA,0.1519,43386616,286453566,2022-12-01,SQM-B
POTASIOS DE CHILE SA,0.0636,18179147,286453566,2022-12-01,SQM-B
BANCO DE CHILE POR CUENTA DE STATE STREET,0.0418,11945333,286453566,2022-12-01,SQM-B
GLOBAL MINING SPA,0.0308,8798539,286453566,2022-12-01,SQM-B
BANCO SANTANDER POR CUENTA DE INV EXTRANJEROS,0.0286,8170861,286453566,2022-12-01,SQM-B
BANCO DE CHILE POR CUENTA DE CITI NA NEW YORK CLIE,0.0176,5015099,286453566,2022-12-01,SQM-B
BANCO DE CHILE POR CUENTA DE TERCEROS NO RESIDENTES,0.0163,4645000,286453566,2022-12-01,SQM-B
INVERSIONES LA ESPERANZA CHILE LIMITADA,0.0149,4246226,286453566,2022-12-01,SQM-B
BANCO SANTANDER CHILE,0.0131,3741117,286453566,2022-12-01,SQM-B
AFP HABITAT S A PARA FDO PENSION C,0.0129,3695251,286453566,2022-12-01,SQM-B
INVERSIONES TLC SPA,0.21899999999999997,62556568,286453566,2023-03-01,SQM-B
THE BANK OF NEW YORK MELLON ADRS,0.1728,49351983,286453566,2023-03-01,SQM-B
SOCIEDAD DE INVERSIONES PAMPA CALICHERA SA,0.1519,43386616,286453566,2023-03-01,SQM-B
POTASIOS DE CHILE SA,0.0636,18179147,286453566,2023-03-01,SQM-B
BANCO DE CHILE POR CUENTA DE STATE STREET,0.0418,11945333,286453566,2023-03-01,SQM-B
GLOBAL MINING SPA,0.0308,8798539,286453566,2023-03-01,SQM-B
BANCO SANTANDER POR CUENTA DE INV EXTRANJEROS,0.0286,8170861,286453566,2023-03-01,SQM-B
BANCO DE CHILE POR CUENTA DE CITI NA NEW YORK CLIE,0.0176,5015099,286453566,2023-03-01,SQM-B
BANCO DE CHILE POR CUENTA DE TERCEROS NO RESIDENTES,0.0163,4645000,286453566,2023-03-01,SQM-B
INVERSIONES LA ESPERANZA CHILE LIMITADA,0.0149,4246226,286453566,2023-03-01,SQM-B
BANCO SANTANDER CHILE,0.0131,3741117,286453566,2023-03-01,SQM-B
AFP HABITAT S A PARA FDO PENSION C,0.0129,3695251,286453566,2023-03-01,SQM-B
INVERSIONES TLC SPA,0.21899999999999997,62556568,286453566,2023-06-01,SQM-B
THE BANK OF NEW YORK MELLON ADRS,0.1728,49351983,286453566,2023-06-01,SQM-B
SOCIEDAD DE INVERSIONES PAMPA CALICHERA SA,0.1519,43386616,286453566,2023-06-01,SQM-B
POTASIOS DE CHILE SA,0.0636,18179147,286453566,2023-06-01,SQM-B
BANCO DE CHILE POR CUENTA DE STATE STREET,0.0418,11945333,286453566,2023-06-01,SQM-B
GLOBAL MINING SPA,0.0308,8798539,286453566,2023-06-01,SQM-B
BANCO SANTANDER POR CUENTA DE INV EXTRANJEROS,0.0286,8170861,286453566,2023-06-01,SQM-B
BANCO DE CHILE POR CUENTA DE CITI NA NEW YORK CLIE,0.0176,5015099,286453566,2023-06-01,SQM-B
BANCO DE CHILE POR CUENTA DE TERCEROS NO RESIDENTES,0.0163,4645000,286453566,2023-06-01,SQM-B
INVERSIONES LA ESPERANZA CHILE LIMITADA,0.0149,4246226,286453566,2023-06-01,SQM-B
BANCO SANTANDER CHILE,0.0131,3741117,286453566,2023-06-01,SQM-B
AFP HABITAT S A PARA FDO PENSION C,0.0129,3695251,286453566,2023-06-01,SQM-B
INVERSIONES TLC SPA,0.21899999999999997,62556568,286453566,2023-09-01,SQM-B
THE BANK OF NEW YORK MELLON ADRS,0.1728,49351983,286453566,2023-09-01,SQM-B
SOCIEDAD DE INVERSIONES PAMPA CALICHERA SA,0.1519,43386616,286453566,2023-09-01,SQM-B
POTASIOS DE CHILE SA,0.0636,18179147,286453566,2023-09-01,SQM-B
BANCO DE CHILE POR CUENTA DE STATE STREET,0.0418,11945333,286453566,2023-09-01,SQM-B
GLOBAL MINING SPA,0.0308,8798539,286453566,2023-09-01,SQM-B
BANCO SANTANDER POR CUENTA DE INV EXTRANJEROS,0.0286,8170861,286453566,2023-09-01,SQM-B
BANCO DE CHILE POR CUENTA DE CITI NA NEW YORK CLIE,0.0176,5015099,286453566,2023-09-01,SQM-B
BANCO DE CHILE POR CUENTA DE TERCEROS NO RESIDENTES,0.0163,4645000,286453566,2023-09-01,SQM-B
INVERSIONES LA ESPERANZA CHILE LIMITADA,0.0149,4246226,286453566,2023-09-01,SQM-B
BANCO SANTANDER CHILE,0.0131,3741117,286453566,2023-09-01,SQM-B
AFP HABITAT S A PARA FDO PENSION C,0.0129,3695251,286453566,2023-09-01,SQM-B
INVERSIONES TLC SPA,0.21899999999999997,62556568,286453566,2023-12-01,SQM-B
THE BANK OF NEW YORK MELLON ADRS,0.1728,49351983,286453566,2023-12-01,SQM-B
SOCIEDAD DE INVERSIONES PAMPA CALICHERA SA,0.1519,43386616,286453566,2023-12-01,SQM-B
POTASIOS DE CHILE SA,0.0636,18179147,286453566,2023-12-01,SQM-B
BANCO DE CHILE POR CUENTA DE STATE STREET,0.0418,11945333,286453566,2023-12-01,SQM-B
GLOBAL MINING SPA,0.0308,8798539,286453566,2023-12-01,SQM-B
BANCO SANTANDER POR CUENTA DE INV EXTRANJEROS,0.0286,8170861,286453566,2023-12-01,SQM-B
BANCO DE CHILE POR CUENTA DE CITI NA NEW YORK CLIE,0.0176,5015099,286453566,2023-12-01,SQM-B
BANCO DE CHILE POR CUENTA DE TERCEROS NO RESIDENTES,0.0163,4645000,286453566,2023-12-01,SQM-B
INVERSIONES LA ESPERANZA CHILE LIMITADA,0.0149,4246226,286453566,2023-12-01,SQM-B
BANCO SANTANDER CHILE,0.0131,3741117,286453566,2023-12-01,SQM-B
AFP HABITAT S A PARA FDO PENSION C,0.0129,3695251,286453566,2023-12-01,SQM-B
INVERSIONES TLC SPA,0.21899999999999997,62556568,286453566,2024-03-01,SQM-B
THE BANK OF NEW YORK MELLON ADRS,0.1728,49351983,286453566,2024-03-01,SQM-B
SOCIEDAD DE INVERSIONES PAMPA CALICHERA SA,0.1519,43386616,286453566,2024-03-01,SQM-B
POTASIOS DE CHILE SA,0.0636,18179147,286453566,2024-03-01,SQM-B
BANCO DE CHILE POR CUENTA DE STATE STREET,0.0418,11945333,286453566,2024-03-01,SQM-B
GLOBAL MINING SPA,0.0308,8798539,286453566,2024-03-01,SQM-B
BANCO SANTANDER POR CUENTA DE INV EXTRANJEROS,0.0286,8170861,286453566,2024-03-01,SQM-B
BANCO DE CHILE POR CUENTA DE CITI NA NEW YORK CLIE,0.0176,5015099,286453566,2024-03-01,SQM-B
BANCO DE CHILE POR CUENTA DE TERCEROS NO RESIDENTES,0.0163,4645000,286453566,2024-03-01,SQM-B
INVERSIONES LA ESPERANZA CHILE LIMITADA,0.0149,4246226,286453566,2024-03-01,SQM-B
BANCO SANTANDER CHILE,0.0131,3741117,286453566,2024-03-01,SQM-B
AFP HABITAT S A PARA FDO PENSION C,0.0129,3695251,286453566,2024-03-01,SQM-B
INVERSIONES TLC SPA,0.21899999999999997,62556568,286453566,2024-06-01,SQM-B
THE BANK OF NEW YORK MELLON ADRS,0.1728,49351983,286453566,2024-06-01,SQM-B
SOCIEDAD DE INVERSIONES PAMPA CALICHERA SA,0.1519,43386616,286453566,2024-06-01,SQM-B
POTASIOS DE CHILE SA,0.0636,18179147,286453566,2024-06-01,SQM-B
BANCO DE CHILE POR CUENTA DE STATE STREET,0.0418,11945333,286453566,2024-06-01,SQM-B
GLOBAL MINING SPA,0.0308,8798539,286453566,2024-06-01,SQM-B
BANCO SANTANDER POR CUENTA DE INV EXTRANJEROS,0.0286,8170861,286453566,2024-06-01,SQM-B
BANCO DE CHILE POR CUENTA DE CITI NA NEW YORK CLIE,0.0176,5015099,286453566,2024-06-01,SQM-B
BANCO DE CHILE POR CUENTA DE TERCEROS NO RESIDENTES,0.0163,4645000,286453566,2024-06-01,SQM-B
INVERSIONES LA ESPERANZA CHILE LIMITADA,0.0149,4246226,286453566,2024-06-01,SQM-B
BANCO SANTANDER CHILE,0.0131,3741117,286453566,2024-06-01,SQM-B
AFP HABITAT S A PARA FDO PENSION C,0.0129,3695251,286453566,2024-06-01,SQM-B
INVERSIONES TLC SPA,0.21899999999999997,62556568,286453566,2024-09-01,SQM-B
THE BANK OF NEW YORK MELLON ADRS,0.1728,49351983,286453566,2024-09-01,SQM-B
SOCIEDAD DE INVERSIONES PAMPA CALICHERA SA,0.1519,43386616,286453566,2024-09-01,SQM-B
POTASIOS DE CHILE SA,0.0636,18179147,286453566,2024-09-01,SQM-B
BANCO DE CHILE POR CUENTA DE STATE STREET,0.0418,11945333,286453566,2024-09-01,SQM-B
GLOBAL MINING SPA,0.0308,8798539,286453566,2024-09-01,SQM-B
BANCO SANTANDER POR CUENTA DE INV EXTRANJEROS,0.0286,8170861,286453566,2024-09-01,SQM-B
BANCO DE CHILE POR CUENTA DE CITI NA NEW YORK CLIE,0.0176,5015099,286453566,2024-09-01,SQM-B
BANCO DE CHILE POR CUENTA DE TERCEROS NO RESIDENTES,0.0163,4645000,286453566,2024-09-01,SQM-B
INVERSIONES LA ESPERANZA CHILE LIMITADA,0.0149,4246226,286453566,2024-09-01,SQM-B
BANCO SANTANDER CHILE,0.0131,3741117,286453566,2024-09-01,SQM-B
AFP HABITAT S A PARA FDO PENSION C,0.0129,3695251,286453566,2024-09-01,SQM-B
INVERSIONES TLC SPA,0.21899999999999997,62556568,286453566,2024-12-01,SQM-B
THE BANK OF NEW YORK MELLON ADRS,0.1728,49351983,286453566,2024-12-01,SQM-B
SOCIEDAD DE INVERSIONES PAMPA CALICHERA SA,0.1519,43386616,286453566,2024-12-01,SQM-B
POTASIOS DE CHILE SA,0.0636,18179147,286453566,2024-12-01,SQM-B
BANCO DE CHILE POR CUENTA DE STATE STREET,0.0418,11945333,286453566,2024-12-01,SQM-B
GLOBAL MINING SPA,0.0308,8798539,286453566,2024-12-01,SQM-B
BANCO SANTANDER POR CUENTA DE INV EXTRANJEROS,0.0286,8170861,286453566,2024-12-01,SQM-B
BANCO DE CHILE POR CUENTA DE CITI NA NEW YORK CLIE,0.0176,5015099,286453566,2024-12-01,SQM-B
BANCO DE CHILE POR CUENTA DE TERCEROS NO RESIDENTES,0.0163,4645000,286453566,2024-12-01,SQM-B
INVERSIONES LA ESPERANZA CHILE LIMITADA,0.0149,4246226,286453566,2024-12-01,SQM-B
BANCO SANTANDER CHILE,0.0131,3741117,286453566,2024-12-01,SQM-B
AFP HABITAT S A PARA FDO PENSION C,0.0129,3695251,286453566,2024-12-01,SQM-B
INVERSIONES TLC SPA,0.21899999999999997,62556568,286453566,2025-03-01,SQM-B
THE BANK OF NEW YORK MELLON ADRS,0.1728,49351983,286453566,2025-03-01,SQM-B
SOCIEDAD DE INVERSIONES PAMPA CALICHERA SA,0.1519,43386616,286453566,2025-03-01,SQM-B
POTASIOS DE CHILE SA,0.0636,18179147,286453566,2025-03-01,SQM-B
BANCO DE CHILE POR CUENTA DE STATE STREET,0.0418,11945333,286453566,2025-03-01,SQM-B
GLOBAL MINING SPA,0.0308,8798539,286453566,2025-03-01,SQM-B
BANCO SANTANDER POR CUENTA DE INV EXTRANJEROS,0.0286,8170861,286453566,2025-03-01,SQM-B
BANCO DE CHILE POR CUENTA DE CITI NA NEW YORK CLIE,0.0176,5015099,286453566,2025-03-01,SQM-B
BANCO DE CHILE POR CUENTA DE TERCEROS NO RESIDENTES,0.0163,4645000,286453566,2025-03-01,SQM-B
INVERSIONES LA ESPERANZA CHILE LIMITADA,0.0149,4246226,286453566,2025-03-01,SQM-B
BANCO SANTANDER CHILE,0.0131,3741117,286453566,2025-03-01,SQM-B
AFP HABITAT S A PARA FDO PENSION C,0.0129,3695251,286453566,2025-03-01,SQM-B
INVERSIONES TLC SPA,0.21899999999999997,62556568,286453566,2025-06-01,SQM-B
THE BANK OF NEW YORK MELLON ADRS,0.1728,49351983,286453566,2025-06-01,SQM-B
SOCIEDAD DE INVERSIONES PAMPA CALICHERA SA,0.1519,43386616,286453566,2025-06-01,SQM-B
POTASIOS DE CHILE SA,0.0636,18179147,286453566,2025-06-01,SQM-B
BANCO DE CHILE POR CUENTA DE STATE STREET,0.0418,11945333,286453566,2025-06-01,SQM-B
GLOBAL MINING SPA,0.0308,8798539,286453566,2025-06-01,SQM-B
BANCO SANTANDER POR CUENTA DE INV EXTRANJEROS,0.0286,8170861,286453566,2025-06-01,SQM-B
BANCO DE CHILE POR CUENTA DE CITI NA NEW YORK CLIE,0.0176,5015099,286453566,2025-06-01,SQM-B
BANCO DE CHILE POR CUENTA DE TERCEROS NO RESIDENTES,0.0163,4645000,286453566,2025-06-01,SQM-B
INVERSIONES LA ESPERANZA CHILE LIMITADA,0.0149,4246226,286453566,2025-06-01,SQM-B
BANCO SANTANDER CHILE,0.0131,3741117,286453566,2025-06-01,SQM-B
AFP HABITAT S A PARA FDO PENSION C,0.0129,3695251,286453566,2025-06-01,SQM-B
INVERSIONES TLC SPA,0.21899999999999997,62556568,286453566,2025-09-01,SQM-B
THE BANK OF NEW YORK MELLON ADRS,0.1728,49351983,286453566,2025-09-01,SQM-B
SOCIEDAD DE INVERSIONES PAMPA CALICHERA SA,0.1519,43386616,286453566,2025-09-01,SQM-B
POTASIOS DE CHILE SA,0.0636,18179147,286453566,2025-09-01,SQM-B
BANCO DE CHILE POR CUENTA DE STATE STREET,0.0418,11945333,286453566,2025-09-01,SQM-B
GLOBAL MINING SPA,0.0308,8798539,286453566,2025-09-01,SQM-B
BANCO SANTANDER POR CUENTA DE INV EXTRANJEROS,0.0286,8170861,286453566,2025-09-01,SQM-B
BANCO DE CHILE POR CUENTA DE CITI NA NEW YORK CLIE,0.0176,5015099,286453566,2025-09-01,SQM-B
BANCO DE CHILE POR CUENTA DE TERCEROS NO RESIDENTES,0.0163,4645000,286453566,2025-09-01,SQM-B
INVERSIONES LA ESPERANZA CHILE LIMITADA,0.0149,4246226,286453566,2025-09-01,SQM-B
BANCO SANTANDER CHILE,0.0131,3741117,286453566,2025-09-01,SQM-B
AFP HABITAT S A PARA FDO PENSION C,0.0129,3695251,286453566,2025-09-01,SQM-B
INVERSIONES TLC SPA,0.21899999999999997,62556568,286453566,2025-12-01,SQM-B
THE BANK OF NEW YORK MELLON ADRS,0.1728,49351983,286453566,2025-12-01,SQM-B
SOCIEDAD DE INVERSIONES PAMPA CALICHERA SA,0.1519,43386616,286453566,2025-12-01,SQM-B
POTASIOS DE CHILE SA,0.0636,18179147,286453566,2025-12-01,SQM-B
BANCO DE CHILE POR CUENTA DE STATE STREET,0.0418,11945333,286453566,2025-12-01,SQM-B
GLOBAL MINING SPA,0.0308,8798539,286453566,2025-12-01,SQM-B
BANCO SANTANDER POR CUENTA DE INV EXTRANJEROS,0.0286,8170861,286453566,2025-12-01,SQM-B
BANCO DE CHILE POR CUENTA DE CITI NA NEW YORK CLIE,0.0176,5015099,286453566,2025-12-01,SQM-B
BANCO DE CHILE POR CUENTA DE TERCEROS NO RESIDENTES,0.0163,4645000,286453566,2025-12-01,SQM-B
INVERSIONES LA ESPERANZA CHILE LIMITADA,0.0149,4246226,286453566,2025-12-01,SQM-B
BANCO SANTANDER CHILE,0.0131,3741117,286453566,2025-12-01,SQM-B
AFP HABITAT S A PARA FDO PENSION C,0.0129,3695251,286453566,2025-12-01,SQM-B
SOCIEDAD DE INVERSIONES ORO BLANCO SA,0.8884000000000001,2432510853,3003397500,2017-03-01,PAMPA_CALICHERA
POTASIOS DE CHILE SA,0.1009,276202632,3003397500,2017-03-01,PAMPA_CALICHERA
LARRAIN VIAL S A CORREDORA DE BOLSA,0.003,8229809,3003397500,2017-03-01,PAMPA_CALICHERA
BANCHILE CORREDORES DE BOLSA S A,0.0018,4927925,3003397500,2017-03-01,PAMPA_CALICHERA
NEVASA S.A CORREDORES DE BOLSA,0.0012,3251571,3003397500,2017-03-01,PAMPA_CALICHERA
BTG PACTUAL CHILE S A C DE B,0.001,2845574,3003397500,2017-03-01,PAMPA_CALICHERA
VALORES SECURITY S A C DE B,0.0004,1201359,3003397500,2017-03-01,PAMPA_CALICHERA
SOC DE INVERSIONES SANTA ISABEL LIMITADA,0.0004,1190227,3003397500,2017-03-01,PAMPA_CALICHERA
ITAU CORREDORES DE BOLSA LIMITADA,0.0003,768877,3003397500,2017-03-01,PAMPA_CALICHERA
ALEJANDRO SALANOVA MURILLAS,0.0002,555000,3003397500,2017-03-01,PAMPA_CALICHERA
SANTANDER CORREDORES DE BOLSA LIMITADA,0.0002,533289,3003397500,2017-03-01,PAMPA_CALICHERA
CONSORCIO C DE B S A,0.0002,422015,3003397500,2017-03-01,PAMPA_CALICHERA
SOCIEDAD DE INVERSIONES ORO BLANCO SA,0.8884000000000001,2432510853,3003397500,2017-06-01,PAMPA_CALICHERA
POTASIOS DE CHILE SA,0.1009,276202632,3003397500,2017-06-01,PAMPA_CALICHERA
LARRAIN VIAL S A CORREDORA DE BOLSA,0.003,8229809,3003397500,2017-06-01,PAMPA_CALICHERA
BANCHILE CORREDORES DE BOLSA S A,0.0018,4927925,3003397500,2017-06-01,PAMPA_CALICHERA
NEVASA S.A CORREDORES DE BOLSA,0.0012,3251571,3003397500,2017-06-01,PAMPA_CALICHERA
BTG PACTUAL CHILE S A C DE B,0.001,2845574,3003397500,2017-06-01,PAMPA_CALICHERA
VALORES SECURITY S A C DE B,0.0004,1201359,3003397500,2017-06-01,PAMPA_CALICHERA
SOC DE INVERSIONES SANTA ISABEL LIMITADA,0.0004,1190227,3003397500,2017-06-01,PAMPA_CALICHERA
ITAU CORREDORES DE BOLSA LIMITADA,0.0003,768877,3003397500,2017-06-01,PAMPA_CALICHERA
ALEJANDRO SALANOVA MURILLAS,0.0002,555000,3003397500,2017-06-01,PAMPA_CALICHERA
SANTANDER CORREDORES DE BOLSA LIMITADA,0.0002,533289,3003397500,2017-06-01,PAMPA_CALICHERA
CONSORCIO C DE B S A,0.0002,422015,3003397500,2017-06-01,PAMPA_CALICHERA
SOCIEDAD DE INVERSIONES ORO BLANCO SA,0.8884000000000001,2432510853,3003397500,2017-09-01,PAMPA_CALICHERA
POTASIOS DE CHILE SA,0.1009,276202632,3003397500,2017-09-01,PAMPA_CALICHERA
LARRAIN VIAL S A CORREDORA DE BOLSA,0.003,8229809,3003397500,2017-09-01,PAMPA_CALICHERA
BANCHILE CORREDORES DE BOLSA S A,0.0018,4927925,3003397500,2017-09-01,PAMPA_CALICHERA
NEVASA S.A CORREDORES DE BOLSA,0.0012,3251571,3003397500,2017-09-01,PAMPA_CALICHERA
BTG PACTUAL CHILE S A C DE B,0.001,2845574,3003397500,2017-09-01,PAMPA_CALICHERA
VALORES SECURITY S A C DE B,0.0004,1201359,3003397500,2017-09-01,PAMPA_CALICHERA
SOC DE INVERSIONES SANTA ISABEL LIMITADA,0.0004,1190227,3003397500,2017-09-01,PAMPA_CALICHERA
ITAU CORREDORES DE BOLSA LIMITADA,0.0003,768877,3003397500,2017-09-01,PAMPA_CALICHERA
ALEJANDRO SALANOVA MURILLAS,0.0002,555000,3003397500,2017-09-01,PAMPA_CALICHERA
SANTANDER CORREDORES DE BOLSA LIMITADA,0.0002,533289,3003397500,2017-09-01,PAMPA_CALICHERA
CONSORCIO C DE B S A,0.0002,422015,3003397500,2017-09-01,PAMPA_CALICHERA
SOCIEDAD DE INVERSIONES ORO BLANCO SA,0.8884000000000001,2432510853,3003397500,2017-12-01,PAMPA_CALICHERA
POTASIOS DE CHILE SA,0.1009,276202632,3003397500,2017-12-01,PAMPA_CALICHERA
LARRAIN VIAL S A CORREDORA DE BOLSA,0.003,8229809,3003397500,2017-12-01,PAMPA_CALICHERA
BANCHILE CORREDORES DE BOLSA S A,0.0018,4927925,3003397500,2017-12-01,PAMPA_CALICHERA
NEVASA S.A CORREDORES DE BOLSA,0.0012,3251571,3003397500,2017-12-01,PAMPA_CALICHERA
BTG PACTUAL CHILE S A C DE B,0.001,2845574,3003397500,2017-12-01,PAMPA_CALICHERA
VALORES SECURITY S A C DE B,0.0004,1201359,3003397500,2017-12-01,PAMPA_CALICHERA
SOC DE INVERSIONES SANTA ISABEL LIMITADA,0.0004,1190227,3003397500,2017-12-01,PAMPA_CALICHERA
ITAU CORREDORES DE BOLSA LIMITADA,0.0003,768877,3003397500,2017-12-01,PAMPA_CALICHERA
ALEJANDRO SALANOVA MURILLAS,0.0002,555000,3003397500,2017-12-01,PAMPA_CALICHERA
SANTANDER CORREDORES DE BOLSA LIMITADA,0.0002,533289,3003397500,2017-12-01,PAMPA_CALICHERA
CONSORCIO C DE B S A,0.0002,422015,3003397500,2017-12-01,PAMPA_CALICHERA
SOCIEDAD DE INVERSIONES ORO BLANCO SA,0.8884000000000001,2432510853,3003397500,2018-03-01,PAMPA_CALICHERA
POTASIOS DE CHILE SA,0.1009,276202632,3003397500,2018-03-01,PAMPA_CALICHERA
LARRAIN VIAL S A CORREDORA DE BOLSA,0.003,8229809,3003397500,2018-03-01,PAMPA_CALICHERA
BANCHILE CORREDORES DE BOLSA S A,0.0018,4927925,3003397500,2018-03-01,PAMPA_CALICHERA
NEVASA S.A CORREDORES DE BOLSA,0.0012,3251571,3003397500,2018-03-01,PAMPA_CALICHERA
BTG PACTUAL CHILE S A C DE B,0.001,2845574,3003397500,2018-03-01,PAMPA_CALICHERA
VALORES SECURITY S A C DE B,0.0004,1201359,3003397500,2018-03-01,PAMPA_CALICHERA
SOC DE INVERSIONES SANTA ISABEL LIMITADA,0.0004,1190227,3003397500,2018-03-01,PAMPA_CALICHERA
ITAU CORREDORES DE BOLSA LIMITADA,0.0003,768877,3003397500,2018-03-01,PAMPA_CALICHERA
ALEJANDRO SALANOVA MURILLAS,0.0002,555000,3003397500,2018-03-01,PAMPA_CALICHERA
SANTANDER CORREDORES DE BOLSA LIMITADA,0.0002,533289,3003397500,2018-03-01,PAMPA_CALICHERA
CONSORCIO C DE B S A,0.0002,422015,3003397500,2018-03-01,PAMPA_CALICHERA
SOCIEDAD DE INVERSIONES ORO BLANCO SA,0.8884000000000001,2432510853,3003397500,2018-06-01,PAMPA_CALICHERA
POTASIOS DE CHILE SA,0.1009,276202632,3003397500,2018-06-01,PAMPA_CALICHERA
LARRAIN VIAL S A CORREDORA DE BOLSA,0.003,8229809,3003397500,2018-06-01,PAMPA_CALICHERA
BANCHILE CORREDORES DE BOLSA S A,0.0018,4927925,3003397500,2018-06-01,PAMPA_CALICHERA
NEVASA S.A CORREDORES DE BOLSA,0.0012,3251571,3003397500,2018-06-01,PAMPA_CALICHERA
BTG PACTUAL CHILE S A C DE B,0.001,2845574,3003397500,2018-06-01,PAMPA_CALICHERA
VALORES SECURITY S A C DE B,0.0004,1201359,3003397500,2018-06-01,PAMPA_CALICHERA
SOC DE INVERSIONES SANTA ISABEL LIMITADA,0.0004,1190227,3003397500,2018-06-01,PAMPA_CALICHERA
ITAU CORREDORES DE BOLSA LIMITADA,0.0003,768877,3003397500,2018-06-01,PAMPA_CALICHERA
ALEJANDRO SALANOVA MURILLAS,0.0002,555000,3003397500,2018-06-01,PAMPA_CALICHERA
SANTANDER CORREDORES DE BOLSA LIMITADA,0.0002,533289,3003397500,2018-06-01,PAMPA_CALICHERA
CONSORCIO C DE B S A,0.0002,422015,3003397500,2018-06-01,PAMPA_CALICHERA
SOCIEDAD DE INVERSIONES ORO BLANCO SA,0.8884000000000001,2432510853,3003397500,2018-09-01,PAMPA_CALICHERA
POTASIOS DE CHILE SA,0.1009,276202632,3003397500,2018-09-01,PAMPA_CALICHERA
LARRAIN VIAL S A CORREDORA DE BOLSA,0.003,8229809,3003397500,2018-09-01,PAMPA_CALICHERA
BANCHILE CORREDORES DE BOLSA S A,0.0018,4927925,3003397500,2018-09-01,PAMPA_CALICHERA
NEVASA S.A CORREDORES DE BOLSA,0.0012,3251571,3003397500,2018-09-01,PAMPA_CALICHERA
BTG PACTUAL CHILE S A C DE B,0.001,2845574,3003397500,2018-09-01,PAMPA_CALICHERA
VALORES SECURITY S A C DE B,0.0004,1201359,3003397500,2018-09-01,PAMPA_CALICHERA
SOC DE INVERSIONES SANTA ISABEL LIMITADA,0.0004,1190227,3003397500,2018-09-01,PAMPA_CALICHERA
ITAU CORREDORES DE BOLSA LIMITADA,0.0003,768877,3003397500,2018-09-01,PAMPA_CALICHERA
ALEJANDRO SALANOVA MURILLAS,0.0002,555000,3003397500,2018-09-01,PAMPA_CALICHERA
SANTANDER CORREDORES DE BOLSA LIMITADA,0.0002,533289,3003397500,2018-09-01,PAMPA_CALICHERA
CONSORCIO C DE B S A,0.0002,422015,3003397500,2018-09-01,PAMPA_CALICHERA
SOCIEDAD DE INVERSIONES ORO BLANCO SA,0.8884000000000001,2432510853,3003397500,2018-12-01,PAMPA_CALICHERA
POTASIOS DE CHILE SA,0.1009,276202632,3003397500,2018-12-01,PAMPA_CALICHERA
LARRAIN VIAL S A CORREDORA DE BOLSA,0.003,8229809,3003397500,2018-12-01,PAMPA_CALICHERA
BANCHILE CORREDORES DE BOLSA S A,0.0018,4927925,3003397500,2018-12-01,PAMPA_CALICHERA
NEVASA S.A CORREDORES DE BOLSA,0.0012,3251571,3003397500,2018-12-01,PAMPA_CALICHERA
BTG PACTUAL CHILE S A C DE B,0.001,2845574,3003397500,2018-12-01,PAMPA_CALICHERA
VALORES SECURITY S A C DE B,0.0004,1201359,3003397500,2018-12-01,PAMPA_CALICHERA
SOC DE INVERSIONES SANTA ISABEL LIMITADA,0.0004,1190227,3003397500,2018-12-01,PAMPA_CALICHERA
ITAU CORREDORES DE BOLSA LIMITADA,0.0003,768877,3003397500,2018-12-01,PAMPA_CALICHERA
ALEJANDRO SALANOVA MURILLAS,0.0002,555000,3003397500,2018-12-01,PAMPA_CALICHERA
SANTANDER CORREDORES DE BOLSA LIMITADA,0.0002,533289,3003397500,2018-12-01,PAMPA_CALICHERA
CONSORCIO C DE B S A,0.0002,422015,3003397500,2018-12-01,PAMPA_CALICHERA
SOCIEDAD DE INVERSIONES ORO BLANCO SA,0.8884000000000001,2432510853,3003397500,2019-03-01,PAMPA_CALICHERA
POTASIOS DE CHILE SA,0.1009,276202632,3003397500,2019-03-01,PAMPA_CALICHERA
LARRAIN VIAL S A CORREDORA DE BOLSA,0.003,8229809,3003397500,2019-03-01,PAMPA_CALICHERA
BANCHILE CORREDORES DE BOLSA S A,0.0018,4927925,3003397500,2019-03-01,PAMPA_CALICHERA
NEVASA S.A CORREDORES DE BOLSA,0.0012,3251571,3003397500,2019-03-01,PAMPA_CALICHERA
BTG PACTUAL CHILE S A C DE B,0.001,2845574,3003397500,2019-03-01,PAMPA_CALICHERA
VALORES SECURITY S A C DE B,0.0004,1201359,3003397500,2019-03-01,PAMPA_CALICHERA
SOC DE INVERSIONES SANTA ISABEL LIMITADA,0.0004,1190227,3003397500,2019-03-01,PAMPA_CALICHERA
ITAU CORREDORES DE BOLSA LIMITADA,0.0003,768877,3003397500,2019-03-01,PAMPA_CALICHERA
ALEJANDRO SALANOVA MURILLAS,0.0002,555000,3003397500,2019-03-01,PAMPA_CALICHERA
SANTANDER CORREDORES DE BOLSA LIMITADA,0.0002,533289,3003397500,2019-03-01,PAMPA_CALICHERA
CONSORCIO C DE B S A,0.0002,422015,3003397500,2019-03-01,PAMPA_CALICHERA
SOCIEDAD DE INVERSIONES ORO BLANCO SA,0.8884000000000001,2432510853,3003397500,2019-06-01,PAMPA_CALICHERA
POTASIOS DE CHILE SA,0.1009,276202632,3003397500,2019-06-01,PAMPA_CALICHERA
LARRAIN VIAL S A CORREDORA DE BOLSA,0.003,8229809,3003397500,2019-06-01,PAMPA_CALICHERA
BANCHILE CORREDORES DE BOLSA S A,0.0018,4927925,3003397500,2019-06-01,PAMPA_CALICHERA
NEVASA S.A CORREDORES DE BOLSA,0.0012,3251571,3003397500,2019-06-01,PAMPA_CALICHERA
BTG PACTUAL CHILE S A C DE B,0.001,2845574,3003397500,2019-06-01,PAMPA_CALICHERA
VALORES SECURITY S A C DE B,0.0004,1201359,3003397500,2019-06-01,PAMPA_CALICHERA
SOC DE INVERSIONES SANTA ISABEL LIMITADA,0.0004,1190227,3003397500,2019-06-01,PAMPA_CALICHERA
ITAU CORREDORES DE BOLSA LIMITADA,0.0003,768877,3003397500,2019-06-01,PAMPA_CALICHERA
ALEJANDRO SALANOVA MURILLAS,0.0002,555000,3003397500,2019-06-01,PAMPA_CALICHERA
SANTANDER CORREDORES DE BOLSA LIMITADA,0.0002,533289,3003397500,2019-06-01,PAMPA_CALICHERA
CONSORCIO C DE B S A,0.0002,422015,3003397500,2019-06-01,PAMPA_CALICHERA
SOCIEDAD DE INVERSIONES ORO BLANCO SA,0.8884000000000001,2432510853,3003397500,2019-09-01,PAMPA_CALICHERA
POTASIOS DE CHILE SA,0.1009,276202632,3003397500,2019-09-01,PAMPA_CALICHERA
LARRAIN VIAL S A CORREDORA DE BOLSA,0.003,8229809,3003397500,2019-09-01,PAMPA_CALICHERA
BANCHILE CORREDORES DE BOLSA S A,0.0018,4927925,3003397500,2019-09-01,PAMPA_CALICHERA
NEVASA S.A CORREDORES DE BOLSA,0.0012,3251571,3003397500,2019-09-01,PAMPA_CALICHERA
BTG PACTUAL CHILE S A C DE B,0.001,2845574,3003397500,2019-09-01,PAMPA_CALICHERA
VALORES SECURITY S A C DE B,0.0004,1201359,3003397500,2019-09-01,PAMPA_CALICHERA
SOC DE INVERSIONES SANTA ISABEL LIMITADA,0.0004,1190227,3003397500,2019-09-01,PAMPA_CALICHERA
ITAU CORREDORES DE BOLSA LIMITADA,0.0003,768877,3003397500,2019-09-01,PAMPA_CALICHERA
ALEJANDRO SALANOVA MURILLAS,0.0002,555000,3003397500,2019-09-01,PAMPA_CALICHERA
SANTANDER CORREDORES DE BOLSA LIMITADA,0.0002,533289,3003397500,2019-09-01,PAMPA_CALICHERA
CONSORCIO C DE B S A,0.0002,422015,3003397500,2019-09-01,PAMPA_CALICHERA
SOCIEDAD DE INVERSIONES ORO BLANCO SA,0.8884000000000001,2432510853,3003397500,2019-12-01,PAMPA_CALICHERA
POTASIOS DE CHILE SA,0.1009,276202632,3003397500,2019-12-01,PAMPA_CALICHERA
LARRAIN VIAL S A CORREDORA DE BOLSA,0.003,8229809,3003397500,2019-12-01,PAMPA_CALICHERA
BANCHILE CORREDORES DE BOLSA S A,0.0018,4927925,3003397500,2019-12-01,PAMPA_CALICHERA
NEVASA S.A CORREDORES DE BOLSA,0.0012,3251571,3003397500,2019-12-01,PAMPA_CALICHERA
BTG PACTUAL CHILE S A C DE B,0.001,2845574,3003397500,2019-12-01,PAMPA_CALICHERA
VALORES SECURITY S A C DE B,0.0004,1201359,3003397500,2019-12-01,PAMPA_CALICHERA
SOC DE INVERSIONES SANTA ISABEL LIMITADA,0.0004,1190227,3003397500,2019-12-01,PAMPA_CALICHERA
ITAU CORREDORES DE BOLSA LIMITADA,0.0003,768877,3003397500,2019-12-01,PAMPA_CALICHERA
ALEJANDRO SALANOVA MURILLAS,0.0002,555000,3003397500,2019-12-01,PAMPA_CALICHERA
SANTANDER CORREDORES DE BOLSA LIMITADA,0.0002,533289,3003397500,2019-12-01,PAMPA_CALICHERA
CONSORCIO C DE B S A,0.0002,422015,3003397500,2019-12-01,PAMPA_CALICHERA
SOCIEDAD DE INVERSIONES ORO BLANCO SA,0.8884000000000001,2432510853,3003397500,2020-03-01,PAMPA_CALICHERA
POTASIOS DE CHILE SA,0.1009,276202632,3003397500,2020-03-01,PAMPA_CALICHERA
LARRAIN VIAL S A CORREDORA DE BOLSA,0.003,8229809,3003397500,2020-03-01,PAMPA_CALICHERA
BANCHILE CORREDORES DE BOLSA S A,0.0018,4927925,3003397500,2020-03-01,PAMPA_CALICHERA
NEVASA S.A CORREDORES DE BOLSA,0.0012,3251571,3003397500,2020-03-01,PAMPA_CALICHERA
BTG PACTUAL CHILE S A C DE B,0.001,2845574,3003397500,2020-03-01,PAMPA_CALICHERA
VALORES SECURITY S A C DE B,0.0004,1201359,3003397500,2020-03-01,PAMPA_CALICHERA
SOC DE INVERSIONES SANTA ISABEL LIMITADA,0.0004,1190227,3003397500,2020-03-01,PAMPA_CALICHERA
ITAU CORREDORES DE BOLSA LIMITADA,0.0003,768877,3003397500,2020-03-01,PAMPA_CALICHERA
ALEJANDRO SALANOVA MURILLAS,0.0002,555000,3003397500,2020-03-01,PAMPA_CALICHERA
SANTANDER CORREDORES DE BOLSA LIMITADA,0.0002,533289,3003397500,2020-03-01,PAMPA_CALICHERA
CONSORCIO C DE B S A,0.0002,422015,3003397500,2020-03-01,PAMPA_CALICHERA
SOCIEDAD DE INVERSIONES ORO BLANCO SA,0.8884000000000001,2432510853,3003397500,2020-06-01,PAMPA_CALICHERA
POTASIOS DE CHILE SA,0.1009,276202632,3003397500,2020-06-01,PAMPA_CALICHERA
LARRAIN VIAL S A CORREDORA DE BOLSA,0.003,8229809,3003397500,2020-06-01,PAMPA_CALICHERA
BANCHILE CORREDORES DE BOLSA S A,0.0018,4927925,3003397500,2020-06-01,PAMPA_CALICHERA
NEVASA S.A CORREDORES DE BOLSA,0.0012,3251571,3003397500,2020-06-01,PAMPA_CALICHERA
BTG PACTUAL CHILE S A C DE B,0.001,2845574,3003397500,2020-06-01,PAMPA_CALICHERA
VALORES SECURITY S A C DE B,0.0004,1201359,3003397500,2020-06-01,PAMPA_CALICHERA
SOC DE INVERSIONES SANTA ISABEL LIMITADA,0.0004,1190227,3003397500,2020-06-01,PAMPA_CALICHERA
ITAU CORREDORES DE BOLSA LIMITADA,0.0003,768877,3003397500,2020-06-01,PAMPA_CALICHERA
ALEJANDRO SALANOVA MURILLAS,0.0002,555000,3003397500,2020-06-01,PAMPA_CALICHERA
SANTANDER CORREDORES DE BOLSA LIMITADA,0.0002,533289,3003397500,2020-06-01,PAMPA_CALICHERA
CONSORCIO C DE B S A,0.0002,422015,3003397500,2020-06-01,PAMPA_CALICHERA
SOCIEDAD DE INVERSIONES ORO BLANCO SA,0.8884000000000001,2432510853,3003397500,2020-09-01,PAMPA_CALICHERA
POTASIOS DE CHILE SA,0.1009,276202632,3003397500,2020-09-01,PAMPA_CALICHERA
LARRAIN VIAL S A CORREDORA DE BOLSA,0.003,8229809,3003397500,2020-09-01,PAMPA_CALICHERA
BANCHILE CORREDORES DE BOLSA S A,0.0018,4927925,3003397500,2020-09-01,PAMPA_CALICHERA
NEVASA S.A CORREDORES DE BOLSA,0.0012,3251571,3003397500,2020-09-01,PAMPA_CALICHERA
BTG PACTUAL CHILE S A C DE B,0.001,2845574,3003397500,2020-09-01,PAMPA_CALICHERA
VALORES SECURITY S A C DE B,0.0004,1201359,3003397500,2020-09-01,PAMPA_CALICHERA
SOC DE INVERSIONES SANTA ISABEL LIMITADA,0.0004,1190227,3003397500,2020-09-01,PAMPA_CALICHERA
ITAU CORREDORES DE BOLSA LIMITADA,0.0003,768877,3003397500,2020-09-01,PAMPA_CALICHERA
ALEJANDRO SALANOVA MURILLAS,0.0002,555000,3003397500,2020-09-01,PAMPA_CALICHERA
SANTANDER CORREDORES DE BOLSA LIMITADA,0.0002,533289,3003397500,2020-09-01,PAMPA_CALICHERA
CONSORCIO C DE B S A,0.0002,422015,3003397500,2020-09-01,PAMPA_CALICHERA
SOCIEDAD DE INVERSIONES ORO BLANCO SA,0.8884000000000001,2432510853,3003397500,2020-12-01,PAMPA_CALICHERA
POTASIOS DE CHILE SA,0.1009,276202632,3003397500,2020-12-01,PAMPA_CALICHERA
LARRAIN VIAL S A CORREDORA DE BOLSA,0.003,8229809,3003397500,2020-12-01,PAMPA_CALICHERA
BANCHILE CORREDORES DE BOLSA S A,0.0018,4927925,3003397500,2020-12-01,PAMPA_CALICHERA
NEVASA S.A CORREDORES DE BOLSA,0.0012,3251571,3003397500,2020-12-01,PAMPA_CALICHERA
BTG PACTUAL CHILE S A C DE B,0.001,2845574,3003397500,2020-12-01,PAMPA_CALICHERA
VALORES SECURITY S A C DE B,0.0004,1201359,3003397500,2020-12-01,PAMPA_CALICHERA
SOC DE INVERSIONES SANTA ISABEL LIMITADA,0.0004,1190227,3003397500,2020-12-01,PAMPA_CALICHERA
ITAU CORREDORES DE BOLSA LIMITADA,0.0003,768877,3003397500,2020-12-01,PAMPA_CALICHERA
ALEJANDRO SALANOVA MURILLAS,0.0002,555000,3003397500,2020-12-01,PAMPA_CALICHERA
SANTANDER CORREDORES DE BOLSA LIMITADA,0.0002,533289,3003397500,2020-12-01,PAMPA_CALICHERA
CONSORCIO C DE B S A,0.0002,422015,3003397500,2020-12-01,PAMPA_CALICHERA
SOCIEDAD DE INVERSIONES ORO BLANCO SA,0.8884000000000001,2432510853,3003397500,2021-03-01,PAMPA_CALICHERA
POTASIOS DE CHILE SA,0.1009,276202632,3003397500,2021-03-01,PAMPA_CALICHERA
LARRAIN VIAL S A CORREDORA DE BOLSA,0.003,8229809,3003397500,2021-03-01,PAMPA_CALICHERA
BANCHILE CORREDORES DE BOLSA S A,0.0018,4927925,3003397500,2021-03-01,PAMPA_CALICHERA
NEVASA S.A CORREDORES DE BOLSA,0.0012,3251571,3003397500,2021-03-01,PAMPA_CALICHERA
BTG PACTUAL CHILE S A C DE B,0.001,2845574,3003397500,2021-03-01,PAMPA_CALICHERA
VALORES SECURITY S A C DE B,0.0004,1201359,3003397500,2021-03-01,PAMPA_CALICHERA
SOC DE INVERSIONES SANTA ISABEL LIMITADA,0.0004,1190227,3003397500,2021-03-01,PAMPA_CALICHERA
ITAU CORREDORES DE BOLSA LIMITADA,0.0003,768877,3003397500,2021-03-01,PAMPA_CALICHERA
ALEJANDRO SALANOVA MURILLAS,0.0002,555000,3003397500,2021-03-01,PAMPA_CALICHERA
SANTANDER CORREDORES DE BOLSA LIMITADA,0.0002,533289,3003397500,2021-03-01,PAMPA_CALICHERA
CONSORCIO C DE B S A,0.0002,422015,3003397500,2021-03-01,PAMPA_CALICHERA
SOCIEDAD DE INVERSIONES ORO BLANCO SA,0.8884000000000001,2432510853,3003397500,2021-06-01,PAMPA_CALICHERA
POTASIOS DE CHILE SA,0.1009,276202632,3003397500,2021-06-01,PAMPA_CALICHERA
LARRAIN VIAL S A CORREDORA DE BOLSA,0.003,8229809,3003397500,2021-06-01,PAMPA_CALICHERA
BANCHILE CORREDORES DE BOLSA S A,0.0018,4927925,3003397500,2021-06-01,PAMPA_CALICHERA
NEVASA S.A CORREDORES DE BOLSA,0.0012,3251571,3003397500,2021-06-01,PAMPA_CALICHERA
BTG PACTUAL CHILE S A C DE B,0.001,2845574,3003397500,2021-06-01,PAMPA_CALICHERA
VALORES SECURITY S A C DE B,0.0004,1201359,3003397500,2021-06-01,PAMPA_CALICHERA
SOC DE INVERSIONES SANTA ISABEL LIMITADA,0.0004,1190227,3003397500,2021-06-01,PAMPA_CALICHERA
ITAU CORREDORES DE BOLSA LIMITADA,0.0003,768877,3003397500,2021-06-01,PAMPA_CALICHERA
ALEJANDRO SALANOVA MURILLAS,0.0002,555000,3003397500,2021-06-01,PAMPA_CALICHERA
SANTANDER CORREDORES DE BOLSA LIMITADA,0.0002,533289,3003397500,2021-06-01,PAMPA_CALICHERA
CONSORCIO C DE B S A,0.0002,422015,3003397500,2021-06-01,PAMPA_CALICHERA
SOCIEDAD DE INVERSIONES ORO BLANCO SA,0.8884000000000001,2432510853,3003397500,2021-09-01,PAMPA_CALICHERA
POTASIOS DE CHILE SA,0.1009,276202632,3003397500,2021-09-01,PAMPA_CALICHERA
LARRAIN VIAL S A CORREDORA DE BOLSA,0.003,8229809,3003397500,2021-09-01,PAMPA_CALICHERA
BANCHILE CORREDORES DE BOLSA S A,0.0018,4927925,3003397500,2021-09-01,PAMPA_CALICHERA
NEVASA S.A CORREDORES DE BOLSA,0.0012,3251571,3003397500,2021-09-01,PAMPA_CALICHERA
BTG PACTUAL CHILE S A C DE B,0.001,2845574,3003397500,2021-09-01,PAMPA_CALICHERA
VALORES SECURITY S A C DE B,0.0004,1201359,3003397500,2021-09-01,PAMPA_CALICHERA
SOC DE INVERSIONES SANTA ISABEL LIMITADA,0.0004,1190227,3003397500,2021-09-01,PAMPA_CALICHERA
ITAU CORREDORES DE BOLSA LIMITADA,0.0003,768877,3003397500,2021-09-01,PAMPA_CALICHERA
ALEJANDRO SALANOVA MURILLAS,0.0002,555000,3003397500,2021-09-01,PAMPA_CALICHERA
SANTANDER CORREDORES DE BOLSA LIMITADA,0.0002,533289,3003397500,2021-09-01,PAMPA_CALICHERA
CONSORCIO C DE B S A,0.0002,422015,3003397500,2021-09-01,PAMPA_CALICHERA
SOCIEDAD DE INVERSIONES ORO BLANCO SA,0.8884000000000001,2432510853,3003397500,2021-12-01,PAMPA_CALICHERA
POTASIOS DE CHILE SA,0.1009,276202632,3003397500,2021-12-01,PAMPA_CALICHERA
LARRAIN VIAL S A CORREDORA DE BOLSA,0.003,8229809,3003397500,2021-12-01,PAMPA_CALICHERA
BANCHILE CORREDORES DE BOLSA S A,0.0018,4927925,3003397500,2021-12-01,PAMPA_CALICHERA
NEVASA S.A CORREDORES DE BOLSA,0.0012,3251571,3003397500,2021-12-01,PAMPA_CALICHERA
BTG PACTUAL CHILE S A C DE B,0.001,2845574,3003397500,2021-12-01,PAMPA_CALICHERA
VALORES SECURITY S A C DE B,0.0004,1201359,3003397500,2021-12-01,PAMPA_CALICHERA
SOC DE INVERSIONES SANTA ISABEL LIMITADA,0.0004,1190227,3003397500,2021-12-01,PAMPA_CALICHERA
ITAU CORREDORES DE BOLSA LIMITADA,0.0003,768877,3003397500,2021-12-01,PAMPA_CALICHERA
ALEJANDRO SALANOVA MURILLAS,0.0002,555000,3003397500,2021-12-01,PAMPA_CALICHERA
SANTANDER CORREDORES DE BOLSA LIMITADA,0.0002,533289,3003397500,2021-12-01,PAMPA_CALICHERA
CONSORCIO C DE B S A,0.0002,422015,3003397500,2021-12-01,PAMPA_CALICHERA
SOCIEDAD DE INVERSIONES ORO BLANCO SA,0.8884000000000001,2432510853,3003397500,2022-03-01,PAMPA_CALICHERA
POTASIOS DE CHILE SA,0.1009,276202632,3003397500,2022-03-01,PAMPA_CALICHERA
LARRAIN VIAL S A CORREDORA DE BOLSA,0.003,8229809,3003397500,2022-03-01,PAMPA_CALICHERA
BANCHILE CORREDORES DE BOLSA S A,0.0018,4927925,3003397500,2022-03-01,PAMPA_CALICHERA
NEVASA S.A CORREDORES DE BOLSA,0.0012,3251571,3003397500,2022-03-01,PAMPA_CALICHERA
BTG PACTUAL CHILE S A C DE B,0.001,2845574,3003397500,2022-03-01,PAMPA_CALICHERA
VALORES SECURITY S A C DE B,0.0004,1201359,3003397500,2022-03-01,PAMPA_CALICHERA
SOC DE INVERSIONES SANTA ISABEL LIMITADA,0.0004,1190227,3003397500,2022-03-01,PAMPA_CALICHERA
ITAU CORREDORES DE BOLSA LIMITADA,0.0003,768877,3003397500,2022-03-01,PAMPA_CALICHERA
ALEJANDRO SALANOVA MURILLAS,0.0002,555000,3003397500,2022-03-01,PAMPA_CALICHERA
SANTANDER CORREDORES DE BOLSA LIMITADA,0.0002,533289,3003397500,2022-03-01,PAMPA_CALICHERA
CONSORCIO C DE B S A,0.0002,422015,3003397500,2022-03-01,PAMPA_CALICHERA
SOCIEDAD DE INVERSIONES ORO BLANCO SA,0.8884000000000001,2432510853,3003397500,2022-06-01,PAMPA_CALICHERA
POTASIOS DE CHILE SA,0.1009,276202632,3003397500,2022-06-01,PAMPA_CALICHERA
LARRAIN VIAL S A CORREDORA DE BOLSA,0.003,8229809,3003397500,2022-06-01,PAMPA_CALICHERA
BANCHILE CORREDORES DE BOLSA S A,0.0018,4927925,3003397500,2022-06-01,PAMPA_CALICHERA
NEVASA S.A CORREDORES DE BOLSA,0.0012,3251571,3003397500,2022-06-01,PAMPA_CALICHERA
BTG PACTUAL CHILE S A C DE B,0.001,2845574,3003397500,2022-06-01,PAMPA_CALICHERA
VALORES SECURITY S A C DE B,0.0004,1201359,3003397500,2022-06-01,PAMPA_CALICHERA
SOC DE INVERSIONES SANTA ISABEL LIMITADA,0.0004,1190227,3003397500,2022-06-01,PAMPA_CALICHERA
ITAU CORREDORES DE BOLSA LIMITADA,0.0003,768877,3003397500,2022-06-01,PAMPA_CALICHERA
ALEJANDRO SALANOVA MURILLAS,0.0002,555000,3003397500,2022-06-01,PAMPA_CALICHERA
SANTANDER CORREDORES DE BOLSA LIMITADA,0.0002,533289,3003397500,2022-06-01,PAMPA_CALICHERA
CONSORCIO C DE B S A,0.0002,422015,3003397500,2022-06-01,PAMPA_CALICHERA
SOCIEDAD DE INVERSIONES ORO BLANCO SA,0.8884000000000001,2432510853,3003397500,2022-09-01,PAMPA_CALICHERA
POTASIOS DE CHILE SA,0.1009,276202632,3003397500,2022-09-01,PAMPA_CALICHERA
LARRAIN VIAL S A CORREDORA DE BOLSA,0.003,8229809,3003397500,2022-09-01,PAMPA_CALICHERA
BANCHILE CORREDORES DE BOLSA S A,0.0018,4927925,3003397500,2022-09-01,PAMPA_CALICHERA
NEVASA S.A CORREDORES DE BOLSA,0.0012,3251571,3003397500,2022-09-01,PAMPA_CALICHERA
BTG PACTUAL CHILE S A C DE B,0.001,2845574,3003397500,2022-09-01,PAMPA_CALICHERA
VALORES SECURITY S A C DE B,0.0004,1201359,3003397500,2022-09-01,PAMPA_CALICHERA
SOC DE INVERSIONES SANTA ISABEL LIMITADA,0.0004,1190227,3003397500,2022-09-01,PAMPA_CALICHERA
ITAU CORREDORES DE BOLSA LIMITADA,0.0003,768877,3003397500,2022-09-01,PAMPA_CALICHERA
ALEJANDRO SALANOVA MURILLAS,0.0002,555000,3003397500,2022-09-01,PAMPA_CALICHERA
SANTANDER CORREDORES DE BOLSA LIMITADA,0.0002,533289,3003397500,2022-09-01,PAMPA_CALICHERA
CONSORCIO C DE B S A,0.0002,422015,3003397500,2022-09-01,PAMPA_CALICHERA
SOCIEDAD DE INVERSIONES ORO BLANCO SA,0.8884000000000001,2432510853,3003397500,2022-12-01,PAMPA_CALICHERA
POTASIOS DE CHILE SA,0.1009,276202632,3003397500,2022-12-01,PAMPA_CALICHERA
LARRAIN VIAL S A CORREDORA DE BOLSA,0.003,8229809,3003397500,2022-12-01,PAMPA_CALICHERA
BANCHILE CORREDORES DE BOLSA S A,0.0018,4927925,3003397500,2022-12-01,PAMPA_CALICHERA
NEVASA S.A CORREDORES DE BOLSA,0.0012,3251571,3003397500,2022-12-01,PAMPA_CALICHERA
BTG PACTUAL CHILE S A C DE B,0.001,2845574,3003397500,2022-12-01,PAMPA_CALICHERA
VALORES SECURITY S A C DE B,0.0004,1201359,3003397500,2022-12-01,PAMPA_CALICHERA
SOC DE INVERSIONES SANTA ISABEL LIMITADA,0.0004,1190227,3003397500,2022-12-01,PAMPA_CALICHERA
ITAU CORREDORES DE BOLSA LIMITADA,0.0003,768877,3003397500,2022-12-01,PAMPA_CALICHERA
ALEJANDRO SALANOVA MURILLAS,0.0002,555000,3003397500,2022-12-01,PAMPA_CALICHERA
SANTANDER CORREDORES DE BOLSA LIMITADA,0.0002,533289,3003397500,2022-12-01,PAMPA_CALICHERA
CONSORCIO C DE B S A,0.0002,422015,3003397500,2022-12-01,PAMPA_CALICHERA
SOCIEDAD DE INVERSIONES ORO BLANCO SA,0.8884000000000001,2432510853,3003397500,2023-03-01,PAMPA_CALICHERA
POTASIOS DE CHILE SA,0.1009,276202632,3003397500,2023-03-01,PAMPA_CALICHERA
LARRAIN VIAL S A CORREDORA DE BOLSA,0.003,8229809,3003397500,2023-03-01,PAMPA_CALICHERA
BANCHILE CORREDORES DE BOLSA S A,0.0018,4927925,3003397500,2023-03-01,PAMPA_CALICHERA
NEVASA S.A CORREDORES DE BOLSA,0.0012,3251571,3003397500,2023-03-01,PAMPA_CALICHERA
BTG PACTUAL CHILE S A C DE B,0.001,2845574,3003397500,2023-03-01,PAMPA_CALICHERA
VALORES SECURITY S A C DE B,0.0004,1201359,3003397500,2023-03-01,PAMPA_CALICHERA
SOC DE INVERSIONES SANTA ISABEL LIMITADA,0.0004,1190227,3003397500,2023-03-01,PAMPA_CALICHERA
ITAU CORREDORES DE BOLSA LIMITADA,0.0003,768877,3003397500,2023-03-01,PAMPA_CALICHERA
ALEJANDRO SALANOVA MURILLAS,0.0002,555000,3003397500,2023-03-01,PAMPA_CALICHERA
SANTANDER CORREDORES DE BOLSA LIMITADA,0.0002,533289,3003397500,2023-03-01,PAMPA_CALICHERA
CONSORCIO C DE B S A,0.0002,422015,3003397500,2023-03-01,PAMPA_CALICHERA
SOCIEDAD DE INVERSIONES ORO BLANCO SA,0.8884000000000001,2432510853,3003397500,2023-06-01,PAMPA_CALICHERA
POTASIOS DE CHILE SA,0.1009,276202632,3003397500,2023-06-01,PAMPA_CALICHERA
LARRAIN VIAL S A CORREDORA DE BOLSA,0.003,8229809,3003397500,2023-06-01,PAMPA_CALICHERA
BANCHILE CORREDORES DE BOLSA S A,0.0018,4927925,3003397500,2023-06-01,PAMPA_CALICHERA
NEVASA S.A CORREDORES DE BOLSA,0.0012,3251571,3003397500,2023-06-01,PAMPA_CALICHERA
BTG PACTUAL CHILE S A C DE B,0.001,2845574,3003397500,2023-06-01,PAMPA_CALICHERA
VALORES SECURITY S A C DE B,0.0004,1201359,3003397500,2023-06-01,PAMPA_CALICHERA
SOC DE INVERSIONES SANTA ISABEL LIMITADA,0.0004,1190227,3003397500,2023-06-01,PAMPA_CALICHERA
ITAU CORREDORES DE BOLSA LIMITADA,0.0003,768877,3003397500,2023-06-01,PAMPA_CALICHERA
ALEJANDRO SALANOVA MURILLAS,0.0002,555000,3003397500,2023-06-01,PAMPA_CALICHERA
SANTANDER CORREDORES DE BOLSA LIMITADA,0.0002,533289,3003397500,2023-06-01,PAMPA_CALICHERA
CONSORCIO C DE B S A,0.0002,422015,3003397500,2023-06-01,PAMPA_CALICHERA
SOCIEDAD DE INVERSIONES ORO BLANCO SA,0.8884000000000001,2432510853,3003397500,2023-09-01,PAMPA_CALICHERA
POTASIOS DE CHILE SA,0.1009,276202632,3003397500,2023-09-01,PAMPA_CALICHERA
LARRAIN VIAL S A CORREDORA DE BOLSA,0.003,8229809,3003397500,2023-09-01,PAMPA_CALICHERA
BANCHILE CORREDORES DE BOLSA S A,0.0018,4927925,3003397500,2023-09-01,PAMPA_CALICHERA
NEVASA S.A CORREDORES DE BOLSA,0.0012,3251571,3003397500,2023-09-01,PAMPA_CALICHERA
BTG PACTUAL CHILE S A C DE B,0.001,2845574,3003397500,2023-09-01,PAMPA_CALICHERA
VALORES SECURITY S A C DE B,0.0004,1201359,3003397500,2023-09-01,PAMPA_CALICHERA
SOC DE INVERSIONES SANTA ISABEL LIMITADA,0.0004,1190227,3003397500,2023-09-01,PAMPA_CALICHERA
ITAU CORREDORES DE BOLSA LIMITADA,0.0003,768877,3003397500,2023-09-01,PAMPA_CALICHERA
ALEJANDRO SALANOVA MURILLAS,0.0002,555000,3003397500,2023-09-01,PAMPA_CALICHERA
SANTANDER CORREDORES DE BOLSA LIMITADA,0.0002,533289,3003397500,2023-09-01,PAMPA_CALICHERA
CONSORCIO C DE B S A,0.0002,422015,3003397500,2023-09-01,PAMPA_CALICHERA
SOCIEDAD DE INVERSIONES ORO BLANCO SA,0.8884000000000001,2432510853,3003397500,2023-12-01,PAMPA_CALICHERA
POTASIOS DE CHILE SA,0.1009,276202632,3003397500,2023-12-01,PAMPA_CALICHERA
LARRAIN VIAL S A CORREDORA DE BOLSA,0.003,8229809,3003397500,2023-12-01,PAMPA_CALICHERA
BANCHILE CORREDORES DE BOLSA S A,0.0018,4927925,3003397500,2023-12-01,PAMPA_CALICHERA
NEVASA S.A CORREDORES DE BOLSA,0.0012,3251571,3003397500,2023-12-01,PAMPA_CALICHERA
BTG PACTUAL CHILE S A C DE B,0.001,2845574,3003397500,2023-12-01,PAMPA_CALICHERA
VALORES SECURITY S A C DE B,0.0004,1201359,3003397500,2023-12-01,PAMPA_CALICHERA
SOC DE INVERSIONES SANTA ISABEL LIMITADA,0.0004,1190227,3003397500,2023-12-01,PAMPA_CALICHERA
ITAU CORREDORES DE BOLSA LIMITADA,0.0003,768877,3003397500,2023-12-01,PAMPA_CALICHERA
ALEJANDRO SALANOVA MURILLAS,0.0002,555000,3003397500,2023-12-01,PAMPA_CALICHERA
SANTANDER CORREDORES DE BOLSA LIMITADA,0.0002,533289,3003397500,2023-12-01,PAMPA_CALICHERA
CONSORCIO C DE B S A,0.0002,422015,3003397500,2023-12-01,PAMPA_CALICHERA
SOCIEDAD DE INVERSIONES ORO BLANCO SA,0.8884000000000001,2432510853,3003397500,2024-03-01,PAMPA_CALICHERA
POTASIOS DE CHILE SA,0.1009,276202632,3003397500,2024-03-01,PAMPA_CALICHERA
LARRAIN VIAL S A CORREDORA DE BOLSA,0.003,8229809,3003397500,2024-03-01,PAMPA_CALICHERA
BANCHILE CORREDORES DE BOLSA S A,0.0018,4927925,3003397500,2024-03-01,PAMPA_CALICHERA
NEVASA S.A CORREDORES DE BOLSA,0.0012,3251571,3003397500,2024-03-01,PAMPA_CALICHERA
BTG PACTUAL CHILE S A C DE B,0.001,2845574,3003397500,2024-03-01,PAMPA_CALICHERA
VALORES SECURITY S A C DE B,0.0004,1201359,3003397500,2024-03-01,PAMPA_CALICHERA
SOC DE INVERSIONES SANTA ISABEL LIMITADA,0.0004,1190227,3003397500,2024-03-01,PAMPA_CALICHERA
ITAU CORREDORES DE BOLSA LIMITADA,0.0003,768877,3003397500,2024-03-01,PAMPA_CALICHERA
ALEJANDRO SALANOVA MURILLAS,0.0002,555000,3003397500,2024-03-01,PAMPA_CALICHERA
SANTANDER CORREDORES DE BOLSA LIMITADA,0.0002,533289,3003397500,2024-03-01,PAMPA_CALICHERA
CONSORCIO C DE B S A,0.0002,422015,3003397500,2024-03-01,PAMPA_CALICHERA
SOCIEDAD DE INVERSIONES ORO BLANCO SA,0.8884000000000001,2432510853,3003397500,2024-06-01,PAMPA_CALICHERA
POTASIOS DE CHILE SA,0.1009,276202632,3003397500,2024-06-01,PAMPA_CALICHERA
LARRAIN VIAL S A CORREDORA DE BOLSA,0.003,8229809,3003397500,2024-06-01,PAMPA_CALICHERA
BANCHILE CORREDORES DE BOLSA S A,0.0018,4927925,3003397500,2024-06-01,PAMPA_CALICHERA
NEVASA S.A CORREDORES DE BOLSA,0.0012,3251571,3003397500,2024-06-01,PAMPA_CALICHERA
BTG PACTUAL CHILE S A C DE B,0.001,2845574,3003397500,2024-06-01,PAMPA_CALICHERA
VALORES SECURITY S A C DE B,0.0004,1201359,3003397500,2024-06-01,PAMPA_CALICHERA
SOC DE INVERSIONES SANTA ISABEL LIMITADA,0.0004,1190227,3003397500,2024-06-01,PAMPA_CALICHERA
ITAU CORREDORES DE BOLSA LIMITADA,0.0003,768877,3003397500,2024-06-01,PAMPA_CALICHERA
ALEJANDRO SALANOVA MURILLAS,0.0002,555000,3003397500,2024-06-01,PAMPA_CALICHERA
SANTANDER CORREDORES DE BOLSA LIMITADA,0.0002,533289,3003397500,2024-06-01,PAMPA_CALICHERA
CONSORCIO C DE B S A,0.0002,422015,3003397500,2024-06-01,PAMPA_CALICHERA
SOCIEDAD DE INVERSIONES ORO BLANCO SA,0.8884000000000001,2432510853,3003397500,2024-09-01,PAMPA_CALICHERA
POTASIOS DE CHILE SA,0.1009,276202632,3003397500,2024-09-01,PAMPA_CALICHERA
LARRAIN VIAL S A CORREDORA DE BOLSA,0.003,8229809,3003397500,2024-09-01,PAMPA_CALICHERA
BANCHILE CORREDORES DE BOLSA S A,0.0018,4927925,3003397500,2024-09-01,PAMPA_CALICHERA
NEVASA S.A CORREDORES DE BOLSA,0.0012,3251571,3003397500,2024-09-01,PAMPA_CALICHERA
BTG PACTUAL CHILE S A C DE B,0.001,2845574,3003397500,2024-09-01,PAMPA_CALICHERA
VALORES SECURITY S A C DE B,0.0004,1201359,3003397500,2024-09-01,PAMPA_CALICHERA
SOC DE INVERSIONES SANTA ISABEL LIMITADA,0.0004,1190227,3003397500,2024-09-01,PAMPA_CALICHERA
ITAU CORREDORES DE BOLSA LIMITADA,0.0003,768877,3003397500,2024-09-01,PAMPA_CALICHERA
ALEJANDRO SALANOVA MURILLAS,0.0002,555000,3003397500,2024-09-01,PAMPA_CALICHERA
SANTANDER CORREDORES DE BOLSA LIMITADA,0.0002,533289,3003397500,2024-09-01,PAMPA_CALICHERA
CONSORCIO C DE B S A,0.0002,422015,3003397500,2024-09-01,PAMPA_CALICHERA
SOCIEDAD DE INVERSIONES ORO BLANCO SA,0.8884000000000001,2432510853,3003397500,2024-12-01,PAMPA_CALICHERA
POTASIOS DE CHILE SA,0.1009,276202632,3003397500,2024-12-01,PAMPA_CALICHERA
LARRAIN VIAL S A CORREDORA DE BOLSA,0.003,8229809,3003397500,2024-12-01,PAMPA_CALICHERA
BANCHILE CORREDORES DE BOLSA S A,0.0018,4927925,3003397500,2024-12-01,PAMPA_CALICHERA
NEVASA S.A CORREDORES DE BOLSA,0.0012,3251571,3003397500,2024-12-01,PAMPA_CALICHERA
BTG PACTUAL CHILE S A C DE B,0.001,2845574,3003397500,2024-12-01,PAMPA_CALICHERA
VALORES SECURITY S A C DE B,0.0004,1201359,3003397500,2024-12-01,PAMPA_CALICHERA
SOC DE INVERSIONES SANTA ISABEL LIMITADA,0.0004,1190227,3003397500,2024-12-01,PAMPA_CALICHERA
ITAU CORREDORES DE BOLSA LIMITADA,0.0003,768877,3003397500,2024-12-01,PAMPA_CALICHERA
ALEJANDRO SALANOVA MURILLAS,0.0002,555000,3003397500,2024-12-01,PAMPA_CALICHERA
SANTANDER CORREDORES DE BOLSA LIMITADA,0.0002,533289,3003397500,2024-12-01,PAMPA_CALICHERA
CONSORCIO C DE B S A,0.0002,422015,3003397500,2024-12-01,PAMPA_CALICHERA
SOCIEDAD DE INVERSIONES ORO BLANCO SA,0.8884000000000001,2432510853,3003397500,2025-03-01,PAMPA_CALICHERA
POTASIOS DE CHILE SA,0.1009,276202632,3003397500,2025-03-01,PAMPA_CALICHERA
LARRAIN VIAL S A CORREDORA DE BOLSA,0.003,8229809,3003397500,2025-03-01,PAMPA_CALICHERA
BANCHILE CORREDORES DE BOLSA S A,0.0018,4927925,3003397500,2025-03-01,PAMPA_CALICHERA
NEVASA S.A CORREDORES DE BOLSA,0.0012,3251571,3003397500,2025-03-01,PAMPA_CALICHERA
BTG PACTUAL CHILE S A C DE B,0.001,2845574,3003397500,2025-03-01,PAMPA_CALICHERA
VALORES SECURITY S A C DE B,0.0004,1201359,3003397500,2025-03-01,PAMPA_CALICHERA
SOC DE INVERSIONES SANTA ISABEL LIMITADA,0.0004,1190227,3003397500,2025-03-01,PAMPA_CALICHERA
ITAU CORREDORES DE BOLSA LIMITADA,0.0003,768877,3003397500,2025-03-01,PAMPA_CALICHERA
ALEJANDRO SALANOVA MURILLAS,0.0002,555000,3003397500,2025-03-01,PAMPA_CALICHERA
SANTANDER CORREDORES DE BOLSA LIMITADA,0.0002,533289,3003397500,2025-03-01,PAMPA_CALICHERA
CONSORCIO C DE B S A,0.0002,422015,3003397500,2025-03-01,PAMPA_CALICHERA
SOCIEDAD DE INVERSIONES ORO BLANCO SA,0.8884000000000001,2432510853,3003397500,2025-06-01,PAMPA_CALICHERA
POTASIOS DE CHILE SA,0.1009,276202632,3003397500,2025-06-01,PAMPA_CALICHERA
LARRAIN VIAL S A CORREDORA DE BOLSA,0.003,8229809,3003397500,2025-06-01,PAMPA_CALICHERA
BANCHILE CORREDORES DE BOLSA S A,0.0018,4927925,3003397500,2025-06-01,PAMPA_CALICHERA
NEVASA S.A CORREDORES DE BOLSA,0.0012,3251571,3003397500,2025-06-01,PAMPA_CALICHERA
BTG PACTUAL CHILE S A C DE B,0.001,2845574,3003397500,2025-06-01,PAMPA_CALICHERA
VALORES SECURITY S A C DE B,0.0004,1201359,3003397500,2025-06-01,PAMPA_CALICHERA
SOC DE INVERSIONES SANTA ISABEL LIMITADA,0.0004,1190227,3003397500,2025-06-01,PAMPA_CALICHERA
ITAU CORREDORES DE BOLSA LIMITADA,0.0003,768877,3003397500,2025-06-01,PAMPA_CALICHERA
ALEJANDRO SALANOVA MURILLAS,0.0002,555000,3003397500,2025-06-01,PAMPA_CALICHERA
SANTANDER CORREDORES DE BOLSA LIMITADA,0.0002,533289,3003397500,2025-06-01,PAMPA_CALICHERA
CONSORCIO C DE B S A,0.0002,422015,3003397500,2025-06-01,PAMPA_CALICHERA
SOCIEDAD DE INVERSIONES ORO BLANCO SA,0.8884000000000001,2432510853,3003397500,2025-09-01,PAMPA_CALICHERA
POTASIOS DE CHILE SA,0.1009,276202632,3003397500,2025-09-01,PAMPA_CALICHERA
LARRAIN VIAL S A CORREDORA DE BOLSA,0.003,8229809,3003397500,2025-09-01,PAMPA_CALICHERA
BANCHILE CORREDORES DE BOLSA S A,0.0018,4927925,3003397500,2025-09-01,PAMPA_CALICHERA
NEVASA S.A CORREDORES DE BOLSA,0.0012,3251571,3003397500,2025-09-01,PAMPA_CALICHERA
BTG PACTUAL CHILE S A C DE B,0.001,2845574,3003397500,2025-09-01,PAMPA_CALICHERA
VALORES SECURITY S A C DE B,0.0004,1201359,3003397500,2025-09-01,PAMPA_CALICHERA
SOC DE INVERSIONES SANTA ISABEL LIMITADA,0.0004,1190227,3003397500,2025-09-01,PAMPA_CALICHERA
ITAU CORREDORES DE BOLSA LIMITADA,0.0003,768877,3003397500,2025-09-01,PAMPA_CALICHERA
ALEJANDRO SALANOVA MURILLAS,0.0002,555000,3003397500,2025-09-01,PAMPA_CALICHERA
SANTANDER CORREDORES DE BOLSA LIMITADA,0.0002,533289,3003397500,2025-09-01,PAMPA_CALICHERA
CONSORCIO C DE B S A,0.0002,422015,3003397500,2025-09-01,PAMPA_CALICHERA
SOCIEDAD DE INVERSIONES ORO BLANCO SA,0.8884000000000001,2432510853,3003397500,2025-12-01,PAMPA_CALICHERA
POTASIOS DE CHILE SA,0.1009,276202632,3003397500,2025-12-01,PAMPA_CALICHERA
LARRAIN VIAL S A CORREDORA DE BOLSA,0.003,8229809,3003397500,2025-12-01,PAMPA_CALICHERA
BANCHILE CORREDORES DE BOLSA S A,0.0018,4927925,3003397500,2025-12-01,PAMPA_CALICHERA
NEVASA S.A CORREDORES DE BOLSA,0.0012,3251571,3003397500,2025-12-01,PAMPA_CALICHERA
BTG PACTUAL CHILE S A C DE B,0.001,2845574,3003397500,2025-12-01,PAMPA_CALICHERA
VALORES SECURITY S A C DE B,0.0004,1201359,3003397500,2025-12-01,PAMPA_CALICHERA
SOC DE INVERSIONES SANTA ISABEL LIMITADA,0.0004,1190227,3003397500,2025-12-01,PAMPA_CALICHERA
ITAU CORREDORES DE BOLSA LIMITADA,0.0003,768877,3003397500,2025-12-01,PAMPA_CALICHERA
ALEJANDRO SALANOVA MURILLAS,0.0002,555000,3003397500,2025-12-01,PAMPA_CALICHERA
SANTANDER CORREDORES DE BOLSA LIMITADA,0.0002,533289,3003397500,2025-12-01,PAMPA_CALICHERA
CONSORCIO C DE B S A,0.0002,422015,3003397500,2025-12-01,PAMPA_CALICHERA
