Date,Date_quarter,Holding,HoldingValue
2017-01-03,2017Q1,ALMENDRAL,1163512.9091590897
2017-01-03,2017Q1,ANTARCHILE,5322462.935710088
2017-01-03,2017Q1,IAM,1076369.4735487013
2017-01-03,2017Q1,INVERCAP,311166.58655562147
2017-01-03,2017Q1,QUINENCO,0.0
2017-01-04,2017Q1,ALMENDRAL,1164857.9531969086
2017-01-04,2017Q1,ANTARCHILE,5341138.066583424
2017-01-04,2017Q1,IAM,1093504.5101821183
2017-01-04,2017Q1,INVERCAP,308107.08167559933
2017-01-04,2017Q1,QUINENCO,0.0
2017-01-05,2017Q1,ALMENDRAL,1160789.6101195556
2017-01-05,2017Q1,ANTARCHILE,5337599.874326089
2017-01-05,2017Q1,IAM,1152508.1013183729
2017-01-05,2017Q1,INVERCAP,310958.72210517415
2017-01-05,2017Q1,QUINENCO,0.0
2017-01-06,2017Q1,ALMENDRAL,1163164.1940381736
2017-01-06,2017Q1,ANTARCHILE,5407519.746129531
2017-01-06,2017Q1,IAM,1145863.2756221106
2017-01-06,2017Q1,INVERCAP,306418.1830157145
2017-01-06,2017Q1,QUINENCO,0.0
2017-01-07,2017Q1,ALMENDRAL,1163164.1940381736
2017-01-07,2017Q1,ANTARCHILE,5407519.746129531
2017-01-07,2017Q1,IAM,1145863.2756221106
2017-01-07,2017Q1,INVERCAP,306418.1830157145
2017-01-07,2017Q1,QUINENCO,0.0
2017-01-08,2017Q1,ALMENDRAL,1163164.1940381736
2017-01-08,2017Q1,ANTARCHILE,5407519.746129531
2017-01-08,2017Q1,IAM,1145863.2756221106
2017-01-08,2017Q1,INVERCAP,306418.1830157145
2017-01-08,2017Q1,QUINENCO,0.0
2017-01-09,2017Q1,ALMENDRAL,1163247.2214479155
2017-01-09,2017Q1,ANTARCHILE,5391117.725623643
2017-01-09,2017Q1,IAM,1135619.169340373
2017-01-09,2017Q1,INVERCAP,324249.05540565215
2017-01-09,2017Q1,QUINENCO,0.0
2017-01-10,2017Q1,ALMENDRAL,1168096.0221768424
2017-01-10,2017Q1,ANTARCHILE,5385212.207468778
2017-01-10,2017Q1,IAM,1125528.878468271
2017-01-10,2017Q1,INVERCAP,339026.9186796442
2017-01-10,2017Q1,QUINENCO,0.0
2017-01-11,2017Q1,ALMENDRAL,1175983.6261023232
2017-01-11,2017Q1,ANTARCHILE,5429903.052217091
2017-01-11,2017Q1,IAM,1130912.4178055208
2017-01-11,2017Q1,INVERCAP,340501.45712500514
2017-01-11,2017Q1,QUINENCO,0.0
2017-01-12,2017Q1,ALMENDRAL,1187873.1511773632
2017-01-12,2017Q1,ANTARCHILE,5526190.473073066
2017-01-12,2017Q1,IAM,1155492.1202653055
2017-01-12,2017Q1,INVERCAP,343541.4747127978
2017-01-12,2017Q1,QUINENCO,0.0
2017-01-13,2017Q1,ALMENDRAL,1177494.7249596256
2017-01-13,2017Q1,ANTARCHILE,5535046.6289374875
2017-01-13,2017Q1,IAM,1121991.12404665
2017-01-13,2017Q1,INVERCAP,341696.6777150775
2017-01-13,2017Q1,QUINENCO,0.0
2017-01-14,2017Q1,ALMENDRAL,1177494.7249596256
2017-01-14,2017Q1,ANTARCHILE,5535046.6289374875
2017-01-14,2017Q1,IAM,1121991.12404665
2017-01-14,2017Q1,INVERCAP,341696.6777150775
2017-01-14,2017Q1,QUINENCO,0.0
2017-01-15,2017Q1,ALMENDRAL,1177494.7249596256
2017-01-15,2017Q1,ANTARCHILE,5535046.6289374875
2017-01-15,2017Q1,IAM,1121991.12404665
2017-01-15,2017Q1,INVERCAP,341696.6777150775
2017-01-15,2017Q1,QUINENCO,0.0
2017-01-16,2017Q1,ALMENDRAL,1168245.4715143782
2017-01-16,2017Q1,ANTARCHILE,5460438.293978875
2017-01-16,2017Q1,IAM,1113685.091926322
2017-01-16,2017Q1,INVERCAP,353096.7436692999
2017-01-16,2017Q1,QUINENCO,0.0
2017-01-17,2017Q1,ALMENDRAL,1187076.088043841
2017-01-17,2017Q1,ANTARCHILE,5523196.910152549
2017-01-17,2017Q1,IAM,1110885.6514709524
2017-01-17,2017Q1,INVERCAP,354675.2143398845
2017-01-17,2017Q1,QUINENCO,0.0
2017-01-18,2017Q1,ALMENDRAL,1201207.3531819126
2017-01-18,2017Q1,ANTARCHILE,5608104.092350382
2017-01-18,2017Q1,IAM,1113285.1718612693
2017-01-18,2017Q1,INVERCAP,354668.718575808
2017-01-18,2017Q1,QUINENCO,0.0
2017-01-19,2017Q1,ALMENDRAL,1199596.6214329195
2017-01-19,2017Q1,ANTARCHILE,5566270.099253284
2017-01-19,2017Q1,IAM,1109931.9959312112
2017-01-19,2017Q1,INVERCAP,349803.3912825245
2017-01-19,2017Q1,QUINENCO,0.0
2017-01-20,2017Q1,ALMENDRAL,1182542.7914719332
2017-01-20,2017Q1,ANTARCHILE,5617050.100645786
2017-01-20,2017Q1,IAM,1097965.1570615538
2017-01-20,2017Q1,INVERCAP,347503.8907994506
2017-01-20,2017Q1,QUINENCO,0.0
2017-01-21,2017Q1,ALMENDRAL,1182542.7914719332
2017-01-21,2017Q1,ANTARCHILE,5617050.100645786
2017-01-21,2017Q1,IAM,1097965.1570615538
2017-01-21,2017Q1,INVERCAP,347503.8907994506
2017-01-21,2017Q1,QUINENCO,0.0
2017-01-22,2017Q1,ALMENDRAL,1182542.7914719332
2017-01-22,2017Q1,ANTARCHILE,5617050.100645786
2017-01-22,2017Q1,IAM,1097965.1570615538
2017-01-22,2017Q1,INVERCAP,347503.8907994506
2017-01-22,2017Q1,QUINENCO,0.0
2017-01-23,2017Q1,ALMENDRAL,1185315.906957313
2017-01-23,2017Q1,ANTARCHILE,5613356.869379219
2017-01-23,2017Q1,IAM,1082429.800688348
2017-01-23,2017Q1,INVERCAP,368758.0308576931
2017-01-23,2017Q1,QUINENCO,0.0
2017-01-24,2017Q1,ALMENDRAL,1179088.8512266702
2017-01-24,2017Q1,ANTARCHILE,5694370.21087815
2017-01-24,2017Q1,IAM,1086244.4228473136
2017-01-24,2017Q1,INVERCAP,375403.1975079322
2017-01-24,2017Q1,QUINENCO,0.0
2017-01-25,2017Q1,ALMENDRAL,1195893.598958431
2017-01-25,2017Q1,ANTARCHILE,5756850.114088936
2017-01-25,2017Q1,IAM,1100764.5975169232
2017-01-25,2017Q1,INVERCAP,369355.64115272934
2017-01-25,2017Q1,QUINENCO,0.0
2017-01-26,2017Q1,ALMENDRAL,1194631.5823303538
2017-01-26,2017Q1,ANTARCHILE,5840558.259918609
2017-01-26,2017Q1,IAM,1109316.7342926685
2017-01-26,2017Q1,INVERCAP,369602.4801876355
2017-01-26,2017Q1,QUINENCO,0.0
2017-01-27,2017Q1,ALMENDRAL,1179769.6759865538
2017-01-27,2017Q1,ANTARCHILE,5639088.030031944
2017-01-27,2017Q1,IAM,1095473.3474254555
2017-01-27,2017Q1,INVERCAP,378040.4777229831
2017-01-27,2017Q1,QUINENCO,0.0
2017-01-28,2017Q1,ALMENDRAL,1179769.6759865538
2017-01-28,2017Q1,ANTARCHILE,5639088.030031944
2017-01-28,2017Q1,IAM,1095473.3474254555
2017-01-28,2017Q1,INVERCAP,378040.4777229831
2017-01-28,2017Q1,QUINENCO,0.0
2017-01-29,2017Q1,ALMENDRAL,1179769.6759865538
2017-01-29,2017Q1,ANTARCHILE,5639088.030031944
2017-01-29,2017Q1,IAM,1095473.3474254555
2017-01-29,2017Q1,INVERCAP,378040.4777229831
2017-01-29,2017Q1,QUINENCO,0.0
2017-01-30,2017Q1,ALMENDRAL,1170121.8909745452
2017-01-30,2017Q1,ANTARCHILE,5450719.872612849
2017-01-30,2017Q1,IAM,1095811.7413266539
2017-01-30,2017Q1,INVERCAP,383289.0550967789
2017-01-30,2017Q1,QUINENCO,0.0
2017-01-31,2017Q1,ALMENDRAL,1165970.52048745
2017-01-31,2017Q1,ANTARCHILE,5468884.813888823
2017-01-31,2017Q1,IAM,1082645.142261838
2017-01-31,2017Q1,INVERCAP,387037.11096890783
2017-01-31,2017Q1,QUINENCO,0.0
2017-02-01,2017Q1,ALMENDRAL,1166933.638440456
2017-02-01,2017Q1,ANTARCHILE,5505775.867248861
2017-02-01,2017Q1,IAM,1081722.2498040237
2017-02-01,2017Q1,INVERCAP,397138.02410783427
2017-02-01,2017Q1,QUINENCO,0.0
2017-02-02,2017Q1,ALMENDRAL,1164110.7065092314
2017-02-02,2017Q1,ANTARCHILE,5498973.025636145
2017-02-02,2017Q1,IAM,1077169.313678807
2017-02-02,2017Q1,INVERCAP,404738.06807731587
2017-02-02,2017Q1,QUINENCO,0.0
2017-02-03,2017Q1,ALMENDRAL,1179620.2266490182
2017-02-03,2017Q1,ANTARCHILE,5632914.568507796
2017-02-03,2017Q1,IAM,1090151.3342520602
2017-02-03,2017Q1,INVERCAP,404621.1443239392
2017-02-03,2017Q1,QUINENCO,0.0
2017-02-04,2017Q1,ALMENDRAL,1179620.2266490182
2017-02-04,2017Q1,ANTARCHILE,5632914.568507796
2017-02-04,2017Q1,IAM,1090151.3342520602
2017-02-04,2017Q1,INVERCAP,404621.1443239392
2017-02-04,2017Q1,QUINENCO,0.0
2017-02-05,2017Q1,ALMENDRAL,1179620.2266490182
2017-02-05,2017Q1,ANTARCHILE,5632914.568507796
2017-02-05,2017Q1,IAM,1090151.3342520602
2017-02-05,2017Q1,INVERCAP,404621.1443239392
2017-02-05,2017Q1,QUINENCO,0.0
2017-02-06,2017Q1,ALMENDRAL,1170354.3677218223
2017-02-06,2017Q1,ANTARCHILE,5593521.573357981
2017-02-06,2017Q1,IAM,1071755.0112596303
2017-02-06,2017Q1,INVERCAP,418333.7022893885
2017-02-06,2017Q1,QUINENCO,0.0
2017-02-07,2017Q1,ALMENDRAL,1160889.243011246
2017-02-07,2017Q1,ANTARCHILE,5547558.999498581
2017-02-07,2017Q1,IAM,1062064.6404525812
2017-02-07,2017Q1,INVERCAP,438379.63022940577
2017-02-07,2017Q1,QUINENCO,0.0
2017-02-08,2017Q1,ALMENDRAL,1173575.831219808
2017-02-08,2017Q1,ANTARCHILE,5552057.554433318
2017-02-08,2017Q1,IAM,1053297.1621033465
2017-02-08,2017Q1,INVERCAP,457879.9139869987
2017-02-08,2017Q1,QUINENCO,0.0
2017-02-09,2017Q1,ALMENDRAL,1181596.2790008755
2017-02-09,2017Q1,ANTARCHILE,5711929.269866416
2017-02-09,2017Q1,IAM,1057696.2828189274
2017-02-09,2017Q1,INVERCAP,448571.48406540294
2017-02-09,2017Q1,QUINENCO,0.0
2017-02-10,2017Q1,ALMENDRAL,1212067.338376153
2017-02-10,2017Q1,ANTARCHILE,5707961.75711776
2017-02-10,2017Q1,IAM,1076430.999712556
2017-02-10,2017Q1,INVERCAP,479705.6812839715
2017-02-10,2017Q1,QUINENCO,0.0
2017-02-11,2017Q1,ALMENDRAL,1212067.338376153
2017-02-11,2017Q1,ANTARCHILE,5707961.75711776
2017-02-11,2017Q1,IAM,1076430.999712556
2017-02-11,2017Q1,INVERCAP,479705.6812839715
2017-02-11,2017Q1,QUINENCO,0.0
2017-02-12,2017Q1,ALMENDRAL,1212067.338376153
2017-02-12,2017Q1,ANTARCHILE,5707961.75711776
2017-02-12,2017Q1,IAM,1076430.999712556
2017-02-12,2017Q1,INVERCAP,479705.6812839715
2017-02-12,2017Q1,QUINENCO,0.0
2017-02-13,2017Q1,ALMENDRAL,1227493.831106198
2017-02-13,2017Q1,ANTARCHILE,5737025.398916256
2017-02-13,2017Q1,IAM,1074492.9255511458
2017-02-13,2017Q1,INVERCAP,539810.9862836411
2017-02-13,2017Q1,QUINENCO,0.0
2017-02-14,2017Q1,ALMENDRAL,1207583.8582500904
2017-02-14,2017Q1,ANTARCHILE,5698985.001983566
2017-02-14,2017Q1,IAM,1070278.383327128
2017-02-14,2017Q1,INVERCAP,523266.2751808464
2017-02-14,2017Q1,QUINENCO,0.0
2017-02-15,2017Q1,ALMENDRAL,1217679.9912747054
2017-02-15,2017Q1,ANTARCHILE,5716558.077594307
2017-02-15,2017Q1,IAM,1069201.6754596778
2017-02-15,2017Q1,INVERCAP,497231.2527623146
2017-02-15,2017Q1,QUINENCO,0.0
2017-02-16,2017Q1,ALMENDRAL,1222960.5345342902
2017-02-16,2017Q1,ANTARCHILE,5730856.11174616
2017-02-16,2017Q1,IAM,1073539.2700114045
2017-02-16,2017Q1,INVERCAP,468117.2381715312
2017-02-16,2017Q1,QUINENCO,0.0
2017-02-17,2017Q1,ALMENDRAL,1211237.0642787337
2017-02-17,2017Q1,ANTARCHILE,5653519.580405874
2017-02-17,2017Q1,IAM,1069570.8324428035
2017-02-17,2017Q1,INVERCAP,497276.72311084997
2017-02-17,2017Q1,QUINENCO,0.0
2017-02-18,2017Q1,ALMENDRAL,1211237.0642787337
2017-02-18,2017Q1,ANTARCHILE,5653519.580405874
2017-02-18,2017Q1,IAM,1069570.8324428035
2017-02-18,2017Q1,INVERCAP,497276.72311084997
2017-02-18,2017Q1,QUINENCO,0.0
2017-02-19,2017Q1,ALMENDRAL,1211237.0642787337
2017-02-19,2017Q1,ANTARCHILE,5653519.580405874
2017-02-19,2017Q1,IAM,1069570.8324428035
2017-02-19,2017Q1,INVERCAP,497276.72311084997
2017-02-19,2017Q1,QUINENCO,0.0
2017-02-20,2017Q1,ALMENDRAL,1212266.6041595335
2017-02-20,2017Q1,ANTARCHILE,5641222.52249808
2017-02-20,2017Q1,IAM,1073662.3223391129
2017-02-20,2017Q1,INVERCAP,530924.7810270163
2017-02-20,2017Q1,QUINENCO,0.0
2017-02-21,2017Q1,ALMENDRAL,1212200.1822317399
2017-02-21,2017Q1,ANTARCHILE,5728880.351189923
2017-02-21,2017Q1,IAM,1069570.8324428035
2017-02-21,2017Q1,INVERCAP,514477.506385369
2017-02-21,2017Q1,QUINENCO,0.0
2017-02-22,2017Q1,ALMENDRAL,1223657.9647761222
2017-02-22,2017Q1,ANTARCHILE,5781306.539328395
2017-02-22,2017Q1,IAM,1064279.5823513353
2017-02-22,2017Q1,INVERCAP,497562.53673021507
2017-02-22,2017Q1,QUINENCO,0.0
2017-02-23,2017Q1,ALMENDRAL,1200991.4819165834
2017-02-23,2017Q1,ANTARCHILE,5695941.437159146
2017-02-23,2017Q1,IAM,1064433.397760971
2017-02-23,2017Q1,INVERCAP,467253.30154935934
2017-02-23,2017Q1,QUINENCO,0.0
2017-02-24,2017Q1,ALMENDRAL,1202336.5259544023
2017-02-24,2017Q1,ANTARCHILE,5710034.0693078255
2017-02-24,2017Q1,IAM,1052989.5312840752
2017-02-24,2017Q1,INVERCAP,476068.05340114277
2017-02-24,2017Q1,QUINENCO,0.0
2017-02-25,2017Q1,ALMENDRAL,1202336.5259544023
2017-02-25,2017Q1,ANTARCHILE,5710034.0693078255
2017-02-25,2017Q1,IAM,1052989.5312840752
2017-02-25,2017Q1,INVERCAP,476068.05340114277
2017-02-25,2017Q1,QUINENCO,0.0
2017-02-26,2017Q1,ALMENDRAL,1202336.5259544023
2017-02-26,2017Q1,ANTARCHILE,5710034.0693078255
2017-02-26,2017Q1,IAM,1052989.5312840752
2017-02-26,2017Q1,INVERCAP,476068.05340114277
2017-02-26,2017Q1,QUINENCO,0.0
2017-02-27,2017Q1,ALMENDRAL,1205026.6140300399
2017-02-27,2017Q1,ANTARCHILE,5699901.512124825
2017-02-27,2017Q1,IAM,1060249.61861888
2017-02-27,2017Q1,INVERCAP,470039.9843381693
2017-02-27,2017Q1,QUINENCO,0.0
2017-02-28,2017Q1,ALMENDRAL,1199580.015950971
2017-02-28,2017Q1,ANTARCHILE,5619882.475189313
2017-02-28,2017Q1,IAM,1077200.0767607342
2017-02-28,2017Q1,INVERCAP,482420.9106679402
2017-02-28,2017Q1,QUINENCO,0.0
2017-03-01,2017Q1,ALMENDRAL,1191244.0640128844
2017-03-01,2017Q1,ANTARCHILE,5651365.403402888
2017-03-01,2017Q1,IAM,1095042.6642784753
2017-03-01,2017Q1,INVERCAP,501317.08836642053
2017-03-01,2017Q1,QUINENCO,0.0
2017-03-02,2017Q1,ALMENDRAL,1203581.9371005306
2017-03-02,2017Q1,ANTARCHILE,5725909.101618336
2017-03-02,2017Q1,IAM,1100979.9390904135
2017-03-02,2017Q1,INVERCAP,478477.98187351675
2017-03-02,2017Q1,QUINENCO,0.0
2017-03-03,2017Q1,ALMENDRAL,1244597.4775130295
2017-03-03,2017Q1,ANTARCHILE,5665170.098537042
2017-03-03,2017Q1,IAM,1109778.1805215755
2017-03-03,2017Q1,INVERCAP,485512.8943683447
2017-03-03,2017Q1,QUINENCO,0.0
2017-03-04,2017Q1,ALMENDRAL,1244597.4775130295
2017-03-04,2017Q1,ANTARCHILE,5665170.098537042
2017-03-04,2017Q1,IAM,1109778.1805215755
2017-03-04,2017Q1,INVERCAP,485512.8943683447
2017-03-04,2017Q1,QUINENCO,0.0
2017-03-05,2017Q1,ALMENDRAL,1244597.4775130295
2017-03-05,2017Q1,ANTARCHILE,5665170.098537042
2017-03-05,2017Q1,IAM,1109778.1805215755
2017-03-05,2017Q1,INVERCAP,485512.8943683447
2017-03-05,2017Q1,QUINENCO,0.0
2017-03-06,2017Q1,ALMENDRAL,1244348.3952838038
2017-03-06,2017Q1,ANTARCHILE,5781683.023958627
2017-03-06,2017Q1,IAM,1107347.8970493313
2017-03-06,2017Q1,INVERCAP,479855.08385773055
2017-03-06,2017Q1,QUINENCO,0.0
2017-03-07,2017Q1,ALMENDRAL,1238702.5314213545
2017-03-07,2017Q1,ANTARCHILE,5765008.869329349
2017-03-07,2017Q1,IAM,1112577.6209769452
2017-03-07,2017Q1,INVERCAP,479777.13468881283
2017-03-07,2017Q1,QUINENCO,0.0
2017-03-08,2017Q1,ALMENDRAL,1237573.3586488646
2017-03-08,2017Q1,ANTARCHILE,5701231.591847914
2017-03-08,2017Q1,IAM,1098641.9448639508
2017-03-08,2017Q1,INVERCAP,472852.6501832851
2017-03-08,2017Q1,QUINENCO,0.0
2017-03-09,2017Q1,ALMENDRAL,1246639.95179268
2017-03-09,2017Q1,ANTARCHILE,5703765.516910061
2017-03-09,2017Q1,IAM,1106363.478427663
2017-03-09,2017Q1,INVERCAP,482895.10144552327
2017-03-09,2017Q1,QUINENCO,0.0
2017-03-10,2017Q1,ALMENDRAL,1239150.8794339607
2017-03-10,2017Q1,ANTARCHILE,5723387.354928361
2017-03-10,2017Q1,IAM,1099164.9172567122
2017-03-10,2017Q1,INVERCAP,477425.6680931271
2017-03-10,2017Q1,QUINENCO,0.0
2017-03-11,2017Q1,ALMENDRAL,1239150.8794339607
2017-03-11,2017Q1,ANTARCHILE,5723387.354928361
2017-03-11,2017Q1,IAM,1099164.9172567122
2017-03-11,2017Q1,INVERCAP,477425.6680931271
2017-03-11,2017Q1,QUINENCO,0.0
2017-03-12,2017Q1,ALMENDRAL,1239150.8794339607
2017-03-12,2017Q1,ANTARCHILE,5723387.354928361
2017-03-12,2017Q1,IAM,1099164.9172567122
2017-03-12,2017Q1,INVERCAP,477425.6680931271
2017-03-12,2017Q1,QUINENCO,0.0
2017-03-13,2017Q1,ALMENDRAL,1260073.7866889196
2017-03-13,2017Q1,ANTARCHILE,5764537.482570546
2017-03-13,2017Q1,IAM,1105163.7182325043
2017-03-13,2017Q1,INVERCAP,491631.9041283888
2017-03-13,2017Q1,QUINENCO,0.0
2017-03-14,2017Q1,ALMENDRAL,1270186.525195483
2017-03-14,2017Q1,ANTARCHILE,5716406.594722338
2017-03-14,2017Q1,IAM,1119530.077492479
2017-03-14,2017Q1,INVERCAP,494022.34530853346
2017-03-14,2017Q1,QUINENCO,0.0
2017-03-15,2017Q1,ALMENDRAL,1294347.501430376
2017-03-15,2017Q1,ANTARCHILE,5635041.418045851
2017-03-15,2017Q1,IAM,1123252.4104056626
2017-03-15,2017Q1,INVERCAP,512535.2729265014
2017-03-15,2017Q1,QUINENCO,0.0
2017-03-16,2017Q1,ALMENDRAL,1301653.9134876628
2017-03-16,2017Q1,ANTARCHILE,5710771.115313809
2017-03-16,2017Q1,IAM,1138172.5051403258
2017-03-16,2017Q1,INVERCAP,522818.0674595693
2017-03-16,2017Q1,QUINENCO,0.0
2017-03-17,2017Q1,ALMENDRAL,1334001.3923231072
2017-03-17,2017Q1,ANTARCHILE,5716818.326053864
2017-03-17,2017Q1,IAM,1163828.9154675603
2017-03-17,2017Q1,INVERCAP,545144.0085904311
2017-03-17,2017Q1,QUINENCO,0.0
2017-03-18,2017Q1,ALMENDRAL,1334001.3923231072
2017-03-18,2017Q1,ANTARCHILE,5716818.326053864
2017-03-18,2017Q1,IAM,1163828.9154675603
2017-03-18,2017Q1,INVERCAP,545144.0085904311
2017-03-18,2017Q1,QUINENCO,0.0
2017-03-19,2017Q1,ALMENDRAL,1334001.3923231072
2017-03-19,2017Q1,ANTARCHILE,5716818.326053864
2017-03-19,2017Q1,IAM,1163828.9154675603
2017-03-19,2017Q1,INVERCAP,545144.0085904311
2017-03-19,2017Q1,QUINENCO,0.0
2017-03-20,2017Q1,ALMENDRAL,1344595.6898061738
2017-03-20,2017Q1,ANTARCHILE,5777271.178389291
2017-03-20,2017Q1,IAM,1165490.121891626
2017-03-20,2017Q1,INVERCAP,529060.4967370665
2017-03-20,2017Q1,QUINENCO,0.0
2017-03-21,2017Q1,ALMENDRAL,1344711.9281798122
2017-03-21,2017Q1,ANTARCHILE,5739423.575615865
2017-03-21,2017Q1,IAM,1166843.6974964202
2017-03-21,2017Q1,INVERCAP,504714.37297841953
2017-03-21,2017Q1,QUINENCO,0.0
2017-03-22,2017Q1,ALMENDRAL,1330746.717861225
2017-03-22,2017Q1,ANTARCHILE,5854732.174245011
2017-03-22,2017Q1,IAM,1181333.1090841033
2017-03-22,2017Q1,INVERCAP,514198.1885300803
2017-03-22,2017Q1,QUINENCO,0.0
2017-03-23,2017Q1,ALMENDRAL,1362463.1883826305
2017-03-23,2017Q1,ANTARCHILE,5966803.554946995
2017-03-23,2017Q1,IAM,1198683.4872910099
2017-03-23,2017Q1,INVERCAP,506747.5471343578
2017-03-23,2017Q1,QUINENCO,0.0
2017-03-24,2017Q1,ALMENDRAL,1364223.3694691588
2017-03-24,2017Q1,ANTARCHILE,5945864.297031159
2017-03-24,2017Q1,IAM,1182809.737016606
2017-03-24,2017Q1,INVERCAP,501453.4994120266
2017-03-24,2017Q1,QUINENCO,0.0
2017-03-25,2017Q1,ALMENDRAL,1364223.3694691588
2017-03-25,2017Q1,ANTARCHILE,5945864.297031159
2017-03-25,2017Q1,IAM,1182809.737016606
2017-03-25,2017Q1,INVERCAP,501453.4994120266
2017-03-25,2017Q1,QUINENCO,0.0
2017-03-26,2017Q1,ALMENDRAL,1364223.3694691588
2017-03-26,2017Q1,ANTARCHILE,5945864.297031159
2017-03-26,2017Q1,IAM,1182809.737016606
2017-03-26,2017Q1,INVERCAP,501453.4994120266
2017-03-26,2017Q1,QUINENCO,0.0
2017-03-27,2017Q1,ALMENDRAL,1332955.2469603592
2017-03-27,2017Q1,ANTARCHILE,5928380.885106352
2017-03-27,2017Q1,IAM,1182871.26318046
2017-03-27,2017Q1,INVERCAP,493411.7434853443
2017-03-27,2017Q1,QUINENCO,0.0
2017-03-28,2017Q1,ALMENDRAL,1372974.4584559554
2017-03-28,2017Q1,ANTARCHILE,6038907.11415864
2017-03-28,2017Q1,IAM,1199944.7736500227
2017-03-28,2017Q1,INVERCAP,517939.7486381328
2017-03-28,2017Q1,QUINENCO,0.0
2017-03-29,2017Q1,ALMENDRAL,1350922.3784285064
2017-03-29,2017Q1,ANTARCHILE,5957143.672938017
2017-03-29,2017Q1,IAM,1189239.221139378
2017-03-29,2017Q1,INVERCAP,520070.35925521824
2017-03-29,2017Q1,QUINENCO,0.0
2017-03-30,2017Q1,ALMENDRAL,1339763.494559195
2017-03-30,2017Q1,ANTARCHILE,5875680.347104089
2017-03-30,2017Q1,IAM,1198252.80414403
2017-03-30,2017Q1,INVERCAP,514860.75646588136
2017-03-30,2017Q1,QUINENCO,0.0
2017-03-31,2017Q1,ALMENDRAL,1324486.4511666857
2017-03-31,2017Q1,ANTARCHILE,5932562.783183126
2017-03-31,2017Q1,IAM,1183486.5248190027
2017-03-31,2017Q1,INVERCAP,505032.665418167
2017-03-31,2017Q1,QUINENCO,0.0
2017-04-01,2017Q2,ALMENDRAL,1324486.4511666857
2017-04-01,2017Q2,ANTARCHILE,5932562.783183126
2017-04-01,2017Q2,IAM,1183486.5248190027
2017-04-01,2017Q2,INVERCAP,505032.665418167
2017-04-01,2017Q2,QUINENCO,0.0
2017-04-02,2017Q2,ALMENDRAL,1324486.4511666857
2017-04-02,2017Q2,ANTARCHILE,5932562.783183126
2017-04-02,2017Q2,IAM,1183486.5248190027
2017-04-02,2017Q2,INVERCAP,505032.665418167
2017-04-02,2017Q2,QUINENCO,0.0
2017-04-03,2017Q2,ALMENDRAL,1338617.716304757
2017-04-03,2017Q2,ANTARCHILE,5957020.496837803
2017-04-03,2017Q2,IAM,1190961.953727298
2017-04-03,2017Q2,INVERCAP,499030.57941149955
2017-04-03,2017Q2,QUINENCO,0.0
2017-04-04,2017Q2,ALMENDRAL,1348979.537040546
2017-04-04,2017Q2,ANTARCHILE,5918278.215818663
2017-04-04,2017Q2,IAM,1194684.286640482
2017-04-04,2017Q2,INVERCAP,514893.23528626375
2017-04-04,2017Q2,QUINENCO,0.0
2017-04-05,2017Q2,ALMENDRAL,1360985.300489225
2017-04-05,2017Q2,ANTARCHILE,5995500.726728672
2017-04-05,2017Q2,IAM,1189331.5103851596
2017-04-05,2017Q2,INVERCAP,512665.18820803106
2017-04-05,2017Q2,QUINENCO,0.0
2017-04-06,2017Q2,ALMENDRAL,1361682.7307310568
2017-04-06,2017Q2,ANTARCHILE,6031865.598855166
2017-04-06,2017Q2,IAM,1181271.5829202489
2017-04-06,2017Q2,INVERCAP,505214.5468123085
2017-04-06,2017Q2,QUINENCO,0.0
2017-04-07,2017Q2,ALMENDRAL,1345293.1200480056
2017-04-07,2017Q2,ANTARCHILE,6104346.94751232
2017-04-07,2017Q2,IAM,1173180.8923734112
2017-04-07,2017Q2,INVERCAP,507663.4498691415
2017-04-07,2017Q2,QUINENCO,0.0
2017-04-08,2017Q2,ALMENDRAL,1345293.1200480056
2017-04-08,2017Q2,ANTARCHILE,6104346.94751232
2017-04-08,2017Q2,IAM,1173180.8923734112
2017-04-08,2017Q2,INVERCAP,507663.4498691415
2017-04-08,2017Q2,QUINENCO,0.0
2017-04-09,2017Q2,ALMENDRAL,1345293.1200480056
2017-04-09,2017Q2,ANTARCHILE,6104346.94751232
2017-04-09,2017Q2,IAM,1173180.8923734112
2017-04-09,2017Q2,INVERCAP,507663.4498691415
2017-04-09,2017Q2,QUINENCO,0.0
2017-04-10,2017Q2,ALMENDRAL,1354459.3460835114
2017-04-10,2017Q2,ANTARCHILE,6085389.170048739
2017-04-10,2017Q2,IAM,1168874.0609036114
2017-04-10,2017Q2,INVERCAP,521265.5798452906
2017-04-10,2017Q2,QUINENCO,0.0
2017-04-11,2017Q2,ALMENDRAL,1358345.0288594323
2017-04-11,2017Q2,ANTARCHILE,6101539.788656614
2017-04-11,2017Q2,IAM,1158137.7453110397
2017-04-11,2017Q2,INVERCAP,513522.6290661264
2017-04-11,2017Q2,QUINENCO,0.0
2017-04-12,2017Q2,ALMENDRAL,1378321.4236433334
2017-04-12,2017Q2,ANTARCHILE,6011730.926027366
2017-04-12,2017Q2,IAM,1152200.4704991016
2017-04-12,2017Q2,INVERCAP,490196.34026748675
2017-04-12,2017Q2,QUINENCO,0.0
2017-04-13,2017Q2,ALMENDRAL,1365568.4135069777
2017-04-13,2017Q2,ANTARCHILE,6016313.733860415
2017-04-13,2017Q2,IAM,1163982.7308771962
2017-04-13,2017Q2,INVERCAP,497627.4943709799
2017-04-13,2017Q2,QUINENCO,0.0
2017-04-14,2017Q2,ALMENDRAL,1365568.4135069777
2017-04-14,2017Q2,ANTARCHILE,6016313.733860415
2017-04-14,2017Q2,IAM,1163982.7308771962
2017-04-14,2017Q2,INVERCAP,497627.4943709799
2017-04-14,2017Q2,QUINENCO,0.0
2017-04-15,2017Q2,ALMENDRAL,1365568.4135069777
2017-04-15,2017Q2,ANTARCHILE,6016313.733860415
2017-04-15,2017Q2,IAM,1163982.7308771962
2017-04-15,2017Q2,INVERCAP,497627.4943709799
2017-04-15,2017Q2,QUINENCO,0.0
2017-04-16,2017Q2,ALMENDRAL,1365568.4135069777
2017-04-16,2017Q2,ANTARCHILE,6016313.733860415
2017-04-16,2017Q2,IAM,1163982.7308771962
2017-04-16,2017Q2,INVERCAP,497627.4943709799
2017-04-16,2017Q2,QUINENCO,0.0
2017-04-17,2017Q2,ALMENDRAL,1380496.7417785712
2017-04-17,2017Q2,ANTARCHILE,6029472.816543125
2017-04-17,2017Q2,IAM,1167981.9315277245
2017-04-17,2017Q2,INVERCAP,480868.42305366154
2017-04-17,2017Q2,QUINENCO,0.0
2017-04-18,2017Q2,ALMENDRAL,1359241.7248846448
2017-04-18,2017Q2,ANTARCHILE,6031716.03901526
2017-04-18,2017Q2,IAM,1165090.2018265731
2017-04-18,2017Q2,INVERCAP,448253.19162565534
2017-04-18,2017Q2,QUINENCO,0.0
2017-04-19,2017Q2,ALMENDRAL,1359241.7248846448
2017-04-19,2017Q2,ANTARCHILE,6031716.03901526
2017-04-19,2017Q2,IAM,1165090.2018265731
2017-04-19,2017Q2,INVERCAP,448253.19162565534
2017-04-19,2017Q2,QUINENCO,0.0
2017-04-20,2017Q2,ALMENDRAL,1349660.3618004296
2017-04-20,2017Q2,ANTARCHILE,5990662.033535165
2017-04-20,2017Q2,IAM,1145217.2509016406
2017-04-20,2017Q2,INVERCAP,446323.9496949408
2017-04-20,2017Q2,QUINENCO,0.0
2017-04-21,2017Q2,ALMENDRAL,1348896.5096308042
2017-04-21,2017Q2,ANTARCHILE,6024670.710447773
2017-04-21,2017Q2,IAM,1156999.5112797355
2017-04-21,2017Q2,INVERCAP,463771.57200436614
2017-04-21,2017Q2,QUINENCO,0.0
2017-04-22,2017Q2,ALMENDRAL,1348896.5096308042
2017-04-22,2017Q2,ANTARCHILE,6024670.710447773
2017-04-22,2017Q2,IAM,1156999.5112797355
2017-04-22,2017Q2,INVERCAP,463771.57200436614
2017-04-22,2017Q2,QUINENCO,0.0
2017-04-23,2017Q2,ALMENDRAL,1348896.5096308042
2017-04-23,2017Q2,ANTARCHILE,6024670.710447773
2017-04-23,2017Q2,IAM,1156999.5112797355
2017-04-23,2017Q2,INVERCAP,463771.57200436614
2017-04-23,2017Q2,QUINENCO,0.0
2017-04-24,2017Q2,ALMENDRAL,1347485.0436651919
2017-04-24,2017Q2,ANTARCHILE,6060066.854788708
2017-04-24,2017Q2,IAM,1156999.5112797355
2017-04-24,2017Q2,INVERCAP,446310.95816678787
2017-04-24,2017Q2,QUINENCO,0.0
2017-04-25,2017Q2,ALMENDRAL,1357016.5903035619
2017-04-25,2017Q2,ANTARCHILE,6064817.670564938
2017-04-25,2017Q2,IAM,1155984.3295761396
2017-04-25,2017Q2,INVERCAP,464219.7797256432
2017-04-25,2017Q2,QUINENCO,0.0
2017-04-26,2017Q2,ALMENDRAL,1368806.4824869118
2017-04-26,2017Q2,ANTARCHILE,6177867.312212516
2017-04-26,2017Q2,IAM,1159306.742424271
2017-04-26,2017Q2,INVERCAP,457204.35452304484
2017-04-26,2017Q2,QUINENCO,0.0
2017-04-27,2017Q2,ALMENDRAL,1334466.3458176618
2017-04-27,2017Q2,ANTARCHILE,6087230.005604332
2017-04-27,2017Q2,IAM,1156384.2496411924
2017-04-27,2017Q2,INVERCAP,450182.4335563699
2017-04-27,2017Q2,QUINENCO,0.0
2017-04-28,2017Q2,ALMENDRAL,1330198.7369569284
2017-04-28,2017Q2,ANTARCHILE,6166569.110712286
2017-04-28,2017Q2,IAM,1160814.1334387008
2017-04-28,2017Q2,INVERCAP,452767.747658809
2017-04-28,2017Q2,QUINENCO,0.0
2017-04-29,2017Q2,ALMENDRAL,1330198.7369569284
2017-04-29,2017Q2,ANTARCHILE,6166569.110712286
2017-04-29,2017Q2,IAM,1160814.1334387008
2017-04-29,2017Q2,INVERCAP,452767.747658809
2017-04-29,2017Q2,QUINENCO,0.0
2017-04-30,2017Q2,ALMENDRAL,1330198.7369569284
2017-04-30,2017Q2,ANTARCHILE,6166569.110712286
2017-04-30,2017Q2,IAM,1160814.1334387008
2017-04-30,2017Q2,INVERCAP,452767.747658809
2017-04-30,2017Q2,QUINENCO,0.0
2017-05-01,2017Q2,ALMENDRAL,1330198.7369569284
2017-05-01,2017Q2,ANTARCHILE,6166569.110712286
2017-05-01,2017Q2,IAM,1160814.1334387008
2017-05-01,2017Q2,INVERCAP,452767.747658809
2017-05-01,2017Q2,QUINENCO,0.0
2017-05-02,2017Q2,ALMENDRAL,1353379.9897568668
2017-05-02,2017Q2,ANTARCHILE,6325791.709538322
2017-05-02,2017Q2,IAM,1166628.3559229302
2017-05-02,2017Q2,INVERCAP,441724.94872879295
2017-05-02,2017Q2,QUINENCO,0.0
2017-05-03,2017Q2,ALMENDRAL,1351354.1209591646
2017-05-03,2017Q2,ANTARCHILE,6279265.0105503015
2017-05-03,2017Q2,IAM,1178687.484038369
2017-05-03,2017Q2,INVERCAP,415020.8626103837
2017-05-03,2017Q2,QUINENCO,0.0
2017-05-04,2017Q2,ALMENDRAL,1339182.302691002
2017-05-04,2017Q2,ANTARCHILE,6292482.271500023
2017-05-04,2017Q2,IAM,1177549.2500070648
2017-05-04,2017Q2,INVERCAP,389745.84458880004
2017-05-04,2017Q2,QUINENCO,0.0
2017-05-05,2017Q2,ALMENDRAL,1337721.0202795442
2017-05-05,2017Q2,ANTARCHILE,6171842.671948143
2017-05-05,2017Q2,IAM,1181979.1338045732
2017-05-05,2017Q2,INVERCAP,401490.1860390759
2017-05-05,2017Q2,QUINENCO,0.0
2017-05-06,2017Q2,ALMENDRAL,1337721.0202795442
2017-05-06,2017Q2,ANTARCHILE,6171842.671948143
2017-05-06,2017Q2,IAM,1181979.1338045732
2017-05-06,2017Q2,INVERCAP,401490.1860390759
2017-05-06,2017Q2,QUINENCO,0.0
2017-05-07,2017Q2,ALMENDRAL,1337721.0202795442
2017-05-07,2017Q2,ANTARCHILE,6171842.671948143
2017-05-07,2017Q2,IAM,1181979.1338045732
2017-05-07,2017Q2,INVERCAP,401490.1860390759
2017-05-07,2017Q2,QUINENCO,0.0
2017-05-08,2017Q2,ALMENDRAL,1324552.873094479
2017-05-08,2017Q2,ANTARCHILE,6098279.2616736395
2017-05-08,2017Q2,IAM,1185424.5989804128
2017-05-08,2017Q2,INVERCAP,398606.0667891187
2017-05-08,2017Q2,QUINENCO,0.0
2017-05-09,2017Q2,ALMENDRAL,1274885.8765868742
2017-05-09,2017Q2,ANTARCHILE,6147118.732811141
2017-05-09,2017Q2,IAM,1178379.8532190977
2017-05-09,2017Q2,INVERCAP,398573.58796873636
2017-05-09,2017Q2,QUINENCO,0.0
2017-05-10,2017Q2,ALMENDRAL,1262016.62807688
2017-05-10,2017Q2,ANTARCHILE,6263710.929815151
2017-05-10,2017Q2,IAM,1192746.2124790722
2017-05-10,2017Q2,INVERCAP,398417.68963090086
2017-05-10,2017Q2,QUINENCO,0.0
2017-05-11,2017Q2,ALMENDRAL,1262149.471932467
2017-05-11,2017Q2,ANTARCHILE,6216888.598902881
2017-05-11,2017Q2,IAM,1188070.2240261468
2017-05-11,2017Q2,INVERCAP,398677.52019396
2017-05-11,2017Q2,QUINENCO,0.0
2017-05-12,2017Q2,ALMENDRAL,1270269.5526052248
2017-05-12,2017Q2,ANTARCHILE,6234674.891789868
2017-05-12,2017Q2,IAM,1207389.4394763908
2017-05-12,2017Q2,INVERCAP,420301.9188045619
2017-05-12,2017Q2,QUINENCO,0.0
2017-05-13,2017Q2,ALMENDRAL,1270269.5526052248
2017-05-13,2017Q2,ANTARCHILE,6234674.891789868
2017-05-13,2017Q2,IAM,1207389.4394763908
2017-05-13,2017Q2,INVERCAP,420301.9188045619
2017-05-13,2017Q2,QUINENCO,0.0
2017-05-14,2017Q2,ALMENDRAL,1270269.5526052248
2017-05-14,2017Q2,ANTARCHILE,6234674.891789868
2017-05-14,2017Q2,IAM,1207389.4394763908
2017-05-14,2017Q2,INVERCAP,420301.9188045619
2017-05-14,2017Q2,QUINENCO,0.0
2017-05-15,2017Q2,ALMENDRAL,1265503.7792860398
2017-05-15,2017Q2,ANTARCHILE,6374707.618301063
2017-05-15,2017Q2,IAM,1205051.4452499282
2017-05-15,2017Q2,INVERCAP,408557.57735428616
2017-05-15,2017Q2,QUINENCO,0.0
2017-05-16,2017Q2,ALMENDRAL,1265470.568322143
2017-05-16,2017Q2,ANTARCHILE,6350028.081535289
2017-05-16,2017Q2,IAM,1205420.6022330537
2017-05-16,2017Q2,INVERCAP,421237.30883157504
2017-05-16,2017Q2,QUINENCO,0.0
2017-05-17,2017Q2,ALMENDRAL,1268393.1331450578
2017-05-17,2017Q2,ANTARCHILE,6327707.505558887
2017-05-17,2017Q2,IAM,1145924.801785965
2017-05-17,2017Q2,INVERCAP,425433.5724249811
2017-05-17,2017Q2,QUINENCO,0.0
2017-05-18,2017Q2,ALMENDRAL,1266732.5849502198
2017-05-18,2017Q2,ANTARCHILE,6218247.964704553
2017-05-18,2017Q2,IAM,1133527.2797693275
2017-05-18,2017Q2,INVERCAP,405199.2673267459
2017-05-18,2017Q2,QUINENCO,0.0
2017-05-19,2017Q2,ALMENDRAL,1270834.1389914698
2017-05-19,2017Q2,ANTARCHILE,6210415.94931722
2017-05-19,2017Q2,IAM,1147955.165193156
2017-05-19,2017Q2,INVERCAP,429902.6581095994
2017-05-19,2017Q2,QUINENCO,0.0
2017-05-20,2017Q2,ALMENDRAL,1270834.1389914698
2017-05-20,2017Q2,ANTARCHILE,6210415.94931722
2017-05-20,2017Q2,IAM,1147955.165193156
2017-05-20,2017Q2,INVERCAP,429902.6581095994
2017-05-20,2017Q2,QUINENCO,0.0
2017-05-21,2017Q2,ALMENDRAL,1270834.1389914698
2017-05-21,2017Q2,ANTARCHILE,6210415.94931722
2017-05-21,2017Q2,IAM,1147955.165193156
2017-05-21,2017Q2,INVERCAP,429902.6581095994
2017-05-21,2017Q2,QUINENCO,0.0
2017-05-22,2017Q2,ALMENDRAL,1247984.9958304989
2017-05-22,2017Q2,ANTARCHILE,6250369.685803383
2017-05-22,2017Q2,IAM,1155922.8034122856
2017-05-22,2017Q2,INVERCAP,440861.0121066211
2017-05-22,2017Q2,QUINENCO,0.0
2017-05-23,2017Q2,ALMENDRAL,1239582.6219646186
2017-05-23,2017Q2,ANTARCHILE,6225649.250822
2017-05-23,2017Q2,IAM,1168627.9562481942
2017-05-23,2017Q2,INVERCAP,450987.90830185346
2017-05-23,2017Q2,QUINENCO,0.0
2017-05-24,2017Q2,ALMENDRAL,1251472.1470396586
2017-05-24,2017Q2,ANTARCHILE,6329627.612696905
2017-05-24,2017Q2,IAM,1165859.2788747519
2017-05-24,2017Q2,INVERCAP,444251.8009545437
2017-05-24,2017Q2,QUINENCO,0.0
2017-05-25,2017Q2,ALMENDRAL,1245344.7242007065
2017-05-25,2017Q2,ANTARCHILE,6297043.608527563
2017-05-25,2017Q2,IAM,1153707.8615135313
2017-05-25,2017Q2,INVERCAP,444764.96631658566
2017-05-25,2017Q2,QUINENCO,0.0
2017-05-26,2017Q2,ALMENDRAL,1240280.0522064506
2017-05-26,2017Q2,ANTARCHILE,6293569.743904998
2017-05-26,2017Q2,IAM,1155276.7786918154
2017-05-26,2017Q2,INVERCAP,435443.5448668368
2017-05-26,2017Q2,QUINENCO,0.0
2017-05-27,2017Q2,ALMENDRAL,1240280.0522064506
2017-05-27,2017Q2,ANTARCHILE,6293569.743904998
2017-05-27,2017Q2,IAM,1155276.7786918154
2017-05-27,2017Q2,INVERCAP,435443.5448668368
2017-05-27,2017Q2,QUINENCO,0.0
2017-05-28,2017Q2,ALMENDRAL,1240280.0522064506
2017-05-28,2017Q2,ANTARCHILE,6293569.743904998
2017-05-28,2017Q2,IAM,1155276.7786918154
2017-05-28,2017Q2,INVERCAP,435443.5448668368
2017-05-28,2017Q2,QUINENCO,0.0
2017-05-29,2017Q2,ALMENDRAL,1244099.313054578
2017-05-29,2017Q2,ANTARCHILE,6345792.12756391
2017-05-29,2017Q2,IAM,1147832.1128654475
2017-05-29,2017Q2,INVERCAP,427460.25081684295
2017-05-29,2017Q2,QUINENCO,0.0
2017-05-30,2017Q2,ALMENDRAL,1234119.4184036015
2017-05-30,2017Q2,ANTARCHILE,6460604.621599873
2017-05-30,2017Q2,IAM,1150908.4210581616
2017-05-30,2017Q2,INVERCAP,415066.33295891905
2017-05-30,2017Q2,QUINENCO,0.0
2017-05-31,2017Q2,ALMENDRAL,1244298.5788379584
2017-05-31,2017Q2,ANTARCHILE,6339764.721724051
2017-05-31,2017Q2,IAM,1149216.451552169
2017-05-31,2017Q2,INVERCAP,423959.03397962014
2017-05-31,2017Q2,QUINENCO,0.0
2017-06-01,2017Q2,ALMENDRAL,1253149.300716445
2017-06-01,2017Q2,ANTARCHILE,6432588.051844184
2017-06-01,2017Q2,IAM,1158045.4560652582
2017-06-01,2017Q2,INVERCAP,407349.3652360608
2017-06-01,2017Q2,QUINENCO,0.0
2017-06-02,2017Q2,ALMENDRAL,1268592.3989284385
2017-06-02,2017Q2,ANTARCHILE,6435768.139192861
2017-06-02,2017Q2,IAM,1151492.9196147772
2017-06-02,2017Q2,INVERCAP,409298.0944590048
2017-06-02,2017Q2,QUINENCO,0.0
2017-06-03,2017Q2,ALMENDRAL,1268592.3989284385
2017-06-03,2017Q2,ANTARCHILE,6435768.139192861
2017-06-03,2017Q2,IAM,1151492.9196147772
2017-06-03,2017Q2,INVERCAP,409298.0944590048
2017-06-03,2017Q2,QUINENCO,0.0
2017-06-04,2017Q2,ALMENDRAL,1268592.3989284385
2017-06-04,2017Q2,ANTARCHILE,6435768.139192861
2017-06-04,2017Q2,IAM,1151492.9196147772
2017-06-04,2017Q2,INVERCAP,409298.0944590048
2017-06-04,2017Q2,QUINENCO,0.0
2017-06-05,2017Q2,ALMENDRAL,1260356.079882042
2017-06-05,2017Q2,ANTARCHILE,6428845.4368905015
2017-06-05,2017Q2,IAM,1151339.1042051415
2017-06-05,2017Q2,INVERCAP,394916.4727936781
2017-06-05,2017Q2,QUINENCO,0.0
2017-06-06,2017Q2,ALMENDRAL,1269273.223688322
2017-06-06,2017Q2,ANTARCHILE,6493254.550927597
2017-06-06,2017Q2,IAM,1153400.2306942602
2017-06-06,2017Q2,INVERCAP,400808.13081104547
2017-06-06,2017Q2,QUINENCO,0.0
2017-06-07,2017Q2,ALMENDRAL,1261402.22524479
2017-06-07,2017Q2,ANTARCHILE,6429879.660362706
2017-06-07,2017Q2,IAM,1155122.9632821798
2017-06-07,2017Q2,INVERCAP,394416.2989597891
2017-06-07,2017Q2,QUINENCO,0.0
2017-06-08,2017Q2,ALMENDRAL,1249878.0207726143
2017-06-08,2017Q2,ANTARCHILE,6354738.135859313
2017-06-08,2017Q2,IAM,1163798.1523856334
2017-06-08,2017Q2,INVERCAP,390778.67107696034
2017-06-08,2017Q2,QUINENCO,0.0
2017-06-09,2017Q2,ALMENDRAL,1240197.0247967087
2017-06-09,2017Q2,ANTARCHILE,6378727.846547461
2017-06-09,2017Q2,IAM,1159060.6377688537
2017-06-09,2017Q2,INVERCAP,389460.0309694349
2017-06-09,2017Q2,QUINENCO,0.0
2017-06-10,2017Q2,ALMENDRAL,1240197.0247967087
2017-06-10,2017Q2,ANTARCHILE,6378727.846547461
2017-06-10,2017Q2,IAM,1159060.6377688537
2017-06-10,2017Q2,INVERCAP,389460.0309694349
2017-06-10,2017Q2,QUINENCO,0.0
2017-06-11,2017Q2,ALMENDRAL,1240197.0247967087
2017-06-11,2017Q2,ANTARCHILE,6378727.846547461
2017-06-11,2017Q2,IAM,1159060.6377688537
2017-06-11,2017Q2,INVERCAP,389460.0309694349
2017-06-11,2017Q2,QUINENCO,0.0
2017-06-12,2017Q2,ALMENDRAL,1254494.3447542638
2017-06-12,2017Q2,ANTARCHILE,6393934.025732415
2017-06-12,2017Q2,IAM,1157676.2990821323
2017-06-12,2017Q2,INVERCAP,388232.33155898016
2017-06-12,2017Q2,QUINENCO,0.0
2017-06-13,2017Q2,ALMENDRAL,1256603.2409617081
2017-06-13,2017Q2,ANTARCHILE,6468312.292835119
2017-06-13,2017Q2,IAM,1159737.4255712507
2017-06-13,2017Q2,INVERCAP,368407.25959756324
2017-06-13,2017Q2,QUINENCO,0.0
2017-06-14,2017Q2,ALMENDRAL,1253431.5939095677
2017-06-14,2017Q2,ANTARCHILE,6442694.104924144
2017-06-14,2017Q2,IAM,1168351.08851085
2017-06-14,2017Q2,INVERCAP,344665.2418980288
2017-06-14,2017Q2,QUINENCO,0.0
2017-06-15,2017Q2,ALMENDRAL,1237672.9915405547
2017-06-15,2017Q2,ANTARCHILE,6489957.436846467
2017-06-15,2017Q2,IAM,1164321.1247783948
2017-06-15,2017Q2,INVERCAP,333934.23964368383
2017-06-15,2017Q2,QUINENCO,0.0
2017-06-16,2017Q2,ALMENDRAL,1248267.2890236212
2017-06-16,2017Q2,ANTARCHILE,6349244.967252762
2017-06-16,2017Q2,IAM,1199514.0905030428
2017-06-16,2017Q2,INVERCAP,340546.9274735405
2017-06-16,2017Q2,QUINENCO,0.0
2017-06-17,2017Q2,ALMENDRAL,1248267.2890236212
2017-06-17,2017Q2,ANTARCHILE,6349244.967252762
2017-06-17,2017Q2,IAM,1199514.0905030428
2017-06-17,2017Q2,INVERCAP,340546.9274735405
2017-06-17,2017Q2,QUINENCO,0.0
2017-06-18,2017Q2,ALMENDRAL,1248267.2890236212
2017-06-18,2017Q2,ANTARCHILE,6349244.967252762
2017-06-18,2017Q2,IAM,1199514.0905030428
2017-06-18,2017Q2,INVERCAP,340546.9274735405
2017-06-18,2017Q2,QUINENCO,0.0
2017-06-19,2017Q2,ALMENDRAL,1238486.6601560253
2017-06-19,2017Q2,ANTARCHILE,6310710.922193981
2017-06-19,2017Q2,IAM,1177087.8037781578
2017-06-19,2017Q2,INVERCAP,329965.3277929546
2017-06-19,2017Q2,QUINENCO,0.0
2017-06-20,2017Q2,ALMENDRAL,1235032.7199107623
2017-06-20,2017Q2,ANTARCHILE,6234874.0924436385
2017-06-20,2017Q2,IAM,1181979.1338045732
2017-06-20,2017Q2,INVERCAP,311640.7773332045
2017-06-20,2017Q2,QUINENCO,0.0
2017-06-21,2017Q2,ALMENDRAL,1210074.6805423473
2017-06-21,2017Q2,ANTARCHILE,6171772.194945615
2017-06-21,2017Q2,IAM,1166320.7251036589
2017-06-21,2017Q2,INVERCAP,314914.6424277504
2017-06-21,2017Q2,QUINENCO,0.0
2017-06-22,2017Q2,ALMENDRAL,1221416.2247130908
2017-06-22,2017Q2,ANTARCHILE,6223173.881516961
2017-06-22,2017Q2,IAM,1176995.5145323765
2017-06-22,2017Q2,INVERCAP,315512.25272278656
2017-06-22,2017Q2,QUINENCO,0.0
2017-06-23,2017Q2,ALMENDRAL,1219357.1449514918
2017-06-23,2017Q2,ANTARCHILE,6184071.898065548
2017-06-23,2017Q2,IAM,1173580.8124384638
2017-06-23,2017Q2,INVERCAP,311939.5824807226
2017-06-23,2017Q2,QUINENCO,0.0
2017-06-24,2017Q2,ALMENDRAL,1219357.1449514918
2017-06-24,2017Q2,ANTARCHILE,6184071.898065548
2017-06-24,2017Q2,IAM,1173580.8124384638
2017-06-24,2017Q2,INVERCAP,311939.5824807226
2017-06-24,2017Q2,QUINENCO,0.0
2017-06-25,2017Q2,ALMENDRAL,1219357.1449514918
2017-06-25,2017Q2,ANTARCHILE,6184071.898065548
2017-06-25,2017Q2,IAM,1173580.8124384638
2017-06-25,2017Q2,INVERCAP,311939.5824807226
2017-06-25,2017Q2,QUINENCO,0.0
2017-06-26,2017Q2,ALMENDRAL,1219357.1449514918
2017-06-26,2017Q2,ANTARCHILE,6184071.898065548
2017-06-26,2017Q2,IAM,1173580.8124384638
2017-06-26,2017Q2,INVERCAP,311939.5824807226
2017-06-26,2017Q2,QUINENCO,0.0
2017-06-27,2017Q2,ALMENDRAL,1213860.730426578
2017-06-27,2017Q2,ANTARCHILE,6058452.085079962
2017-06-27,2017Q2,IAM,1186070.6237008828
2017-06-27,2017Q2,INVERCAP,332193.3748711872
2017-06-27,2017Q2,QUINENCO,0.0
2017-06-28,2017Q2,ALMENDRAL,1199779.2817343518
2017-06-28,2017Q2,ANTARCHILE,5929157.368567737
2017-06-28,2017Q2,IAM,1182932.7893443143
2017-06-28,2017Q2,INVERCAP,348744.58173805824
2017-06-28,2017Q2,QUINENCO,0.0
2017-06-29,2017Q2,ALMENDRAL,1198467.4486604298
2017-06-29,2017Q2,ANTARCHILE,5982297.7395281745
2017-06-29,2017Q2,IAM,1187977.9347803653
2017-06-29,2017Q2,INVERCAP,355889.9222221863
2017-06-29,2017Q2,QUINENCO,0.0
2017-06-30,2017Q2,ALMENDRAL,1201456.435411138
2017-06-30,2017Q2,ANTARCHILE,5986972.735895954
2017-06-30,2017Q2,IAM,1196499.3084741833
2017-06-30,2017Q2,INVERCAP,344782.16565140546
2017-06-30,2017Q2,QUINENCO,0.0
2017-07-01,2017Q3,ALMENDRAL,1201456.435411138
2017-07-01,2017Q3,ANTARCHILE,5986972.735895954
2017-07-01,2017Q3,IAM,1196499.3084741833
2017-07-01,2017Q3,INVERCAP,344782.16565140546
2017-07-01,2017Q3,QUINENCO,0.0
2017-07-02,2017Q3,ALMENDRAL,1201456.435411138
2017-07-02,2017Q3,ANTARCHILE,5986972.735895954
2017-07-02,2017Q3,IAM,1196499.3084741833
2017-07-02,2017Q3,INVERCAP,344782.16565140546
2017-07-02,2017Q3,QUINENCO,0.0
2017-07-03,2017Q3,ALMENDRAL,1210174.3134340376
2017-07-03,2017Q3,ANTARCHILE,6036045.779044982
2017-07-03,2017Q3,IAM,1192284.766250165
2017-07-03,2017Q3,INVERCAP,341735.6522995363
2017-07-03,2017Q3,QUINENCO,0.0
2017-07-04,2017Q3,ALMENDRAL,1207218.537647226
2017-07-04,2017Q3,ANTARCHILE,6047112.006057298
2017-07-04,2017Q3,IAM,1196007.0991633488
2017-07-04,2017Q3,INVERCAP,337740.7573925011
2017-07-04,2017Q3,QUINENCO,0.0
2017-07-05,2017Q3,ALMENDRAL,1208962.1132518058
2017-07-05,2017Q3,ANTARCHILE,6154449.164435965
2017-07-05,2017Q3,IAM,1195914.8099175675
2017-07-05,2017Q3,INVERCAP,341800.6099403011
2017-07-05,2017Q3,QUINENCO,0.0
2017-07-06,2017Q3,ALMENDRAL,1192273.603893684
2017-07-06,2017Q3,ANTARCHILE,6084990.905504602
2017-07-06,2017Q3,IAM,1196407.0192284018
2017-07-06,2017Q3,INVERCAP,335766.0451132512
2017-07-06,2017Q3,QUINENCO,0.0
2017-07-07,2017Q3,ALMENDRAL,1204677.8989091238
2017-07-07,2017Q3,ANTARCHILE,6220873.528466342
2017-07-07,2017Q3,IAM,1191392.6368742778
2017-07-07,2017Q3,INVERCAP,353590.4217391123
2017-07-07,2017Q3,QUINENCO,0.0
2017-07-08,2017Q3,ALMENDRAL,1204677.8989091238
2017-07-08,2017Q3,ANTARCHILE,6220873.528466342
2017-07-08,2017Q3,IAM,1191392.6368742778
2017-07-08,2017Q3,INVERCAP,353590.4217391123
2017-07-08,2017Q3,QUINENCO,0.0
2017-07-09,2017Q3,ALMENDRAL,1204677.8989091238
2017-07-09,2017Q3,ANTARCHILE,6220873.528466342
2017-07-09,2017Q3,IAM,1191392.6368742778
2017-07-09,2017Q3,INVERCAP,353590.4217391123
2017-07-09,2017Q3,QUINENCO,0.0
2017-07-10,2017Q3,ALMENDRAL,1204810.742764711
2017-07-10,2017Q3,ANTARCHILE,6318531.875279373
2017-07-10,2017Q3,IAM,1210588.799996813
2017-07-10,2017Q3,INVERCAP,368634.61134024005
2017-07-10,2017Q3,QUINENCO,0.0
2017-07-11,2017Q3,ALMENDRAL,1190114.8912403944
2017-07-11,2017Q3,ANTARCHILE,6298822.830042227
2017-07-11,2017Q3,IAM,1214711.0529750502
2017-07-11,2017Q3,INVERCAP,360579.86388540483
2017-07-11,2017Q3,QUINENCO,0.0
2017-07-12,2017Q3,ALMENDRAL,1196175.8921515532
2017-07-12,2017Q3,ANTARCHILE,6351838.788468878
2017-07-12,2017Q3,IAM,1242151.722054059
2017-07-12,2017Q3,INVERCAP,364795.61477104033
2017-07-12,2017Q3,QUINENCO,0.0
2017-07-13,2017Q3,ALMENDRAL,1199895.5201079904
2017-07-13,2017Q3,ANTARCHILE,6398880.108535057
2017-07-13,2017Q3,IAM,1251349.8835502737
2017-07-13,2017Q3,INVERCAP,366900.24233181984
2017-07-13,2017Q3,QUINENCO,0.0
2017-07-14,2017Q3,ALMENDRAL,1208165.0501182836
2017-07-14,2017Q3,ANTARCHILE,6456832.61660432
2017-07-14,2017Q3,IAM,1247043.0520804743
2017-07-14,2017Q3,INVERCAP,391993.3789592621
2017-07-14,2017Q3,QUINENCO,0.0
2017-07-15,2017Q3,ALMENDRAL,1208165.0501182836
2017-07-15,2017Q3,ANTARCHILE,6456832.61660432
2017-07-15,2017Q3,IAM,1247043.0520804743
2017-07-15,2017Q3,INVERCAP,391993.3789592621
2017-07-15,2017Q3,QUINENCO,0.0
2017-07-16,2017Q3,ALMENDRAL,1208165.0501182836
2017-07-16,2017Q3,ANTARCHILE,6456832.61660432
2017-07-16,2017Q3,IAM,1247043.0520804743
2017-07-16,2017Q3,INVERCAP,391993.3789592621
2017-07-16,2017Q3,QUINENCO,0.0
2017-07-17,2017Q3,ALMENDRAL,1234767.0321995884
2017-07-17,2017Q3,ANTARCHILE,6503498.79243713
2017-07-17,2017Q3,IAM,1246827.7105069843
2017-07-17,2017Q3,INVERCAP,402250.19043602404
2017-07-17,2017Q3,QUINENCO,0.0
2017-07-18,2017Q3,ALMENDRAL,1230731.900086132
2017-07-18,2017Q3,ANTARCHILE,6503716.252449125
2017-07-18,2017Q3,IAM,1247535.2613913082
2017-07-18,2017Q3,INVERCAP,419424.9906542371
2017-07-18,2017Q3,QUINENCO,0.0
2017-07-19,2017Q3,ALMENDRAL,1228506.7655050491
2017-07-19,2017Q3,ANTARCHILE,6527399.698382819
2017-07-19,2017Q3,IAM,1247996.7076202156
2017-07-19,2017Q3,INVERCAP,401366.7665216227
2017-07-19,2017Q3,QUINENCO,0.0
2017-07-20,2017Q3,ALMENDRAL,1243733.9924517134
2017-07-20,2017Q3,ANTARCHILE,6532569.631291908
2017-07-20,2017Q3,IAM,1252795.7484008495
2017-07-20,2017Q3,INVERCAP,387842.5857143914
2017-07-20,2017Q3,QUINENCO,0.0
2017-07-21,2017Q3,ALMENDRAL,1220536.1341698267
2017-07-21,2017Q3,ANTARCHILE,6431415.897069158
2017-07-21,2017Q3,IAM,1249780.9663719896
2017-07-21,2017Q3,INVERCAP,387167.0262504375
2017-07-21,2017Q3,QUINENCO,0.0
2017-07-22,2017Q3,ALMENDRAL,1220536.1341698267
2017-07-22,2017Q3,ANTARCHILE,6431415.897069158
2017-07-22,2017Q3,IAM,1249780.9663719896
2017-07-22,2017Q3,INVERCAP,387167.0262504375
2017-07-22,2017Q3,QUINENCO,0.0
2017-07-23,2017Q3,ALMENDRAL,1220536.1341698267
2017-07-23,2017Q3,ANTARCHILE,6431415.897069158
2017-07-23,2017Q3,IAM,1249780.9663719896
2017-07-23,2017Q3,INVERCAP,387167.0262504375
2017-07-23,2017Q3,QUINENCO,0.0
2017-07-24,2017Q3,ALMENDRAL,1226779.7953824175
2017-07-24,2017Q3,ANTARCHILE,6376319.192962582
2017-07-24,2017Q3,IAM,1255810.530429709
2017-07-24,2017Q3,INVERCAP,398560.5964405834
2017-07-24,2017Q3,QUINENCO,0.0
2017-07-25,2017Q3,ALMENDRAL,1236510.607804168
2017-07-25,2017Q3,ANTARCHILE,6365126.646784473
2017-07-25,2017Q3,IAM,1247166.104408183
2017-07-25,2017Q3,INVERCAP,419119.6897426426
2017-07-25,2017Q3,QUINENCO,0.0
2017-07-26,2017Q3,ALMENDRAL,1230084.2862901452
2017-07-26,2017Q3,ANTARCHILE,6450548.450060467
2017-07-26,2017Q3,IAM,1248550.443094904
2017-07-26,2017Q3,INVERCAP,419106.6982144896
2017-07-26,2017Q3,QUINENCO,0.0
2017-07-27,2017Q3,ALMENDRAL,1219788.8874821495
2017-07-27,2017Q3,ANTARCHILE,6506630.2346788235
2017-07-27,2017Q3,IAM,1257502.4999357017
2017-07-27,2017Q3,INVERCAP,409687.8403035936
2017-07-27,2017Q3,QUINENCO,0.0
2017-07-28,2017Q3,ALMENDRAL,1230316.7630374227
2017-07-28,2017Q3,ANTARCHILE,6528887.960180723
2017-07-28,2017Q3,IAM,1253503.2992851736
2017-07-28,2017Q3,INVERCAP,422919.7117273834
2017-07-28,2017Q3,QUINENCO,0.0
2017-07-29,2017Q3,ALMENDRAL,1230316.7630374227
2017-07-29,2017Q3,ANTARCHILE,6528887.960180723
2017-07-29,2017Q3,IAM,1253503.2992851736
2017-07-29,2017Q3,INVERCAP,422919.7117273834
2017-07-29,2017Q3,QUINENCO,0.0
2017-07-30,2017Q3,ALMENDRAL,1230316.7630374227
2017-07-30,2017Q3,ANTARCHILE,6528887.960180723
2017-07-30,2017Q3,IAM,1253503.2992851736
2017-07-30,2017Q3,INVERCAP,422919.7117273834
2017-07-30,2017Q3,QUINENCO,0.0
2017-07-31,2017Q3,ALMENDRAL,1211320.0916884758
2017-07-31,2017Q3,ANTARCHILE,6530030.295442139
2017-07-31,2017Q3,IAM,1259071.4171139859
2017-07-31,2017Q3,INVERCAP,444290.77553900256
2017-07-31,2017Q3,QUINENCO,0.0
2017-08-01,2017Q3,ALMENDRAL,1193535.620521761
2017-08-01,2017Q3,ANTARCHILE,6580371.254438242
2017-08-01,2017Q3,IAM,1255687.4781020004
2017-08-01,2017Q3,INVERCAP,437515.69360723393
2017-08-01,2017Q3,QUINENCO,0.0
2017-08-02,2017Q3,ALMENDRAL,1193635.2534134511
2017-08-02,2017Q3,ANTARCHILE,6530577.569991096
2017-08-02,2017Q3,IAM,1269223.2341499422
2017-08-02,2017Q3,INVERCAP,438334.15988087043
2017-08-02,2017Q3,QUINENCO,0.0
2017-08-03,2017Q3,ALMENDRAL,1187076.088043841
2017-08-03,2017Q3,ANTARCHILE,6429865.334631837
2017-08-03,2017Q3,IAM,1279559.629677461
2017-08-03,2017Q3,INVERCAP,439035.7024011302
2017-08-03,2017Q3,QUINENCO,0.0
2017-08-04,2017Q3,ALMENDRAL,1183090.7723762298
2017-08-04,2017Q3,ANTARCHILE,6583627.727430512
2017-08-04,2017Q3,IAM,1271930.3853595303
2017-08-04,2017Q3,INVERCAP,451189.2769882243
2017-08-04,2017Q3,QUINENCO,0.0
2017-08-05,2017Q3,ALMENDRAL,1183090.7723762298
2017-08-05,2017Q3,ANTARCHILE,6583627.727430512
2017-08-05,2017Q3,IAM,1271930.3853595303
2017-08-05,2017Q3,INVERCAP,451189.2769882243
2017-08-05,2017Q3,QUINENCO,0.0
2017-08-06,2017Q3,ALMENDRAL,1183090.7723762298
2017-08-06,2017Q3,ANTARCHILE,6583627.727430512
2017-08-06,2017Q3,IAM,1271930.3853595303
2017-08-06,2017Q3,INVERCAP,451189.2769882243
2017-08-06,2017Q3,QUINENCO,0.0
2017-08-07,2017Q3,ALMENDRAL,1181313.9858077532
2017-08-07,2017Q3,ANTARCHILE,6754248.27443783
2017-08-07,2017Q3,IAM,1253564.8254490278
2017-08-07,2017Q3,INVERCAP,456964.01125221513
2017-08-07,2017Q3,QUINENCO,0.0
2017-08-08,2017Q3,ALMENDRAL,1145280.0899797685
2017-08-08,2017Q3,ANTARCHILE,6658266.379756176
2017-08-08,2017Q3,IAM,1254641.5333164777
2017-08-08,2017Q3,INVERCAP,456496.31623870856
2017-08-08,2017Q3,QUINENCO,0.0
2017-08-09,2017Q3,ALMENDRAL,1134486.5267133217
2017-08-09,2017Q3,ANTARCHILE,6561873.303578081
2017-08-09,2017Q3,IAM,1258763.7862947145
2017-08-09,2017Q3,INVERCAP,435534.4855639075
2017-08-09,2017Q3,QUINENCO,0.0
2017-08-10,2017Q3,ALMENDRAL,1139152.6671408163
2017-08-10,2017Q3,ANTARCHILE,6665188.223115053
2017-08-10,2017Q3,IAM,1255410.6103646562
2017-08-10,2017Q3,INVERCAP,437054.49435780384
2017-08-10,2017Q3,QUINENCO,0.0
2017-08-11,2017Q3,ALMENDRAL,1130401.57815402
2017-08-11,2017Q3,ANTARCHILE,6625843.443600479
2017-08-11,2017Q3,IAM,1225785.7624688204
2017-08-11,2017Q3,INVERCAP,418554.55826798885
2017-08-11,2017Q3,QUINENCO,0.0
2017-08-12,2017Q3,ALMENDRAL,1130401.57815402
2017-08-12,2017Q3,ANTARCHILE,6625843.443600479
2017-08-12,2017Q3,IAM,1225785.7624688204
2017-08-12,2017Q3,INVERCAP,418554.55826798885
2017-08-12,2017Q3,QUINENCO,0.0
2017-08-13,2017Q3,ALMENDRAL,1130401.57815402
2017-08-13,2017Q3,ANTARCHILE,6625843.443600479
2017-08-13,2017Q3,IAM,1225785.7624688204
2017-08-13,2017Q3,INVERCAP,418554.55826798885
2017-08-13,2017Q3,QUINENCO,0.0
2017-08-14,2017Q3,ALMENDRAL,1118512.05307898
2017-08-14,2017Q3,ANTARCHILE,6658926.506683537
2017-08-14,2017Q3,IAM,1217418.2041846383
2017-08-14,2017Q3,INVERCAP,412669.3960146979
2017-08-14,2017Q3,QUINENCO,0.0
2017-08-15,2017Q3,ALMENDRAL,1118512.05307898
2017-08-15,2017Q3,ANTARCHILE,6658926.506683537
2017-08-15,2017Q3,IAM,1217418.2041846383
2017-08-15,2017Q3,INVERCAP,412669.3960146979
2017-08-15,2017Q3,QUINENCO,0.0
2017-08-16,2017Q3,ALMENDRAL,1116203.891088155
2017-08-16,2017Q3,ANTARCHILE,6766209.488804252
2017-08-16,2017Q3,IAM,1227016.285745906
2017-08-16,2017Q3,INVERCAP,440912.978219233
2017-08-16,2017Q3,QUINENCO,0.0
2017-08-17,2017Q3,ALMENDRAL,1106855.0047512173
2017-08-17,2017Q3,ANTARCHILE,6733359.447897635
2017-08-17,2017Q3,IAM,1232615.1666566455
2017-08-17,2017Q3,INVERCAP,432585.4086731856
2017-08-17,2017Q3,QUINENCO,0.0
2017-08-18,2017Q3,ALMENDRAL,1097190.61425726
2017-08-18,2017Q3,ANTARCHILE,6699369.030343252
2017-08-18,2017Q3,IAM,1241751.8019890059
2017-08-18,2017Q3,INVERCAP,444771.4620806621
2017-08-18,2017Q3,QUINENCO,0.0
2017-08-19,2017Q3,ALMENDRAL,1097190.61425726
2017-08-19,2017Q3,ANTARCHILE,6699369.030343252
2017-08-19,2017Q3,IAM,1241751.8019890059
2017-08-19,2017Q3,INVERCAP,444771.4620806621
2017-08-19,2017Q3,QUINENCO,0.0
2017-08-20,2017Q3,ALMENDRAL,1097190.61425726
2017-08-20,2017Q3,ANTARCHILE,6699369.030343252
2017-08-20,2017Q3,IAM,1241751.8019890059
2017-08-20,2017Q3,INVERCAP,444771.4620806621
2017-08-20,2017Q3,QUINENCO,0.0
2017-08-21,2017Q3,ALMENDRAL,1086314.023581071
2017-08-21,2017Q3,ANTARCHILE,6649271.9150988385
2017-08-21,2017Q3,IAM,1241628.7496612975
2017-08-21,2017Q3,INVERCAP,448285.6704460378
2017-08-21,2017Q3,QUINENCO,0.0
2017-08-22,2017Q3,ALMENDRAL,1094384.2878079838
2017-08-22,2017Q3,ANTARCHILE,6745946.590178651
2017-08-22,2017Q3,IAM,1252918.8007285579
2017-08-22,2017Q3,INVERCAP,438477.066690553
2017-08-22,2017Q3,QUINENCO,0.0
2017-08-23,2017Q3,ALMENDRAL,1093935.9397953777
2017-08-23,2017Q3,ANTARCHILE,6747928.259375954
2017-08-23,2017Q3,IAM,1274822.1150606815
2017-08-23,2017Q3,INVERCAP,439509.89317871333
2017-08-23,2017Q3,QUINENCO,0.0
2017-08-24,2017Q3,ALMENDRAL,1084985.5850252006
2017-08-24,2017Q3,ANTARCHILE,6751192.170151202
2017-08-24,2017Q3,IAM,1272791.7516534904
2017-08-24,2017Q3,INVERCAP,452137.6585433904
2017-08-24,2017Q3,QUINENCO,0.0
2017-08-25,2017Q3,ALMENDRAL,1109196.3777059389
2017-08-25,2017Q3,ANTARCHILE,6739961.250606276
2017-08-25,2017Q3,IAM,1262947.5654368056
2017-08-25,2017Q3,INVERCAP,449688.7554865575
2017-08-25,2017Q3,QUINENCO,0.0
2017-08-26,2017Q3,ALMENDRAL,1109196.3777059389
2017-08-26,2017Q3,ANTARCHILE,6739961.250606276
2017-08-26,2017Q3,IAM,1262947.5654368056
2017-08-26,2017Q3,INVERCAP,449688.7554865575
2017-08-26,2017Q3,QUINENCO,0.0
2017-08-27,2017Q3,ALMENDRAL,1109196.3777059389
2017-08-27,2017Q3,ANTARCHILE,6739961.250606276
2017-08-27,2017Q3,IAM,1262947.5654368056
2017-08-27,2017Q3,INVERCAP,449688.7554865575
2017-08-27,2017Q3,QUINENCO,0.0
2017-08-28,2017Q3,ALMENDRAL,1103749.77962687
2017-08-28,2017Q3,ANTARCHILE,6711595.061413432
2017-08-28,2017Q3,IAM,1254426.1917429876
2017-08-28,2017Q3,INVERCAP,447993.3610625962
2017-08-28,2017Q3,QUINENCO,0.0
2017-08-29,2017Q3,ALMENDRAL,1109794.1750560806
2017-08-29,2017Q3,ANTARCHILE,6690040.817521595
2017-08-29,2017Q3,IAM,1255964.3458393447
2017-08-29,2017Q3,INVERCAP,446954.0388103594
2017-08-29,2017Q3,QUINENCO,0.0
2017-08-30,2017Q3,ALMENDRAL,1101939.7820944968
2017-08-30,2017Q3,ANTARCHILE,6659811.2222974785
2017-08-30,2017Q3,IAM,1244582.0055263028
2017-08-30,2017Q3,INVERCAP,448188.23398489057
2017-08-30,2017Q3,QUINENCO,0.0
2017-08-31,2017Q3,ALMENDRAL,1090349.1556945276
2017-08-31,2017Q3,ANTARCHILE,6614505.082464773
2017-08-31,2017Q3,IAM,1234768.5823915452
2017-08-31,2017Q3,INVERCAP,479224.994742312
2017-08-31,2017Q3,QUINENCO,0.0
2017-09-01,2017Q3,ALMENDRAL,1088422.9197885154
2017-09-01,2017Q3,ANTARCHILE,6719138.899059548
2017-09-01,2017Q3,IAM,1251257.5943044925
2017-09-01,2017Q3,INVERCAP,475067.70573336486
2017-09-01,2017Q3,QUINENCO,0.0
2017-09-02,2017Q3,ALMENDRAL,1088422.9197885154
2017-09-02,2017Q3,ANTARCHILE,6719138.899059548
2017-09-02,2017Q3,IAM,1251257.5943044925
2017-09-02,2017Q3,INVERCAP,475067.70573336486
2017-09-02,2017Q3,QUINENCO,0.0
2017-09-03,2017Q3,ALMENDRAL,1088422.9197885154
2017-09-03,2017Q3,ANTARCHILE,6719138.899059548
2017-09-03,2017Q3,IAM,1251257.5943044925
2017-09-03,2017Q3,INVERCAP,475067.70573336486
2017-09-03,2017Q3,QUINENCO,0.0
2017-09-04,2017Q3,ALMENDRAL,1089767.963826334
2017-09-04,2017Q3,ANTARCHILE,6694886.655789743
2017-09-04,2017Q3,IAM,1257594.7891814832
2017-09-04,2017Q3,INVERCAP,473840.0063229101
2017-09-04,2017Q3,QUINENCO,0.0
2017-09-05,2017Q3,ALMENDRAL,1097340.0635947955
2017-09-05,2017Q3,ANTARCHILE,6571508.708479372
2017-09-05,2017Q3,IAM,1271715.0437860405
2017-09-05,2017Q3,INVERCAP,465603.3774739335
2017-09-05,2017Q3,QUINENCO,0.0
2017-09-06,2017Q3,ALMENDRAL,1073577.6189266637
2017-09-06,2017Q3,ANTARCHILE,6533660.435507511
2017-09-06,2017Q3,IAM,1245504.8979841173
2017-09-06,2017Q3,INVERCAP,464421.1484120141
2017-09-06,2017Q3,QUINENCO,0.0
2017-09-07,2017Q3,ALMENDRAL,1076616.4221232173
2017-09-07,2017Q3,ANTARCHILE,6616293.64839442
2017-09-07,2017Q3,IAM,1243443.7714949986
2017-09-07,2017Q3,INVERCAP,470306.310665305
2017-09-07,2017Q3,QUINENCO,0.0
2017-09-08,2017Q3,ALMENDRAL,1064494.4203008998
2017-09-08,2017Q3,ANTARCHILE,6554103.400085119
2017-09-08,2017Q3,IAM,1244305.1377889586
2017-09-08,2017Q3,INVERCAP,460971.89768740325
2017-09-08,2017Q3,QUINENCO,0.0
2017-09-09,2017Q3,ALMENDRAL,1064494.4203008998
2017-09-09,2017Q3,ANTARCHILE,6554103.400085119
2017-09-09,2017Q3,IAM,1244305.1377889586
2017-09-09,2017Q3,INVERCAP,460971.89768740325
2017-09-09,2017Q3,QUINENCO,0.0
2017-09-10,2017Q3,ALMENDRAL,1064494.4203008998
2017-09-10,2017Q3,ANTARCHILE,6554103.400085119
2017-09-10,2017Q3,IAM,1244305.1377889586
2017-09-10,2017Q3,INVERCAP,460971.89768740325
2017-09-10,2017Q3,QUINENCO,0.0
2017-09-11,2017Q3,ALMENDRAL,1058499.8413175347
2017-09-11,2017Q3,ANTARCHILE,6670910.2915256405
2017-09-11,2017Q3,IAM,1247904.418374434
2017-09-11,2017Q3,INVERCAP,471345.6329175418
2017-09-11,2017Q3,QUINENCO,0.0
2017-09-12,2017Q3,ALMENDRAL,1061073.6910195334
2017-09-12,2017Q3,ANTARCHILE,6621954.275109068
2017-09-12,2017Q3,IAM,1245320.3194925543
2017-09-12,2017Q3,INVERCAP,475665.31602840096
2017-09-12,2017Q3,QUINENCO,0.0
2017-09-13,2017Q3,ALMENDRAL,1061272.9568029142
2017-09-13,2017Q3,ANTARCHILE,6609104.652228036
2017-09-13,2017Q3,IAM,1238152.5214035308
2017-09-13,2017Q3,INVERCAP,468727.83999472036
2017-09-13,2017Q3,QUINENCO,0.0
2017-09-14,2017Q3,ALMENDRAL,1074740.0026630503
2017-09-14,2017Q3,ANTARCHILE,6585999.845898879
2017-09-14,2017Q3,IAM,1225478.131649549
2017-09-14,2017Q3,INVERCAP,459146.5879819123
2017-09-14,2017Q3,QUINENCO,0.0
2017-09-15,2017Q3,ALMENDRAL,1085350.9056280653
2017-09-15,2017Q3,ANTARCHILE,6708183.429048582
2017-09-15,2017Q3,IAM,1224309.1345363178
2017-09-15,2017Q3,INVERCAP,463303.8769908595
2017-09-15,2017Q3,QUINENCO,0.0
2017-09-16,2017Q3,ALMENDRAL,1085350.9056280653
2017-09-16,2017Q3,ANTARCHILE,6708183.429048582
2017-09-16,2017Q3,IAM,1224309.1345363178
2017-09-16,2017Q3,INVERCAP,463303.8769908595
2017-09-16,2017Q3,QUINENCO,0.0
2017-09-17,2017Q3,ALMENDRAL,1085350.9056280653
2017-09-17,2017Q3,ANTARCHILE,6708183.429048582
2017-09-17,2017Q3,IAM,1224309.1345363178
2017-09-17,2017Q3,INVERCAP,463303.8769908595
2017-09-17,2017Q3,QUINENCO,0.0
2017-09-18,2017Q3,ALMENDRAL,1085350.9056280653
2017-09-18,2017Q3,ANTARCHILE,6708183.429048582
2017-09-18,2017Q3,IAM,1224309.1345363178
2017-09-18,2017Q3,INVERCAP,463303.8769908595
2017-09-18,2017Q3,QUINENCO,0.0
2017-09-19,2017Q3,ALMENDRAL,1085350.9056280653
2017-09-19,2017Q3,ANTARCHILE,6708183.429048582
2017-09-19,2017Q3,IAM,1224309.1345363178
2017-09-19,2017Q3,INVERCAP,463303.8769908595
2017-09-19,2017Q3,QUINENCO,0.0
2017-09-20,2017Q3,ALMENDRAL,1093321.5369632875
2017-09-20,2017Q3,ANTARCHILE,6787399.9078914095
2017-09-20,2017Q3,IAM,1232645.9297385726
2017-09-20,2017Q3,INVERCAP,452313.0441734554
2017-09-20,2017Q3,QUINENCO,0.0
2017-09-21,2017Q3,ALMENDRAL,1106439.8677025079
2017-09-21,2017Q3,ANTARCHILE,6886734.827199162
2017-09-21,2017Q3,IAM,1225324.3162399132
2017-09-21,2017Q3,INVERCAP,431650.01864617254
2017-09-21,2017Q3,QUINENCO,0.0
2017-09-22,2017Q3,ALMENDRAL,1101591.0669735807
2017-09-22,2017Q3,ANTARCHILE,6879252.671975677
2017-09-22,2017Q3,IAM,1222955.5589315235
2017-09-22,2017Q3,INVERCAP,423283.4745156663
2017-09-22,2017Q3,QUINENCO,0.0
2017-09-23,2017Q3,ALMENDRAL,1101591.0669735807
2017-09-23,2017Q3,ANTARCHILE,6879252.671975677
2017-09-23,2017Q3,IAM,1222955.5589315235
2017-09-23,2017Q3,INVERCAP,423283.4745156663
2017-09-23,2017Q3,QUINENCO,0.0
2017-09-24,2017Q3,ALMENDRAL,1101591.0669735807
2017-09-24,2017Q3,ANTARCHILE,6879252.671975677
2017-09-24,2017Q3,IAM,1222955.5589315235
2017-09-24,2017Q3,INVERCAP,423283.4745156663
2017-09-24,2017Q3,QUINENCO,0.0
2017-09-25,2017Q3,ALMENDRAL,1111155.8245758477
2017-09-25,2017Q3,ANTARCHILE,6909411.481088872
2017-09-25,2017Q3,IAM,1229692.6738735673
2017-09-25,2017Q3,INVERCAP,426778.1955888125
2017-09-25,2017Q3,QUINENCO,0.0
2017-09-26,2017Q3,ALMENDRAL,1096244.1017862025
2017-09-26,2017Q3,ANTARCHILE,6844517.084033845
2017-09-26,2017Q3,IAM,1223509.2944062122
2017-09-26,2017Q3,INVERCAP,430552.23451724736
2017-09-26,2017Q3,QUINENCO,0.0
2017-09-27,2017Q3,ALMENDRAL,1091046.5859363594
2017-09-27,2017Q3,ANTARCHILE,6850375.98407708
2017-09-27,2017Q3,IAM,1232369.0620012283
2017-09-27,2017Q3,INVERCAP,427083.49650040705
2017-09-27,2017Q3,QUINENCO,0.0
2017-09-28,2017Q3,ALMENDRAL,1087592.6456910965
2017-09-28,2017Q3,ANTARCHILE,6879978.105844634
2017-09-28,2017Q3,IAM,1233138.139049407
2017-09-28,2017Q3,INVERCAP,427960.42465073185
2017-09-28,2017Q3,QUINENCO,0.0
2017-09-29,2017Q3,ALMENDRAL,1099249.6940188592
2017-09-29,2017Q3,ANTARCHILE,6903959.142316229
2017-09-29,2017Q3,IAM,1252764.9853189222
2017-09-29,2017Q3,INVERCAP,434137.8962874643
2017-09-29,2017Q3,QUINENCO,0.0
2017-09-30,2017Q3,ALMENDRAL,1099249.6940188592
2017-09-30,2017Q3,ANTARCHILE,6903959.142316229
2017-09-30,2017Q3,IAM,1252764.9853189222
2017-09-30,2017Q3,INVERCAP,434137.8962874643
2017-09-30,2017Q3,QUINENCO,0.0
2017-10-01,2017Q4,ALMENDRAL,1099249.6940188592
2017-10-01,2017Q4,ANTARCHILE,6903959.142316229
2017-10-01,2017Q4,IAM,1252764.9853189222
2017-10-01,2017Q4,INVERCAP,434137.8962874643
2017-10-01,2017Q4,QUINENCO,0.0
2017-10-02,2017Q4,ALMENDRAL,1108864.268066971
2017-10-02,2017Q4,ANTARCHILE,6945641.359833021
2017-10-02,2017Q4,IAM,1246858.4735889114
2017-10-02,2017Q4,INVERCAP,452611.8493209735
2017-10-02,2017Q4,QUINENCO,0.0
2017-10-03,2017Q4,ALMENDRAL,1105925.0977621078
2017-10-03,2017Q4,ANTARCHILE,7066084.472324974
2017-10-03,2017Q4,IAM,1248581.2061768312
2017-10-03,2017Q4,INVERCAP,447740.0262636135
2017-10-03,2017Q4,QUINENCO,0.0
2017-10-04,2017Q4,ALMENDRAL,1126233.6021849767
2017-10-04,2017Q4,ANTARCHILE,7157614.430183518
2017-10-04,2017Q4,IAM,1252334.302171942
2017-10-04,2017Q4,INVERCAP,454794.42605067074
2017-10-04,2017Q4,QUINENCO,0.0
2017-10-05,2017Q4,ALMENDRAL,1140780.0043717574
2017-10-05,2017Q4,ANTARCHILE,7055974.915089394
2017-10-05,2017Q4,IAM,1258856.075540496
2017-10-05,2017Q4,INVERCAP,448584.4755935559
2017-10-05,2017Q4,QUINENCO,0.0
2017-10-06,2017Q4,ALMENDRAL,1168926.2962742618
2017-10-06,2017Q4,ANTARCHILE,7157936.927300846
2017-10-06,2017Q4,IAM,1258733.0232127872
2017-10-06,2017Q4,INVERCAP,455690.841493225
2017-10-06,2017Q4,QUINENCO,0.0
2017-10-07,2017Q4,ALMENDRAL,1168926.2962742618
2017-10-07,2017Q4,ANTARCHILE,7157936.927300846
2017-10-07,2017Q4,IAM,1258733.0232127872
2017-10-07,2017Q4,INVERCAP,455690.841493225
2017-10-07,2017Q4,QUINENCO,0.0
2017-10-08,2017Q4,ALMENDRAL,1168926.2962742618
2017-10-08,2017Q4,ANTARCHILE,7157936.927300846
2017-10-08,2017Q4,IAM,1258733.0232127872
2017-10-08,2017Q4,INVERCAP,455690.841493225
2017-10-08,2017Q4,QUINENCO,0.0
2017-10-09,2017Q4,ALMENDRAL,1168926.2962742618
2017-10-09,2017Q4,ANTARCHILE,7157936.927300846
2017-10-09,2017Q4,IAM,1258733.0232127872
2017-10-09,2017Q4,INVERCAP,455690.841493225
2017-10-09,2017Q4,QUINENCO,0.0
2017-10-10,2017Q4,ALMENDRAL,1182459.7640621914
2017-10-10,2017Q4,ANTARCHILE,7275830.191476173
2017-10-10,2017Q4,IAM,1250857.6742394397
2017-10-10,2017Q4,INVERCAP,448883.28074107395
2017-10-10,2017Q4,QUINENCO,0.0
2017-10-11,2017Q4,ALMENDRAL,1209393.8557824637
2017-10-11,2017Q4,ANTARCHILE,7509754.172739028
2017-10-11,2017Q4,IAM,1254887.637971895
2017-10-11,2017Q4,INVERCAP,439263.05414380704
2017-10-11,2017Q4,QUINENCO,0.0
2017-10-12,2017Q4,ALMENDRAL,1182426.5530982944
2017-10-12,2017Q4,ANTARCHILE,7462541.890409133
2017-10-12,2017Q4,IAM,1254641.5333164777
2017-10-12,2017Q4,INVERCAP,448331.1407945731
2017-10-12,2017Q4,QUINENCO,0.0
2017-10-13,2017Q4,ALMENDRAL,1172861.795496028
2017-10-13,2017Q4,ANTARCHILE,7632162.6017020615
2017-10-13,2017Q4,IAM,1259471.3371790387
2017-10-13,2017Q4,INVERCAP,464849.8688410618
2017-10-13,2017Q4,QUINENCO,0.0
2017-10-14,2017Q4,ALMENDRAL,1172861.795496028
2017-10-14,2017Q4,ANTARCHILE,7632162.6017020615
2017-10-14,2017Q4,IAM,1259471.3371790387
2017-10-14,2017Q4,INVERCAP,464849.8688410618
2017-10-14,2017Q4,QUINENCO,0.0
2017-10-15,2017Q4,ALMENDRAL,1172861.795496028
2017-10-15,2017Q4,ANTARCHILE,7632162.6017020615
2017-10-15,2017Q4,IAM,1259471.3371790387
2017-10-15,2017Q4,INVERCAP,464849.8688410618
2017-10-15,2017Q4,QUINENCO,0.0
2017-10-16,2017Q4,ALMENDRAL,1179470.777311483
2017-10-16,2017Q4,ANTARCHILE,7721305.61750793
2017-10-16,2017Q4,IAM,1260578.8081284156
2017-10-16,2017Q4,INVERCAP,462212.5886260109
2017-10-16,2017Q4,QUINENCO,0.0
2017-10-17,2017Q4,ALMENDRAL,1166900.4274765593
2017-10-17,2017Q4,ANTARCHILE,7916050.250368954
2017-10-17,2017Q4,IAM,1251626.751287618
2017-10-17,2017Q4,INVERCAP,461465.57575721573
2017-10-17,2017Q4,QUINENCO,0.0
2017-10-18,2017Q4,ALMENDRAL,1165904.0985596564
2017-10-18,2017Q4,ANTARCHILE,7974462.705404982
2017-10-18,2017Q4,IAM,1258240.8139019532
2017-10-18,2017Q4,INVERCAP,458776.329429553
2017-10-18,2017Q4,QUINENCO,0.0
2017-10-19,2017Q4,ALMENDRAL,1170537.0280232546
2017-10-19,2017Q4,ANTARCHILE,7818094.31301802
2017-10-19,2017Q4,IAM,1257779.367673046
2017-10-19,2017Q4,INVERCAP,461543.52492613345
2017-10-19,2017Q4,QUINENCO,0.0
2017-10-20,2017Q4,ALMENDRAL,1178391.4209848382
2017-10-20,2017Q4,ANTARCHILE,7910991.074461213
2017-10-20,2017Q4,IAM,1262024.6729789914
2017-10-20,2017Q4,INVERCAP,463563.7075539187
2017-10-20,2017Q4,QUINENCO,0.0
2017-10-21,2017Q4,ALMENDRAL,1178391.4209848382
2017-10-21,2017Q4,ANTARCHILE,7910991.074461213
2017-10-21,2017Q4,IAM,1262024.6729789914
2017-10-21,2017Q4,INVERCAP,463563.7075539187
2017-10-21,2017Q4,QUINENCO,0.0
2017-10-22,2017Q4,ALMENDRAL,1178391.4209848382
2017-10-22,2017Q4,ANTARCHILE,7910991.074461213
2017-10-22,2017Q4,IAM,1262024.6729789914
2017-10-22,2017Q4,INVERCAP,463563.7075539187
2017-10-22,2017Q4,QUINENCO,0.0
2017-10-23,2017Q4,ALMENDRAL,1173110.8777252536
2017-10-23,2017Q4,ANTARCHILE,8020307.754678487
2017-10-23,2017Q4,IAM,1256456.5551501792
2017-10-23,2017Q4,INVERCAP,461316.1731834567
2017-10-23,2017Q4,QUINENCO,0.0
2017-10-24,2017Q4,ALMENDRAL,1167398.5919350106
2017-10-24,2017Q4,ANTARCHILE,7915174.570061602
2017-10-24,2017Q4,IAM,1253841.693186372
2017-10-24,2017Q4,INVERCAP,462823.1904492
2017-10-24,2017Q4,QUINENCO,0.0
2017-10-25,2017Q4,ALMENDRAL,1163712.1749424704
2017-10-25,2017Q4,ANTARCHILE,7676869.249341511
2017-10-25,2017Q4,IAM,1258117.7615742446
2017-10-25,2017Q4,INVERCAP,460718.5628884206
2017-10-25,2017Q4,QUINENCO,0.0
2017-10-26,2017Q4,ALMENDRAL,1167465.0138628043
2017-10-26,2017Q4,ANTARCHILE,7736092.009361594
2017-10-26,2017Q4,IAM,1256056.6350851262
2017-10-26,2017Q4,INVERCAP,457334.26980457443
2017-10-26,2017Q4,QUINENCO,0.0
2017-10-27,2017Q4,ALMENDRAL,1167465.0138628043
2017-10-27,2017Q4,ANTARCHILE,7736092.009361594
2017-10-27,2017Q4,IAM,1256056.6350851262
2017-10-27,2017Q4,INVERCAP,457334.26980457443
2017-10-27,2017Q4,QUINENCO,0.0
2017-10-28,2017Q4,ALMENDRAL,1167465.0138628043
2017-10-28,2017Q4,ANTARCHILE,7736092.009361594
2017-10-28,2017Q4,IAM,1256056.6350851262
2017-10-28,2017Q4,INVERCAP,457334.26980457443
2017-10-28,2017Q4,QUINENCO,0.0
2017-10-29,2017Q4,ALMENDRAL,1167465.0138628043
2017-10-29,2017Q4,ANTARCHILE,7736092.009361594
2017-10-29,2017Q4,IAM,1256056.6350851262
2017-10-29,2017Q4,INVERCAP,457334.26980457443
2017-10-29,2017Q4,QUINENCO,0.0
2017-10-30,2017Q4,ALMENDRAL,1204096.7070409306
2017-10-30,2017Q4,ANTARCHILE,8051670.392730679
2017-10-30,2017Q4,IAM,1271499.7022125504
2017-10-30,2017Q4,INVERCAP,452157.1458356199
2017-10-30,2017Q4,QUINENCO,0.0
2017-10-31,2017Q4,ALMENDRAL,1228407.1326133588
2017-10-31,2017Q4,ANTARCHILE,8028216.035346068
2017-10-31,2017Q4,IAM,1275591.19210886
2017-10-31,2017Q4,INVERCAP,449851.1495884695
2017-10-31,2017Q4,QUINENCO,0.0
2017-11-01,2017Q4,ALMENDRAL,1228407.1326133588
2017-11-01,2017Q4,ANTARCHILE,8028216.035346068
2017-11-01,2017Q4,IAM,1275591.19210886
2017-11-01,2017Q4,INVERCAP,449851.1495884695
2017-11-01,2017Q4,QUINENCO,0.0
2017-11-02,2017Q4,ALMENDRAL,1212831.1905457783
2017-11-02,2017Q4,ANTARCHILE,7934872.43263346
2017-11-02,2017Q4,IAM,1265377.8489090495
2017-11-02,2017Q4,INVERCAP,432949.1714614685
2017-11-02,2017Q4,QUINENCO,0.0
2017-11-03,2017Q4,ALMENDRAL,1196939.7443211786
2017-11-03,2017Q4,ANTARCHILE,7738233.64690237
2017-11-03,2017Q4,IAM,1260548.0450464885
2017-11-03,2017Q4,INVERCAP,446155.0598289523
2017-11-03,2017Q4,QUINENCO,0.0
2017-11-04,2017Q4,ALMENDRAL,1196939.7443211786
2017-11-04,2017Q4,ANTARCHILE,7738233.64690237
2017-11-04,2017Q4,IAM,1260548.0450464885
2017-11-04,2017Q4,INVERCAP,446155.0598289523
2017-11-04,2017Q4,QUINENCO,0.0
2017-11-05,2017Q4,ALMENDRAL,1196939.7443211786
2017-11-05,2017Q4,ANTARCHILE,7738233.64690237
2017-11-05,2017Q4,IAM,1260548.0450464885
2017-11-05,2017Q4,INVERCAP,446155.0598289523
2017-11-05,2017Q4,QUINENCO,0.0
2017-11-06,2017Q4,ALMENDRAL,1220021.364229427
2017-11-06,2017Q4,ANTARCHILE,7757504.199578201
2017-11-06,2017Q4,IAM,1260701.8604561242
2017-11-06,2017Q4,INVERCAP,468019.801710384
2017-11-06,2017Q4,QUINENCO,0.0
2017-11-07,2017Q4,ALMENDRAL,1192954.4286535676
2017-11-07,2017Q4,ANTARCHILE,7799415.316899028
2017-11-07,2017Q4,IAM,1247627.5506370899
2017-11-07,2017Q4,INVERCAP,458659.4056761763
2017-11-07,2017Q4,QUINENCO,0.0
2017-11-08,2017Q4,ALMENDRAL,1171799.0446513314
2017-11-08,2017Q4,ANTARCHILE,7800949.458228427
2017-11-08,2017Q4,IAM,1260763.3866199786
2017-11-08,2017Q4,INVERCAP,458678.89296840574
2017-11-08,2017Q4,QUINENCO,0.0
2017-11-09,2017Q4,ALMENDRAL,1166966.849404353
2017-11-09,2017Q4,ANTARCHILE,7791446.401497344
2017-11-09,2017Q4,IAM,1255195.2687911664
2017-11-09,2017Q4,INVERCAP,445856.2546814343
2017-11-09,2017Q4,QUINENCO,0.0
2017-11-10,2017Q4,ALMENDRAL,1167763.9125378751
2017-11-10,2017Q4,ANTARCHILE,7676442.831189077
2017-11-10,2017Q4,IAM,1253134.142302048
2017-11-10,2017Q4,INVERCAP,445037.78840779775
2017-11-10,2017Q4,QUINENCO,0.0
2017-11-11,2017Q4,ALMENDRAL,1167763.9125378751
2017-11-11,2017Q4,ANTARCHILE,7676442.831189077
2017-11-11,2017Q4,IAM,1253134.142302048
2017-11-11,2017Q4,INVERCAP,445037.78840779775
2017-11-11,2017Q4,QUINENCO,0.0
2017-11-12,2017Q4,ALMENDRAL,1167763.9125378751
2017-11-12,2017Q4,ANTARCHILE,7676442.831189077
2017-11-12,2017Q4,IAM,1253134.142302048
2017-11-12,2017Q4,INVERCAP,445037.78840779775
2017-11-12,2017Q4,QUINENCO,0.0
2017-11-13,2017Q4,ALMENDRAL,1146542.1066078455
2017-11-13,2017Q4,ANTARCHILE,7518647.550318449
2017-11-13,2017Q4,IAM,1244458.9531985943
2017-11-13,2017Q4,INVERCAP,432598.4002013386
2017-11-13,2017Q4,QUINENCO,0.0
2017-11-14,2017Q4,ALMENDRAL,1117897.65024689
2017-11-14,2017Q4,ANTARCHILE,7516019.409726221
2017-11-14,2017Q4,IAM,1231384.6433795597
2017-11-14,2017Q4,INVERCAP,422023.29628482915
2017-11-14,2017Q4,QUINENCO,0.0
2017-11-15,2017Q4,ALMENDRAL,1104596.6592062374
2017-11-15,2017Q4,ANTARCHILE,7433467.804525484
2017-11-15,2017Q4,IAM,1214311.1329099974
2017-11-15,2017Q4,INVERCAP,422874.24137884803
2017-11-15,2017Q4,QUINENCO,0.0
2017-11-16,2017Q4,ALMENDRAL,1105941.7032440563
2017-11-16,2017Q4,ANTARCHILE,7422755.010214337
2017-11-16,2017Q4,IAM,1231999.9050181028
2017-11-16,2017Q4,INVERCAP,429279.0647582573
2017-11-16,2017Q4,QUINENCO,0.0
2017-11-17,2017Q4,ALMENDRAL,1113048.849517963
2017-11-17,2017Q4,ANTARCHILE,7564662.153077104
2017-11-17,2017Q4,IAM,1248735.021586467
2017-11-17,2017Q4,INVERCAP,431084.88717151876
2017-11-17,2017Q4,QUINENCO,0.0
2017-11-18,2017Q4,ALMENDRAL,1113048.849517963
2017-11-18,2017Q4,ANTARCHILE,7564662.153077104
2017-11-18,2017Q4,IAM,1248735.021586467
2017-11-18,2017Q4,INVERCAP,431084.88717151876
2017-11-18,2017Q4,QUINENCO,0.0
2017-11-19,2017Q4,ALMENDRAL,1113048.849517963
2017-11-19,2017Q4,ANTARCHILE,7564662.153077104
2017-11-19,2017Q4,IAM,1248735.021586467
2017-11-19,2017Q4,INVERCAP,431084.88717151876
2017-11-19,2017Q4,QUINENCO,0.0
2017-11-20,2017Q4,ALMENDRAL,1032097.1250196104
2017-11-20,2017Q4,ANTARCHILE,7050158.1660954
2017-11-20,2017Q4,IAM,1163613.5738940705
2017-11-20,2017Q4,INVERCAP,390629.2685032013
2017-11-20,2017Q4,QUINENCO,0.0
2017-11-21,2017Q4,ALMENDRAL,1074524.1313977214
2017-11-21,2017Q4,ANTARCHILE,7243824.602584731
2017-11-21,2017Q4,IAM,1196745.4131296002
2017-11-21,2017Q4,INVERCAP,412591.4468457802
2017-11-21,2017Q4,QUINENCO,0.0
2017-11-22,2017Q4,ALMENDRAL,1043156.3759972316
2017-11-22,2017Q4,ANTARCHILE,7210500.959178909
2017-11-22,2017Q4,IAM,1192561.6339875094
2017-11-22,2017Q4,INVERCAP,419405.50336200773
2017-11-22,2017Q4,QUINENCO,0.0
2017-11-23,2017Q4,ALMENDRAL,1035717.1200843573
2017-11-23,2017Q4,ANTARCHILE,7199648.258551231
2017-11-23,2017Q4,IAM,1154507.7016436371
2017-11-23,2017Q4,INVERCAP,396235.1129012035
2017-11-23,2017Q4,QUINENCO,0.0
2017-11-24,2017Q4,ALMENDRAL,1044119.4939502376
2017-11-24,2017Q4,ANTARCHILE,7053703.435045675
2017-11-24,2017Q4,IAM,1146386.2480148722
2017-11-24,2017Q4,INVERCAP,404945.93252776325
2017-11-24,2017Q4,QUINENCO,0.0
2017-11-25,2017Q4,ALMENDRAL,1044119.4939502376
2017-11-25,2017Q4,ANTARCHILE,7053703.435045675
2017-11-25,2017Q4,IAM,1146386.2480148722
2017-11-25,2017Q4,INVERCAP,404945.93252776325
2017-11-25,2017Q4,QUINENCO,0.0
2017-11-26,2017Q4,ALMENDRAL,1044119.4939502376
2017-11-26,2017Q4,ANTARCHILE,7053703.435045675
2017-11-26,2017Q4,IAM,1146386.2480148722
2017-11-26,2017Q4,INVERCAP,404945.93252776325
2017-11-26,2017Q4,QUINENCO,0.0
2017-11-27,2017Q4,ALMENDRAL,1041728.3045496708
2017-11-27,2017Q4,ANTARCHILE,6897437.193825214
2017-11-27,2017Q4,IAM,1141956.3642173638
2017-11-27,2017Q4,INVERCAP,393968.091238512
2017-11-27,2017Q4,QUINENCO,0.0
2017-11-28,2017Q4,ALMENDRAL,1033575.0129130164
2017-11-28,2017Q4,ANTARCHILE,7117631.697545636
2017-11-28,2017Q4,IAM,1153584.8091858227
2017-11-28,2017Q4,INVERCAP,398690.51172211295
2017-11-28,2017Q4,QUINENCO,0.0
2017-11-29,2017Q4,ALMENDRAL,1060343.049813805
2017-11-29,2017Q4,ANTARCHILE,7148659.110273245
2017-11-29,2017Q4,IAM,1149585.6085352947
2017-11-29,2017Q4,INVERCAP,391486.7093612967
2017-11-29,2017Q4,QUINENCO,0.0
2017-11-30,2017Q4,ALMENDRAL,1039154.4548476719
2017-11-30,2017Q4,ANTARCHILE,7107814.44042368
2017-11-30,2017Q4,IAM,1145463.355557058
2017-11-30,2017Q4,INVERCAP,392772.8706484397
2017-11-30,2017Q4,QUINENCO,0.0
2017-12-01,2017Q4,ALMENDRAL,1029324.0095342309
2017-12-01,2017Q4,ANTARCHILE,7055347.542814647
2017-12-01,2017Q4,IAM,1144386.647689608
2017-12-01,2017Q4,INVERCAP,418086.8632544823
2017-12-01,2017Q4,QUINENCO,0.0
2017-12-02,2017Q4,ALMENDRAL,1029324.0095342309
2017-12-02,2017Q4,ANTARCHILE,7055347.542814647
2017-12-02,2017Q4,IAM,1144386.647689608
2017-12-02,2017Q4,INVERCAP,418086.8632544823
2017-12-02,2017Q4,QUINENCO,0.0
2017-12-03,2017Q4,ALMENDRAL,1029324.0095342309
2017-12-03,2017Q4,ANTARCHILE,7055347.542814647
2017-12-03,2017Q4,IAM,1144386.647689608
2017-12-03,2017Q4,INVERCAP,418086.8632544823
2017-12-03,2017Q4,QUINENCO,0.0
2017-12-04,2017Q4,ALMENDRAL,1030934.7412832238
2017-12-04,2017Q4,ANTARCHILE,7073085.620066393
2017-12-04,2017Q4,IAM,1147647.534373885
2017-12-04,2017Q4,INVERCAP,420704.65617730375
2017-12-04,2017Q4,QUINENCO,0.0
2017-12-05,2017Q4,ALMENDRAL,1012901.1878872832
2017-12-05,2017Q4,ANTARCHILE,6814167.0427034125
2017-12-05,2017Q4,IAM,1141679.4964800198
2017-12-05,2017Q4,INVERCAP,397430.33349127584
2017-12-05,2017Q4,QUINENCO,0.0
2017-12-06,2017Q4,ALMENDRAL,1009795.9627629363
2017-12-06,2017Q4,ANTARCHILE,6619947.423024058
2017-12-06,2017Q4,IAM,1133065.8335404203
2017-12-06,2017Q4,INVERCAP,402224.20737971814
2017-12-06,2017Q4,QUINENCO,0.0
2017-12-07,2017Q4,ALMENDRAL,1022814.660610466
2017-12-07,2017Q4,ANTARCHILE,6720254.694636337
2017-12-07,2017Q4,IAM,1127959.1619405153
2017-12-07,2017Q4,INVERCAP,406271.0683993651
2017-12-07,2017Q4,QUINENCO,0.0
2017-12-08,2017Q4,ALMENDRAL,1022814.660610466
2017-12-08,2017Q4,ANTARCHILE,6720254.694636337
2017-12-08,2017Q4,IAM,1127959.1619405153
2017-12-08,2017Q4,INVERCAP,406271.0683993651
2017-12-08,2017Q4,QUINENCO,0.0
2017-12-09,2017Q4,ALMENDRAL,1022814.660610466
2017-12-09,2017Q4,ANTARCHILE,6720254.694636337
2017-12-09,2017Q4,IAM,1127959.1619405153
2017-12-09,2017Q4,INVERCAP,406271.0683993651
2017-12-09,2017Q4,QUINENCO,0.0
2017-12-10,2017Q4,ALMENDRAL,1022814.660610466
2017-12-10,2017Q4,ANTARCHILE,6720254.694636337
2017-12-10,2017Q4,IAM,1127959.1619405153
2017-12-10,2017Q4,INVERCAP,406271.0683993651
2017-12-10,2017Q4,QUINENCO,0.0
2017-12-11,2017Q4,ALMENDRAL,1044783.7132281729
2017-12-11,2017Q4,ANTARCHILE,7135976.636391918
2017-12-11,2017Q4,IAM,1140264.3947113713
2017-12-11,2017Q4,INVERCAP,411441.69660424325
2017-12-11,2017Q4,QUINENCO,0.0
2017-12-12,2017Q4,ALMENDRAL,1049881.5961863254
2017-12-12,2017Q4,ANTARCHILE,7148092.580659177
2017-12-12,2017Q4,IAM,1139095.3975981397
2017-12-12,2017Q4,INVERCAP,408226.2933863856
2017-12-12,2017Q4,QUINENCO,0.0
2017-12-13,2017Q4,ALMENDRAL,1079057.4279696292
2017-12-13,2017Q4,ANTARCHILE,7085098.417460272
2017-12-13,2017Q4,IAM,1157091.8005255167
2017-12-13,2017Q4,INVERCAP,412188.7094730384
2017-12-13,2017Q4,QUINENCO,0.0
2017-12-14,2017Q4,ALMENDRAL,1083325.0368303626
2017-12-14,2017Q4,ANTARCHILE,7304810.524101593
2017-12-14,2017Q4,IAM,1139833.7115643912
2017-12-14,2017Q4,INVERCAP,405355.16566458147
2017-12-14,2017Q4,QUINENCO,0.0
2017-12-15,2017Q4,ALMENDRAL,1100246.022935762
2017-12-15,2017Q4,ANTARCHILE,7576028.856566153
2017-12-15,2017Q4,IAM,1146570.8265064347
2017-12-15,2017Q4,INVERCAP,421542.6097431696
2017-12-15,2017Q4,QUINENCO,0.0
2017-12-16,2017Q4,ALMENDRAL,1100246.022935762
2017-12-16,2017Q4,ANTARCHILE,7576028.856566153
2017-12-16,2017Q4,IAM,1146570.8265064347
2017-12-16,2017Q4,INVERCAP,421542.6097431696
2017-12-16,2017Q4,QUINENCO,0.0
2017-12-17,2017Q4,ALMENDRAL,1100246.022935762
2017-12-17,2017Q4,ANTARCHILE,7576028.856566153
2017-12-17,2017Q4,IAM,1146570.8265064347
2017-12-17,2017Q4,INVERCAP,421542.6097431696
2017-12-17,2017Q4,QUINENCO,0.0
2017-12-18,2017Q4,ALMENDRAL,1162167.865121271
2017-12-18,2017Q4,ANTARCHILE,8136871.059494068
2017-12-18,2017Q4,IAM,1258609.9708850787
2017-12-18,2017Q4,INVERCAP,463869.0084655133
2017-12-18,2017Q4,QUINENCO,0.0
2017-12-19,2017Q4,ALMENDRAL,1153101.2719774556
2017-12-19,2017Q4,ANTARCHILE,7944348.555789764
2017-12-19,2017Q4,IAM,1219817.7245749552
2017-12-19,2017Q4,INVERCAP,485473.91978388577
2017-12-19,2017Q4,QUINENCO,0.0
2017-12-20,2017Q4,ALMENDRAL,1129521.487610756
2017-12-20,2017Q4,ANTARCHILE,7881500.894146943
2017-12-20,2017Q4,IAM,1231323.1172157056
2017-12-20,2017Q4,INVERCAP,490092.40804226306
2017-12-20,2017Q4,QUINENCO,0.0
2017-12-21,2017Q4,ALMENDRAL,1106091.1525815916
2017-12-21,2017Q4,ANTARCHILE,7752678.543700346
2017-12-21,2017Q4,IAM,1231077.0125602884
2017-12-21,2017Q4,INVERCAP,492450.3704020253
2017-12-21,2017Q4,QUINENCO,0.0
2017-12-22,2017Q4,ALMENDRAL,1145778.2544382198
2017-12-22,2017Q4,ANTARCHILE,7986924.901717183
2017-12-22,2017Q4,IAM,1238244.810649312
2017-12-22,2017Q4,INVERCAP,501466.49094017956
2017-12-22,2017Q4,QUINENCO,0.0
2017-12-23,2017Q4,ALMENDRAL,1145778.2544382198
2017-12-23,2017Q4,ANTARCHILE,7986924.901717183
2017-12-23,2017Q4,IAM,1238244.810649312
2017-12-23,2017Q4,INVERCAP,501466.49094017956
2017-12-23,2017Q4,QUINENCO,0.0
2017-12-24,2017Q4,ALMENDRAL,1145778.2544382198
2017-12-24,2017Q4,ANTARCHILE,7986924.901717183
2017-12-24,2017Q4,IAM,1238244.810649312
2017-12-24,2017Q4,INVERCAP,501466.49094017956
2017-12-24,2017Q4,QUINENCO,0.0
2017-12-25,2017Q4,ALMENDRAL,1145778.2544382198
2017-12-25,2017Q4,ANTARCHILE,7986924.901717183
2017-12-25,2017Q4,IAM,1238244.810649312
2017-12-25,2017Q4,INVERCAP,501466.49094017956
2017-12-25,2017Q4,QUINENCO,0.0
2017-12-26,2017Q4,ALMENDRAL,1138305.787561449
2017-12-26,2017Q4,ANTARCHILE,7994042.682300905
2017-12-26,2017Q4,IAM,1233907.2160975854
2017-12-26,2017Q4,INVERCAP,500173.83388895995
2017-12-26,2017Q4,QUINENCO,0.0
2017-12-27,2017Q4,ALMENDRAL,1144599.265219885
2017-12-27,2017Q4,ANTARCHILE,7894141.731232527
2017-12-27,2017Q4,IAM,1241505.697333589
2017-12-27,2017Q4,INVERCAP,504220.69490860705
2017-12-27,2017Q4,QUINENCO,0.0
2017-12-28,2017Q4,ALMENDRAL,1149547.6988405022
2017-12-28,2017Q4,ANTARCHILE,7987372.670311779
2017-12-28,2017Q4,IAM,1248550.443094904
2017-12-28,2017Q4,INVERCAP,509001.57726889633
2017-12-28,2017Q4,QUINENCO,0.0
2017-12-29,2017Q4,ALMENDRAL,1147986.7835373546
2017-12-29,2017Q4,ANTARCHILE,7940061.311499264
2017-12-29,2017Q4,IAM,1253287.9577116834
2017-12-29,2017Q4,INVERCAP,510560.56064725155
2017-12-29,2017Q4,QUINENCO,0.0
2017-12-30,2017Q4,ALMENDRAL,1147986.7835373546
2017-12-30,2017Q4,ANTARCHILE,7940061.311499264
2017-12-30,2017Q4,IAM,1253287.9577116834
2017-12-30,2017Q4,INVERCAP,510560.56064725155
2017-12-30,2017Q4,QUINENCO,0.0
2017-12-31,2017Q4,ALMENDRAL,1147986.7835373546
2017-12-31,2017Q4,ANTARCHILE,7940061.311499264
2017-12-31,2017Q4,IAM,1253287.9577116834
2017-12-31,2017Q4,INVERCAP,510560.56064725155
2017-12-31,2017Q4,QUINENCO,0.0
2018-01-01,2018Q1,ALMENDRAL,1147986.7835373546
2018-01-01,2018Q1,ANTARCHILE,7940061.311499264
2018-01-01,2018Q1,IAM,1253287.9577116834
2018-01-01,2018Q1,INVERCAP,510560.56064725155
2018-01-01,2018Q1,QUINENCO,0.0
2018-01-02,2018Q1,ALMENDRAL,1152154.7595063979
2018-01-02,2018Q1,ANTARCHILE,8038896.553676514
2018-01-02,2018Q1,IAM,1259071.4171139859
2018-01-02,2018Q1,INVERCAP,526098.4283181917
2018-01-02,2018Q1,QUINENCO,0.0
2018-01-03,2018Q1,ALMENDRAL,1151573.5676382044
2018-01-03,2018Q1,ANTARCHILE,7979644.455596204
2018-01-03,2018Q1,IAM,1254918.4010538221
2018-01-03,2018Q1,INVERCAP,510709.9632210106
2018-01-03,2018Q1,QUINENCO,0.0
2018-01-04,2018Q1,ALMENDRAL,1201854.9669778992
2018-01-04,2018Q1,ANTARCHILE,8011421.899663803
2018-01-04,2018Q1,IAM,1258117.7615742446
2018-01-04,2018Q1,INVERCAP,525065.6018300314
2018-01-04,2018Q1,QUINENCO,0.0
2018-01-05,2018Q1,ALMENDRAL,1205275.6962592655
2018-01-05,2018Q1,ANTARCHILE,8151904.610509993
2018-01-05,2018Q1,IAM,1266269.9782849366
2018-01-05,2018Q1,INVERCAP,527384.5896053348
2018-01-05,2018Q1,QUINENCO,0.0
2018-01-06,2018Q1,ALMENDRAL,1205275.6962592655
2018-01-06,2018Q1,ANTARCHILE,8151904.610509993
2018-01-06,2018Q1,IAM,1266269.9782849366
2018-01-06,2018Q1,INVERCAP,527384.5896053348
2018-01-06,2018Q1,QUINENCO,0.0
2018-01-07,2018Q1,ALMENDRAL,1205275.6962592655
2018-01-07,2018Q1,ANTARCHILE,8151904.610509993
2018-01-07,2018Q1,IAM,1266269.9782849366
2018-01-07,2018Q1,INVERCAP,527384.5896053348
2018-01-07,2018Q1,QUINENCO,0.0
2018-01-08,2018Q1,ALMENDRAL,1188437.737563608
2018-01-08,2018Q1,ANTARCHILE,8138137.738907569
2018-01-08,2018Q1,IAM,1275683.4813546415
2018-01-08,2018Q1,INVERCAP,532055.0439763238
2018-01-08,2018Q1,QUINENCO,0.0
2018-01-09,2018Q1,ALMENDRAL,1178275.1826111996
2018-01-09,2018Q1,ANTARCHILE,8083272.029982081
2018-01-09,2018Q1,IAM,1275898.8229281313
2018-01-09,2018Q1,INVERCAP,534880.7013495927
2018-01-09,2018Q1,QUINENCO,0.0
2018-01-10,2018Q1,ALMENDRAL,1175601.7000175104
2018-01-10,2018Q1,ANTARCHILE,7948557.937276402
2018-01-10,2018Q1,IAM,1264516.4826150897
2018-01-10,2018Q1,INVERCAP,528664.2551284013
2018-01-10,2018Q1,QUINENCO,0.0
2018-01-11,2018Q1,ALMENDRAL,1170238.1293481837
2018-01-11,2018Q1,ANTARCHILE,8074810.016289391
2018-01-11,2018Q1,IAM,1267777.3692993666
2018-01-11,2018Q1,INVERCAP,534965.146282587
2018-01-11,2018Q1,QUINENCO,0.0
2018-01-12,2018Q1,ALMENDRAL,1176000.2315842716
2018-01-12,2018Q1,ANTARCHILE,8137230.143709551
2018-01-12,2018Q1,IAM,1274145.3272582847
2018-01-12,2018Q1,INVERCAP,533094.3662285606
2018-01-12,2018Q1,QUINENCO,0.0
2018-01-13,2018Q1,ALMENDRAL,1176000.2315842716
2018-01-13,2018Q1,ANTARCHILE,8137230.143709551
2018-01-13,2018Q1,IAM,1274145.3272582847
2018-01-13,2018Q1,INVERCAP,533094.3662285606
2018-01-13,2018Q1,QUINENCO,0.0
2018-01-14,2018Q1,ALMENDRAL,1176000.2315842716
2018-01-14,2018Q1,ANTARCHILE,8137230.143709551
2018-01-14,2018Q1,IAM,1274145.3272582847
2018-01-14,2018Q1,INVERCAP,533094.3662285606
2018-01-14,2018Q1,QUINENCO,0.0
2018-01-15,2018Q1,ALMENDRAL,1178989.2183349798
2018-01-15,2018Q1,ANTARCHILE,8096496.419606386
2018-01-15,2018Q1,IAM,1273191.6717185432
2018-01-15,2018Q1,INVERCAP,532665.645799513
2018-01-15,2018Q1,QUINENCO,0.0
2018-01-16,2018Q1,ALMENDRAL,1178989.2183349798
2018-01-16,2018Q1,ANTARCHILE,8096496.419606386
2018-01-16,2018Q1,IAM,1273191.6717185432
2018-01-16,2018Q1,INVERCAP,532665.645799513
2018-01-16,2018Q1,QUINENCO,0.0
2018-01-17,2018Q1,ALMENDRAL,1199829.0981801967
2018-01-17,2018Q1,ANTARCHILE,8087206.082298106
2018-01-17,2018Q1,IAM,1270976.7298197888
2018-01-17,2018Q1,INVERCAP,525851.5892832854
2018-01-17,2018Q1,QUINENCO,0.0
2018-01-18,2018Q1,ALMENDRAL,1219473.3833251304
2018-01-18,2018Q1,ANTARCHILE,8331321.228482712
2018-01-18,2018Q1,IAM,1276144.9275835485
2018-01-18,2018Q1,INVERCAP,523032.4276740931
2018-01-18,2018Q1,QUINENCO,0.0
2018-01-19,2018Q1,ALMENDRAL,1221814.7562798518
2018-01-19,2018Q1,ANTARCHILE,8559511.340452908
2018-01-19,2018Q1,IAM,1264824.113434361
2018-01-19,2018Q1,INVERCAP,523532.6015079822
2018-01-19,2018Q1,QUINENCO,0.0
2018-01-20,2018Q1,ALMENDRAL,1221814.7562798518
2018-01-20,2018Q1,ANTARCHILE,8559511.340452908
2018-01-20,2018Q1,IAM,1264824.113434361
2018-01-20,2018Q1,INVERCAP,523532.6015079822
2018-01-20,2018Q1,QUINENCO,0.0
2018-01-21,2018Q1,ALMENDRAL,1221814.7562798518
2018-01-21,2018Q1,ANTARCHILE,8559511.340452908
2018-01-21,2018Q1,IAM,1264824.113434361
2018-01-21,2018Q1,INVERCAP,523532.6015079822
2018-01-21,2018Q1,QUINENCO,0.0
2018-01-22,2018Q1,ALMENDRAL,1212050.7328942046
2018-01-22,2018Q1,ANTARCHILE,8370085.959614188
2018-01-22,2018Q1,IAM,1273130.145554689
2018-01-22,2018Q1,INVERCAP,527313.1362004936
2018-01-22,2018Q1,QUINENCO,0.0
2018-01-23,2018Q1,ALMENDRAL,1211768.439701082
2018-01-23,2018Q1,ANTARCHILE,8137930.43027239
2018-01-23,2018Q1,IAM,1265008.6919259238
2018-01-23,2018Q1,INVERCAP,505344.46209383814
2018-01-23,2018Q1,QUINENCO,0.0
2018-01-24,2018Q1,ALMENDRAL,1202319.9204724538
2018-01-24,2018Q1,ANTARCHILE,8175354.123342123
2018-01-24,2018Q1,IAM,1234953.1608831082
2018-01-24,2018Q1,INVERCAP,512678.179736184
2018-01-24,2018Q1,QUINENCO,0.0
2018-01-25,2018Q1,ALMENDRAL,1192987.6396174645
2018-01-25,2018Q1,ANTARCHILE,8130256.958049909
2018-01-25,2018Q1,IAM,1234153.3207530023
2018-01-25,2018Q1,INVERCAP,514165.70970969787
2018-01-25,2018Q1,QUINENCO,0.0
2018-01-26,2018Q1,ALMENDRAL,1215969.6266340222
2018-01-26,2018Q1,ANTARCHILE,8314157.736844798
2018-01-26,2018Q1,IAM,1242428.5897914032
2018-01-26,2018Q1,INVERCAP,511450.4803257293
2018-01-26,2018Q1,QUINENCO,0.0
2018-01-27,2018Q1,ALMENDRAL,1215969.6266340222
2018-01-27,2018Q1,ANTARCHILE,8314157.736844798
2018-01-27,2018Q1,IAM,1242428.5897914032
2018-01-27,2018Q1,INVERCAP,511450.4803257293
2018-01-27,2018Q1,QUINENCO,0.0
2018-01-28,2018Q1,ALMENDRAL,1215969.6266340222
2018-01-28,2018Q1,ANTARCHILE,8314157.736844798
2018-01-28,2018Q1,IAM,1242428.5897914032
2018-01-28,2018Q1,INVERCAP,511450.4803257293
2018-01-28,2018Q1,QUINENCO,0.0
2018-01-29,2018Q1,ALMENDRAL,1222927.3235703935
2018-01-29,2018Q1,ANTARCHILE,8506585.475183932
2018-01-29,2018Q1,IAM,1249534.8617165724
2018-01-29,2018Q1,INVERCAP,513594.0824709678
2018-01-29,2018Q1,QUINENCO,0.0
2018-01-30,2018Q1,ALMENDRAL,1226813.0063463142
2018-01-30,2018Q1,ANTARCHILE,8531413.901591182
2018-01-30,2018Q1,IAM,1244428.1901166672
2018-01-30,2018Q1,INVERCAP,512431.3407012778
2018-01-30,2018Q1,QUINENCO,0.0
2018-01-31,2018Q1,ALMENDRAL,1199281.1172759002
2018-01-31,2018Q1,ANTARCHILE,8550992.934761867
2018-01-31,2018Q1,IAM,1248827.3108322483
2018-01-31,2018Q1,INVERCAP,509852.5223629153
2018-01-31,2018Q1,QUINENCO,0.0
2018-02-01,2018Q1,ALMENDRAL,1208048.811744645
2018-02-01,2018Q1,ANTARCHILE,8504916.529217236
2018-02-01,2018Q1,IAM,1255810.530429709
2018-02-01,2018Q1,INVERCAP,525988.0003288916
2018-02-01,2018Q1,QUINENCO,0.0
2018-02-02,2018Q1,ALMENDRAL,1211718.623255237
2018-02-02,2018Q1,ANTARCHILE,8512875.172878755
2018-02-02,2018Q1,IAM,1249227.230897301
2018-02-02,2018Q1,INVERCAP,516815.98145290173
2018-02-02,2018Q1,QUINENCO,0.0
2018-02-03,2018Q1,ALMENDRAL,1211718.623255237
2018-02-03,2018Q1,ANTARCHILE,8512875.172878755
2018-02-03,2018Q1,IAM,1249227.230897301
2018-02-03,2018Q1,INVERCAP,516815.98145290173
2018-02-03,2018Q1,QUINENCO,0.0
2018-02-04,2018Q1,ALMENDRAL,1211718.623255237
2018-02-04,2018Q1,ANTARCHILE,8512875.172878755
2018-02-04,2018Q1,IAM,1249227.230897301
2018-02-04,2018Q1,INVERCAP,516815.98145290173
2018-02-04,2018Q1,QUINENCO,0.0
2018-02-05,2018Q1,ALMENDRAL,1182210.6818329657
2018-02-05,2018Q1,ANTARCHILE,8336357.472824732
2018-02-05,2018Q1,IAM,1238152.5214035308
2018-02-05,2018Q1,INVERCAP,517134.2738926494
2018-02-05,2018Q1,QUINENCO,0.0
2018-02-06,2018Q1,ALMENDRAL,1169989.0471189579
2018-02-06,2018Q1,ANTARCHILE,8260730.04708662
2018-02-06,2018Q1,IAM,1227047.048827833
2018-02-06,2018Q1,INVERCAP,523383.19893422304
2018-02-06,2018Q1,QUINENCO,0.0
2018-02-07,2018Q1,ALMENDRAL,1195511.672873618
2018-02-07,2018Q1,ANTARCHILE,8344212.0586877465
2018-02-07,2018Q1,IAM,1230369.461675964
2018-02-07,2018Q1,INVERCAP,524922.6950203489
2018-02-07,2018Q1,QUINENCO,0.0
2018-02-08,2018Q1,ALMENDRAL,1174588.7656186593
2018-02-08,2018Q1,ANTARCHILE,8140591.533443809
2018-02-08,2018Q1,IAM,1226985.522663979
2018-02-08,2018Q1,INVERCAP,519972.9227940711
2018-02-08,2018Q1,QUINENCO,0.0
2018-02-09,2018Q1,ALMENDRAL,1138920.190393539
2018-02-09,2018Q1,ANTARCHILE,8073087.082809789
2018-02-09,2018Q1,IAM,1193607.578773032
2018-02-09,2018Q1,INVERCAP,525747.6570580618
2018-02-09,2018Q1,QUINENCO,0.0
2018-02-10,2018Q1,ALMENDRAL,1138920.190393539
2018-02-10,2018Q1,ANTARCHILE,8073087.082809789
2018-02-10,2018Q1,IAM,1193607.578773032
2018-02-10,2018Q1,INVERCAP,525747.6570580618
2018-02-10,2018Q1,QUINENCO,0.0
2018-02-11,2018Q1,ALMENDRAL,1138920.190393539
2018-02-11,2018Q1,ANTARCHILE,8073087.082809789
2018-02-11,2018Q1,IAM,1193607.578773032
2018-02-11,2018Q1,INVERCAP,525747.6570580618
2018-02-11,2018Q1,QUINENCO,0.0
2018-02-12,2018Q1,ALMENDRAL,1137492.1189459783
2018-02-12,2018Q1,ANTARCHILE,8008456.695496685
2018-02-12,2018Q1,IAM,1194222.8404115748
2018-02-12,2018Q1,INVERCAP,530002.3825281562
2018-02-12,2018Q1,QUINENCO,0.0
2018-02-13,2018Q1,ALMENDRAL,1138505.0533448295
2018-02-13,2018Q1,ANTARCHILE,7804064.977215641
2018-02-13,2018Q1,IAM,1182532.8692792614
2018-02-13,2018Q1,INVERCAP,526799.9708384515
2018-02-13,2018Q1,QUINENCO,0.0
2018-02-14,2018Q1,ALMENDRAL,1131979.098939116
2018-02-14,2018Q1,ANTARCHILE,7955619.823715216
2018-02-14,2018Q1,IAM,1203421.0019077896
2018-02-14,2018Q1,INVERCAP,529391.7807049671
2018-02-14,2018Q1,QUINENCO,0.0
2018-02-15,2018Q1,ALMENDRAL,1148534.764441651
2018-02-15,2018Q1,ANTARCHILE,8128880.380578537
2018-02-15,2018Q1,IAM,1229108.1753169515
2018-02-15,2018Q1,INVERCAP,548573.7720228126
2018-02-15,2018Q1,QUINENCO,0.0
2018-02-16,2018Q1,ALMENDRAL,1137807.6231029977
2018-02-16,2018Q1,ANTARCHILE,8053987.801506066
2018-02-16,2018Q1,IAM,1240921.1987769732
2018-02-16,2018Q1,INVERCAP,540915.2661766426
2018-02-16,2018Q1,QUINENCO,0.0
2018-02-17,2018Q1,ALMENDRAL,1137807.6231029977
2018-02-17,2018Q1,ANTARCHILE,8053987.801506066
2018-02-17,2018Q1,IAM,1240921.1987769732
2018-02-17,2018Q1,INVERCAP,540915.2661766426
2018-02-17,2018Q1,QUINENCO,0.0
2018-02-18,2018Q1,ALMENDRAL,1137807.6231029977
2018-02-18,2018Q1,ANTARCHILE,8053987.801506066
2018-02-18,2018Q1,IAM,1240921.1987769732
2018-02-18,2018Q1,INVERCAP,540915.2661766426
2018-02-18,2018Q1,QUINENCO,0.0
2018-02-19,2018Q1,ALMENDRAL,1162782.267953361
2018-02-19,2018Q1,ANTARCHILE,7899515.039149438
2018-02-19,2018Q1,IAM,1231015.4863964343
2018-02-19,2018Q1,INVERCAP,542649.6351850628
2018-02-19,2018Q1,QUINENCO,0.0
2018-02-20,2018Q1,ALMENDRAL,1188537.3704552983
2018-02-20,2018Q1,ANTARCHILE,8155066.077410404
2018-02-20,2018Q1,IAM,1215603.182350937
2018-02-20,2018Q1,INVERCAP,559116.3971189396
2018-02-20,2018Q1,QUINENCO,0.0
2018-02-21,2018Q1,ALMENDRAL,1232724.5579199377
2018-02-21,2018Q1,ANTARCHILE,8145025.708762133
2018-02-21,2018Q1,IAM,1220648.327786988
2018-02-21,2018Q1,INVERCAP,567437.4709009103
2018-02-21,2018Q1,QUINENCO,0.0
2018-02-22,2018Q1,ALMENDRAL,1205923.3100552522
2018-02-22,2018Q1,ANTARCHILE,8160212.821627025
2018-02-22,2018Q1,IAM,1225847.2886326748
2018-02-22,2018Q1,INVERCAP,555900.993901082
2018-02-22,2018Q1,QUINENCO,0.0
2018-02-23,2018Q1,ALMENDRAL,1219340.5394695434
2018-02-23,2018Q1,ANTARCHILE,8141157.874312827
2018-02-23,2018Q1,IAM,1231907.6157723211
2018-02-23,2018Q1,INVERCAP,561396.410309784
2018-02-23,2018Q1,QUINENCO,0.0
2018-02-24,2018Q1,ALMENDRAL,1219340.5394695434
2018-02-24,2018Q1,ANTARCHILE,8141157.874312827
2018-02-24,2018Q1,IAM,1231907.6157723211
2018-02-24,2018Q1,INVERCAP,561396.410309784
2018-02-24,2018Q1,QUINENCO,0.0
2018-02-25,2018Q1,ALMENDRAL,1219340.5394695434
2018-02-25,2018Q1,ANTARCHILE,8141157.874312827
2018-02-25,2018Q1,IAM,1231907.6157723211
2018-02-25,2018Q1,INVERCAP,561396.410309784
2018-02-25,2018Q1,QUINENCO,0.0
2018-02-26,2018Q1,ALMENDRAL,1198533.8705882232
2018-02-26,2018Q1,ANTARCHILE,7915832.618011966
2018-02-26,2018Q1,IAM,1221355.8786713122
2018-02-26,2018Q1,INVERCAP,565170.449238219
2018-02-26,2018Q1,QUINENCO,0.0
2018-02-27,2018Q1,ALMENDRAL,1181430.2241813918
2018-02-27,2018Q1,ANTARCHILE,7789848.362004914
2018-02-27,2018Q1,IAM,1220617.5647050608
2018-02-27,2018Q1,INVERCAP,552094.4761522646
2018-02-27,2018Q1,QUINENCO,0.0
2018-02-28,2018Q1,ALMENDRAL,1170703.0828427384
2018-02-28,2018Q1,ANTARCHILE,7862859.396051231
2018-02-28,2018Q1,IAM,1222924.7958495962
2018-02-28,2018Q1,INVERCAP,551159.0861252515
2018-02-28,2018Q1,QUINENCO,0.0
2018-03-01,2018Q1,ALMENDRAL,1155708.3326433513
2018-03-01,2018Q1,ANTARCHILE,7762429.068702084
2018-03-01,2018Q1,IAM,1216833.7056280228
2018-03-01,2018Q1,INVERCAP,520213.26606490085
2018-03-01,2018Q1,QUINENCO,0.0
2018-03-02,2018Q1,ALMENDRAL,1195993.231850121
2018-03-02,2018Q1,ANTARCHILE,7804957.439720955
2018-03-02,2018Q1,IAM,1226277.9717796547
2018-03-02,2018Q1,INVERCAP,504428.55935905443
2018-03-02,2018Q1,QUINENCO,0.0
2018-03-03,2018Q1,ALMENDRAL,1195993.231850121
2018-03-03,2018Q1,ANTARCHILE,7804957.439720955
2018-03-03,2018Q1,IAM,1226277.9717796547
2018-03-03,2018Q1,INVERCAP,504428.55935905443
2018-03-03,2018Q1,QUINENCO,0.0
2018-03-04,2018Q1,ALMENDRAL,1195993.231850121
2018-03-04,2018Q1,ANTARCHILE,7804957.439720955
2018-03-04,2018Q1,IAM,1226277.9717796547
2018-03-04,2018Q1,INVERCAP,504428.55935905443
2018-03-04,2018Q1,QUINENCO,0.0
2018-03-05,2018Q1,ALMENDRAL,1200626.161313719
2018-03-05,2018Q1,ANTARCHILE,7890517.551789865
2018-03-05,2018Q1,IAM,1230000.3046928386
2018-03-05,2018Q1,INVERCAP,475756.25672547176
2018-03-05,2018Q1,QUINENCO,0.0
2018-03-06,2018Q1,ALMENDRAL,1176896.927609484
2018-03-06,2018Q1,ANTARCHILE,7934361.504455967
2018-03-06,2018Q1,IAM,1232122.9573458112
2018-03-06,2018Q1,INVERCAP,486915.97940886434
2018-03-06,2018Q1,QUINENCO,0.0
2018-03-07,2018Q1,ALMENDRAL,1178956.0073710831
2018-03-07,2018Q1,ANTARCHILE,7869926.006679176
2018-03-07,2018Q1,IAM,1223663.1098158476
2018-03-07,2018Q1,INVERCAP,481407.5714720093
2018-03-07,2018Q1,QUINENCO,0.0
2018-03-08,2018Q1,ALMENDRAL,1180533.5281561795
2018-03-08,2018Q1,ANTARCHILE,7900149.143427142
2018-03-08,2018Q1,IAM,1229446.56921815
2018-03-08,2018Q1,INVERCAP,480959.36375073215
2018-03-08,2018Q1,QUINENCO,0.0
2018-03-09,2018Q1,ALMENDRAL,1178607.292250167
2018-03-09,2018Q1,ANTARCHILE,8055141.7489045095
2018-03-09,2018Q1,IAM,1242582.4052010388
2018-03-09,2018Q1,INVERCAP,484272.20342973695
2018-03-09,2018Q1,QUINENCO,0.0
2018-03-10,2018Q1,ALMENDRAL,1178607.292250167
2018-03-10,2018Q1,ANTARCHILE,8055141.7489045095
2018-03-10,2018Q1,IAM,1242582.4052010388
2018-03-10,2018Q1,INVERCAP,484272.20342973695
2018-03-10,2018Q1,QUINENCO,0.0
2018-03-11,2018Q1,ALMENDRAL,1178607.292250167
2018-03-11,2018Q1,ANTARCHILE,8055141.7489045095
2018-03-11,2018Q1,IAM,1242582.4052010388
2018-03-11,2018Q1,INVERCAP,484272.20342973695
2018-03-11,2018Q1,QUINENCO,0.0
2018-03-12,2018Q1,ALMENDRAL,1184103.7067750809
2018-03-12,2018Q1,ANTARCHILE,7963673.473468596
2018-03-12,2018Q1,IAM,1240982.7249408276
2018-03-12,2018Q1,INVERCAP,475028.7311489059
2018-03-12,2018Q1,QUINENCO,0.0
2018-03-13,2018Q1,ALMENDRAL,1160291.445661104
2018-03-13,2018Q1,ANTARCHILE,8015301.294268492
2018-03-13,2018Q1,IAM,1240736.6202854104
2018-03-13,2018Q1,INVERCAP,473638.6376365392
2018-03-13,2018Q1,QUINENCO,0.0
2018-03-14,2018Q1,ALMENDRAL,1149381.6440210184
2018-03-14,2018Q1,ANTARCHILE,7959109.30248387
2018-03-14,2018Q1,IAM,1223540.0574881393
2018-03-14,2018Q1,INVERCAP,495613.80750727106
2018-03-14,2018Q1,QUINENCO,0.0
2018-03-15,2018Q1,ALMENDRAL,1139933.1247923903
2018-03-15,2018Q1,ANTARCHILE,7894437.467120067
2018-03-15,2018Q1,IAM,1215080.2099581757
2018-03-15,2018Q1,INVERCAP,486987.43281370564
2018-03-15,2018Q1,QUINENCO,0.0
2018-03-16,2018Q1,ALMENDRAL,1141942.388108144
2018-03-16,2018Q1,ANTARCHILE,7959310.650496336
2018-03-16,2018Q1,IAM,1210188.8799317603
2018-03-16,2018Q1,INVERCAP,484947.7628936909
2018-03-16,2018Q1,QUINENCO,0.0
2018-03-17,2018Q1,ALMENDRAL,1141942.388108144
2018-03-17,2018Q1,ANTARCHILE,7959310.650496336
2018-03-17,2018Q1,IAM,1210188.8799317603
2018-03-17,2018Q1,INVERCAP,484947.7628936909
2018-03-17,2018Q1,QUINENCO,0.0
2018-03-18,2018Q1,ALMENDRAL,1141942.388108144
2018-03-18,2018Q1,ANTARCHILE,7959310.650496336
2018-03-18,2018Q1,IAM,1210188.8799317603
2018-03-18,2018Q1,INVERCAP,484947.7628936909
2018-03-18,2018Q1,QUINENCO,0.0
2018-03-19,2018Q1,ALMENDRAL,1134669.187014754
2018-03-19,2018Q1,ANTARCHILE,7895347.157695137
2018-03-19,2018Q1,IAM,1207850.8857052978
2018-03-19,2018Q1,INVERCAP,481472.5291127741
2018-03-19,2018Q1,QUINENCO,0.0
2018-03-20,2018Q1,ALMENDRAL,1140364.867323048
2018-03-20,2018Q1,ANTARCHILE,7781888.120819781
2018-03-20,2018Q1,IAM,1202805.740269247
2018-03-20,2018Q1,INVERCAP,474002.4004248222
2018-03-20,2018Q1,QUINENCO,0.0
2018-03-21,2018Q1,ALMENDRAL,1141942.388108144
2018-03-21,2018Q1,ANTARCHILE,7723932.228958245
2018-03-21,2018Q1,IAM,1207020.282493265
2018-03-21,2018Q1,INVERCAP,478900.20653848804
2018-03-21,2018Q1,QUINENCO,0.0
2018-03-22,2018Q1,ALMENDRAL,1129737.358876085
2018-03-22,2018Q1,ANTARCHILE,7667066.523095528
2018-03-22,2018Q1,IAM,1205758.9961342523
2018-03-22,2018Q1,INVERCAP,464278.2416023315
2018-03-22,2018Q1,QUINENCO,0.0
2018-03-23,2018Q1,ALMENDRAL,1124124.7059775325
2018-03-23,2018Q1,ANTARCHILE,7625222.996838396
2018-03-23,2018Q1,IAM,1209942.7752763433
2018-03-23,2018Q1,INVERCAP,462524.38530168193
2018-03-23,2018Q1,QUINENCO,0.0
2018-03-24,2018Q1,ALMENDRAL,1124124.7059775325
2018-03-24,2018Q1,ANTARCHILE,7625222.996838396
2018-03-24,2018Q1,IAM,1209942.7752763433
2018-03-24,2018Q1,INVERCAP,462524.38530168193
2018-03-24,2018Q1,QUINENCO,0.0
2018-03-25,2018Q1,ALMENDRAL,1124124.7059775325
2018-03-25,2018Q1,ANTARCHILE,7625222.996838396
2018-03-25,2018Q1,IAM,1209942.7752763433
2018-03-25,2018Q1,INVERCAP,462524.38530168193
2018-03-25,2018Q1,QUINENCO,0.0
2018-03-26,2018Q1,ALMENDRAL,1122547.1851924364
2018-03-26,2018Q1,ANTARCHILE,7633163.690250085
2018-03-26,2018Q1,IAM,1202928.7925969553
2018-03-26,2018Q1,INVERCAP,453170.4850315507
2018-03-26,2018Q1,QUINENCO,0.0
2018-03-27,2018Q1,ALMENDRAL,1126499.2898961506
2018-03-27,2018Q1,ANTARCHILE,7722045.15278112
2018-03-27,2018Q1,IAM,1204928.3929222196
2018-03-27,2018Q1,INVERCAP,443420.3431527543
2018-03-27,2018Q1,QUINENCO,0.0
2018-03-28,2018Q1,ALMENDRAL,1129156.1670078915
2018-03-28,2018Q1,ANTARCHILE,7740416.66411214
2018-03-28,2018Q1,IAM,1206035.8638715968
2018-03-28,2018Q1,INVERCAP,430039.0691552055
2018-03-28,2018Q1,QUINENCO,0.0
2018-03-29,2018Q1,ALMENDRAL,1150444.3948657147
2018-03-29,2018Q1,ANTARCHILE,7758949.295438454
2018-03-29,2018Q1,IAM,1208466.1473438405
2018-03-29,2018Q1,INVERCAP,445284.62744270405
2018-03-29,2018Q1,QUINENCO,0.0
2018-03-30,2018Q1,ALMENDRAL,1150444.3948657147
2018-03-30,2018Q1,ANTARCHILE,7758949.295438454
2018-03-30,2018Q1,IAM,1208466.1473438405
2018-03-30,2018Q1,INVERCAP,445284.62744270405
2018-03-30,2018Q1,QUINENCO,0.0
2018-03-31,2018Q1,ALMENDRAL,1150444.3948657147
2018-03-31,2018Q1,ANTARCHILE,7758949.295438454
2018-03-31,2018Q1,IAM,1208466.1473438405
2018-03-31,2018Q1,INVERCAP,445284.62744270405
2018-03-31,2018Q1,QUINENCO,0.0
2018-04-01,2018Q2,ALMENDRAL,1150444.3948657147
2018-04-01,2018Q2,ANTARCHILE,7758949.295438454
2018-04-01,2018Q2,IAM,1208466.1473438405
2018-04-01,2018Q2,INVERCAP,445284.62744270405
2018-04-01,2018Q2,QUINENCO,0.0
2018-04-02,2018Q2,ALMENDRAL,1154529.3434250162
2018-04-02,2018Q2,ANTARCHILE,7707608.432346256
2018-04-02,2018Q2,IAM,1211942.3756016074
2018-04-02,2018Q2,INVERCAP,430597.7048657827
2018-04-02,2018Q2,QUINENCO,0.0
2018-04-03,2018Q2,ALMENDRAL,1187889.7566593117
2018-04-03,2018Q2,ANTARCHILE,7793688.146809212
2018-04-03,2018Q2,IAM,1207881.648787225
2018-04-03,2018Q2,INVERCAP,424725.5341406448
2018-04-03,2018Q2,QUINENCO,0.0
2018-04-04,2018Q2,ALMENDRAL,1182310.314724656
2018-04-04,2018Q2,ANTARCHILE,7848616.03601077
2018-04-04,2018Q2,IAM,1206897.2301655565
2018-04-04,2018Q2,INVERCAP,413598.2902776346
2018-04-04,2018Q2,QUINENCO,0.0
2018-04-05,2018Q2,ALMENDRAL,1182874.9011109008
2018-04-05,2018Q2,ANTARCHILE,7990288.988645224
2018-04-05,2018Q2,IAM,1213234.425042547
2018-04-05,2018Q2,INVERCAP,438535.52856724133
2018-04-05,2018Q2,QUINENCO,0.0
2018-04-06,2018Q2,ALMENDRAL,1187790.1237676213
2018-04-06,2018Q2,ANTARCHILE,7938241.380514039
2018-04-06,2018Q2,IAM,1218402.622806307
2018-04-06,2018Q2,INVERCAP,422081.7581615175
2018-04-06,2018Q2,QUINENCO,0.0
2018-04-07,2018Q2,ALMENDRAL,1187790.1237676213
2018-04-07,2018Q2,ANTARCHILE,7938241.380514039
2018-04-07,2018Q2,IAM,1218402.622806307
2018-04-07,2018Q2,INVERCAP,422081.7581615175
2018-04-07,2018Q2,QUINENCO,0.0
2018-04-08,2018Q2,ALMENDRAL,1187790.1237676213
2018-04-08,2018Q2,ANTARCHILE,7938241.380514039
2018-04-08,2018Q2,IAM,1218402.622806307
2018-04-08,2018Q2,INVERCAP,422081.7581615175
2018-04-08,2018Q2,QUINENCO,0.0
2018-04-09,2018Q2,ALMENDRAL,1172895.0064599244
2018-04-09,2018Q2,ANTARCHILE,7848957.410703114
2018-04-09,2018Q2,IAM,1217387.4411027113
2018-04-09,2018Q2,INVERCAP,435820.29918327264
2018-04-09,2018Q2,QUINENCO,0.0
2018-04-10,2018Q2,ALMENDRAL,1178590.6867682189
2018-04-10,2018Q2,ANTARCHILE,7836071.441450619
2018-04-10,2018Q2,IAM,1238152.5214035308
2018-04-10,2018Q2,INVERCAP,443920.5169866432
2018-04-10,2018Q2,QUINENCO,0.0
2018-04-11,2018Q2,ALMENDRAL,1182891.5065928493
2018-04-11,2018Q2,ANTARCHILE,7912001.009570779
2018-04-11,2018Q2,IAM,1240736.6202854104
2018-04-11,2018Q2,INVERCAP,442647.3472276531
2018-04-11,2018Q2,QUINENCO,0.0
2018-04-12,2018Q2,ALMENDRAL,1186926.6387063055
2018-04-12,2018Q2,ANTARCHILE,7913943.378076085
2018-04-12,2018Q2,IAM,1230277.1724301828
2018-04-12,2018Q2,INVERCAP,452657.3196695088
2018-04-12,2018Q2,QUINENCO,0.0
2018-04-13,2018Q2,ALMENDRAL,1187441.4086467053
2018-04-13,2018Q2,ANTARCHILE,7914985.039331266
2018-04-13,2018Q2,IAM,1217725.8350039097
2018-04-13,2018Q2,INVERCAP,452365.0102860672
2018-04-13,2018Q2,QUINENCO,0.0
2018-04-14,2018Q2,ALMENDRAL,1187441.4086467053
2018-04-14,2018Q2,ANTARCHILE,7914985.039331266
2018-04-14,2018Q2,IAM,1217725.8350039097
2018-04-14,2018Q2,INVERCAP,452365.0102860672
2018-04-14,2018Q2,QUINENCO,0.0
2018-04-15,2018Q2,ALMENDRAL,1187441.4086467053
2018-04-15,2018Q2,ANTARCHILE,7914985.039331266
2018-04-15,2018Q2,IAM,1217725.8350039097
2018-04-15,2018Q2,INVERCAP,452365.0102860672
2018-04-15,2018Q2,QUINENCO,0.0
2018-04-16,2018Q2,ALMENDRAL,1187341.7757550152
2018-04-16,2018Q2,ANTARCHILE,7865719.8722214075
2018-04-16,2018Q2,IAM,1215141.73612203
2018-04-16,2018Q2,INVERCAP,444810.43666512094
2018-04-16,2018Q2,QUINENCO,0.0
2018-04-17,2018Q2,ALMENDRAL,1185166.4576197772
2018-04-17,2018Q2,ANTARCHILE,7988560.198506201
2018-04-17,2018Q2,IAM,1217695.0719219826
2018-04-17,2018Q2,INVERCAP,458367.0962927348
2018-04-17,2018Q2,QUINENCO,0.0
2018-04-18,2018Q2,ALMENDRAL,1193751.4917870897
2018-04-18,2018Q2,ANTARCHILE,8159034.380720836
2018-04-18,2018Q2,IAM,1216495.3117268241
2018-04-18,2018Q2,INVERCAP,483271.8557619591
2018-04-18,2018Q2,QUINENCO,0.0
2018-04-19,2018Q2,ALMENDRAL,1208596.7926489415
2018-04-19,2018Q2,ANTARCHILE,8180032.246375426
2018-04-19,2018Q2,IAM,1230461.7509217458
2018-04-19,2018Q2,INVERCAP,479296.44814715337
2018-04-19,2018Q2,QUINENCO,0.0
2018-04-20,2018Q2,ALMENDRAL,1221383.013749194
2018-04-20,2018Q2,ANTARCHILE,8135743.599798608
2018-04-20,2018Q2,IAM,1237168.1027818623
2018-04-20,2018Q2,INVERCAP,485519.39013242116
2018-04-20,2018Q2,QUINENCO,0.0
2018-04-21,2018Q2,ALMENDRAL,1221383.013749194
2018-04-21,2018Q2,ANTARCHILE,8135743.599798608
2018-04-21,2018Q2,IAM,1237168.1027818623
2018-04-21,2018Q2,INVERCAP,485519.39013242116
2018-04-21,2018Q2,QUINENCO,0.0
2018-04-22,2018Q2,ALMENDRAL,1221383.013749194
2018-04-22,2018Q2,ANTARCHILE,8135743.599798608
2018-04-22,2018Q2,IAM,1237168.1027818623
2018-04-22,2018Q2,INVERCAP,485519.39013242116
2018-04-22,2018Q2,QUINENCO,0.0
2018-04-23,2018Q2,ALMENDRAL,1213744.4920529395
2018-04-23,2018Q2,ANTARCHILE,8181764.472288365
2018-04-23,2018Q2,IAM,1243166.9037576546
2018-04-23,2018Q2,INVERCAP,473248.8917919504
2018-04-23,2018Q2,QUINENCO,0.0
2018-04-24,2018Q2,ALMENDRAL,1214607.9771142548
2018-04-24,2018Q2,ANTARCHILE,8179387.063395719
2018-04-24,2018Q2,IAM,1238952.3615336362
2018-04-24,2018Q2,INVERCAP,455580.41350392485
2018-04-24,2018Q2,QUINENCO,0.0
2018-04-25,2018Q2,ALMENDRAL,1195229.3796804957
2018-04-25,2018Q2,ANTARCHILE,8181501.630598314
2018-04-25,2018Q2,IAM,1236645.1303891009
2018-04-25,2018Q2,INVERCAP,460731.5544165735
2018-04-25,2018Q2,QUINENCO,0.0
2018-04-26,2018Q2,ALMENDRAL,1198998.8240827778
2018-04-26,2018Q2,ANTARCHILE,8194047.324828637
2018-04-26,2018Q2,IAM,1242766.9836926018
2018-04-26,2018Q2,INVERCAP,465603.3774739335
2018-04-26,2018Q2,QUINENCO,0.0
2018-04-27,2018Q2,ALMENDRAL,1199895.5201079904
2018-04-27,2018Q2,ANTARCHILE,8224287.0030478705
2018-04-27,2018Q2,IAM,1245966.344213024
2018-04-27,2018Q2,INVERCAP,465453.97490017436
2018-04-27,2018Q2,QUINENCO,0.0
2018-04-28,2018Q2,ALMENDRAL,1199895.5201079904
2018-04-28,2018Q2,ANTARCHILE,8224287.0030478705
2018-04-28,2018Q2,IAM,1245966.344213024
2018-04-28,2018Q2,INVERCAP,465453.97490017436
2018-04-28,2018Q2,QUINENCO,0.0
2018-04-29,2018Q2,ALMENDRAL,1199895.5201079904
2018-04-29,2018Q2,ANTARCHILE,8224287.0030478705
2018-04-29,2018Q2,IAM,1245966.344213024
2018-04-29,2018Q2,INVERCAP,465453.97490017436
2018-04-29,2018Q2,QUINENCO,0.0
2018-04-30,2018Q2,ALMENDRAL,1202502.580773886
2018-04-30,2018Q2,ANTARCHILE,8194637.0951168155
2018-04-30,2018Q2,IAM,1253995.5085960077
2018-04-30,2018Q2,INVERCAP,463251.9108782477
2018-04-30,2018Q2,QUINENCO,0.0
2018-05-01,2018Q2,ALMENDRAL,1202502.580773886
2018-05-01,2018Q2,ANTARCHILE,8194637.0951168155
2018-05-01,2018Q2,IAM,1253995.5085960077
2018-05-01,2018Q2,INVERCAP,463251.9108782477
2018-05-01,2018Q2,QUINENCO,0.0
2018-05-02,2018Q2,ALMENDRAL,1209493.488674154
2018-05-02,2018Q2,ANTARCHILE,8123658.402370138
2018-05-02,2018Q2,IAM,1260148.1249814357
2018-05-02,2018Q2,INVERCAP,472696.7518454497
2018-05-02,2018Q2,QUINENCO,0.0
2018-05-03,2018Q2,ALMENDRAL,1193967.3630524187
2018-05-03,2018Q2,ANTARCHILE,8052961.634033628
2018-05-03,2018Q2,IAM,1256671.896723669
2018-05-03,2018Q2,INVERCAP,459984.5415477783
2018-05-03,2018Q2,QUINENCO,0.0
2018-05-04,2018Q2,ALMENDRAL,1178042.7058639224
2018-05-04,2018Q2,ANTARCHILE,8120808.025595133
2018-05-04,2018Q2,IAM,1253411.010039392
2018-05-04,2018Q2,INVERCAP,461017.36803593853
2018-05-04,2018Q2,QUINENCO,0.0
2018-05-05,2018Q2,ALMENDRAL,1178042.7058639224
2018-05-05,2018Q2,ANTARCHILE,8120808.025595133
2018-05-05,2018Q2,IAM,1253411.010039392
2018-05-05,2018Q2,INVERCAP,461017.36803593853
2018-05-05,2018Q2,QUINENCO,0.0
2018-05-06,2018Q2,ALMENDRAL,1178042.7058639224
2018-05-06,2018Q2,ANTARCHILE,8120808.025595133
2018-05-06,2018Q2,IAM,1253411.010039392
2018-05-06,2018Q2,INVERCAP,461017.36803593853
2018-05-06,2018Q2,QUINENCO,0.0
2018-05-07,2018Q2,ALMENDRAL,1198567.08155212
2018-05-07,2018Q2,ANTARCHILE,7999863.4497040175
2018-05-07,2018Q2,IAM,1257010.2906248677
2018-05-07,2018Q2,INVERCAP,454274.7649245523
2018-05-07,2018Q2,QUINENCO,0.0
2018-05-08,2018Q2,ALMENDRAL,1158747.1358399047
2018-05-08,2018Q2,ANTARCHILE,7968074.4974626815
2018-05-08,2018Q2,IAM,1249873.2556177713
2018-05-08,2018Q2,INVERCAP,456359.9051931024
2018-05-08,2018Q2,QUINENCO,0.0
2018-05-09,2018Q2,ALMENDRAL,1139003.2178032808
2018-05-09,2018Q2,ANTARCHILE,8061304.148126713
2018-05-09,2018Q2,IAM,1245689.47647568
2018-05-09,2018Q2,INVERCAP,464057.38562373124
2018-05-09,2018Q2,QUINENCO,0.0
2018-05-10,2018Q2,ALMENDRAL,1137276.2476806494
2018-05-10,2018Q2,ANTARCHILE,8128522.757123261
2018-05-10,2018Q2,IAM,1255810.530429709
2018-05-10,2018Q2,INVERCAP,470845.4590836528
2018-05-10,2018Q2,QUINENCO,0.0
2018-05-11,2018Q2,ALMENDRAL,1121965.993324243
2018-05-11,2018Q2,ANTARCHILE,8174698.239150513
2018-05-11,2018Q2,IAM,1254180.0870875707
2018-05-11,2018Q2,INVERCAP,473261.88332010334
2018-05-11,2018Q2,QUINENCO,0.0
2018-05-12,2018Q2,ALMENDRAL,1121965.993324243
2018-05-12,2018Q2,ANTARCHILE,8174698.239150513
2018-05-12,2018Q2,IAM,1254180.0870875707
2018-05-12,2018Q2,INVERCAP,473261.88332010334
2018-05-12,2018Q2,QUINENCO,0.0
2018-05-13,2018Q2,ALMENDRAL,1121965.993324243
2018-05-13,2018Q2,ANTARCHILE,8174698.239150513
2018-05-13,2018Q2,IAM,1254180.0870875707
2018-05-13,2018Q2,INVERCAP,473261.88332010334
2018-05-13,2018Q2,QUINENCO,0.0
2018-05-14,2018Q2,ALMENDRAL,1109229.5886698356
2018-05-14,2018Q2,ANTARCHILE,8159578.769330962
2018-05-14,2018Q2,IAM,1255533.6626923648
2018-05-14,2018Q2,INVERCAP,476782.58744955546
2018-05-14,2018Q2,QUINENCO,0.0
2018-05-15,2018Q2,ALMENDRAL,1132543.685325361
2018-05-15,2018Q2,ANTARCHILE,8200990.638993025
2018-05-15,2018Q2,IAM,1249904.0186996982
2018-05-15,2018Q2,INVERCAP,475938.1381196131
2018-05-15,2018Q2,QUINENCO,0.0
2018-05-16,2018Q2,ALMENDRAL,1124307.3662789646
2018-05-16,2018Q2,ANTARCHILE,8233290.519411856
2018-05-16,2018Q2,IAM,1249873.2556177713
2018-05-16,2018Q2,INVERCAP,475983.60846814857
2018-05-16,2018Q2,QUINENCO,0.0
2018-05-17,2018Q2,ALMENDRAL,1121318.3795282561
2018-05-17,2018Q2,ANTARCHILE,8096450.79720164
2018-05-17,2018Q2,IAM,1244397.42703474
2018-05-17,2018Q2,INVERCAP,474190.77758304006
2018-05-17,2018Q2,QUINENCO,0.0
2018-05-18,2018Q2,ALMENDRAL,1136080.652980366
2018-05-18,2018Q2,ANTARCHILE,8110257.708076194
2018-05-18,2018Q2,IAM,1187331.9100598954
2018-05-18,2018Q2,INVERCAP,466369.87763495813
2018-05-18,2018Q2,QUINENCO,0.0
2018-05-19,2018Q2,ALMENDRAL,1136080.652980366
2018-05-19,2018Q2,ANTARCHILE,8110257.708076194
2018-05-19,2018Q2,IAM,1187331.9100598954
2018-05-19,2018Q2,INVERCAP,466369.87763495813
2018-05-19,2018Q2,QUINENCO,0.0
2018-05-20,2018Q2,ALMENDRAL,1136080.652980366
2018-05-20,2018Q2,ANTARCHILE,8110257.708076194
2018-05-20,2018Q2,IAM,1187331.9100598954
2018-05-20,2018Q2,INVERCAP,466369.87763495813
2018-05-20,2018Q2,QUINENCO,0.0
2018-05-21,2018Q2,ALMENDRAL,1136080.652980366
2018-05-21,2018Q2,ANTARCHILE,8110257.708076194
2018-05-21,2018Q2,IAM,1187331.9100598954
2018-05-21,2018Q2,INVERCAP,466369.87763495813
2018-05-21,2018Q2,QUINENCO,0.0
2018-05-22,2018Q2,ALMENDRAL,1123344.2483259586
2018-05-22,2018Q2,ANTARCHILE,8128821.463731391
2018-05-22,2018Q2,IAM,1198591.1980452286
2018-05-22,2018Q2,INVERCAP,464232.7712537962
2018-05-22,2018Q2,QUINENCO,0.0
2018-05-23,2018Q2,ALMENDRAL,1121401.406937998
2018-05-23,2018Q2,ANTARCHILE,8076382.23827727
2018-05-23,2018Q2,IAM,1188839.301074325
2018-05-23,2018Q2,INVERCAP,455918.1932359018
2018-05-23,2018Q2,QUINENCO,0.0
2018-05-24,2018Q2,ALMENDRAL,1119624.6203695214
2018-05-24,2018Q2,ANTARCHILE,8104107.487226161
2018-05-24,2018Q2,IAM,1197114.5701127257
2018-05-24,2018Q2,INVERCAP,451546.5440124307
2018-05-24,2018Q2,QUINENCO,0.0
2018-05-25,2018Q2,ALMENDRAL,1104297.7605311668
2018-05-25,2018Q2,ANTARCHILE,7999713.701119063
2018-05-25,2018Q2,IAM,1188623.9595008353
2018-05-25,2018Q2,INVERCAP,449734.22583509283
2018-05-25,2018Q2,QUINENCO,0.0
2018-05-26,2018Q2,ALMENDRAL,1104297.7605311668
2018-05-26,2018Q2,ANTARCHILE,7999713.701119063
2018-05-26,2018Q2,IAM,1188623.9595008353
2018-05-26,2018Q2,INVERCAP,449734.22583509283
2018-05-26,2018Q2,QUINENCO,0.0
2018-05-27,2018Q2,ALMENDRAL,1104297.7605311668
2018-05-27,2018Q2,ANTARCHILE,7999713.701119063
2018-05-27,2018Q2,IAM,1188623.9595008353
2018-05-27,2018Q2,INVERCAP,449734.22583509283
2018-05-27,2018Q2,QUINENCO,0.0
2018-05-28,2018Q2,ALMENDRAL,1110342.155960377
2018-05-28,2018Q2,ANTARCHILE,8218237.043132389
2018-05-28,2018Q2,IAM,1168843.2978216843
2018-05-28,2018Q2,INVERCAP,447291.8185423363
2018-05-28,2018Q2,QUINENCO,0.0
2018-05-29,2018Q2,ALMENDRAL,1124058.284049739
2018-05-29,2018Q2,ANTARCHILE,8100843.146979174
2018-05-29,2018Q2,IAM,1156968.7481978082
2018-05-29,2018Q2,INVERCAP,435917.7356444199
2018-05-29,2018Q2,QUINENCO,0.0
2018-05-30,2018Q2,ALMENDRAL,1118080.310548322
2018-05-30,2018Q2,ANTARCHILE,7960460.921394169
2018-05-30,2018Q2,IAM,1150631.5533208172
2018-05-30,2018Q2,INVERCAP,436450.38829869125
2018-05-30,2018Q2,QUINENCO,0.0
2018-05-31,2018Q2,ALMENDRAL,1120803.6095878566
2018-05-31,2018Q2,ANTARCHILE,7875811.170098761
2018-05-31,2018Q2,IAM,1127282.3741381182
2018-05-31,2018Q2,INVERCAP,427038.0261518717
2018-05-31,2018Q2,QUINENCO,0.0
2018-06-01,2018Q2,ALMENDRAL,1111272.0629494863
2018-06-01,2018Q2,ANTARCHILE,8020633.154134704
2018-06-01,2018Q2,IAM,1133834.910588599
2018-06-01,2018Q2,INVERCAP,427505.7211653783
2018-06-01,2018Q2,QUINENCO,0.0
2018-06-02,2018Q2,ALMENDRAL,1111272.0629494863
2018-06-02,2018Q2,ANTARCHILE,8020633.154134704
2018-06-02,2018Q2,IAM,1133834.910588599
2018-06-02,2018Q2,INVERCAP,427505.7211653783
2018-06-02,2018Q2,QUINENCO,0.0
2018-06-03,2018Q2,ALMENDRAL,1111272.0629494863
2018-06-03,2018Q2,ANTARCHILE,8020633.154134704
2018-06-03,2018Q2,IAM,1133834.910588599
2018-06-03,2018Q2,INVERCAP,427505.7211653783
2018-06-03,2018Q2,QUINENCO,0.0
2018-06-04,2018Q2,ALMENDRAL,1119890.3080806956
2018-06-04,2018Q2,ANTARCHILE,8129261.726161309
2018-06-04,2018Q2,IAM,1155307.5417737428
2018-06-04,2018Q2,INVERCAP,441400.16052496893
2018-06-04,2018Q2,QUINENCO,0.0
2018-06-05,2018Q2,ALMENDRAL,1114460.3154835752
2018-06-05,2018Q2,ANTARCHILE,8141986.816145206
2018-06-05,2018Q2,IAM,1141710.2595619468
2018-06-05,2018Q2,INVERCAP,442244.6098549114
2018-06-05,2018Q2,QUINENCO,0.0
2018-06-06,2018Q2,ALMENDRAL,1118960.401091586
2018-06-06,2018Q2,ANTARCHILE,8137492.813054613
2018-06-06,2018Q2,IAM,1146355.4849329449
2018-06-06,2018Q2,INVERCAP,464791.4069643734
2018-06-06,2018Q2,QUINENCO,0.0
2018-06-07,2018Q2,ALMENDRAL,1116452.9733173808
2018-06-07,2018Q2,ANTARCHILE,8286787.827229081
2018-06-07,2018Q2,IAM,1167520.4852988173
2018-06-07,2018Q2,INVERCAP,459835.13897401927
2018-06-07,2018Q2,QUINENCO,0.0
2018-06-08,2018Q2,ALMENDRAL,1112716.7398789953
2018-06-08,2018Q2,ANTARCHILE,8362330.261488748
2018-06-08,2018Q2,IAM,1179456.5610865476
2018-06-08,2018Q2,INVERCAP,465499.44524870976
2018-06-08,2018Q2,QUINENCO,0.0
2018-06-09,2018Q2,ALMENDRAL,1112716.7398789953
2018-06-09,2018Q2,ANTARCHILE,8362330.261488748
2018-06-09,2018Q2,IAM,1179456.5610865476
2018-06-09,2018Q2,INVERCAP,465499.44524870976
2018-06-09,2018Q2,QUINENCO,0.0
2018-06-10,2018Q2,ALMENDRAL,1112716.7398789953
2018-06-10,2018Q2,ANTARCHILE,8362330.261488748
2018-06-10,2018Q2,IAM,1179456.5610865476
2018-06-10,2018Q2,INVERCAP,465499.44524870976
2018-06-10,2018Q2,QUINENCO,0.0
2018-06-11,2018Q2,ALMENDRAL,1112069.1260830085
2018-06-11,2018Q2,ANTARCHILE,8330082.4099691715
2018-06-11,2018Q2,IAM,1177149.329942012
2018-06-11,2018Q2,INVERCAP,463037.55066372384
2018-06-11,2018Q2,QUINENCO,0.0
2018-06-12,2018Q2,ALMENDRAL,1112567.29054146
2018-06-12,2018Q2,ANTARCHILE,8336224.883927834
2018-06-12,2018Q2,IAM,1179548.8503323288
2018-06-12,2018Q2,INVERCAP,466304.9199941933
2018-06-12,2018Q2,QUINENCO,0.0
2018-06-13,2018Q2,ALMENDRAL,1106390.0512566627
2018-06-13,2018Q2,ANTARCHILE,8251102.457458404
2018-06-13,2018Q2,IAM,1163275.1799928718
2018-06-13,2018Q2,INVERCAP,479270.4650908474
2018-06-13,2018Q2,QUINENCO,0.0
2018-06-14,2018Q2,ALMENDRAL,1116552.6062090711
2018-06-14,2018Q2,ANTARCHILE,8236696.552244034
2018-06-14,2018Q2,IAM,1164290.3616964677
2018-06-14,2018Q2,INVERCAP,470890.92943218816
2018-06-14,2018Q2,QUINENCO,0.0
2018-06-15,2018Q2,ALMENDRAL,1105111.4291466374
2018-06-15,2018Q2,ANTARCHILE,8197842.534916717
2018-06-15,2018Q2,IAM,1159214.4531784893
2018-06-15,2018Q2,INVERCAP,460361.29586421413
2018-06-15,2018Q2,QUINENCO,0.0
2018-06-16,2018Q2,ALMENDRAL,1105111.4291466374
2018-06-16,2018Q2,ANTARCHILE,8197842.534916717
2018-06-16,2018Q2,IAM,1159214.4531784893
2018-06-16,2018Q2,INVERCAP,460361.29586421413
2018-06-16,2018Q2,QUINENCO,0.0
2018-06-17,2018Q2,ALMENDRAL,1105111.4291466374
2018-06-17,2018Q2,ANTARCHILE,8197842.534916717
2018-06-17,2018Q2,IAM,1159214.4531784893
2018-06-17,2018Q2,INVERCAP,460361.29586421413
2018-06-17,2018Q2,QUINENCO,0.0
2018-06-18,2018Q2,ALMENDRAL,1091478.3284670173
2018-06-18,2018Q2,ANTARCHILE,8153172.0449036835
2018-06-18,2018Q2,IAM,1138664.71445116
2018-06-18,2018Q2,INVERCAP,467240.3100212064
2018-06-18,2018Q2,QUINENCO,0.0
2018-06-19,2018Q2,ALMENDRAL,1074607.1588074632
2018-06-19,2018Q2,ANTARCHILE,8096160.833191763
2018-06-19,2018Q2,IAM,1116884.452446745
2018-06-19,2018Q2,INVERCAP,460530.1857302026
2018-06-19,2018Q2,QUINENCO,0.0
2018-06-20,2018Q2,ALMENDRAL,1065059.0066871447
2018-06-20,2018Q2,ANTARCHILE,8098839.216414583
2018-06-20,2018Q2,IAM,1134480.9353090688
2018-06-20,2018Q2,INVERCAP,463830.03388105443
2018-06-20,2018Q2,QUINENCO,0.0
2018-06-21,2018Q2,ALMENDRAL,1029606.3027273534
2018-06-21,2018Q2,ANTARCHILE,8084793.511485927
2018-06-21,2018Q2,IAM,1125774.9831236883
2018-06-21,2018Q2,INVERCAP,456327.42637272005
2018-06-21,2018Q2,QUINENCO,0.0
2018-06-22,2018Q2,ALMENDRAL,1009430.6421600716
2018-06-22,2018Q2,ANTARCHILE,8074202.484496427
2018-06-22,2018Q2,IAM,1120452.9699502932
2018-06-22,2018Q2,INVERCAP,456782.12985807366
2018-06-22,2018Q2,QUINENCO,0.0
2018-06-23,2018Q2,ALMENDRAL,1009430.6421600716
2018-06-23,2018Q2,ANTARCHILE,8074202.484496427
2018-06-23,2018Q2,IAM,1120452.9699502932
2018-06-23,2018Q2,INVERCAP,456782.12985807366
2018-06-23,2018Q2,QUINENCO,0.0
2018-06-24,2018Q2,ALMENDRAL,1009430.6421600716
2018-06-24,2018Q2,ANTARCHILE,8074202.484496427
2018-06-24,2018Q2,IAM,1120452.9699502932
2018-06-24,2018Q2,INVERCAP,456782.12985807366
2018-06-24,2018Q2,QUINENCO,0.0
2018-06-25,2018Q2,ALMENDRAL,992891.5821394853
2018-06-25,2018Q2,ANTARCHILE,7907283.533863834
2018-06-25,2018Q2,IAM,1109409.0235384498
2018-06-25,2018Q2,INVERCAP,437229.87998786883
2018-06-25,2018Q2,QUINENCO,0.0
2018-06-26,2018Q2,ALMENDRAL,982861.8710426637
2018-06-26,2018Q2,ANTARCHILE,8010886.631142024
2018-06-26,2018Q2,IAM,1102979.5394156778
2018-06-26,2018Q2,INVERCAP,432371.04845866177
2018-06-26,2018Q2,QUINENCO,0.0
2018-06-27,2018Q2,ALMENDRAL,999550.3804007857
2018-06-27,2018Q2,ANTARCHILE,8101424.500177551
2018-06-27,2018Q2,IAM,1093719.8517556083
2018-06-27,2018Q2,INVERCAP,429610.3487261578
2018-06-27,2018Q2,QUINENCO,0.0
2018-06-28,2018Q2,ALMENDRAL,993771.6726827495
2018-06-28,2018Q2,ANTARCHILE,8016032.034961782
2018-06-28,2018Q2,IAM,1085075.425734082
2018-06-28,2018Q2,INVERCAP,431032.92105890694
2018-06-28,2018Q2,QUINENCO,0.0
2018-06-29,2018Q2,ALMENDRAL,1004880.7401062157
2018-06-29,2018Q2,ANTARCHILE,8192674.577021335
2018-06-29,2018Q2,IAM,1097411.421586865
2018-06-29,2018Q2,INVERCAP,421022.9486170512
2018-06-29,2018Q2,QUINENCO,0.0
2018-06-30,2018Q2,ALMENDRAL,1004880.7401062157
2018-06-30,2018Q2,ANTARCHILE,8192674.577021335
2018-06-30,2018Q2,IAM,1097411.421586865
2018-06-30,2018Q2,INVERCAP,421022.9486170512
2018-06-30,2018Q2,QUINENCO,0.0
2018-07-01,2018Q3,ALMENDRAL,1004880.7401062157
2018-07-01,2018Q3,ANTARCHILE,8192674.577021335
2018-07-01,2018Q3,IAM,1097411.421586865
2018-07-01,2018Q3,INVERCAP,421022.9486170512
2018-07-01,2018Q3,QUINENCO,0.0
2018-07-02,2018Q3,ALMENDRAL,1004880.7401062157
2018-07-02,2018Q3,ANTARCHILE,8192674.577021335
2018-07-02,2018Q3,IAM,1097411.421586865
2018-07-02,2018Q3,INVERCAP,421022.9486170512
2018-07-02,2018Q3,QUINENCO,0.0
2018-07-03,2018Q3,ALMENDRAL,990068.6502082607
2018-07-03,2018Q3,ANTARCHILE,8145210.635666679
2018-07-03,2018Q3,IAM,1096519.2922109782
2018-07-03,2018Q3,INVERCAP,395942.8035177619
2018-07-03,2018Q3,QUINENCO,0.0
2018-07-04,2018Q3,ALMENDRAL,989703.3296053964
2018-07-04,2018Q3,ANTARCHILE,8153313.805870576
2018-07-04,2018Q3,IAM,1101041.4652542677
2018-07-04,2018Q3,INVERCAP,395637.50260616734
2018-07-04,2018Q3,QUINENCO,0.0
2018-07-05,2018Q3,ALMENDRAL,995399.0099136906
2018-07-05,2018Q3,ANTARCHILE,8172076.3846894475
2018-07-05,2018Q3,IAM,1115838.507661222
2018-07-05,2018Q3,INVERCAP,398729.48630657187
2018-07-05,2018Q3,QUINENCO,0.0
2018-07-06,2018Q3,ALMENDRAL,1009380.8257142267
2018-07-06,2018Q3,ANTARCHILE,8156778.687168196
2018-07-06,2018Q3,IAM,1112700.6733046537
2018-07-06,2018Q3,INVERCAP,403672.7627687731
2018-07-06,2018Q3,QUINENCO,0.0
2018-07-07,2018Q3,ALMENDRAL,1009380.8257142267
2018-07-07,2018Q3,ANTARCHILE,8156778.687168196
2018-07-07,2018Q3,IAM,1112700.6733046537
2018-07-07,2018Q3,INVERCAP,403672.7627687731
2018-07-07,2018Q3,QUINENCO,0.0
2018-07-08,2018Q3,ALMENDRAL,1009380.8257142267
2018-07-08,2018Q3,ANTARCHILE,8156778.687168196
2018-07-08,2018Q3,IAM,1112700.6733046537
2018-07-08,2018Q3,INVERCAP,403672.7627687731
2018-07-08,2018Q3,QUINENCO,0.0
2018-07-09,2018Q3,ALMENDRAL,1011107.7958368582
2018-07-09,2018Q3,ANTARCHILE,8267259.345797382
2018-07-09,2018Q3,IAM,1123098.594996027
2018-07-09,2018Q3,INVERCAP,400002.6560655619
2018-07-09,2018Q3,QUINENCO,0.0
2018-07-10,2018Q3,ALMENDRAL,999434.142027147
2018-07-10,2018Q3,ANTARCHILE,8239713.54458371
2018-07-10,2018Q3,IAM,1126144.140106814
2018-07-10,2018Q3,INVERCAP,395078.86689559015
2018-07-10,2018Q3,QUINENCO,0.0
2018-07-11,2018Q3,ALMENDRAL,996611.2100959223
2018-07-11,2018Q3,ANTARCHILE,8160809.909334835
2018-07-11,2018Q3,IAM,1114392.6428106464
2018-07-11,2018Q3,INVERCAP,379430.57123534975
2018-07-11,2018Q3,QUINENCO,0.0
2018-07-12,2018Q3,ALMENDRAL,992410.0231629822
2018-07-12,2018Q3,ANTARCHILE,8165884.029190229
2018-07-12,2018Q3,IAM,1109747.4174396482
2018-07-12,2018Q3,INVERCAP,392649.45113098656
2018-07-12,2018Q3,QUINENCO,0.0
2018-07-13,2018Q3,ALMENDRAL,985585.1700821981
2018-07-13,2018Q3,ANTARCHILE,8215915.219276261
2018-07-13,2018Q3,IAM,1112054.6485841838
2018-07-13,2018Q3,INVERCAP,388635.0689317219
2018-07-13,2018Q3,QUINENCO,0.0
2018-07-14,2018Q3,ALMENDRAL,985585.1700821981
2018-07-14,2018Q3,ANTARCHILE,8215915.219276261
2018-07-14,2018Q3,IAM,1112054.6485841838
2018-07-14,2018Q3,INVERCAP,388635.0689317219
2018-07-14,2018Q3,QUINENCO,0.0
2018-07-15,2018Q3,ALMENDRAL,985585.1700821981
2018-07-15,2018Q3,ANTARCHILE,8215915.219276261
2018-07-15,2018Q3,IAM,1112054.6485841838
2018-07-15,2018Q3,INVERCAP,388635.0689317219
2018-07-15,2018Q3,QUINENCO,0.0
2018-07-16,2018Q3,ALMENDRAL,985585.1700821981
2018-07-16,2018Q3,ANTARCHILE,8215915.219276261
2018-07-16,2018Q3,IAM,1112054.6485841838
2018-07-16,2018Q3,INVERCAP,388635.0689317219
2018-07-16,2018Q3,QUINENCO,0.0
2018-07-17,2018Q3,ALMENDRAL,984406.1808638631
2018-07-17,2018Q3,ANTARCHILE,8214501.247744897
2018-07-17,2018Q3,IAM,1112823.7256323625
2018-07-17,2018Q3,INVERCAP,391792.01027289126
2018-07-17,2018Q3,QUINENCO,0.0
2018-07-18,2018Q3,ALMENDRAL,990915.529787628
2018-07-18,2018Q3,ANTARCHILE,8225969.982037101
2018-07-18,2018Q3,IAM,1118791.7635262276
2018-07-18,2018Q3,INVERCAP,407537.74239427876
2018-07-18,2018Q3,QUINENCO,0.0
2018-07-19,2018Q3,ALMENDRAL,996312.3114208515
2018-07-19,2018Q3,ANTARCHILE,8167831.379011421
2018-07-19,2018Q3,IAM,1116484.5323816922
2018-07-19,2018Q3,INVERCAP,404471.74175018014
2018-07-19,2018Q3,QUINENCO,0.0
2018-07-20,2018Q3,ALMENDRAL,996262.4949750066
2018-07-20,2018Q3,ANTARCHILE,8252715.68162518
2018-07-20,2018Q3,IAM,1117592.0033310691
2018-07-20,2018Q3,INVERCAP,406517.9074342714
2018-07-20,2018Q3,QUINENCO,0.0
2018-07-21,2018Q3,ALMENDRAL,996262.4949750066
2018-07-21,2018Q3,ANTARCHILE,8252715.68162518
2018-07-21,2018Q3,IAM,1117592.0033310691
2018-07-21,2018Q3,INVERCAP,406517.9074342714
2018-07-21,2018Q3,QUINENCO,0.0
2018-07-22,2018Q3,ALMENDRAL,996262.4949750066
2018-07-22,2018Q3,ANTARCHILE,8252715.68162518
2018-07-22,2018Q3,IAM,1117592.0033310691
2018-07-22,2018Q3,INVERCAP,406517.9074342714
2018-07-22,2018Q3,QUINENCO,0.0
2018-07-23,2018Q3,ALMENDRAL,996727.4484695611
2018-07-23,2018Q3,ANTARCHILE,8260746.15908615
2018-07-23,2018Q3,IAM,1119991.523721386
2018-07-23,2018Q3,INVERCAP,407264.92030306655
2018-07-23,2018Q3,QUINENCO,0.0
2018-07-24,2018Q3,ALMENDRAL,1012818.1604775413
2018-07-24,2018Q3,ANTARCHILE,8276903.786005261
2018-07-24,2018Q3,IAM,1148016.6913570105
2018-07-24,2018Q3,INVERCAP,416436.9391790563
2018-07-24,2018Q3,QUINENCO,0.0
2018-07-25,2018Q3,ALMENDRAL,1003934.227635158
2018-07-25,2018Q3,ANTARCHILE,8319075.288549048
2018-07-25,2018Q3,IAM,1135157.723111466
2018-07-25,2018Q3,INVERCAP,417671.1343535875
2018-07-25,2018Q3,QUINENCO,0.0
2018-07-26,2018Q3,ALMENDRAL,1003950.8331171063
2018-07-26,2018Q3,ANTARCHILE,8323646.22711832
2018-07-26,2018Q3,IAM,1125867.2723694697
2018-07-26,2018Q3,INVERCAP,424913.9112988627
2018-07-26,2018Q3,QUINENCO,0.0
2018-07-27,2018Q3,ALMENDRAL,985983.7016489591
2018-07-27,2018Q3,ANTARCHILE,8257400.279534693
2018-07-27,2018Q3,IAM,1137218.8496005845
2018-07-27,2018Q3,INVERCAP,413273.5020738106
2018-07-27,2018Q3,QUINENCO,0.0
2018-07-28,2018Q3,ALMENDRAL,985983.7016489591
2018-07-28,2018Q3,ANTARCHILE,8257400.279534693
2018-07-28,2018Q3,IAM,1137218.8496005845
2018-07-28,2018Q3,INVERCAP,413273.5020738106
2018-07-28,2018Q3,QUINENCO,0.0
2018-07-29,2018Q3,ALMENDRAL,985983.7016489591
2018-07-29,2018Q3,ANTARCHILE,8257400.279534693
2018-07-29,2018Q3,IAM,1137218.8496005845
2018-07-29,2018Q3,INVERCAP,413273.5020738106
2018-07-29,2018Q3,QUINENCO,0.0
2018-07-30,2018Q3,ALMENDRAL,992592.6834644144
2018-07-30,2018Q3,ANTARCHILE,8266266.638757575
2018-07-30,2018Q3,IAM,1146232.4326052365
2018-07-30,2018Q3,INVERCAP,417729.59623027587
2018-07-30,2018Q3,QUINENCO,0.0
2018-07-31,2018Q3,ALMENDRAL,999118.6378701278
2018-07-31,2018Q3,ANTARCHILE,8353247.060470656
2018-07-31,2018Q3,IAM,1141802.5488077283
2018-07-31,2018Q3,INVERCAP,428746.4121039859
2018-07-31,2018Q3,QUINENCO,0.0
2018-08-01,2018Q3,ALMENDRAL,995000.4783469295
2018-08-01,2018Q3,ANTARCHILE,8352064.565573763
2018-08-01,2018Q3,IAM,1143463.7552317937
2018-08-01,2018Q3,INVERCAP,422309.1099041943
2018-08-01,2018Q3,QUINENCO,0.0
2018-08-02,2018Q3,ALMENDRAL,993007.8205131239
2018-08-02,2018Q3,ANTARCHILE,8273689.018190436
2018-08-02,2018Q3,IAM,1148478.1375859177
2018-08-02,2018Q3,INVERCAP,428811.36974475073
2018-08-02,2018Q3,QUINENCO,0.0
2018-08-03,2018Q3,ALMENDRAL,985037.1891779016
2018-08-03,2018Q3,ANTARCHILE,8244759.992284192
2018-08-03,2018Q3,IAM,1140879.6563499141
2018-08-03,2018Q3,INVERCAP,440360.83827273216
2018-08-03,2018Q3,QUINENCO,0.0
2018-08-04,2018Q3,ALMENDRAL,985037.1891779016
2018-08-04,2018Q3,ANTARCHILE,8244759.992284192
2018-08-04,2018Q3,IAM,1140879.6563499141
2018-08-04,2018Q3,INVERCAP,440360.83827273216
2018-08-04,2018Q3,QUINENCO,0.0
2018-08-05,2018Q3,ALMENDRAL,985037.1891779016
2018-08-05,2018Q3,ANTARCHILE,8244759.992284192
2018-08-05,2018Q3,IAM,1140879.6563499141
2018-08-05,2018Q3,INVERCAP,440360.83827273216
2018-08-05,2018Q3,QUINENCO,0.0
2018-08-06,2018Q3,ALMENDRAL,968813.6333143343
2018-08-06,2018Q3,ANTARCHILE,8248643.011407846
2018-08-06,2018Q3,IAM,1129681.8945284353
2018-08-06,2018Q3,INVERCAP,426953.5812188775
2018-08-06,2018Q3,QUINENCO,0.0
2018-08-07,2018Q3,ALMENDRAL,953038.4254633734
2018-08-07,2018Q3,ANTARCHILE,8246804.821064393
2018-08-07,2018Q3,IAM,1119191.6835912804
2018-08-07,2018Q3,INVERCAP,422010.3047566762
2018-08-07,2018Q3,QUINENCO,0.0
2018-08-08,2018Q3,ALMENDRAL,961789.5144501696
2018-08-08,2018Q3,ANTARCHILE,8262823.950445541
2018-08-08,2018Q3,IAM,1121375.8624081074
2018-08-08,2018Q3,INVERCAP,414611.62947356544
2018-08-08,2018Q3,QUINENCO,0.0
2018-08-09,2018Q3,ALMENDRAL,944619.4461155446
2018-08-09,2018Q3,ANTARCHILE,8193655.4667790085
2018-08-09,2018Q3,IAM,1117222.8463479434
2018-08-09,2018Q3,INVERCAP,403055.66518150753
2018-08-09,2018Q3,QUINENCO,0.0
2018-08-10,2018Q3,ALMENDRAL,945416.5092490668
2018-08-10,2018Q3,ANTARCHILE,8165633.9157074345
2018-08-10,2018Q3,IAM,1113131.3564516336
2018-08-10,2018Q3,INVERCAP,408583.560410592
2018-08-10,2018Q3,QUINENCO,0.0
2018-08-11,2018Q3,ALMENDRAL,945416.5092490668
2018-08-11,2018Q3,ANTARCHILE,8165633.9157074345
2018-08-11,2018Q3,IAM,1113131.3564516336
2018-08-11,2018Q3,INVERCAP,408583.560410592
2018-08-11,2018Q3,QUINENCO,0.0
2018-08-12,2018Q3,ALMENDRAL,945416.5092490668
2018-08-12,2018Q3,ANTARCHILE,8165633.9157074345
2018-08-12,2018Q3,IAM,1113131.3564516336
2018-08-12,2018Q3,INVERCAP,408583.560410592
2018-08-12,2018Q3,QUINENCO,0.0
2018-08-13,2018Q3,ALMENDRAL,918814.5271677622
2018-08-13,2018Q3,ANTARCHILE,8149014.3148262035
2018-08-13,2018Q3,IAM,1092950.7747074298
2018-08-13,2018Q3,INVERCAP,402172.2412671063
2018-08-13,2018Q3,QUINENCO,0.0
2018-08-14,2018Q3,ALMENDRAL,910644.6300491592
2018-08-14,2018Q3,ANTARCHILE,8251510.564270965
2018-08-14,2018Q3,IAM,1110424.2052420455
2018-08-14,2018Q3,INVERCAP,408369.20019606815
2018-08-14,2018Q3,QUINENCO,0.0
2018-08-15,2018Q3,ALMENDRAL,910644.6300491592
2018-08-15,2018Q3,ANTARCHILE,8251510.564270965
2018-08-15,2018Q3,IAM,1110424.2052420455
2018-08-15,2018Q3,INVERCAP,408369.20019606815
2018-08-15,2018Q3,QUINENCO,0.0
2018-08-16,2018Q3,ALMENDRAL,899269.8749145188
2018-08-16,2018Q3,ANTARCHILE,8328319.007745701
2018-08-16,2018Q3,IAM,1105163.7182325043
2018-08-16,2018Q3,INVERCAP,400717.1901139747
2018-08-16,2018Q3,QUINENCO,0.0
2018-08-17,2018Q3,ALMENDRAL,905181.4264881422
2018-08-17,2018Q3,ANTARCHILE,8294065.198666182
2018-08-17,2018Q3,IAM,1107655.5278686027
2018-08-17,2018Q3,INVERCAP,396566.396869104
2018-08-17,2018Q3,QUINENCO,0.0
2018-08-18,2018Q3,ALMENDRAL,905181.4264881422
2018-08-18,2018Q3,ANTARCHILE,8294065.198666182
2018-08-18,2018Q3,IAM,1107655.5278686027
2018-08-18,2018Q3,INVERCAP,396566.396869104
2018-08-18,2018Q3,QUINENCO,0.0
2018-08-19,2018Q3,ALMENDRAL,905181.4264881422
2018-08-19,2018Q3,ANTARCHILE,8294065.198666182
2018-08-19,2018Q3,IAM,1107655.5278686027
2018-08-19,2018Q3,INVERCAP,396566.396869104
2018-08-19,2018Q3,QUINENCO,0.0
2018-08-20,2018Q3,ALMENDRAL,896297.493645759
2018-08-20,2018Q3,ANTARCHILE,8268765.6946085235
2018-08-20,2018Q3,IAM,1108147.7371794372
2018-08-20,2018Q3,INVERCAP,394435.7862520186
2018-08-20,2018Q3,QUINENCO,0.0
2018-08-21,2018Q3,ALMENDRAL,907871.5145637798
2018-08-21,2018Q3,ANTARCHILE,8317624.661537827
2018-08-21,2018Q3,IAM,1102241.2254494263
2018-08-21,2018Q3,INVERCAP,396150.6679682093
2018-08-21,2018Q3,QUINENCO,0.0
2018-08-22,2018Q3,ALMENDRAL,914580.1292709252
2018-08-22,2018Q3,ANTARCHILE,8403169.091078948
2018-08-22,2018Q3,IAM,1096334.7137194152
2018-08-22,2018Q3,INVERCAP,401457.70721869345
2018-08-22,2018Q3,QUINENCO,0.0
2018-08-23,2018Q3,ALMENDRAL,913152.0578233646
2018-08-23,2018Q3,ANTARCHILE,8379794.984583587
2018-08-23,2018Q3,IAM,1100764.5975169232
2018-08-23,2018Q3,INVERCAP,395507.58732463775
2018-08-23,2018Q3,QUINENCO,0.0
2018-08-24,2018Q3,ALMENDRAL,905098.3990784003
2018-08-24,2018Q3,ANTARCHILE,8405482.051973477
2018-08-24,2018Q3,IAM,1098549.6556181693
2018-08-24,2018Q3,INVERCAP,397482.2996038877
2018-08-24,2018Q3,QUINENCO,0.0
2018-08-25,2018Q3,ALMENDRAL,905098.3990784003
2018-08-25,2018Q3,ANTARCHILE,8405482.051973477
2018-08-25,2018Q3,IAM,1098549.6556181693
2018-08-25,2018Q3,INVERCAP,397482.2996038877
2018-08-25,2018Q3,QUINENCO,0.0
2018-08-26,2018Q3,ALMENDRAL,905098.3990784003
2018-08-26,2018Q3,ANTARCHILE,8405482.051973477
2018-08-26,2018Q3,IAM,1098549.6556181693
2018-08-26,2018Q3,INVERCAP,397482.2996038877
2018-08-26,2018Q3,QUINENCO,0.0
2018-08-27,2018Q3,ALMENDRAL,922633.7880158895
2018-08-27,2018Q3,ANTARCHILE,8428385.819398561
2018-08-27,2018Q3,IAM,1100180.098960308
2018-08-27,2018Q3,INVERCAP,403153.1016426547
2018-08-27,2018Q3,QUINENCO,0.0
2018-08-28,2018Q3,ALMENDRAL,925141.2157900949
2018-08-28,2018Q3,ANTARCHILE,8475441.774304003
2018-08-28,2018Q3,IAM,1113469.7503528323
2018-08-28,2018Q3,INVERCAP,403412.93220571394
2018-08-28,2018Q3,QUINENCO,0.0
2018-08-29,2018Q3,ALMENDRAL,929508.4575425189
2018-08-29,2018Q3,ANTARCHILE,8528402.079312436
2018-08-29,2018Q3,IAM,1109470.549702304
2018-08-29,2018Q3,INVERCAP,398852.905824025
2018-08-29,2018Q3,QUINENCO,0.0
2018-08-30,2018Q3,ALMENDRAL,922650.3934978379
2018-08-30,2018Q3,ANTARCHILE,8537864.117464565
2018-08-30,2018Q3,IAM,1112393.0424853824
2018-08-30,2018Q3,INVERCAP,395786.90517992637
2018-08-30,2018Q3,QUINENCO,0.0
2018-08-31,2018Q3,ALMENDRAL,926170.7556708945
2018-08-31,2018Q3,ANTARCHILE,8480383.425625846
2018-08-31,2018Q3,IAM,1123221.6473237358
2018-08-31,2018Q3,INVERCAP,398086.4056630003
2018-08-31,2018Q3,QUINENCO,0.0
2018-09-01,2018Q3,ALMENDRAL,926170.7556708945
2018-09-01,2018Q3,ANTARCHILE,8480383.425625846
2018-09-01,2018Q3,IAM,1123221.6473237358
2018-09-01,2018Q3,INVERCAP,398086.4056630003
2018-09-01,2018Q3,QUINENCO,0.0
2018-09-02,2018Q3,ALMENDRAL,926170.7556708945
2018-09-02,2018Q3,ANTARCHILE,8480383.425625846
2018-09-02,2018Q3,IAM,1123221.6473237358
2018-09-02,2018Q3,INVERCAP,398086.4056630003
2018-09-02,2018Q3,QUINENCO,0.0
2018-09-03,2018Q3,ALMENDRAL,906111.3334772513
2018-09-03,2018Q3,ANTARCHILE,8363010.931896438
2018-09-03,2018Q3,IAM,1113715.8550082492
2018-09-03,2018Q3,INVERCAP,397176.9986922931
2018-09-03,2018Q3,QUINENCO,0.0
2018-09-04,2018Q3,ALMENDRAL,880754.7625420751
2018-09-04,2018Q3,ANTARCHILE,8360769.804801357
2018-09-04,2018Q3,IAM,1107071.0293119873
2018-09-04,2018Q3,INVERCAP,396072.7187992915
2018-09-04,2018Q3,QUINENCO,0.0
2018-09-05,2018Q3,ALMENDRAL,858752.4989604716
2018-09-05,2018Q3,ANTARCHILE,8371516.179908483
2018-09-05,2018Q3,IAM,1110024.2851769926
2018-09-05,2018Q3,INVERCAP,393942.1081822061
2018-09-05,2018Q3,QUINENCO,0.0
2018-09-06,2018Q3,ALMENDRAL,890352.7311082388
2018-09-06,2018Q3,ANTARCHILE,8361497.334047368
2018-09-06,2018Q3,IAM,1108024.6848517286
2018-09-06,2018Q3,INVERCAP,399567.43987243774
2018-09-06,2018Q3,QUINENCO,0.0
2018-09-07,2018Q3,ALMENDRAL,921471.4042795029
2018-09-07,2018Q3,ANTARCHILE,8316916.937192012
2018-09-07,2018Q3,IAM,1122760.2010948288
2018-09-07,2018Q3,INVERCAP,400613.2578887511
2018-09-07,2018Q3,QUINENCO,0.0
2018-09-08,2018Q3,ALMENDRAL,921471.4042795029
2018-09-08,2018Q3,ANTARCHILE,8316916.937192012
2018-09-08,2018Q3,IAM,1122760.2010948288
2018-09-08,2018Q3,INVERCAP,400613.2578887511
2018-09-08,2018Q3,QUINENCO,0.0
2018-09-09,2018Q3,ALMENDRAL,921471.4042795029
2018-09-09,2018Q3,ANTARCHILE,8316916.937192012
2018-09-09,2018Q3,IAM,1122760.2010948288
2018-09-09,2018Q3,INVERCAP,400613.2578887511
2018-09-09,2018Q3,QUINENCO,0.0
2018-09-10,2018Q3,ALMENDRAL,893341.7178589472
2018-09-10,2018Q3,ANTARCHILE,8318519.958000327
2018-09-10,2018Q3,IAM,1121406.6254900342
2018-09-10,2018Q3,INVERCAP,401730.52930990566
2018-09-10,2018Q3,QUINENCO,0.0
2018-09-11,2018Q3,ALMENDRAL,880954.0283254557
2018-09-11,2018Q3,ANTARCHILE,8303524.282497776
2018-09-11,2018Q3,IAM,1122114.1763743586
2018-09-11,2018Q3,INVERCAP,405205.7630908224
2018-09-11,2018Q3,QUINENCO,0.0
2018-09-12,2018Q3,ALMENDRAL,892212.5450864573
2018-09-12,2018Q3,ANTARCHILE,8416290.65933832
2018-09-12,2018Q3,IAM,1129651.131446508
2018-09-12,2018Q3,INVERCAP,404829.0087743866
2018-09-12,2018Q3,QUINENCO,0.0
2018-09-13,2018Q3,ALMENDRAL,898771.7104560675
2018-09-13,2018Q3,ANTARCHILE,8536124.076278552
2018-09-13,2018Q3,IAM,1130635.5500681764
2018-09-13,2018Q3,INVERCAP,417969.93950110563
2018-09-13,2018Q3,QUINENCO,0.0
2018-09-14,2018Q3,ALMENDRAL,933360.929354543
2018-09-14,2018Q3,ANTARCHILE,8505764.966841415
2018-09-14,2018Q3,IAM,1129251.2113814552
2018-09-14,2018Q3,INVERCAP,423270.48298751336
2018-09-14,2018Q3,QUINENCO,0.0
2018-09-15,2018Q3,ALMENDRAL,933360.929354543
2018-09-15,2018Q3,ANTARCHILE,8505764.966841415
2018-09-15,2018Q3,IAM,1129251.2113814552
2018-09-15,2018Q3,INVERCAP,423270.48298751336
2018-09-15,2018Q3,QUINENCO,0.0
2018-09-16,2018Q3,ALMENDRAL,933360.929354543
2018-09-16,2018Q3,ANTARCHILE,8505764.966841415
2018-09-16,2018Q3,IAM,1129251.2113814552
2018-09-16,2018Q3,INVERCAP,423270.48298751336
2018-09-16,2018Q3,QUINENCO,0.0
2018-09-17,2018Q3,ALMENDRAL,933360.929354543
2018-09-17,2018Q3,ANTARCHILE,8505764.966841415
2018-09-17,2018Q3,IAM,1129251.2113814552
2018-09-17,2018Q3,INVERCAP,423270.48298751336
2018-09-17,2018Q3,QUINENCO,0.0
2018-09-18,2018Q3,ALMENDRAL,933360.929354543
2018-09-18,2018Q3,ANTARCHILE,8505764.966841415
2018-09-18,2018Q3,IAM,1129251.2113814552
2018-09-18,2018Q3,INVERCAP,423270.48298751336
2018-09-18,2018Q3,QUINENCO,0.0
2018-09-19,2018Q3,ALMENDRAL,933360.929354543
2018-09-19,2018Q3,ANTARCHILE,8505764.966841415
2018-09-19,2018Q3,IAM,1129251.2113814552
2018-09-19,2018Q3,INVERCAP,423270.48298751336
2018-09-19,2018Q3,QUINENCO,0.0
2018-09-20,2018Q3,ALMENDRAL,944602.8406335963
2018-09-20,2018Q3,ANTARCHILE,8540020.2530812
2018-09-20,2018Q3,IAM,1138972.3452704314
2018-09-20,2018Q3,INVERCAP,430838.0481366125
2018-09-20,2018Q3,QUINENCO,0.0
2018-09-21,2018Q3,ALMENDRAL,950398.1538335808
2018-09-21,2018Q3,ANTARCHILE,8517826.425742332
2018-09-21,2018Q3,IAM,1139156.923761994
2018-09-21,2018Q3,INVERCAP,435365.5956979191
2018-09-21,2018Q3,QUINENCO,0.0
2018-09-22,2018Q3,ALMENDRAL,950398.1538335808
2018-09-22,2018Q3,ANTARCHILE,8517826.425742332
2018-09-22,2018Q3,IAM,1139156.923761994
2018-09-22,2018Q3,INVERCAP,435365.5956979191
2018-09-22,2018Q3,QUINENCO,0.0
2018-09-23,2018Q3,ALMENDRAL,950398.1538335808
2018-09-23,2018Q3,ANTARCHILE,8517826.425742332
2018-09-23,2018Q3,IAM,1139156.923761994
2018-09-23,2018Q3,INVERCAP,435365.5956979191
2018-09-23,2018Q3,QUINENCO,0.0
2018-09-24,2018Q3,ALMENDRAL,938840.7383975084
2018-09-24,2018Q3,ANTARCHILE,8489948.044416213
2018-09-24,2018Q3,IAM,1125375.0630586355
2018-09-24,2018Q3,INVERCAP,426076.65306855267
2018-09-24,2018Q3,QUINENCO,0.0
2018-09-25,2018Q3,ALMENDRAL,915759.1184892602
2018-09-25,2018Q3,ANTARCHILE,8436569.429236757
2018-09-25,2018Q3,IAM,1126790.1648272837
2018-09-25,2018Q3,INVERCAP,431019.9295307539
2018-09-25,2018Q3,QUINENCO,0.0
2018-09-26,2018Q3,ALMENDRAL,929392.2191688801
2018-09-26,2018Q3,ANTARCHILE,8399644.365609001
2018-09-26,2018Q3,IAM,1123190.8842418087
2018-09-26,2018Q3,INVERCAP,429954.62422221125
2018-09-26,2018Q3,QUINENCO,0.0
2018-09-27,2018Q3,ALMENDRAL,925307.2706095787
2018-09-27,2018Q3,ANTARCHILE,8435636.000134135
2018-09-27,2018Q3,IAM,1121468.1516538886
2018-09-27,2018Q3,INVERCAP,431188.8193967424
2018-09-27,2018Q3,QUINENCO,0.0
2018-09-28,2018Q3,ALMENDRAL,928578.5505534095
2018-09-28,2018Q3,ANTARCHILE,8294856.437330174
2018-09-28,2018Q3,IAM,1119991.523721386
2018-09-28,2018Q3,INVERCAP,430324.88277457055
2018-09-28,2018Q3,QUINENCO,0.0
2018-09-29,2018Q3,ALMENDRAL,928578.5505534095
2018-09-29,2018Q3,ANTARCHILE,8294856.437330174
2018-09-29,2018Q3,IAM,1119991.523721386
2018-09-29,2018Q3,INVERCAP,430324.88277457055
2018-09-29,2018Q3,QUINENCO,0.0
2018-09-30,2018Q3,ALMENDRAL,928578.5505534095
2018-09-30,2018Q3,ANTARCHILE,8294856.437330174
2018-09-30,2018Q3,IAM,1119991.523721386
2018-09-30,2018Q3,INVERCAP,430324.88277457055
2018-09-30,2018Q3,QUINENCO,0.0
2018-10-01,2018Q4,ALMENDRAL,918515.6284926912
2018-10-01,2018Q4,ANTARCHILE,8336750.944798031
2018-10-01,2018Q4,IAM,1121098.9946707631
2018-10-01,2018Q4,INVERCAP,439353.9948408778
2018-10-01,2018Q4,QUINENCO,0.0
2018-10-02,2018Q4,ALMENDRAL,922816.4483173217
2018-10-02,2018Q4,ANTARCHILE,8325871.242213872
2018-10-02,2018Q4,IAM,1117284.3725117976
2018-10-02,2018Q4,INVERCAP,452085.6924307786
2018-10-02,2018Q4,QUINENCO,0.0
2018-10-03,2018Q4,ALMENDRAL,944802.1064169769
2018-10-03,2018Q4,ANTARCHILE,8366907.84727922
2018-10-03,2018Q4,IAM,1112177.7009118923
2018-10-03,2018Q4,INVERCAP,461868.3131299574
2018-10-03,2018Q4,QUINENCO,0.0
2018-10-04,2018Q4,ALMENDRAL,947807.6986496336
2018-10-04,2018Q4,ANTARCHILE,8348912.030016654
2018-10-04,2018Q4,IAM,1112700.6733046537
2018-10-04,2018Q4,INVERCAP,466506.2886805642
2018-10-04,2018Q4,QUINENCO,0.0
2018-10-05,2018Q4,ALMENDRAL,925772.2241041333
2018-10-05,2018Q4,ANTARCHILE,8238843.961662471
2018-10-05,2018Q4,IAM,1110793.362225171
2018-10-05,2018Q4,INVERCAP,460932.92310294433
2018-10-05,2018Q4,QUINENCO,0.0
2018-10-06,2018Q4,ALMENDRAL,925772.2241041333
2018-10-06,2018Q4,ANTARCHILE,8238843.961662471
2018-10-06,2018Q4,IAM,1110793.362225171
2018-10-06,2018Q4,INVERCAP,460932.92310294433
2018-10-06,2018Q4,QUINENCO,0.0
2018-10-07,2018Q4,ALMENDRAL,925772.2241041333
2018-10-07,2018Q4,ANTARCHILE,8238843.961662471
2018-10-07,2018Q4,IAM,1110793.362225171
2018-10-07,2018Q4,INVERCAP,460932.92310294433
2018-10-07,2018Q4,QUINENCO,0.0
2018-10-08,2018Q4,ALMENDRAL,927665.2490462487
2018-10-08,2018Q4,ANTARCHILE,8353363.537368024
2018-10-08,2018Q4,IAM,1118884.0527720088
2018-10-08,2018Q4,INVERCAP,459991.0373118547
2018-10-08,2018Q4,QUINENCO,0.0
2018-10-09,2018Q4,ALMENDRAL,915659.4855975698
2018-10-09,2018Q4,ANTARCHILE,8344829.758257587
2018-10-09,2018Q4,IAM,1115069.4306130437
2018-10-09,2018Q4,INVERCAP,462381.4784919993
2018-10-09,2018Q4,QUINENCO,0.0
2018-10-10,2018Q4,ALMENDRAL,897891.6199128033
2018-10-10,2018Q4,ANTARCHILE,8164549.947458079
2018-10-10,2018Q4,IAM,1100087.8097145264
2018-10-10,2018Q4,INVERCAP,462121.64792894025
2018-10-10,2018Q4,QUINENCO,0.0
2018-10-11,2018Q4,ALMENDRAL,882880.2642314679
2018-10-11,2018Q4,ANTARCHILE,8059374.02637528
2018-10-11,2018Q4,IAM,1078399.8369558929
2018-10-11,2018Q4,INVERCAP,452241.59076861414
2018-10-11,2018Q4,QUINENCO,0.0
2018-10-12,2018Q4,ALMENDRAL,856411.12600575
2018-10-12,2018Q4,ANTARCHILE,8028017.778417538
2018-10-12,2018Q4,IAM,1078768.9939390183
2018-10-12,2018Q4,INVERCAP,450760.55655917665
2018-10-12,2018Q4,QUINENCO,0.0
2018-10-13,2018Q4,ALMENDRAL,856411.12600575
2018-10-13,2018Q4,ANTARCHILE,8028017.778417538
2018-10-13,2018Q4,IAM,1078768.9939390183
2018-10-13,2018Q4,INVERCAP,450760.55655917665
2018-10-13,2018Q4,QUINENCO,0.0
2018-10-14,2018Q4,ALMENDRAL,856411.12600575
2018-10-14,2018Q4,ANTARCHILE,8028017.778417538
2018-10-14,2018Q4,IAM,1078768.9939390183
2018-10-14,2018Q4,INVERCAP,450760.55655917665
2018-10-14,2018Q4,QUINENCO,0.0
2018-10-15,2018Q4,ALMENDRAL,856411.12600575
2018-10-15,2018Q4,ANTARCHILE,8028017.778417538
2018-10-15,2018Q4,IAM,1078768.9939390183
2018-10-15,2018Q4,INVERCAP,450760.55655917665
2018-10-15,2018Q4,QUINENCO,0.0
2018-10-16,2018Q4,ALMENDRAL,864581.0231243531
2018-10-16,2018Q4,ANTARCHILE,8003112.107423216
2018-10-16,2018Q4,IAM,1106671.1092469343
2018-10-16,2018Q4,INVERCAP,454833.4006351296
2018-10-16,2018Q4,QUINENCO,0.0
2018-10-17,2018Q4,ALMENDRAL,864481.3902326628
2018-10-17,2018Q4,ANTARCHILE,7902599.55417111
2018-10-17,2018Q4,IAM,1105871.2691168287
2018-10-17,2018Q4,INVERCAP,474931.2946877587
2018-10-17,2018Q4,QUINENCO,0.0
2018-10-18,2018Q4,ALMENDRAL,853007.0022063322
2018-10-18,2018Q4,ANTARCHILE,7833504.93129938
2018-10-18,2018Q4,IAM,1102579.619350625
2018-10-18,2018Q4,INVERCAP,469247.5011208387
2018-10-18,2018Q4,QUINENCO,0.0
2018-10-19,2018Q4,ALMENDRAL,845368.4805100773
2018-10-19,2018Q4,ANTARCHILE,7799523.926541681
2018-10-19,2018Q4,IAM,1102241.2254494263
2018-10-19,2018Q4,INVERCAP,461731.90208435134
2018-10-19,2018Q4,QUINENCO,0.0
2018-10-20,2018Q4,ALMENDRAL,845368.4805100773
2018-10-20,2018Q4,ANTARCHILE,7799523.926541681
2018-10-20,2018Q4,IAM,1102241.2254494263
2018-10-20,2018Q4,INVERCAP,461731.90208435134
2018-10-20,2018Q4,QUINENCO,0.0
2018-10-21,2018Q4,ALMENDRAL,845368.4805100773
2018-10-21,2018Q4,ANTARCHILE,7799523.926541681
2018-10-21,2018Q4,IAM,1102241.2254494263
2018-10-21,2018Q4,INVERCAP,461731.90208435134
2018-10-21,2018Q4,QUINENCO,0.0
2018-10-22,2018Q4,ALMENDRAL,835172.7145937721
2018-10-22,2018Q4,ANTARCHILE,7838688.330995859
2018-10-22,2018Q4,IAM,1106425.0045915172
2018-10-22,2018Q4,INVERCAP,465200.6401011917
2018-10-22,2018Q4,QUINENCO,0.0
2018-10-23,2018Q4,ALMENDRAL,834823.999472856
2018-10-23,2018Q4,ANTARCHILE,7888869.0289401505
2018-10-23,2018Q4,IAM,1112885.2517962165
2018-10-23,2018Q4,INVERCAP,466142.5258922813
2018-10-23,2018Q4,QUINENCO,0.0
2018-10-24,2018Q4,ALMENDRAL,832133.9113972185
2018-10-24,2018Q4,ANTARCHILE,7873503.258901819
2018-10-24,2018Q4,IAM,1110178.100586628
2018-10-24,2018Q4,INVERCAP,462907.6353821943
2018-10-24,2018Q4,QUINENCO,0.0
2018-10-25,2018Q4,ALMENDRAL,841814.907373124
2018-10-25,2018Q4,ANTARCHILE,7796047.605452023
2018-10-25,2018Q4,IAM,1110608.7837336082
2018-10-25,2018Q4,INVERCAP,458269.6598315875
2018-10-25,2018Q4,QUINENCO,0.0
2018-10-26,2018Q4,ALMENDRAL,844073.2529181038
2018-10-26,2018Q4,ANTARCHILE,7781810.394779324
2018-10-26,2018Q4,IAM,1105563.6382975571
2018-10-26,2018Q4,INVERCAP,455671.3542009955
2018-10-26,2018Q4,QUINENCO,0.0
2018-10-27,2018Q4,ALMENDRAL,844073.2529181038
2018-10-27,2018Q4,ANTARCHILE,7781810.394779324
2018-10-27,2018Q4,IAM,1105563.6382975571
2018-10-27,2018Q4,INVERCAP,455671.3542009955
2018-10-27,2018Q4,QUINENCO,0.0
2018-10-28,2018Q4,ALMENDRAL,844073.2529181038
2018-10-28,2018Q4,ANTARCHILE,7781810.394779324
2018-10-28,2018Q4,IAM,1105563.6382975571
2018-10-28,2018Q4,INVERCAP,455671.3542009955
2018-10-28,2018Q4,QUINENCO,0.0
2018-10-29,2018Q4,ALMENDRAL,835587.8516424815
2018-10-29,2018Q4,ANTARCHILE,7768846.819849716
2018-10-29,2018Q4,IAM,1107840.1063601656
2018-10-29,2018Q4,INVERCAP,452319.53993753187
2018-10-29,2018Q4,QUINENCO,0.0
2018-10-30,2018Q4,ALMENDRAL,822801.630542229
2018-10-30,2018Q4,ANTARCHILE,7803721.953018042
2018-10-30,2018Q4,IAM,1107747.8171143841
2018-10-30,2018Q4,INVERCAP,436210.0450278615
2018-10-30,2018Q4,QUINENCO,0.0
2018-10-31,2018Q4,ALMENDRAL,839772.4330934733
2018-10-31,2018Q4,ANTARCHILE,7953611.907541621
2018-10-31,2018Q4,IAM,1113654.3288443952
2018-10-31,2018Q4,INVERCAP,439964.59666406695
2018-10-31,2018Q4,QUINENCO,0.0
2018-11-01,2018Q4,ALMENDRAL,839772.4330934733
2018-11-01,2018Q4,ANTARCHILE,7953611.907541621
2018-11-01,2018Q4,IAM,1113654.3288443952
2018-11-01,2018Q4,INVERCAP,439964.59666406695
2018-11-01,2018Q4,QUINENCO,0.0
2018-11-02,2018Q4,ALMENDRAL,839772.4330934733
2018-11-02,2018Q4,ANTARCHILE,7953611.907541621
2018-11-02,2018Q4,IAM,1113654.3288443952
2018-11-02,2018Q4,INVERCAP,439964.59666406695
2018-11-02,2018Q4,QUINENCO,0.0
2018-11-03,2018Q4,ALMENDRAL,839772.4330934733
2018-11-03,2018Q4,ANTARCHILE,7953611.907541621
2018-11-03,2018Q4,IAM,1113654.3288443952
2018-11-03,2018Q4,INVERCAP,439964.59666406695
2018-11-03,2018Q4,QUINENCO,0.0
2018-11-04,2018Q4,ALMENDRAL,839772.4330934733
2018-11-04,2018Q4,ANTARCHILE,7953611.907541621
2018-11-04,2018Q4,IAM,1113654.3288443952
2018-11-04,2018Q4,INVERCAP,439964.59666406695
2018-11-04,2018Q4,QUINENCO,0.0
2018-11-05,2018Q4,ALMENDRAL,868998.081322622
2018-11-05,2018Q4,ANTARCHILE,8212050.664655939
2018-11-05,2018Q4,IAM,1134480.9353090688
2018-11-05,2018Q4,INVERCAP,457230.33757935074
2018-11-05,2018Q4,QUINENCO,0.0
2018-11-06,2018Q4,ALMENDRAL,893773.460389605
2018-11-06,2018Q4,ANTARCHILE,8225373.701291125
2018-11-06,2018Q4,IAM,1122729.4380129012
2018-11-06,2018Q4,INVERCAP,458678.89296840574
2018-11-06,2018Q4,QUINENCO,0.0
2018-11-07,2018Q4,ALMENDRAL,918648.4723482783
2018-11-07,2018Q4,ANTARCHILE,8152547.285040962
2018-11-07,2018Q4,IAM,1133035.0704584934
2018-11-07,2018Q4,INVERCAP,466343.8945786521
2018-11-07,2018Q4,QUINENCO,0.0
2018-11-08,2018Q4,ALMENDRAL,920890.2124113097
2018-11-08,2018Q4,ANTARCHILE,8180961.8102323925
2018-11-08,2018Q4,IAM,1142602.3889378337
2018-11-08,2018Q4,INVERCAP,465772.2673399219
2018-11-08,2018Q4,QUINENCO,0.0
2018-11-09,2018Q4,ALMENDRAL,915925.1733087441
2018-11-09,2018Q4,ANTARCHILE,8053469.126437202
2018-11-09,2018Q4,IAM,1138357.0836318887
2018-11-09,2018Q4,INVERCAP,457197.85875896836
2018-11-09,2018Q4,QUINENCO,0.0
2018-11-10,2018Q4,ALMENDRAL,915925.1733087441
2018-11-10,2018Q4,ANTARCHILE,8053469.126437202
2018-11-10,2018Q4,IAM,1138357.0836318887
2018-11-10,2018Q4,INVERCAP,457197.85875896836
2018-11-10,2018Q4,QUINENCO,0.0
2018-11-11,2018Q4,ALMENDRAL,915925.1733087441
2018-11-11,2018Q4,ANTARCHILE,8053469.126437202
2018-11-11,2018Q4,IAM,1138357.0836318887
2018-11-11,2018Q4,INVERCAP,457197.85875896836
2018-11-11,2018Q4,QUINENCO,0.0
2018-11-12,2018Q4,ALMENDRAL,910395.5478199335
2018-11-12,2018Q4,ANTARCHILE,7940744.936227488
2018-11-12,2018Q4,IAM,1133773.3844247446
2018-11-12,2018Q4,INVERCAP,454703.4853536
2018-11-12,2018Q4,QUINENCO,0.0
2018-11-13,2018Q4,ALMENDRAL,912836.5536663453
2018-11-13,2018Q4,ANTARCHILE,7914688.444500247
2018-11-13,2018Q4,IAM,1141894.8380535098
2018-11-13,2018Q4,INVERCAP,451280.2176852951
2018-11-13,2018Q4,QUINENCO,0.0
2018-11-14,2018Q4,ALMENDRAL,913816.2771012998
2018-11-14,2018Q4,ANTARCHILE,7975541.158903423
2018-11-14,2018Q4,IAM,1144171.3061161179
2018-11-14,2018Q4,INVERCAP,451455.60331536003
2018-11-14,2018Q4,QUINENCO,0.0
2018-11-15,2018Q4,ALMENDRAL,922002.7797018511
2018-11-15,2018Q4,ANTARCHILE,8074815.993312158
2018-11-15,2018Q4,IAM,1145094.1985739323
2018-11-15,2018Q4,INVERCAP,458315.13018012285
2018-11-15,2018Q4,QUINENCO,0.0
2018-11-16,2018Q4,ALMENDRAL,927250.1119975392
2018-11-16,2018Q4,ANTARCHILE,8038294.364289474
2018-11-16,2018Q4,IAM,1162936.7860916734
2018-11-16,2018Q4,INVERCAP,449883.62840885186
2018-11-16,2018Q4,QUINENCO,0.0
2018-11-17,2018Q4,ALMENDRAL,927250.1119975392
2018-11-17,2018Q4,ANTARCHILE,8038294.364289474
2018-11-17,2018Q4,IAM,1162936.7860916734
2018-11-17,2018Q4,INVERCAP,449883.62840885186
2018-11-17,2018Q4,QUINENCO,0.0
2018-11-18,2018Q4,ALMENDRAL,927250.1119975392
2018-11-18,2018Q4,ANTARCHILE,8038294.364289474
2018-11-18,2018Q4,IAM,1162936.7860916734
2018-11-18,2018Q4,INVERCAP,449883.62840885186
2018-11-18,2018Q4,QUINENCO,0.0
2018-11-19,2018Q4,ALMENDRAL,915028.4772835315
2018-11-19,2018Q4,ANTARCHILE,7981909.269237193
2018-11-19,2018Q4,IAM,1188193.2763538554
2018-11-19,2018Q4,INVERCAP,446401.89886385854
2018-11-19,2018Q4,QUINENCO,0.0
2018-11-20,2018Q4,ALMENDRAL,910428.7587838302
2018-11-20,2018Q4,ANTARCHILE,7894059.934801307
2018-11-20,2018Q4,IAM,1176041.858992635
2018-11-20,2018Q4,INVERCAP,432539.9383246503
2018-11-20,2018Q4,QUINENCO,0.0
2018-11-21,2018Q4,ALMENDRAL,903670.3276308395
2018-11-21,2018Q4,ANTARCHILE,7911866.582423577
2018-11-21,2018Q4,IAM,1175118.9665348209
2018-11-21,2018Q4,INVERCAP,433819.6038477168
2018-11-21,2018Q4,QUINENCO,0.0
2018-11-22,2018Q4,ALMENDRAL,897808.5925030614
2018-11-22,2018Q4,ANTARCHILE,7861095.134884278
2018-11-22,2018Q4,IAM,1170166.1103445513
2018-11-22,2018Q4,INVERCAP,426713.23794804775
2018-11-22,2018Q4,QUINENCO,0.0
2018-11-23,2018Q4,ALMENDRAL,912836.5536663453
2018-11-23,2018Q4,ANTARCHILE,7768943.732573584
2018-11-23,2018Q4,IAM,1172381.0522433054
2018-11-23,2018Q4,INVERCAP,417157.9689915456
2018-11-23,2018Q4,QUINENCO,0.0
2018-11-24,2018Q4,ALMENDRAL,912836.5536663453
2018-11-24,2018Q4,ANTARCHILE,7768943.732573584
2018-11-24,2018Q4,IAM,1172381.0522433054
2018-11-24,2018Q4,INVERCAP,417157.9689915456
2018-11-24,2018Q4,QUINENCO,0.0
2018-11-25,2018Q4,ALMENDRAL,912836.5536663453
2018-11-25,2018Q4,ANTARCHILE,7768943.732573584
2018-11-25,2018Q4,IAM,1172381.0522433054
2018-11-25,2018Q4,INVERCAP,417157.9689915456
2018-11-25,2018Q4,QUINENCO,0.0
2018-11-26,2018Q4,ALMENDRAL,911142.7945076106
2018-11-26,2018Q4,ANTARCHILE,7697256.576900955
2018-11-26,2018Q4,IAM,1172842.4984722123
2018-11-26,2018Q4,INVERCAP,405134.3096859811
2018-11-26,2018Q4,QUINENCO,0.0
2018-11-27,2018Q4,ALMENDRAL,905198.0319700905
2018-11-27,2018Q4,ANTARCHILE,7666606.455765415
2018-11-27,2018Q4,IAM,1203328.7126620084
2018-11-27,2018Q4,INVERCAP,413572.3072213287
2018-11-27,2018Q4,QUINENCO,0.0
2018-11-28,2018Q4,ALMENDRAL,906094.7279953031
2018-11-28,2018Q4,ANTARCHILE,7526527.849722724
2018-11-28,2018Q4,IAM,1198868.0657825728
2018-11-28,2018Q4,INVERCAP,416216.08320045605
2018-11-28,2018Q4,QUINENCO,0.0
2018-11-29,2018Q4,ALMENDRAL,922700.2099436831
2018-11-29,2018Q4,ANTARCHILE,7636247.775800019
2018-11-29,2018Q4,IAM,1194653.5235585547
2018-11-29,2018Q4,INVERCAP,411649.56105469057
2018-11-29,2018Q4,QUINENCO,0.0
2018-11-30,2018Q4,ALMENDRAL,910013.6217351207
2018-11-30,2018Q4,ANTARCHILE,7426118.306580599
2018-11-30,2018Q4,IAM,1192069.424676675
2018-11-30,2018Q4,INVERCAP,401730.52930990566
2018-11-30,2018Q4,QUINENCO,0.0
2018-12-01,2018Q4,ALMENDRAL,910013.6217351207
2018-12-01,2018Q4,ANTARCHILE,7426118.306580599
2018-12-01,2018Q4,IAM,1192069.424676675
2018-12-01,2018Q4,INVERCAP,401730.52930990566
2018-12-01,2018Q4,QUINENCO,0.0
2018-12-02,2018Q4,ALMENDRAL,910013.6217351207
2018-12-02,2018Q4,ANTARCHILE,7426118.306580599
2018-12-02,2018Q4,IAM,1192069.424676675
2018-12-02,2018Q4,INVERCAP,401730.52930990566
2018-12-02,2018Q4,QUINENCO,0.0
2018-12-03,2018Q4,ALMENDRAL,923347.8237396699
2018-12-03,2018Q4,ANTARCHILE,7538786.225155309
2018-12-03,2018Q4,IAM,1213265.1881244744
2018-12-03,2018Q4,INVERCAP,415806.8500636378
2018-12-03,2018Q4,QUINENCO,0.0
2018-12-04,2018Q4,ALMENDRAL,923347.8237396699
2018-12-04,2018Q4,ANTARCHILE,7475275.482264592
2018-12-04,2018Q4,IAM,1213572.818943746
2018-12-04,2018Q4,INVERCAP,413195.55290489283
2018-12-04,2018Q4,QUINENCO,0.0
2018-12-05,2018Q4,ALMENDRAL,927283.3229614359
2018-12-05,2018Q4,ANTARCHILE,7520198.730972558
2018-12-05,2018Q4,IAM,1209358.2767197276
2018-12-05,2018Q4,INVERCAP,410220.49295786495
2018-12-05,2018Q4,QUINENCO,0.0
2018-12-06,2018Q4,ALMENDRAL,926536.0762737588
2018-12-06,2018Q4,ANTARCHILE,7492331.909801824
2018-12-06,2018Q4,IAM,1192930.790970635
2018-12-06,2018Q4,INVERCAP,405705.9369247114
2018-12-06,2018Q4,QUINENCO,0.0
2018-12-07,2018Q4,ALMENDRAL,918532.2339746397
2018-12-07,2018Q4,ANTARCHILE,7352361.295184999
2018-12-07,2018Q4,IAM,1164936.3864169375
2018-12-07,2018Q4,INVERCAP,402451.55912239495
2018-12-07,2018Q4,QUINENCO,0.0
2018-12-08,2018Q4,ALMENDRAL,918532.2339746397
2018-12-08,2018Q4,ANTARCHILE,7352361.295184999
2018-12-08,2018Q4,IAM,1164936.3864169375
2018-12-08,2018Q4,INVERCAP,402451.55912239495
2018-12-08,2018Q4,QUINENCO,0.0
2018-12-09,2018Q4,ALMENDRAL,918532.2339746397
2018-12-09,2018Q4,ANTARCHILE,7352361.295184999
2018-12-09,2018Q4,IAM,1164936.3864169375
2018-12-09,2018Q4,INVERCAP,402451.55912239495
2018-12-09,2018Q4,QUINENCO,0.0
2018-12-10,2018Q4,ALMENDRAL,910428.7587838302
2018-12-10,2018Q4,ANTARCHILE,7211873.603022924
2018-12-10,2018Q4,IAM,1157184.0897712985
2018-12-10,2018Q4,INVERCAP,398748.9735988013
2018-12-10,2018Q4,QUINENCO,0.0
2018-12-11,2018Q4,ALMENDRAL,915078.2937293766
2018-12-11,2018Q4,ANTARCHILE,7016736.854985521
2018-12-11,2018Q4,IAM,1156076.6188219213
2018-12-11,2018Q4,INVERCAP,408914.8443784925
2018-12-11,2018Q4,QUINENCO,0.0
2018-12-12,2018Q4,ALMENDRAL,917220.4009007177
2018-12-12,2018Q4,ANTARCHILE,7122454.519466306
2018-12-12,2018Q4,IAM,1161121.7642579721
2018-12-12,2018Q4,INVERCAP,417015.06218186306
2018-12-12,2018Q4,QUINENCO,0.0
2018-12-13,2018Q4,ALMENDRAL,925954.8844055654
2018-12-13,2018Q4,ANTARCHILE,7252155.127050694
2018-12-13,2018Q4,IAM,1162106.1828796407
2018-12-13,2018Q4,INVERCAP,422965.1820759187
2018-12-13,2018Q4,QUINENCO,0.0
2018-12-14,2018Q4,ALMENDRAL,931135.7947734601
2018-12-14,2018Q4,ANTARCHILE,7201737.112212564
2018-12-14,2018Q4,IAM,1170842.8981469483
2018-12-14,2018Q4,INVERCAP,415371.6338705136
2018-12-14,2018Q4,QUINENCO,0.0
2018-12-15,2018Q4,ALMENDRAL,931135.7947734601
2018-12-15,2018Q4,ANTARCHILE,7201737.112212564
2018-12-15,2018Q4,IAM,1170842.8981469483
2018-12-15,2018Q4,INVERCAP,415371.6338705136
2018-12-15,2018Q4,QUINENCO,0.0
2018-12-16,2018Q4,ALMENDRAL,931135.7947734601
2018-12-16,2018Q4,ANTARCHILE,7201737.112212564
2018-12-16,2018Q4,IAM,1170842.8981469483
2018-12-16,2018Q4,INVERCAP,415371.6338705136
2018-12-16,2018Q4,QUINENCO,0.0
2018-12-17,2018Q4,ALMENDRAL,918681.6833121751
2018-12-17,2018Q4,ANTARCHILE,7034303.969973553
2018-12-17,2018Q4,IAM,1165982.3312024602
2018-12-17,2018Q4,INVERCAP,408700.4841639687
2018-12-17,2018Q4,QUINENCO,0.0
2018-12-18,2018Q4,ALMENDRAL,917386.4557202015
2018-12-18,2018Q4,ANTARCHILE,7037783.434128792
2018-12-18,2018Q4,IAM,1190131.3505152653
2018-12-18,2018Q4,INVERCAP,405166.7885063635
2018-12-18,2018Q4,QUINENCO,0.0
2018-12-19,2018Q4,ALMENDRAL,914995.2663196346
2018-12-19,2018Q4,ANTARCHILE,6988662.604816264
2018-12-19,2018Q4,IAM,1180994.7151829044
2018-12-19,2018Q4,INVERCAP,409272.1114026989
2018-12-19,2018Q4,QUINENCO,0.0
2018-12-20,2018Q4,ALMENDRAL,915194.5321030152
2018-12-20,2018Q4,ANTARCHILE,6807335.6535922475
2018-12-20,2018Q4,IAM,1177518.4869251377
2018-12-20,2018Q4,INVERCAP,409233.13681824005
2018-12-20,2018Q4,QUINENCO,0.0
2018-12-21,2018Q4,ALMENDRAL,891216.2161695546
2018-12-21,2018Q4,ANTARCHILE,6843861.83445908
2018-12-21,2018Q4,IAM,1169181.6917228827
2018-12-21,2018Q4,INVERCAP,408577.06464651553
2018-12-21,2018Q4,QUINENCO,0.0
2018-12-22,2018Q4,ALMENDRAL,891216.2161695546
2018-12-22,2018Q4,ANTARCHILE,6843861.83445908
2018-12-22,2018Q4,IAM,1169181.6917228827
2018-12-22,2018Q4,INVERCAP,408577.06464651553
2018-12-22,2018Q4,QUINENCO,0.0
2018-12-23,2018Q4,ALMENDRAL,891216.2161695546
2018-12-23,2018Q4,ANTARCHILE,6843861.83445908
2018-12-23,2018Q4,IAM,1169181.6917228827
2018-12-23,2018Q4,INVERCAP,408577.06464651553
2018-12-23,2018Q4,QUINENCO,0.0
2018-12-24,2018Q4,ALMENDRAL,891133.1887598126
2018-12-24,2018Q4,ANTARCHILE,6790305.421049662
2018-12-24,2018Q4,IAM,1172842.4984722123
2018-12-24,2018Q4,INVERCAP,398716.4947784189
2018-12-24,2018Q4,QUINENCO,0.0
2018-12-25,2018Q4,ALMENDRAL,891133.1887598126
2018-12-25,2018Q4,ANTARCHILE,6790305.421049662
2018-12-25,2018Q4,IAM,1172842.4984722123
2018-12-25,2018Q4,INVERCAP,398716.4947784189
2018-12-25,2018Q4,QUINENCO,0.0
2018-12-26,2018Q4,ALMENDRAL,880704.94609623
2018-12-26,2018Q4,ANTARCHILE,6853140.234121881
2018-12-26,2018Q4,IAM,1174472.941814351
2018-12-26,2018Q4,INVERCAP,400535.3087198333
2018-12-26,2018Q4,QUINENCO,0.0
2018-12-27,2018Q4,ALMENDRAL,885985.4893558149
2018-12-27,2018Q4,ANTARCHILE,6783990.078195279
2018-12-27,2018Q4,IAM,1173334.7077830469
2018-12-27,2018Q4,INVERCAP,396215.62560897414
2018-12-27,2018Q4,QUINENCO,0.0
2018-12-28,2018Q4,ALMENDRAL,893640.6165340181
2018-12-28,2018Q4,ANTARCHILE,6836408.519442379
2018-12-28,2018Q4,IAM,1174288.3633227882
2018-12-28,2018Q4,INVERCAP,394942.455849984
2018-12-28,2018Q4,QUINENCO,0.0
2018-12-29,2018Q4,ALMENDRAL,893640.6165340181
2018-12-29,2018Q4,ANTARCHILE,6836408.519442379
2018-12-29,2018Q4,IAM,1174288.3633227882
2018-12-29,2018Q4,INVERCAP,394942.455849984
2018-12-29,2018Q4,QUINENCO,0.0
2018-12-30,2018Q4,ALMENDRAL,893640.6165340181
2018-12-30,2018Q4,ANTARCHILE,6836408.519442379
2018-12-30,2018Q4,IAM,1174288.3633227882
2018-12-30,2018Q4,INVERCAP,394942.455849984
2018-12-30,2018Q4,QUINENCO,0.0
2018-12-31,2018Q4,ALMENDRAL,893640.6165340181
2018-12-31,2018Q4,ANTARCHILE,6836408.519442379
2018-12-31,2018Q4,IAM,1174288.3633227882
2018-12-31,2018Q4,INVERCAP,394942.455849984
2018-12-31,2018Q4,QUINENCO,0.0
2019-01-01,2019Q1,ALMENDRAL,893640.6165340181
2019-01-01,2019Q1,ANTARCHILE,6836408.519442379
2019-01-01,2019Q1,IAM,1174288.3633227882
2019-01-01,2019Q1,INVERCAP,394942.455849984
2019-01-01,2019Q1,QUINENCO,0.0
2019-01-02,2019Q1,ALMENDRAL,926718.736575191
2019-01-02,2019Q1,ANTARCHILE,6894288.643877107
2019-01-02,2019Q1,IAM,1178318.3270552433
2019-01-02,2019Q1,INVERCAP,391954.40437480324
2019-01-02,2019Q1,QUINENCO,0.0
2019-01-03,2019Q1,ALMENDRAL,924809.1061511274
2019-01-03,2019Q1,ANTARCHILE,6850992.583976749
2019-01-03,2019Q1,IAM,1186255.2021924458
2019-01-03,2019Q1,INVERCAP,396072.7187992915
2019-01-03,2019Q1,QUINENCO,0.0
2019-01-04,2019Q1,ALMENDRAL,921869.9358462641
2019-01-04,2019Q1,ANTARCHILE,6885463.114488131
2019-01-04,2019Q1,IAM,1213511.2927798915
2019-01-04,2019Q1,INVERCAP,415540.52373650216
2019-01-04,2019Q1,QUINENCO,0.0
2019-01-05,2019Q1,ALMENDRAL,921869.9358462641
2019-01-05,2019Q1,ANTARCHILE,6885463.114488131
2019-01-05,2019Q1,IAM,1213511.2927798915
2019-01-05,2019Q1,INVERCAP,415540.52373650216
2019-01-05,2019Q1,QUINENCO,0.0
2019-01-06,2019Q1,ALMENDRAL,921869.9358462641
2019-01-06,2019Q1,ANTARCHILE,6885463.114488131
2019-01-06,2019Q1,IAM,1213511.2927798915
2019-01-06,2019Q1,INVERCAP,415540.52373650216
2019-01-06,2019Q1,QUINENCO,0.0
2019-01-07,2019Q1,ALMENDRAL,929442.0356147253
2019-01-07,2019Q1,ANTARCHILE,6904354.657684937
2019-01-07,2019Q1,IAM,1206005.1007896692
2019-01-07,2019Q1,INVERCAP,418073.8717263293
2019-01-07,2019Q1,QUINENCO,0.0
2019-01-08,2019Q1,ALMENDRAL,944685.8680433382
2019-01-08,2019Q1,ANTARCHILE,6901548.78724445
2019-01-08,2019Q1,IAM,1206927.9932474834
2019-01-08,2019Q1,INVERCAP,415553.5152646551
2019-01-08,2019Q1,QUINENCO,0.0
2019-01-09,2019Q1,ALMENDRAL,956243.2834794107
2019-01-09,2019Q1,ANTARCHILE,7004120.495007624
2019-01-09,2019Q1,IAM,1204466.9466933124
2019-01-09,2019Q1,INVERCAP,423731.6822369434
2019-01-09,2019Q1,QUINENCO,0.0
2019-01-10,2019Q1,ALMENDRAL,970092.2554243596
2019-01-10,2019Q1,ANTARCHILE,7202938.605047816
2019-01-10,2019Q1,IAM,1210496.5107510318
2019-01-10,2019Q1,INVERCAP,421653.0377324698
2019-01-10,2019Q1,QUINENCO,0.0
2019-01-11,2019Q1,ALMENDRAL,983575.9067664441
2019-01-11,2019Q1,ANTARCHILE,7378284.511416854
2019-01-11,2019Q1,IAM,1207143.3348209735
2019-01-11,2019Q1,INVERCAP,421555.6012713226
2019-01-11,2019Q1,QUINENCO,0.0
2019-01-12,2019Q1,ALMENDRAL,983575.9067664441
2019-01-12,2019Q1,ANTARCHILE,7378284.511416854
2019-01-12,2019Q1,IAM,1207143.3348209735
2019-01-12,2019Q1,INVERCAP,421555.6012713226
2019-01-12,2019Q1,QUINENCO,0.0
2019-01-13,2019Q1,ALMENDRAL,983575.9067664441
2019-01-13,2019Q1,ANTARCHILE,7378284.511416854
2019-01-13,2019Q1,IAM,1207143.3348209735
2019-01-13,2019Q1,INVERCAP,421555.6012713226
2019-01-13,2019Q1,QUINENCO,0.0
2019-01-14,2019Q1,ALMENDRAL,1008616.9735446011
2019-01-14,2019Q1,ANTARCHILE,7379281.340829065
2019-01-14,2019Q1,IAM,1199760.19515846
2019-01-14,2019Q1,INVERCAP,418651.99472913606
2019-01-14,2019Q1,QUINENCO,0.0
2019-01-15,2019Q1,ALMENDRAL,1026235.3898918324
2019-01-15,2019Q1,ANTARCHILE,7395304.16311088
2019-01-15,2019Q1,IAM,1204005.5004644052
2019-01-15,2019Q1,INVERCAP,418327.20652531204
2019-01-15,2019Q1,QUINENCO,0.0
2019-01-16,2019Q1,ALMENDRAL,1056108.651916968
2019-01-16,2019Q1,ANTARCHILE,7461517.148115318
2019-01-16,2019Q1,IAM,1212065.427929316
2019-01-16,2019Q1,INVERCAP,418327.20652531204
2019-01-16,2019Q1,QUINENCO,0.0
2019-01-17,2019Q1,ALMENDRAL,1044484.8145531019
2019-01-17,2019Q1,ANTARCHILE,7469000.282645629
2019-01-17,2019Q1,IAM,1218187.2812328169
2019-01-17,2019Q1,INVERCAP,427746.06443620805
2019-01-17,2019Q1,QUINENCO,0.0
2019-01-18,2019Q1,ALMENDRAL,1025388.5103124649
2019-01-18,2019Q1,ANTARCHILE,7457746.174408234
2019-01-18,2019Q1,IAM,1213911.2128449446
2019-01-18,2019Q1,INVERCAP,429363.5096912515
2019-01-18,2019Q1,QUINENCO,0.0
2019-01-19,2019Q1,ALMENDRAL,1025388.5103124649
2019-01-19,2019Q1,ANTARCHILE,7457746.174408234
2019-01-19,2019Q1,IAM,1213911.2128449446
2019-01-19,2019Q1,INVERCAP,429363.5096912515
2019-01-19,2019Q1,QUINENCO,0.0
2019-01-20,2019Q1,ALMENDRAL,1025388.5103124649
2019-01-20,2019Q1,ANTARCHILE,7457746.174408234
2019-01-20,2019Q1,IAM,1213911.2128449446
2019-01-20,2019Q1,INVERCAP,429363.5096912515
2019-01-20,2019Q1,QUINENCO,0.0
2019-01-21,2019Q1,ALMENDRAL,1033757.6732144485
2019-01-21,2019Q1,ANTARCHILE,7472252.444520446
2019-01-21,2019Q1,IAM,1208989.119736602
2019-01-21,2019Q1,INVERCAP,426687.25489174173
2019-01-21,2019Q1,QUINENCO,0.0
2019-01-22,2019Q1,ALMENDRAL,1004332.7592019191
2019-01-22,2019Q1,ANTARCHILE,7379591.900300916
2019-01-22,2019Q1,IAM,1208989.119736602
2019-01-22,2019Q1,INVERCAP,410857.07783736003
2019-01-22,2019Q1,QUINENCO,0.0
2019-01-23,2019Q1,ALMENDRAL,1012768.3440316961
2019-01-23,2019Q1,ANTARCHILE,7323159.637301924
2019-01-23,2019Q1,IAM,1214834.1053027585
2019-01-23,2019Q1,INVERCAP,413916.5827173821
2019-01-23,2019Q1,QUINENCO,0.0
2019-01-24,2019Q1,ALMENDRAL,1024558.2362150459
2019-01-24,2019Q1,ANTARCHILE,7430207.020415762
2019-01-24,2019Q1,IAM,1212065.427929316
2019-01-24,2019Q1,INVERCAP,410207.501429712
2019-01-24,2019Q1,QUINENCO,0.0
2019-01-25,2019Q1,ALMENDRAL,1060409.4717415983
2019-01-25,2019Q1,ANTARCHILE,7464038.82642359
2019-01-25,2019Q1,IAM,1208527.6735076949
2019-01-25,2019Q1,INVERCAP,422159.7073304352
2019-01-25,2019Q1,QUINENCO,0.0
2019-01-26,2019Q1,ALMENDRAL,1060409.4717415983
2019-01-26,2019Q1,ANTARCHILE,7464038.82642359
2019-01-26,2019Q1,IAM,1208527.6735076949
2019-01-26,2019Q1,INVERCAP,422159.7073304352
2019-01-26,2019Q1,QUINENCO,0.0
2019-01-27,2019Q1,ALMENDRAL,1060409.4717415983
2019-01-27,2019Q1,ANTARCHILE,7464038.82642359
2019-01-27,2019Q1,IAM,1208527.6735076949
2019-01-27,2019Q1,INVERCAP,422159.7073304352
2019-01-27,2019Q1,QUINENCO,0.0
2019-01-28,2019Q1,ALMENDRAL,1059429.748306644
2019-01-28,2019Q1,ANTARCHILE,7545101.00177455
2019-01-28,2019Q1,IAM,1205912.811543888
2019-01-28,2019Q1,INVERCAP,441582.0419191104
2019-01-28,2019Q1,QUINENCO,0.0
2019-01-29,2019Q1,ALMENDRAL,1049300.4043181322
2019-01-29,2019Q1,ANTARCHILE,7434764.062725905
2019-01-29,2019Q1,IAM,1207758.5964595163
2019-01-29,2019Q1,INVERCAP,451065.85747077124
2019-01-29,2019Q1,QUINENCO,0.0
2019-01-30,2019Q1,ALMENDRAL,998985.7940145409
2019-01-30,2019Q1,ANTARCHILE,7466472.69569629
2019-01-30,2019Q1,IAM,1198529.6718813744
2019-01-30,2019Q1,INVERCAP,464057.38562373124
2019-01-30,2019Q1,QUINENCO,0.0
2019-01-31,2019Q1,ALMENDRAL,1049134.3494986484
2019-01-31,2019Q1,ANTARCHILE,7385516.055304102
2019-01-31,2019Q1,IAM,1192377.0554959464
2019-01-31,2019Q1,INVERCAP,459887.105086631
2019-01-31,2019Q1,QUINENCO,0.0
2019-02-01,2019Q1,ALMENDRAL,1079356.3266447
2019-02-01,2019Q1,ANTARCHILE,7622875.098350968
2019-02-01,2019Q1,IAM,1205912.811543888
2019-02-01,2019Q1,INVERCAP,467175.3523804417
2019-02-01,2019Q1,QUINENCO,0.0
2019-02-02,2019Q1,ALMENDRAL,1079356.3266447
2019-02-02,2019Q1,ANTARCHILE,7622875.098350968
2019-02-02,2019Q1,IAM,1205912.811543888
2019-02-02,2019Q1,INVERCAP,467175.3523804417
2019-02-02,2019Q1,QUINENCO,0.0
2019-02-03,2019Q1,ALMENDRAL,1079356.3266447
2019-02-03,2019Q1,ANTARCHILE,7622875.098350968
2019-02-03,2019Q1,IAM,1205912.811543888
2019-02-03,2019Q1,INVERCAP,467175.3523804417
2019-02-03,2019Q1,QUINENCO,0.0
2019-02-04,2019Q1,ALMENDRAL,1094284.6549162935
2019-02-04,2019Q1,ANTARCHILE,7667262.753028707
2019-02-04,2019Q1,IAM,1215141.73612203
2019-02-04,2019Q1,INVERCAP,463817.0423529015
2019-02-04,2019Q1,QUINENCO,0.0
2019-02-05,2019Q1,ALMENDRAL,1095961.80859308
2019-02-05,2019Q1,ANTARCHILE,7653450.860838267
2019-02-05,2019Q1,IAM,1212065.427929316
2019-02-05,2019Q1,INVERCAP,461199.24943008006
2019-02-05,2019Q1,QUINENCO,0.0
2019-02-06,2019Q1,ALMENDRAL,1062750.84469632
2019-02-06,2019Q1,ANTARCHILE,7590064.5304813385
2019-02-06,2019Q1,IAM,1209358.2767197276
2019-02-06,2019Q1,INVERCAP,471592.4719524481
2019-02-06,2019Q1,QUINENCO,0.0
2019-02-07,2019Q1,ALMENDRAL,1081448.617370196
2019-02-07,2019Q1,ANTARCHILE,7561330.394111411
2019-02-07,2019Q1,IAM,1208958.356654675
2019-02-07,2019Q1,INVERCAP,486207.94112452806
2019-02-07,2019Q1,QUINENCO,0.0
2019-02-08,2019Q1,ALMENDRAL,1081016.874839538
2019-02-08,2019Q1,ANTARCHILE,7495408.970640462
2019-02-08,2019Q1,IAM,1215141.73612203
2019-02-08,2019Q1,INVERCAP,491794.2982303008
2019-02-08,2019Q1,QUINENCO,0.0
2019-02-09,2019Q1,ALMENDRAL,1081016.874839538
2019-02-09,2019Q1,ANTARCHILE,7495408.970640462
2019-02-09,2019Q1,IAM,1215141.73612203
2019-02-09,2019Q1,INVERCAP,491794.2982303008
2019-02-09,2019Q1,QUINENCO,0.0
2019-02-10,2019Q1,ALMENDRAL,1081016.874839538
2019-02-10,2019Q1,ANTARCHILE,7495408.970640462
2019-02-10,2019Q1,IAM,1215141.73612203
2019-02-10,2019Q1,INVERCAP,491794.2982303008
2019-02-10,2019Q1,QUINENCO,0.0
2019-02-11,2019Q1,ALMENDRAL,1036348.1283983957
2019-02-11,2019Q1,ANTARCHILE,7567496.297489233
2019-02-11,2019Q1,IAM,1224032.2667989735
2019-02-11,2019Q1,INVERCAP,482310.48267864
2019-02-11,2019Q1,QUINENCO,0.0
2019-02-12,2019Q1,ALMENDRAL,1060924.2416819981
2019-02-12,2019Q1,ANTARCHILE,7471463.541960198
2019-02-12,2019Q1,IAM,1218679.4905436512
2019-02-12,2019Q1,INVERCAP,471274.17951270053
2019-02-12,2019Q1,QUINENCO,0.0
2019-02-13,2019Q1,ALMENDRAL,1046145.36274794
2019-02-13,2019Q1,ANTARCHILE,7398498.387445377
2019-02-13,2019Q1,IAM,1218218.044314744
2019-02-13,2019Q1,INVERCAP,475931.6423555367
2019-02-13,2019Q1,QUINENCO,0.0
2019-02-14,2019Q1,ALMENDRAL,1049466.459137616
2019-02-14,2019Q1,ANTARCHILE,7407426.617835939
2019-02-14,2019Q1,IAM,1218218.044314744
2019-02-14,2019Q1,INVERCAP,477438.65962128
2019-02-14,2019Q1,QUINENCO,0.0
2019-02-15,2019Q1,ALMENDRAL,1059595.8031261277
2019-02-15,2019Q1,ANTARCHILE,7570023.884438572
2019-02-15,2019Q1,IAM,1224370.660700172
2019-02-15,2019Q1,INVERCAP,463225.92782194185
2019-02-15,2019Q1,QUINENCO,0.0
2019-02-16,2019Q1,ALMENDRAL,1059595.8031261277
2019-02-16,2019Q1,ANTARCHILE,7570023.884438572
2019-02-16,2019Q1,IAM,1224370.660700172
2019-02-16,2019Q1,INVERCAP,463225.92782194185
2019-02-16,2019Q1,QUINENCO,0.0
2019-02-17,2019Q1,ALMENDRAL,1059595.8031261277
2019-02-17,2019Q1,ANTARCHILE,7570023.884438572
2019-02-17,2019Q1,IAM,1224370.660700172
2019-02-17,2019Q1,INVERCAP,463225.92782194185
2019-02-17,2019Q1,QUINENCO,0.0
2019-02-18,2019Q1,ALMENDRAL,1079356.3266447
2019-02-18,2019Q1,ANTARCHILE,7460434.090791085
2019-02-18,2019Q1,IAM,1212742.2157317132
2019-02-18,2019Q1,INVERCAP,466402.3564553405
2019-02-18,2019Q1,QUINENCO,0.0
2019-02-19,2019Q1,ALMENDRAL,1087708.8840647351
2019-02-19,2019Q1,ANTARCHILE,7435941.387561864
2019-02-19,2019Q1,IAM,1238183.284485458
2019-02-19,2019Q1,INVERCAP,470955.887072953
2019-02-19,2019Q1,QUINENCO,0.0
2019-02-20,2019Q1,ALMENDRAL,1115556.2772921682
2019-02-20,2019Q1,ANTARCHILE,7342397.965978698
2019-02-20,2019Q1,IAM,1254518.480988769
2019-02-20,2019Q1,INVERCAP,470942.8955448001
2019-02-20,2019Q1,QUINENCO,0.0
2019-02-21,2019Q1,ALMENDRAL,1125851.676100164
2019-02-21,2019Q1,ANTARCHILE,7436747.999645252
2019-02-21,2019Q1,IAM,1255133.742627312
2019-02-21,2019Q1,INVERCAP,468019.801710384
2019-02-21,2019Q1,QUINENCO,0.0
2019-02-22,2019Q1,ALMENDRAL,1135831.5707511404
2019-02-22,2019Q1,ANTARCHILE,7530212.6994810775
2019-02-22,2019Q1,IAM,1242828.509856456
2019-02-22,2019Q1,INVERCAP,470293.319137152
2019-02-22,2019Q1,QUINENCO,0.0
2019-02-23,2019Q1,ALMENDRAL,1135831.5707511404
2019-02-23,2019Q1,ANTARCHILE,7530212.6994810775
2019-02-23,2019Q1,IAM,1242828.509856456
2019-02-23,2019Q1,INVERCAP,470293.319137152
2019-02-23,2019Q1,QUINENCO,0.0
2019-02-24,2019Q1,ALMENDRAL,1135831.5707511404
2019-02-24,2019Q1,ANTARCHILE,7530212.6994810775
2019-02-24,2019Q1,IAM,1242828.509856456
2019-02-24,2019Q1,INVERCAP,470293.319137152
2019-02-24,2019Q1,QUINENCO,0.0
2019-02-25,2019Q1,ALMENDRAL,1149331.8275751732
2019-02-25,2019Q1,ANTARCHILE,7512107.2932690345
2019-02-25,2019Q1,IAM,1236614.3673071738
2019-02-25,2019Q1,INVERCAP,473541.201175392
2019-02-25,2019Q1,QUINENCO,0.0
2019-02-26,2019Q1,ALMENDRAL,1154080.99541241
2019-02-26,2019Q1,ANTARCHILE,7536580.380343108
2019-02-26,2019Q1,IAM,1216987.5210376584
2019-02-26,2019Q1,INVERCAP,471917.260156272
2019-02-26,2019Q1,QUINENCO,0.0
2019-02-27,2019Q1,ALMENDRAL,1154080.99541241
2019-02-27,2019Q1,ANTARCHILE,7396413.158303008
2019-02-27,2019Q1,IAM,1208989.119736602
2019-02-27,2019Q1,INVERCAP,472625.2984406083
2019-02-27,2019Q1,QUINENCO,0.0
2019-02-28,2019Q1,ALMENDRAL,1145778.2544382198
2019-02-28,2019Q1,ANTARCHILE,7310457.117793708
2019-02-28,2019Q1,IAM,1181302.346002176
2019-02-28,2019Q1,INVERCAP,469637.24696542753
2019-02-28,2019Q1,QUINENCO,0.0
2019-03-01,2019Q1,ALMENDRAL,1139152.6671408163
2019-03-01,2019Q1,ANTARCHILE,7317538.242897573
2019-03-01,2019Q1,IAM,1193607.578773032
2019-03-01,2019Q1,INVERCAP,469137.0731315386
2019-03-01,2019Q1,QUINENCO,0.0
2019-03-02,2019Q1,ALMENDRAL,1139152.6671408163
2019-03-02,2019Q1,ANTARCHILE,7317538.242897573
2019-03-02,2019Q1,IAM,1193607.578773032
2019-03-02,2019Q1,INVERCAP,469137.0731315386
2019-03-02,2019Q1,QUINENCO,0.0
2019-03-03,2019Q1,ALMENDRAL,1139152.6671408163
2019-03-03,2019Q1,ANTARCHILE,7317538.242897573
2019-03-03,2019Q1,IAM,1193607.578773032
2019-03-03,2019Q1,INVERCAP,469137.0731315386
2019-03-03,2019Q1,QUINENCO,0.0
2019-03-04,2019Q1,ALMENDRAL,1146641.7394995356
2019-03-04,2019Q1,ANTARCHILE,7247882.380836055
2019-03-04,2019Q1,IAM,1199760.19515846
2019-03-04,2019Q1,INVERCAP,461192.7536660035
2019-03-04,2019Q1,QUINENCO,0.0
2019-03-05,2019Q1,ALMENDRAL,1137807.6231029977
2019-03-05,2019Q1,ANTARCHILE,7226459.987260982
2019-03-05,2019Q1,IAM,1188993.116483961
2019-03-05,2019Q1,INVERCAP,472242.04836009606
2019-03-05,2019Q1,QUINENCO,0.0
2019-03-06,2019Q1,ALMENDRAL,1158730.5303579564
2019-03-06,2019Q1,ANTARCHILE,7392980.862094484
2019-03-06,2019Q1,IAM,1187239.620814114
2019-03-06,2019Q1,INVERCAP,491404.55238571204
2019-03-06,2019Q1,QUINENCO,0.0
2019-03-07,2019Q1,ALMENDRAL,1186777.1893687702
2019-03-07,2019Q1,ANTARCHILE,7350126.610166012
2019-03-07,2019Q1,IAM,1190223.6397610465
2019-03-07,2019Q1,INVERCAP,497575.528258368
2019-03-07,2019Q1,QUINENCO,0.0
2019-03-08,2019Q1,ALMENDRAL,1181513.2515911337
2019-03-08,2019Q1,ANTARCHILE,7396034.50991402
2019-03-08,2019Q1,IAM,1190223.6397610465
2019-03-08,2019Q1,INVERCAP,482453.3894883226
2019-03-08,2019Q1,QUINENCO,0.0
2019-03-09,2019Q1,ALMENDRAL,1181513.2515911337
2019-03-09,2019Q1,ANTARCHILE,7396034.50991402
2019-03-09,2019Q1,IAM,1190223.6397610465
2019-03-09,2019Q1,INVERCAP,482453.3894883226
2019-03-09,2019Q1,QUINENCO,0.0
2019-03-10,2019Q1,ALMENDRAL,1181513.2515911337
2019-03-10,2019Q1,ANTARCHILE,7396034.50991402
2019-03-10,2019Q1,IAM,1190223.6397610465
2019-03-10,2019Q1,INVERCAP,482453.3894883226
2019-03-10,2019Q1,QUINENCO,0.0
2019-03-11,2019Q1,ALMENDRAL,1187291.9593091698
2019-03-11,2019Q1,ANTARCHILE,7362843.025933357
2019-03-11,2019Q1,IAM,1177918.4069901905
2019-03-11,2019Q1,INVERCAP,487903.33554848935
2019-03-11,2019Q1,QUINENCO,0.0
2019-03-12,2019Q1,ALMENDRAL,1184136.9177389778
2019-03-12,2019Q1,ANTARCHILE,7375559.4417007025
2019-03-12,2019Q1,IAM,1179764.191905819
2019-03-12,2019Q1,INVERCAP,493678.06981248007
2019-03-12,2019Q1,QUINENCO,0.0
2019-03-13,2019Q1,ALMENDRAL,1195096.5358249086
2019-03-13,2019Q1,ANTARCHILE,7305310.305195385
2019-03-13,2019Q1,IAM,1190531.2705803178
2019-03-13,2019Q1,INVERCAP,507384.1320138528
2019-03-13,2019Q1,QUINENCO,0.0
2019-03-14,2019Q1,ALMENDRAL,1190430.3953974138
2019-03-14,2019Q1,ANTARCHILE,7257494.597044875
2019-03-14,2019Q1,IAM,1193453.763363396
2019-03-14,2019Q1,INVERCAP,508618.327188384
2019-03-14,2019Q1,QUINENCO,0.0
2019-03-15,2019Q1,ALMENDRAL,1180649.7665298178
2019-03-15,2019Q1,ANTARCHILE,7273517.41932669
2019-03-15,2019Q1,IAM,1178533.6686287336
2019-03-15,2019Q1,INVERCAP,512840.573838096
2019-03-15,2019Q1,QUINENCO,0.0
2019-03-16,2019Q1,ALMENDRAL,1180649.7665298178
2019-03-16,2019Q1,ANTARCHILE,7273517.41932669
2019-03-16,2019Q1,IAM,1178533.6686287336
2019-03-16,2019Q1,INVERCAP,512840.573838096
2019-03-16,2019Q1,QUINENCO,0.0
2019-03-17,2019Q1,ALMENDRAL,1180649.7665298178
2019-03-17,2019Q1,ANTARCHILE,7273517.41932669
2019-03-17,2019Q1,IAM,1178533.6686287336
2019-03-17,2019Q1,INVERCAP,512840.573838096
2019-03-17,2019Q1,QUINENCO,0.0
2019-03-18,2019Q1,ALMENDRAL,1183140.588822075
2019-03-18,2019Q1,ANTARCHILE,7274865.465699671
2019-03-18,2019Q1,IAM,1189608.3781225039
2019-03-18,2019Q1,INVERCAP,521804.72826363845
2019-03-18,2019Q1,QUINENCO,0.0
2019-03-19,2019Q1,ALMENDRAL,1183140.588822075
2019-03-19,2019Q1,ANTARCHILE,7233746.823476412
2019-03-19,2019Q1,IAM,1193607.578773032
2019-03-19,2019Q1,INVERCAP,519661.12611839996
2019-03-19,2019Q1,QUINENCO,0.0
2019-03-20,2019Q1,ALMENDRAL,1168278.682478275
2019-03-20,2019Q1,ANTARCHILE,7113980.070274697
2019-03-20,2019Q1,IAM,1186070.6237008828
2019-03-20,2019Q1,INVERCAP,500108.87624819524
2019-03-20,2019Q1,QUINENCO,0.0
2019-03-21,2019Q1,ALMENDRAL,1183970.862919494
2019-03-21,2019Q1,ANTARCHILE,7154930.206701333
2019-03-21,2019Q1,IAM,1193607.578773032
2019-03-21,2019Q1,INVERCAP,499121.5201085703
2019-03-21,2019Q1,QUINENCO,0.0
2019-03-22,2019Q1,ALMENDRAL,1162400.3418685484
2019-03-22,2019Q1,ANTARCHILE,7114467.259924636
2019-03-22,2019Q1,IAM,1193607.578773032
2019-03-22,2019Q1,INVERCAP,493743.0274532449
2019-03-22,2019Q1,QUINENCO,0.0
2019-03-23,2019Q1,ALMENDRAL,1162400.3418685484
2019-03-23,2019Q1,ANTARCHILE,7114467.259924636
2019-03-23,2019Q1,IAM,1193607.578773032
2019-03-23,2019Q1,INVERCAP,493743.0274532449
2019-03-23,2019Q1,QUINENCO,0.0
2019-03-24,2019Q1,ALMENDRAL,1162400.3418685484
2019-03-24,2019Q1,ANTARCHILE,7114467.259924636
2019-03-24,2019Q1,IAM,1193607.578773032
2019-03-24,2019Q1,INVERCAP,493743.0274532449
2019-03-24,2019Q1,QUINENCO,0.0
2019-03-25,2019Q1,ALMENDRAL,1162383.7363865997
2019-03-25,2019Q1,ANTARCHILE,7073567.675236986
2019-03-25,2019Q1,IAM,1184378.65419489
2019-03-25,2019Q1,INVERCAP,507741.3990380592
2019-03-25,2019Q1,QUINENCO,0.0
2019-03-26,2019Q1,ALMENDRAL,1150095.6797447987
2019-03-26,2019Q1,ANTARCHILE,7099456.949582824
2019-03-26,2019Q1,IAM,1185639.9405539029
2019-03-26,2019Q1,INVERCAP,505045.65694631997
2019-03-26,2019Q1,QUINENCO,0.0
2019-03-27,2019Q1,ALMENDRAL,1161520.2513252844
2019-03-27,2019Q1,ANTARCHILE,7074832.945871923
2019-03-27,2019Q1,IAM,1184993.915833433
2019-03-27,2019Q1,INVERCAP,501537.9443450208
2019-03-27,2019Q1,QUINENCO,0.0
2019-03-28,2019Q1,ALMENDRAL,1173841.518930982
2019-03-28,2019Q1,ANTARCHILE,7076349.498041526
2019-03-28,2019Q1,IAM,1187454.962387604
2019-03-28,2019Q1,INVERCAP,515146.57008524647
2019-03-28,2019Q1,QUINENCO,0.0
2019-03-29,2019Q1,ALMENDRAL,1176664.4508622068
2019-03-29,2019Q1,ANTARCHILE,7108147.365226106
2019-03-29,2019Q1,IAM,1190223.6397610465
2019-03-29,2019Q1,INVERCAP,524857.737379584
2019-03-29,2019Q1,QUINENCO,0.0
2019-03-30,2019Q1,ALMENDRAL,1176664.4508622068
2019-03-30,2019Q1,ANTARCHILE,7108147.365226106
2019-03-30,2019Q1,IAM,1190223.6397610465
2019-03-30,2019Q1,INVERCAP,524857.737379584
2019-03-30,2019Q1,QUINENCO,0.0
2019-03-31,2019Q1,ALMENDRAL,1176664.4508622068
2019-03-31,2019Q1,ANTARCHILE,7108147.365226106
2019-03-31,2019Q1,IAM,1190223.6397610465
2019-03-31,2019Q1,INVERCAP,524857.737379584
2019-03-31,2019Q1,QUINENCO,0.0
2019-04-01,2019Q2,ALMENDRAL,1157402.091802086
2019-04-01,2019Q2,ANTARCHILE,7180650.975250548
2019-04-01,2019Q2,IAM,1185393.8358984855
2019-04-01,2019Q2,INVERCAP,530255.7173271389
2019-04-01,2019Q2,QUINENCO,0.0
2019-04-02,2019Q2,ALMENDRAL,1158215.7604175564
2019-04-02,2019Q2,ANTARCHILE,7058978.6293867305
2019-04-02,2019Q2,IAM,1181302.346002176
2019-04-02,2019Q2,INVERCAP,528430.407621648
2019-04-02,2019Q2,QUINENCO,0.0
2019-04-03,2019Q2,ALMENDRAL,1151988.704686914
2019-04-03,2019Q2,ANTARCHILE,7097503.759502267
2019-04-03,2019Q2,IAM,1177856.880826336
2019-04-03,2019Q2,INVERCAP,524208.1609719361
2019-04-03,2019Q2,QUINENCO,0.0
2019-04-04,2019Q2,ALMENDRAL,1165704.832776276
2019-04-04,2019Q2,ANTARCHILE,7202301.220941126
2019-04-04,2019Q2,IAM,1176687.883713105
2019-04-04,2019Q2,INVERCAP,522909.00815664005
2019-04-04,2019Q2,QUINENCO,0.0
2019-04-05,2019Q2,ALMENDRAL,1162549.7912060837
2019-04-05,2019Q2,ANTARCHILE,7193155.530538568
2019-04-05,2019Q2,IAM,1172073.421424034
2019-04-05,2019Q2,INVERCAP,519661.12611839996
2019-04-05,2019Q2,QUINENCO,0.0
2019-04-06,2019Q2,ALMENDRAL,1162549.7912060837
2019-04-06,2019Q2,ANTARCHILE,7193155.530538568
2019-04-06,2019Q2,IAM,1172073.421424034
2019-04-06,2019Q2,INVERCAP,519661.12611839996
2019-04-06,2019Q2,QUINENCO,0.0
2019-04-07,2019Q2,ALMENDRAL,1162549.7912060837
2019-04-07,2019Q2,ANTARCHILE,7193155.530538568
2019-04-07,2019Q2,IAM,1172073.421424034
2019-04-07,2019Q2,INVERCAP,519661.12611839996
2019-04-07,2019Q2,QUINENCO,0.0
2019-04-08,2019Q2,ALMENDRAL,1181646.0954467207
2019-04-08,2019Q2,ANTARCHILE,7192491.899455588
2019-04-08,2019Q2,IAM,1178226.037809462
2019-04-08,2019Q2,INVERCAP,528423.9118575716
2019-04-08,2019Q2,QUINENCO,0.0
2019-04-09,2019Q2,ALMENDRAL,1195594.70028336
2019-04-09,2019Q2,ANTARCHILE,7232920.406492827
2019-04-09,2019Q2,IAM,1173826.917093881
2019-04-09,2019Q2,INVERCAP,537784.3078917792
2019-04-09,2019Q2,QUINENCO,0.0
2019-04-10,2019Q2,ALMENDRAL,1195594.70028336
2019-04-10,2019Q2,ANTARCHILE,7154104.5282978825
2019-04-10,2019Q2,IAM,1178072.2223998262
2019-04-10,2019Q2,INVERCAP,541097.147570784
2019-04-10,2019Q2,QUINENCO,0.0
2019-04-11,2019Q2,ALMENDRAL,1182310.314724656
2019-04-11,2019Q2,ANTARCHILE,7155656.258787078
2019-04-11,2019Q2,IAM,1175149.729616748
2019-04-11,2019Q2,INVERCAP,530119.3062815329
2019-04-11,2019Q2,QUINENCO,0.0
2019-04-12,2019Q2,ALMENDRAL,1182974.534002591
2019-04-12,2019Q2,ANTARCHILE,7135141.769518416
2019-04-12,2019Q2,IAM,1175149.729616748
2019-04-12,2019Q2,INVERCAP,527521.0006509408
2019-04-12,2019Q2,QUINENCO,0.0
2019-04-13,2019Q2,ALMENDRAL,1182974.534002591
2019-04-13,2019Q2,ANTARCHILE,7135141.769518416
2019-04-13,2019Q2,IAM,1175149.729616748
2019-04-13,2019Q2,INVERCAP,527521.0006509408
2019-04-13,2019Q2,QUINENCO,0.0
2019-04-14,2019Q2,ALMENDRAL,1182974.534002591
2019-04-14,2019Q2,ANTARCHILE,7135141.769518416
2019-04-14,2019Q2,IAM,1175149.729616748
2019-04-14,2019Q2,INVERCAP,527521.0006509408
2019-04-14,2019Q2,QUINENCO,0.0
2019-04-15,2019Q2,ALMENDRAL,1157402.091802086
2019-04-15,2019Q2,ANTARCHILE,7034034.464662246
2019-04-15,2019Q2,IAM,1175149.729616748
2019-04-15,2019Q2,INVERCAP,532587.6966305953
2019-04-15,2019Q2,QUINENCO,0.0
2019-04-16,2019Q2,ALMENDRAL,1164011.0736175412
2019-04-16,2019Q2,ANTARCHILE,7075051.264827399
2019-04-16,2019Q2,IAM,1177610.7761709192
2019-04-16,2019Q2,INVERCAP,529404.77223312
2019-04-16,2019Q2,QUINENCO,0.0
2019-04-17,2019Q2,ALMENDRAL,1174007.5737504659
2019-04-17,2019Q2,ANTARCHILE,7099338.256945054
2019-04-17,2019Q2,IAM,1177918.4069901905
2019-04-17,2019Q2,INVERCAP,535575.748105776
2019-04-17,2019Q2,QUINENCO,0.0
2019-04-18,2019Q2,ALMENDRAL,1169191.983985436
2019-04-18,2019Q2,ANTARCHILE,7122732.906920744
2019-04-18,2019Q2,IAM,1193299.9479537604
2019-04-18,2019Q2,INVERCAP,532652.65427136
2019-04-18,2019Q2,QUINENCO,0.0
2019-04-19,2019Q2,ALMENDRAL,1169191.983985436
2019-04-19,2019Q2,ANTARCHILE,7122732.906920744
2019-04-19,2019Q2,IAM,1193299.9479537604
2019-04-19,2019Q2,INVERCAP,532652.65427136
2019-04-19,2019Q2,QUINENCO,0.0
2019-04-20,2019Q2,ALMENDRAL,1169191.983985436
2019-04-20,2019Q2,ANTARCHILE,7122732.906920744
2019-04-20,2019Q2,IAM,1193299.9479537604
2019-04-20,2019Q2,INVERCAP,532652.65427136
2019-04-20,2019Q2,QUINENCO,0.0
2019-04-21,2019Q2,ALMENDRAL,1169191.983985436
2019-04-21,2019Q2,ANTARCHILE,7122732.906920744
2019-04-21,2019Q2,IAM,1193299.9479537604
2019-04-21,2019Q2,INVERCAP,532652.65427136
2019-04-21,2019Q2,QUINENCO,0.0
2019-04-22,2019Q2,ALMENDRAL,1169125.5620576425
2019-04-22,2019Q2,ANTARCHILE,7075249.229047594
2019-04-22,2019Q2,IAM,1183609.5771467113
2019-04-22,2019Q2,INVERCAP,515114.091264864
2019-04-22,2019Q2,QUINENCO,0.0
2019-04-23,2019Q2,ALMENDRAL,1169191.983985436
2019-04-23,2019Q2,ANTARCHILE,7057162.459683873
2019-04-23,2019Q2,IAM,1187301.1469779683
2019-04-23,2019Q2,INVERCAP,515438.879468688
2019-04-23,2019Q2,QUINENCO,0.0
2019-04-24,2019Q2,ALMENDRAL,1166535.1068736948
2019-04-24,2019Q2,ANTARCHILE,6984401.848228745
2019-04-24,2019Q2,IAM,1175180.492698675
2019-04-24,2019Q2,INVERCAP,508748.2424699137
2019-04-24,2019Q2,QUINENCO,0.0
2019-04-25,2019Q2,ALMENDRAL,1167033.2713321464
2019-04-25,2019Q2,ANTARCHILE,6924898.348250422
2019-04-25,2019Q2,IAM,1177918.4069901905
2019-04-25,2019Q2,INVERCAP,500823.41029660805
2019-04-25,2019Q2,QUINENCO,0.0
2019-04-26,2019Q2,ALMENDRAL,1173841.518930982
2019-04-26,2019Q2,ANTARCHILE,6926464.713578878
2019-04-26,2019Q2,IAM,1193607.578773032
2019-04-26,2019Q2,INVERCAP,504720.868742496
2019-04-26,2019Q2,QUINENCO,0.0
2019-04-27,2019Q2,ALMENDRAL,1173841.518930982
2019-04-27,2019Q2,ANTARCHILE,6926464.713578878
2019-04-27,2019Q2,IAM,1193607.578773032
2019-04-27,2019Q2,INVERCAP,504720.868742496
2019-04-27,2019Q2,QUINENCO,0.0
2019-04-28,2019Q2,ALMENDRAL,1173841.518930982
2019-04-28,2019Q2,ANTARCHILE,6926464.713578878
2019-04-28,2019Q2,IAM,1193607.578773032
2019-04-28,2019Q2,INVERCAP,504720.868742496
2019-04-28,2019Q2,QUINENCO,0.0
2019-04-29,2019Q2,ALMENDRAL,1172347.025555628
2019-04-29,2019Q2,ANTARCHILE,6889289.845576723
2019-04-29,2019Q2,IAM,1193607.578773032
2019-04-29,2019Q2,INVERCAP,502122.5631119041
2019-04-29,2019Q2,QUINENCO,0.0
2019-04-30,2019Q2,ALMENDRAL,1177793.6236346967
2019-04-30,2019Q2,ANTARCHILE,6993202.282293246
2019-04-30,2019Q2,IAM,1199729.4320765329
2019-04-30,2019Q2,INVERCAP,502642.2242380224
2019-04-30,2019Q2,QUINENCO,0.0
2019-05-01,2019Q2,ALMENDRAL,1177793.6236346967
2019-05-01,2019Q2,ANTARCHILE,6993202.282293246
2019-05-01,2019Q2,IAM,1199729.4320765329
2019-05-01,2019Q2,INVERCAP,502642.2242380224
2019-05-01,2019Q2,QUINENCO,0.0
2019-05-02,2019Q2,ALMENDRAL,1163380.0653035028
2019-05-02,2019Q2,ANTARCHILE,6859086.9596007485
2019-05-02,2019Q2,IAM,1206681.8885920665
2019-05-02,2019Q2,INVERCAP,499225.4523337939
2019-05-02,2019Q2,QUINENCO,0.0
2019-05-03,2019Q2,ALMENDRAL,1146658.344981484
2019-05-03,2019Q2,ANTARCHILE,6864364.883935703
2019-05-03,2019Q2,IAM,1221263.5894255308
2019-05-03,2019Q2,INVERCAP,497575.528258368
2019-05-03,2019Q2,QUINENCO,0.0
2019-05-04,2019Q2,ALMENDRAL,1146658.344981484
2019-05-04,2019Q2,ANTARCHILE,6864364.883935703
2019-05-04,2019Q2,IAM,1221263.5894255308
2019-05-04,2019Q2,INVERCAP,497575.528258368
2019-05-04,2019Q2,QUINENCO,0.0
2019-05-05,2019Q2,ALMENDRAL,1146658.344981484
2019-05-05,2019Q2,ANTARCHILE,6864364.883935703
2019-05-05,2019Q2,IAM,1221263.5894255308
2019-05-05,2019Q2,INVERCAP,497575.528258368
2019-05-05,2019Q2,QUINENCO,0.0
2019-05-06,2019Q2,ALMENDRAL,1146558.7120897938
2019-05-06,2019Q2,ANTARCHILE,6713395.753733605
2019-05-06,2019Q2,IAM,1226831.7072543432
2019-05-06,2019Q2,INVERCAP,480621.58401875524
2019-05-06,2019Q2,QUINENCO,0.0
2019-05-07,2019Q2,ALMENDRAL,1154080.99541241
2019-05-07,2019Q2,ANTARCHILE,6613811.150414798
2019-05-07,2019Q2,IAM,1229292.7538085144
2019-05-07,2019Q2,INVERCAP,466207.48353304615
2019-05-07,2019Q2,QUINENCO,0.0
2019-05-08,2019Q2,ALMENDRAL,1151258.0634811854
2019-05-08,2019Q2,ANTARCHILE,6522992.300694342
2019-05-08,2019Q2,IAM,1215910.8131702084
2019-05-08,2019Q2,INVERCAP,457048.45618520933
2019-05-08,2019Q2,QUINENCO,0.0
2019-05-09,2019Q2,ALMENDRAL,1131049.1919500069
2019-05-09,2019Q2,ANTARCHILE,6607497.164357335
2019-05-09,2019Q2,IAM,1212065.427929316
2019-05-09,2019Q2,INVERCAP,459250.520207136
2019-05-09,2019Q2,QUINENCO,0.0
2019-05-10,2019Q2,ALMENDRAL,1140796.6098537059
2019-05-10,2019Q2,ANTARCHILE,6531719.56056253
2019-05-10,2019Q2,IAM,1215910.8131702084
2019-05-10,2019Q2,INVERCAP,461322.6689475331
2019-05-10,2019Q2,QUINENCO,0.0
2019-05-11,2019Q2,ALMENDRAL,1140796.6098537059
2019-05-11,2019Q2,ANTARCHILE,6531719.56056253
2019-05-11,2019Q2,IAM,1215910.8131702084
2019-05-11,2019Q2,INVERCAP,461322.6689475331
2019-05-11,2019Q2,QUINENCO,0.0
2019-05-12,2019Q2,ALMENDRAL,1140796.6098537059
2019-05-12,2019Q2,ANTARCHILE,6531719.56056253
2019-05-12,2019Q2,IAM,1215910.8131702084
2019-05-12,2019Q2,INVERCAP,461322.6689475331
2019-05-12,2019Q2,QUINENCO,0.0
2019-05-13,2019Q2,ALMENDRAL,1113563.6194583627
2019-05-13,2019Q2,ANTARCHILE,6365427.344806368
2019-05-13,2019Q2,IAM,1222832.506603815
2019-05-13,2019Q2,INVERCAP,442368.0293723645
2019-05-13,2019Q2,QUINENCO,0.0
2019-05-14,2019Q2,ALMENDRAL,1129372.0382732204
2019-05-14,2019Q2,ANTARCHILE,6392860.963840068
2019-05-14,2019Q2,IAM,1219756.198411101
2019-05-14,2019Q2,INVERCAP,436515.345939456
2019-05-14,2019Q2,QUINENCO,0.0
2019-05-15,2019Q2,ALMENDRAL,1119375.5381402958
2019-05-15,2019Q2,ANTARCHILE,6295423.581194653
2019-05-15,2019Q2,IAM,1216679.890218387
2019-05-15,2019Q2,INVERCAP,444959.83923888
2019-05-15,2019Q2,QUINENCO,0.0
2019-05-16,2019Q2,ALMENDRAL,1129172.77248984
2019-05-16,2019Q2,ANTARCHILE,6186017.1169281
2019-05-16,2019Q2,IAM,1215110.9730401027
2019-05-16,2019Q2,INVERCAP,455353.06176124804
2019-05-16,2019Q2,QUINENCO,0.0
2019-05-17,2019Q2,ALMENDRAL,1124207.7333872744
2019-05-17,2019Q2,ANTARCHILE,6092206.301810737
2019-05-17,2019Q2,IAM,1158230.034556821
2019-05-17,2019Q2,INVERCAP,456002.638168896
2019-05-17,2019Q2,QUINENCO,0.0
2019-05-18,2019Q2,ALMENDRAL,1124207.7333872744
2019-05-18,2019Q2,ANTARCHILE,6092206.301810737
2019-05-18,2019Q2,IAM,1158230.034556821
2019-05-18,2019Q2,INVERCAP,456002.638168896
2019-05-18,2019Q2,QUINENCO,0.0
2019-05-19,2019Q2,ALMENDRAL,1124207.7333872744
2019-05-19,2019Q2,ANTARCHILE,6092206.301810737
2019-05-19,2019Q2,IAM,1158230.034556821
2019-05-19,2019Q2,INVERCAP,456002.638168896
2019-05-19,2019Q2,QUINENCO,0.0
2019-05-20,2019Q2,ALMENDRAL,1137475.5134640299
2019-05-20,2019Q2,ANTARCHILE,6044755.586516779
2019-05-20,2019Q2,IAM,1168997.1132313202
2019-05-20,2019Q2,INVERCAP,450442.2641194291
2019-05-20,2019Q2,QUINENCO,0.0
2019-05-21,2019Q2,ALMENDRAL,1137475.5134640299
2019-05-21,2019Q2,ANTARCHILE,6044755.586516779
2019-05-21,2019Q2,IAM,1168997.1132313202
2019-05-21,2019Q2,INVERCAP,450442.2641194291
2019-05-21,2019Q2,QUINENCO,0.0
2019-05-22,2019Q2,ALMENDRAL,1140796.6098537059
2019-05-22,2019Q2,ANTARCHILE,6031100.519604231
2019-05-22,2019Q2,IAM,1168997.1132313202
2019-05-22,2019Q2,INVERCAP,469318.95452568005
2019-05-22,2019Q2,QUINENCO,0.0
2019-05-23,2019Q2,ALMENDRAL,1130003.0465872588
2019-05-23,2019Q2,ANTARCHILE,6009547.752872662
2019-05-23,2019Q2,IAM,1176657.120631178
2019-05-23,2019Q2,INVERCAP,465168.16128080926
2019-05-23,2019Q2,QUINENCO,0.0
2019-05-24,2019Q2,ALMENDRAL,1129189.3779717884
2019-05-24,2019Q2,ANTARCHILE,5922154.55213953
2019-05-24,2019Q2,IAM,1179764.191905819
2019-05-24,2019Q2,INVERCAP,474190.77758304006
2019-05-24,2019Q2,QUINENCO,0.0
2019-05-25,2019Q2,ALMENDRAL,1129189.3779717884
2019-05-25,2019Q2,ANTARCHILE,5922154.55213953
2019-05-25,2019Q2,IAM,1179764.191905819
2019-05-25,2019Q2,INVERCAP,474190.77758304006
2019-05-25,2019Q2,QUINENCO,0.0
2019-05-26,2019Q2,ALMENDRAL,1129189.3779717884
2019-05-26,2019Q2,ANTARCHILE,5922154.55213953
2019-05-26,2019Q2,IAM,1179764.191905819
2019-05-26,2019Q2,INVERCAP,474190.77758304006
2019-05-26,2019Q2,QUINENCO,0.0
2019-05-27,2019Q2,ALMENDRAL,1118379.209223393
2019-05-27,2019Q2,ANTARCHILE,5813600.699851206
2019-05-27,2019Q2,IAM,1175149.729616748
2019-05-27,2019Q2,INVERCAP,477438.65962128
2019-05-27,2019Q2,QUINENCO,0.0
2019-05-28,2019Q2,ALMENDRAL,1106091.1525815916
2019-05-28,2019Q2,ANTARCHILE,5772153.531506206
2019-05-28,2019Q2,IAM,1168997.1132313202
2019-05-28,2019Q2,INVERCAP,468032.793238537
2019-05-28,2019Q2,QUINENCO,0.0
2019-05-29,2019Q2,ALMENDRAL,1112567.29054146
2019-05-29,2019Q2,ANTARCHILE,5834656.434664412
2019-05-29,2019Q2,IAM,1199760.19515846
2019-05-29,2019Q2,INVERCAP,467695.01350656
2019-05-29,2019Q2,QUINENCO,0.0
2019-05-30,2019Q2,ALMENDRAL,1120870.03151565
2019-05-30,2019Q2,ANTARCHILE,6070850.571974182
2019-05-30,2019Q2,IAM,1184409.4172768171
2019-05-30,2019Q2,INVERCAP,461394.1223523744
2019-05-30,2019Q2,QUINENCO,0.0
2019-05-31,2019Q2,ALMENDRAL,1124025.0730858422
2019-05-31,2019Q2,ANTARCHILE,6043647.931721513
2019-05-31,2019Q2,IAM,1204374.6574475311
2019-05-31,2019Q2,INVERCAP,457366.7486249568
2019-05-31,2019Q2,QUINENCO,0.0
2019-06-01,2019Q2,ALMENDRAL,1124025.0730858422
2019-06-01,2019Q2,ANTARCHILE,6043647.931721513
2019-06-01,2019Q2,IAM,1204374.6574475311
2019-06-01,2019Q2,INVERCAP,457366.7486249568
2019-06-01,2019Q2,QUINENCO,0.0
2019-06-02,2019Q2,ALMENDRAL,1124025.0730858422
2019-06-02,2019Q2,ANTARCHILE,6043647.931721513
2019-06-02,2019Q2,IAM,1204374.6574475311
2019-06-02,2019Q2,INVERCAP,457366.7486249568
2019-06-02,2019Q2,QUINENCO,0.0
2019-06-03,2019Q2,ALMENDRAL,1159062.639996924
2019-06-03,2019Q2,ANTARCHILE,6094904.232807004
2019-06-03,2019Q2,IAM,1226216.4456158003
2019-06-03,2019Q2,INVERCAP,460549.6730224321
2019-06-03,2019Q2,QUINENCO,0.0
2019-06-04,2019Q2,ALMENDRAL,1155741.5436072478
2019-06-04,2019Q2,ANTARCHILE,6154818.296064979
2019-06-04,2019Q2,IAM,1205974.3377077421
2019-06-04,2019Q2,INVERCAP,464115.84750041954
2019-06-04,2019Q2,QUINENCO,0.0
2019-06-05,2019Q2,ALMENDRAL,1154080.99541241
2019-06-05,2019Q2,ANTARCHILE,5965159.961431522
2019-06-05,2019Q2,IAM,1218033.465823181
2019-06-05,2019Q2,INVERCAP,461199.24943008006
2019-06-05,2019Q2,QUINENCO,0.0
2019-06-06,2019Q2,ALMENDRAL,1145778.2544382198
2019-06-06,2019Q2,ANTARCHILE,5869171.178801976
2019-06-06,2019Q2,IAM,1205851.2853800338
2019-06-06,2019Q2,INVERCAP,456100.07463004324
2019-06-06,2019Q2,QUINENCO,0.0
2019-06-07,2019Q2,ALMENDRAL,1130169.1014067428
2019-06-07,2019Q2,ANTARCHILE,5872549.968950979
2019-06-07,2019Q2,IAM,1217664.3088400555
2019-06-07,2019Q2,INVERCAP,467759.97114732483
2019-06-07,2019Q2,QUINENCO,0.0
2019-06-08,2019Q2,ALMENDRAL,1130169.1014067428
2019-06-08,2019Q2,ANTARCHILE,5872549.968950979
2019-06-08,2019Q2,IAM,1217664.3088400555
2019-06-08,2019Q2,INVERCAP,467759.97114732483
2019-06-08,2019Q2,QUINENCO,0.0
2019-06-09,2019Q2,ALMENDRAL,1130169.1014067428
2019-06-09,2019Q2,ANTARCHILE,5872549.968950979
2019-06-09,2019Q2,IAM,1217664.3088400555
2019-06-09,2019Q2,INVERCAP,467759.97114732483
2019-06-09,2019Q2,QUINENCO,0.0
2019-06-10,2019Q2,ALMENDRAL,1144283.7610628656
2019-06-10,2019Q2,ANTARCHILE,5930311.212002891
2019-06-10,2019Q2,IAM,1225847.2886326748
2019-06-10,2019Q2,INVERCAP,473930.9470199808
2019-06-10,2019Q2,QUINENCO,0.0
2019-06-11,2019Q2,ALMENDRAL,1162217.6815671162
2019-06-11,2019Q2,ANTARCHILE,6019114.450640028
2019-06-11,2019Q2,IAM,1227754.5997121574
2019-06-11,2019Q2,INVERCAP,482310.48267864
2019-06-11,2019Q2,QUINENCO,0.0
2019-06-12,2019Q2,ALMENDRAL,1159062.639996924
2019-06-12,2019Q2,ANTARCHILE,6035661.856631772
2019-06-12,2019Q2,IAM,1227477.7319748132
2019-06-12,2019Q2,INVERCAP,480693.0374235965
2019-06-12,2019Q2,QUINENCO,0.0
2019-06-13,2019Q2,ALMENDRAL,1139152.6671408163
2019-06-13,2019Q2,ANTARCHILE,6050568.847755211
2019-06-13,2019Q2,IAM,1239136.9400251992
2019-06-13,2019Q2,INVERCAP,482310.48267864
2019-06-13,2019Q2,QUINENCO,0.0
2019-06-14,2019Q2,ALMENDRAL,1143785.5966044143
2019-06-14,2019Q2,ANTARCHILE,6007779.782404988
2019-06-14,2019Q2,IAM,1239752.201663742
2019-06-14,2019Q2,INVERCAP,480686.54165952007
2019-06-14,2019Q2,QUINENCO,0.0
2019-06-15,2019Q2,ALMENDRAL,1143785.5966044143
2019-06-15,2019Q2,ANTARCHILE,6007779.782404988
2019-06-15,2019Q2,IAM,1239752.201663742
2019-06-15,2019Q2,INVERCAP,480686.54165952007
2019-06-15,2019Q2,QUINENCO,0.0
2019-06-16,2019Q2,ALMENDRAL,1143785.5966044143
2019-06-16,2019Q2,ANTARCHILE,6007779.782404988
2019-06-16,2019Q2,IAM,1239752.201663742
2019-06-16,2019Q2,INVERCAP,480686.54165952007
2019-06-16,2019Q2,QUINENCO,0.0
2019-06-17,2019Q2,ALMENDRAL,1119209.483320812
2019-06-17,2019Q2,ANTARCHILE,5924910.352294414
2019-06-17,2019Q2,IAM,1234061.031507221
2019-06-17,2019Q2,INVERCAP,479062.6006404
2019-06-17,2019Q2,QUINENCO,0.0
2019-06-18,2019Q2,ALMENDRAL,1101773.727275013
2019-06-18,2019Q2,ANTARCHILE,5922552.559556917
2019-06-18,2019Q2,IAM,1247412.2090635998
2019-06-18,2019Q2,INVERCAP,492365.9254690311
2019-06-18,2019Q2,QUINENCO,0.0
2019-06-19,2019Q2,ALMENDRAL,1125021.402002745
2019-06-19,2019Q2,ANTARCHILE,5913189.409142362
2019-06-19,2019Q2,IAM,1246489.3166057856
2019-06-19,2019Q2,INVERCAP,494392.6038608929
2019-06-19,2019Q2,QUINENCO,0.0
2019-06-20,2019Q2,ALMENDRAL,1120870.03151565
2019-06-20,2019Q2,ANTARCHILE,5960664.41279896
2019-06-20,2019Q2,IAM,1245597.1872298985
2019-06-20,2019Q2,INVERCAP,502772.13951955206
2019-06-20,2019Q2,QUINENCO,0.0
2019-06-21,2019Q2,ALMENDRAL,1130600.8439374007
2019-06-21,2019Q2,ANTARCHILE,5986114.094913312
2019-06-21,2019Q2,IAM,1237937.1798300408
2019-06-21,2019Q2,INVERCAP,495691.75667618884
2019-06-21,2019Q2,QUINENCO,0.0
2019-06-22,2019Q2,ALMENDRAL,1130600.8439374007
2019-06-22,2019Q2,ANTARCHILE,5986114.094913312
2019-06-22,2019Q2,IAM,1237937.1798300408
2019-06-22,2019Q2,INVERCAP,495691.75667618884
2019-06-22,2019Q2,QUINENCO,0.0
2019-06-23,2019Q2,ALMENDRAL,1130600.8439374007
2019-06-23,2019Q2,ANTARCHILE,5986114.094913312
2019-06-23,2019Q2,IAM,1237937.1798300408
2019-06-23,2019Q2,INVERCAP,495691.75667618884
2019-06-23,2019Q2,QUINENCO,0.0
2019-06-24,2019Q2,ALMENDRAL,1150892.7428783209
2019-06-24,2019Q2,ANTARCHILE,6143326.063971913
2019-06-24,2019Q2,IAM,1235168.502456598
2019-06-24,2019Q2,INVERCAP,496282.87120714854
2019-06-24,2019Q2,QUINENCO,0.0
2019-06-25,2019Q2,ALMENDRAL,1153898.3351109778
2019-06-25,2019Q2,ANTARCHILE,6127471.747486722
2019-06-25,2019Q2,IAM,1246581.6058515671
2019-06-25,2019Q2,INVERCAP,496925.95185072
2019-06-25,2019Q2,QUINENCO,0.0
2019-06-26,2019Q2,ALMENDRAL,1152287.6033619847
2019-06-26,2019Q2,ANTARCHILE,6061611.147494925
2019-06-26,2019Q2,IAM,1237075.8135360808
2019-06-26,2019Q2,INVERCAP,504655.9111017312
2019-06-26,2019Q2,QUINENCO,0.0
2019-06-27,2019Q2,ALMENDRAL,1150759.899022734
2019-06-27,2019Q2,ANTARCHILE,6047307.822918795
2019-06-27,2019Q2,IAM,1239752.201663742
2019-06-27,2019Q2,INVERCAP,508293.53898456006
2019-06-27,2019Q2,QUINENCO,0.0
2019-06-28,2019Q2,ALMENDRAL,1145811.4654021168
2019-06-28,2019Q2,ANTARCHILE,6121030.394574937
2019-06-28,2019Q2,IAM,1230523.2770856
2019-06-28,2019Q2,INVERCAP,504461.0381794368
2019-06-28,2019Q2,QUINENCO,0.0
2019-06-29,2019Q2,ALMENDRAL,1145811.4654021168
2019-06-29,2019Q2,ANTARCHILE,6121030.394574937
2019-06-29,2019Q2,IAM,1230523.2770856
2019-06-29,2019Q2,INVERCAP,504461.0381794368
2019-06-29,2019Q2,QUINENCO,0.0
2019-06-30,2019Q2,ALMENDRAL,1145811.4654021168
2019-06-30,2019Q2,ANTARCHILE,6121030.394574937
2019-06-30,2019Q2,IAM,1230523.2770856
2019-06-30,2019Q2,INVERCAP,504461.0381794368
2019-06-30,2019Q2,QUINENCO,0.0
2019-07-01,2019Q3,ALMENDRAL,1137641.5682835137
2019-07-01,2019Q3,ANTARCHILE,5994146.049534547
2019-07-01,2019Q3,IAM,1261286.35901274
2019-07-01,2019Q3,INVERCAP,511866.20922662405
2019-07-01,2019Q3,QUINENCO,0.0
2019-07-02,2019Q3,ALMENDRAL,1116054.4417506198
2019-07-02,2019Q3,ANTARCHILE,5862505.409548601
2019-07-02,2019Q3,IAM,1227446.9688928858
2019-07-02,2019Q3,INVERCAP,507968.750780736
2019-07-02,2019Q3,QUINENCO,0.0
2019-07-03,2019Q3,ALMENDRAL,1153914.9405929262
2019-07-03,2019Q3,ANTARCHILE,5862783.074822961
2019-07-03,2019Q3,IAM,1249504.0986346453
2019-07-03,2019Q3,INVERCAP,514711.35389212234
2019-07-03,2019Q3,QUINENCO,0.0
2019-07-04,2019Q3,ALMENDRAL,1153250.721314991
2019-07-04,2019Q3,ANTARCHILE,5878953.189222639
2019-07-04,2019Q3,IAM,1245135.7410009913
2019-07-04,2019Q3,INVERCAP,511801.2515858592
2019-07-04,2019Q3,QUINENCO,0.0
2019-07-05,2019Q3,ALMENDRAL,1145778.2544382198
2019-07-05,2019Q3,ANTARCHILE,6009549.093269526
2019-07-05,2019Q3,IAM,1246981.52591662
2019-07-05,2019Q3,INVERCAP,500953.32557813765
2019-07-05,2019Q3,QUINENCO,0.0
2019-07-06,2019Q3,ALMENDRAL,1145778.2544382198
2019-07-06,2019Q3,ANTARCHILE,6009549.093269526
2019-07-06,2019Q3,IAM,1246981.52591662
2019-07-06,2019Q3,INVERCAP,500953.32557813765
2019-07-06,2019Q3,QUINENCO,0.0
2019-07-07,2019Q3,ALMENDRAL,1145778.2544382198
2019-07-07,2019Q3,ANTARCHILE,6009549.093269526
2019-07-07,2019Q3,IAM,1246981.52591662
2019-07-07,2019Q3,INVERCAP,500953.32557813765
2019-07-07,2019Q3,QUINENCO,0.0
2019-07-08,2019Q3,ALMENDRAL,1145612.199618736
2019-07-08,2019Q3,ANTARCHILE,5933368.552723091
2019-07-08,2019Q3,IAM,1247442.972145527
2019-07-08,2019Q3,INVERCAP,505350.95785791456
2019-07-08,2019Q3,QUINENCO,0.0
2019-07-09,2019Q3,ALMENDRAL,1142291.10322906
2019-07-09,2019Q3,ANTARCHILE,5853237.590734357
2019-07-09,2019Q3,IAM,1251749.8036153265
2019-07-09,2019Q3,INVERCAP,500823.41029660805
2019-07-09,2019Q3,QUINENCO,0.0
2019-07-10,2019Q3,ALMENDRAL,1145446.1447992523
2019-07-10,2019Q3,ANTARCHILE,5805674.641278781
2019-07-10,2019Q3,IAM,1248981.126241884
2019-07-10,2019Q3,INVERCAP,504207.7033804541
2019-07-10,2019Q3,QUINENCO,0.0
2019-07-11,2019Q3,ALMENDRAL,1144117.706243382
2019-07-11,2019Q3,ANTARCHILE,5767474.842237759
2019-07-11,2019Q3,IAM,1249596.3878804266
2019-07-11,2019Q3,INVERCAP,508943.11539220804
2019-07-11,2019Q3,QUINENCO,0.0
2019-07-12,2019Q3,ALMENDRAL,1132493.868879516
2019-07-12,2019Q3,ANTARCHILE,5783025.848289031
2019-07-12,2019Q3,IAM,1248981.126241884
2019-07-12,2019Q3,INVERCAP,509267.903596032
2019-07-12,2019Q3,QUINENCO,0.0
2019-07-13,2019Q3,ALMENDRAL,1132493.868879516
2019-07-13,2019Q3,ANTARCHILE,5783025.848289031
2019-07-13,2019Q3,IAM,1248981.126241884
2019-07-13,2019Q3,INVERCAP,509267.903596032
2019-07-13,2019Q3,QUINENCO,0.0
2019-07-14,2019Q3,ALMENDRAL,1132493.868879516
2019-07-14,2019Q3,ANTARCHILE,5783025.848289031
2019-07-14,2019Q3,IAM,1248981.126241884
2019-07-14,2019Q3,INVERCAP,509267.903596032
2019-07-14,2019Q3,QUINENCO,0.0
2019-07-15,2019Q3,ALMENDRAL,1132493.868879516
2019-07-15,2019Q3,ANTARCHILE,5811258.830368188
2019-07-15,2019Q3,IAM,1252057.434434598
2019-07-15,2019Q3,INVERCAP,508209.09405156574
2019-07-15,2019Q3,QUINENCO,0.0
2019-07-16,2019Q3,ALMENDRAL,1132493.868879516
2019-07-16,2019Q3,ANTARCHILE,5811258.830368188
2019-07-16,2019Q3,IAM,1252057.434434598
2019-07-16,2019Q3,INVERCAP,508209.09405156574
2019-07-16,2019Q3,QUINENCO,0.0
2019-07-17,2019Q3,ALMENDRAL,1106921.4266790107
2019-07-17,2019Q3,ANTARCHILE,5794882.8844936
2019-07-17,2019Q3,IAM,1252057.434434598
2019-07-17,2019Q3,INVERCAP,496276.375443072
2019-07-17,2019Q3,QUINENCO,0.0
2019-07-18,2019Q3,ALMENDRAL,1105094.823664689
2019-07-18,2019Q3,ANTARCHILE,5769703.550233978
2019-07-18,2019Q3,IAM,1253595.588530955
2019-07-18,2019Q3,INVERCAP,481336.11806716805
2019-07-18,2019Q3,QUINENCO,0.0
2019-07-19,2019Q3,ALMENDRAL,1093470.986300823
2019-07-19,2019Q3,ANTARCHILE,5650171.966567401
2019-07-19,2019Q3,IAM,1252057.434434598
2019-07-19,2019Q3,INVERCAP,487104.3565670822
2019-07-19,2019Q3,QUINENCO,0.0
2019-07-20,2019Q3,ALMENDRAL,1093470.986300823
2019-07-20,2019Q3,ANTARCHILE,5650171.966567401
2019-07-20,2019Q3,IAM,1252057.434434598
2019-07-20,2019Q3,INVERCAP,487104.3565670822
2019-07-20,2019Q3,QUINENCO,0.0
2019-07-21,2019Q3,ALMENDRAL,1093470.986300823
2019-07-21,2019Q3,ANTARCHILE,5650171.966567401
2019-07-21,2019Q3,IAM,1252057.434434598
2019-07-21,2019Q3,INVERCAP,487104.3565670822
2019-07-21,2019Q3,QUINENCO,0.0
2019-07-22,2019Q3,ALMENDRAL,1090980.164008566
2019-07-22,2019Q3,ANTARCHILE,5645055.660081179
2019-07-22,2019Q3,IAM,1224370.660700172
2019-07-22,2019Q3,INVERCAP,476139.506805984
2019-07-22,2019Q3,QUINENCO,0.0
2019-07-23,2019Q3,ALMENDRAL,1081016.874839538
2019-07-23,2019Q3,ANTARCHILE,5508850.230893717
2019-07-23,2019Q3,IAM,1193607.578773032
2019-07-23,2019Q3,INVERCAP,472242.04836009606
2019-07-23,2019Q3,QUINENCO,0.0
2019-07-24,2019Q3,ALMENDRAL,1064743.5025301257
2019-07-24,2019Q3,ANTARCHILE,5398070.745293053
2019-07-24,2019Q3,IAM,1184440.1803587442
2019-07-24,2019Q3,INVERCAP,466655.69125432323
2019-07-24,2019Q3,QUINENCO,0.0
2019-07-25,2019Q3,ALMENDRAL,1062418.7350573523
2019-07-25,2019Q3,ANTARCHILE,5324247.070158937
2019-07-25,2019Q3,IAM,1208989.119736602
2019-07-25,2019Q3,INVERCAP,474060.86230151035
2019-07-25,2019Q3,QUINENCO,0.0
2019-07-26,2019Q3,ALMENDRAL,1067732.4892808339
2019-07-26,2019Q3,ANTARCHILE,5340457.464557435
2019-07-26,2019Q3,IAM,1200067.8259777315
2019-07-26,2019Q3,INVERCAP,474190.77758304006
2019-07-26,2019Q3,QUINENCO,0.0
2019-07-27,2019Q3,ALMENDRAL,1067732.4892808339
2019-07-27,2019Q3,ANTARCHILE,5340457.464557435
2019-07-27,2019Q3,IAM,1200067.8259777315
2019-07-27,2019Q3,INVERCAP,474190.77758304006
2019-07-27,2019Q3,QUINENCO,0.0
2019-07-28,2019Q3,ALMENDRAL,1067732.4892808339
2019-07-28,2019Q3,ANTARCHILE,5340457.464557435
2019-07-28,2019Q3,IAM,1200067.8259777315
2019-07-28,2019Q3,INVERCAP,474190.77758304006
2019-07-28,2019Q3,QUINENCO,0.0
2019-07-29,2019Q3,ALMENDRAL,1071053.5856705098
2019-07-29,2019Q3,ANTARCHILE,5362817.461589181
2019-07-29,2019Q3,IAM,1208989.119736602
2019-07-29,2019Q3,INVERCAP,469968.53093332803
2019-07-29,2019Q3,QUINENCO,0.0
2019-07-30,2019Q3,ALMENDRAL,1071053.5856705098
2019-07-30,2019Q3,ANTARCHILE,5480183.496842437
2019-07-30,2019Q3,IAM,1212065.427929316
2019-07-30,2019Q3,INVERCAP,474177.7860548871
2019-07-30,2019Q3,QUINENCO,0.0
2019-07-31,2019Q3,ALMENDRAL,1071053.5856705098
2019-07-31,2019Q3,ANTARCHILE,5343708.887852118
2019-07-31,2019Q3,IAM,1212219.2433389518
2019-07-31,2019Q3,INVERCAP,468987.67055777955
2019-07-31,2019Q3,QUINENCO,0.0
2019-08-01,2019Q3,ALMENDRAL,1062750.84469632
2019-08-01,2019Q3,ANTARCHILE,5246581.703588516
2019-08-01,2019Q3,IAM,1217602.782676201
2019-08-01,2019Q3,INVERCAP,461368.1392960686
2019-08-01,2019Q3,QUINENCO,0.0
2019-08-02,2019Q3,ALMENDRAL,1046145.36274794
2019-08-02,2019Q3,ANTARCHILE,5155992.062780487
2019-08-02,2019Q3,IAM,1212065.427929316
2019-08-02,2019Q3,INVERCAP,461920.2792425693
2019-08-02,2019Q3,QUINENCO,0.0
2019-08-03,2019Q3,ALMENDRAL,1046145.36274794
2019-08-03,2019Q3,ANTARCHILE,5155992.062780487
2019-08-03,2019Q3,IAM,1212065.427929316
2019-08-03,2019Q3,INVERCAP,461920.2792425693
2019-08-03,2019Q3,QUINENCO,0.0
2019-08-04,2019Q3,ALMENDRAL,1046145.36274794
2019-08-04,2019Q3,ANTARCHILE,5155992.062780487
2019-08-04,2019Q3,IAM,1212065.427929316
2019-08-04,2019Q3,INVERCAP,461920.2792425693
2019-08-04,2019Q3,QUINENCO,0.0
2019-08-05,2019Q3,ALMENDRAL,1007952.7542666659
2019-08-05,2019Q3,ANTARCHILE,5005770.266724594
2019-08-05,2019Q3,IAM,1187454.962387604
2019-08-05,2019Q3,INVERCAP,438529.0328031648
2019-08-05,2019Q3,QUINENCO,0.0
2019-08-06,2019Q3,ALMENDRAL,1008218.44197784
2019-08-06,2019Q3,ANTARCHILE,5005888.959362364
2019-08-06,2019Q3,IAM,1180963.9521009773
2019-08-06,2019Q3,INVERCAP,444310.26283123204
2019-08-06,2019Q3,QUINENCO,0.0
2019-08-07,2019Q3,ALMENDRAL,1007122.480169247
2019-08-07,2019Q3,ANTARCHILE,5022434.149613708
2019-08-07,2019Q3,IAM,1175149.729616748
2019-08-07,2019Q3,INVERCAP,443011.110015936
2019-08-07,2019Q3,QUINENCO,0.0
2019-08-08,2019Q3,ALMENDRAL,1051110.4018505055
2019-08-08,2019Q3,ANTARCHILE,5301464.949692155
2019-08-08,2019Q3,IAM,1176687.883713105
2019-08-08,2019Q3,INVERCAP,457951.36739184
2019-08-08,2019Q3,QUINENCO,0.0
2019-08-09,2019Q3,ALMENDRAL,1024574.8416969944
2019-08-09,2019Q3,ANTARCHILE,5248557.412163109
2019-08-09,2019Q3,IAM,1159768.1886531778
2019-08-09,2019Q3,INVERCAP,447558.144869472
2019-08-09,2019Q3,QUINENCO,0.0
2019-08-10,2019Q3,ALMENDRAL,1024574.8416969944
2019-08-10,2019Q3,ANTARCHILE,5248557.412163109
2019-08-10,2019Q3,IAM,1159768.1886531778
2019-08-10,2019Q3,INVERCAP,447558.144869472
2019-08-10,2019Q3,QUINENCO,0.0
2019-08-11,2019Q3,ALMENDRAL,1024574.8416969944
2019-08-11,2019Q3,ANTARCHILE,5248557.412163109
2019-08-11,2019Q3,IAM,1159768.1886531778
2019-08-11,2019Q3,INVERCAP,447558.144869472
2019-08-11,2019Q3,QUINENCO,0.0
2019-08-12,2019Q3,ALMENDRAL,1013764.672948599
2019-08-12,2019Q3,ANTARCHILE,5259052.505735568
2019-08-12,2019Q3,IAM,1172073.421424034
2019-08-12,2019Q3,INVERCAP,441711.95720064
2019-08-12,2019Q3,QUINENCO,0.0
2019-08-13,2019Q3,ALMENDRAL,1014594.947046018
2019-08-13,2019Q3,ANTARCHILE,5361600.045499449
2019-08-13,2019Q3,IAM,1189669.904286358
2019-08-13,2019Q3,INVERCAP,447947.8907140608
2019-08-13,2019Q3,QUINENCO,0.0
2019-08-14,2019Q3,ALMENDRAL,1000148.1777509274
2019-08-14,2019Q3,ANTARCHILE,5222230.211491101
2019-08-14,2019Q3,IAM,1175457.3604360195
2019-08-14,2019Q3,INVERCAP,434534.1378961296
2019-08-14,2019Q3,QUINENCO,0.0
2019-08-15,2019Q3,ALMENDRAL,1000148.1777509274
2019-08-15,2019Q3,ANTARCHILE,5222230.211491101
2019-08-15,2019Q3,IAM,1175457.3604360195
2019-08-15,2019Q3,INVERCAP,434534.1378961296
2019-08-15,2019Q3,QUINENCO,0.0
2019-08-16,2019Q3,ALMENDRAL,997989.465097638
2019-08-16,2019Q3,ANTARCHILE,5171687.475010789
2019-08-16,2019Q3,IAM,1196683.8869657458
2019-08-16,2019Q3,INVERCAP,433267.46390121605
2019-08-16,2019Q3,QUINENCO,0.0
2019-08-17,2019Q3,ALMENDRAL,997989.465097638
2019-08-17,2019Q3,ANTARCHILE,5171687.475010789
2019-08-17,2019Q3,IAM,1196683.8869657458
2019-08-17,2019Q3,INVERCAP,433267.46390121605
2019-08-17,2019Q3,QUINENCO,0.0
2019-08-18,2019Q3,ALMENDRAL,997989.465097638
2019-08-18,2019Q3,ANTARCHILE,5171687.475010789
2019-08-18,2019Q3,IAM,1196683.8869657458
2019-08-18,2019Q3,INVERCAP,433267.46390121605
2019-08-18,2019Q3,QUINENCO,0.0
2019-08-19,2019Q3,ALMENDRAL,999583.5913646825
2019-08-19,2019Q3,ANTARCHILE,5171941.710865989
2019-08-19,2019Q3,IAM,1182840.500098533
2019-08-19,2019Q3,INVERCAP,426771.699824736
2019-08-19,2019Q3,QUINENCO,0.0
2019-08-20,2019Q3,ALMENDRAL,1003004.3206460488
2019-08-20,2019Q3,ANTARCHILE,5239501.024356449
2019-08-20,2019Q3,IAM,1187454.962387604
2019-08-20,2019Q3,INVERCAP,422224.6649712
2019-08-20,2019Q3,QUINENCO,0.0
2019-08-21,2019Q3,ALMENDRAL,1003153.7699835843
2019-08-21,2019Q3,ANTARCHILE,5169945.406829425
2019-08-21,2019Q3,IAM,1190531.2705803178
2019-08-21,2019Q3,INVERCAP,422224.6649712
2019-08-21,2019Q3,QUINENCO,0.0
2019-08-22,2019Q3,ALMENDRAL,993007.8205131239
2019-08-22,2019Q3,ANTARCHILE,5042323.140439514
2019-08-22,2019Q3,IAM,1190531.2705803178
2019-08-22,2019Q3,INVERCAP,409233.13681824005
2019-08-22,2019Q3,QUINENCO,0.0
2019-08-23,2019Q3,ALMENDRAL,971088.5843412624
2019-08-23,2019Q3,ANTARCHILE,4980341.866670704
2019-08-23,2019Q3,IAM,1180225.638134726
2019-08-23,2019Q3,INVERCAP,387212.4965989728
2019-08-23,2019Q3,QUINENCO,0.0
2019-08-24,2019Q3,ALMENDRAL,971088.5843412624
2019-08-24,2019Q3,ANTARCHILE,4980341.866670704
2019-08-24,2019Q3,IAM,1180225.638134726
2019-08-24,2019Q3,INVERCAP,387212.4965989728
2019-08-24,2019Q3,QUINENCO,0.0
2019-08-25,2019Q3,ALMENDRAL,971088.5843412624
2019-08-25,2019Q3,ANTARCHILE,4980341.866670704
2019-08-25,2019Q3,IAM,1180225.638134726
2019-08-25,2019Q3,INVERCAP,387212.4965989728
2019-08-25,2019Q3,QUINENCO,0.0
2019-08-26,2019Q3,ALMENDRAL,962387.3118003113
2019-08-26,2019Q3,ANTARCHILE,4946196.169380397
2019-08-26,2019Q3,IAM,1174226.8371589337
2019-08-26,2019Q3,INVERCAP,360514.90624464
2019-08-26,2019Q3,QUINENCO,0.0
2019-08-27,2019Q3,ALMENDRAL,944851.9228628221
2019-08-27,2019Q3,ANTARCHILE,4962495.488884699
2019-08-27,2019Q3,IAM,1157676.2990821323
2019-08-27,2019Q3,INVERCAP,361814.05905993603
2019-08-27,2019Q3,QUINENCO,0.0
2019-08-28,2019Q3,ALMENDRAL,954815.21203185
2019-08-28,2019Q3,ANTARCHILE,5015726.880327995
2019-08-28,2019Q3,IAM,1172688.6830625767
2019-08-28,2019Q3,INVERCAP,344269.0002893635
2019-08-28,2019Q3,QUINENCO,0.0
2019-08-29,2019Q3,ALMENDRAL,996328.9169027999
2019-08-29,2019Q3,ANTARCHILE,5155034.722805319
2019-08-29,2019Q3,IAM,1184378.65419489
2019-08-29,2019Q3,INVERCAP,363704.32640619174
2019-08-29,2019Q3,QUINENCO,0.0
2019-08-30,2019Q3,ALMENDRAL,1043488.4856361992
2019-08-30,2019Q3,ANTARCHILE,5369975.522171725
2019-08-30,2019Q3,IAM,1221294.352507458
2019-08-30,2019Q3,INVERCAP,379287.66442566726
2019-08-30,2019Q3,QUINENCO,0.0
2019-08-31,2019Q3,ALMENDRAL,1043488.4856361992
2019-08-31,2019Q3,ANTARCHILE,5369975.522171725
2019-08-31,2019Q3,IAM,1221294.352507458
2019-08-31,2019Q3,INVERCAP,379287.66442566726
2019-08-31,2019Q3,QUINENCO,0.0
2019-09-01,2019Q3,ALMENDRAL,1043488.4856361992
2019-09-01,2019Q3,ANTARCHILE,5369975.522171725
2019-09-01,2019Q3,IAM,1221294.352507458
2019-09-01,2019Q3,INVERCAP,379287.66442566726
2019-09-01,2019Q3,QUINENCO,0.0
2019-09-02,2019Q3,ALMENDRAL,1029905.2014024243
2019-09-02,2019Q3,ANTARCHILE,5328059.921388455
2019-09-02,2019Q3,IAM,1212034.6648473889
2019-09-02,2019Q3,INVERCAP,385198.809735264
2019-09-02,2019Q3,QUINENCO,0.0
2019-09-03,2019Q3,ALMENDRAL,984040.8602609987
2019-09-03,2019Q3,ANTARCHILE,5209498.233559311
2019-09-03,2019Q3,IAM,1209050.6459004562
2019-09-03,2019Q3,INVERCAP,376754.31643584
2019-09-03,2019Q3,QUINENCO,0.0
2019-09-04,2019Q3,ALMENDRAL,993339.9301520915
2019-09-04,2019Q3,ANTARCHILE,5332172.939986313
2019-09-04,2019Q3,IAM,1213603.582025673
2019-09-04,2019Q3,INVERCAP,385828.8988506826
2019-09-04,2019Q3,QUINENCO,0.0
2019-09-05,2019Q3,ALMENDRAL,1005461.9319744089
2019-09-05,2019Q3,ANTARCHILE,5492858.155450693
2019-09-05,2019Q3,IAM,1194899.6282139719
2019-09-05,2019Q3,INVERCAP,401113.43172264
2019-09-05,2019Q3,QUINENCO,0.0
2019-09-06,2019Q3,ALMENDRAL,999600.1968466309
2019-09-06,2019Q3,ANTARCHILE,5531827.550005207
2019-09-06,2019Q3,IAM,1207174.0979029008
2019-09-06,2019Q3,INVERCAP,402347.6268971712
2019-09-06,2019Q3,QUINENCO,0.0
2019-09-07,2019Q3,ALMENDRAL,999600.1968466309
2019-09-07,2019Q3,ANTARCHILE,5531827.550005207
2019-09-07,2019Q3,IAM,1207174.0979029008
2019-09-07,2019Q3,INVERCAP,402347.6268971712
2019-09-07,2019Q3,QUINENCO,0.0
2019-09-08,2019Q3,ALMENDRAL,999600.1968466309
2019-09-08,2019Q3,ANTARCHILE,5531827.550005207
2019-09-08,2019Q3,IAM,1207174.0979029008
2019-09-08,2019Q3,INVERCAP,402347.6268971712
2019-09-08,2019Q3,QUINENCO,0.0
2019-09-09,2019Q3,ALMENDRAL,1006292.206071828
2019-09-09,2019Q3,ANTARCHILE,5557170.529108913
2019-09-09,2019Q3,IAM,1205912.811543888
2019-09-09,2019Q3,INVERCAP,415404.112690896
2019-09-09,2019Q3,QUINENCO,0.0
2019-09-10,2019Q3,ALMENDRAL,1012618.8946941608
2019-09-10,2019Q3,ANTARCHILE,5540195.400149459
2019-09-10,2019Q3,IAM,1219756.198411101
2019-09-10,2019Q3,INVERCAP,403971.5679162912
2019-09-10,2019Q3,QUINENCO,0.0
2019-09-11,2019Q3,ALMENDRAL,1030884.9248373788
2019-09-11,2019Q3,ANTARCHILE,5734491.337090707
2019-09-11,2019Q3,IAM,1224678.2915194435
2019-09-11,2019Q3,INVERCAP,417677.63011766406
2019-09-11,2019Q3,QUINENCO,0.0
2019-09-12,2019Q3,ALMENDRAL,1042824.266358264
2019-09-12,2019Q3,ANTARCHILE,5795960.394266805
2019-09-12,2019Q3,IAM,1227385.442729032
2019-09-12,2019Q3,INVERCAP,422224.6649712
2019-09-12,2019Q3,QUINENCO,0.0
2019-09-13,2019Q3,ALMENDRAL,1080186.600742119
2019-09-13,2019Q3,ANTARCHILE,5803576.306439061
2019-09-13,2019Q3,IAM,1222832.506603815
2019-09-13,2019Q3,INVERCAP,423848.60599032004
2019-09-13,2019Q3,QUINENCO,0.0
2019-09-14,2019Q3,ALMENDRAL,1080186.600742119
2019-09-14,2019Q3,ANTARCHILE,5803576.306439061
2019-09-14,2019Q3,IAM,1222832.506603815
2019-09-14,2019Q3,INVERCAP,423848.60599032004
2019-09-14,2019Q3,QUINENCO,0.0
2019-09-15,2019Q3,ALMENDRAL,1080186.600742119
2019-09-15,2019Q3,ANTARCHILE,5803576.306439061
2019-09-15,2019Q3,IAM,1222832.506603815
2019-09-15,2019Q3,INVERCAP,423848.60599032004
2019-09-15,2019Q3,QUINENCO,0.0
2019-09-16,2019Q3,ALMENDRAL,1104264.5495672699
2019-09-16,2019Q3,ANTARCHILE,5941776.991974561
2019-09-16,2019Q3,IAM,1239752.201663742
2019-09-16,2019Q3,INVERCAP,419308.0669008606
2019-09-16,2019Q3,QUINENCO,0.0
2019-09-17,2019Q3,ALMENDRAL,1066918.8206653635
2019-09-17,2019Q3,ANTARCHILE,5996058.530144541
2019-09-17,2019Q3,IAM,1267438.975398168
2019-09-17,2019Q3,INVERCAP,412545.97649724485
2019-09-17,2019Q3,QUINENCO,0.0
2019-09-18,2019Q3,ALMENDRAL,1066918.8206653635
2019-09-18,2019Q3,ANTARCHILE,5996058.530144541
2019-09-18,2019Q3,IAM,1267438.975398168
2019-09-18,2019Q3,INVERCAP,412545.97649724485
2019-09-18,2019Q3,QUINENCO,0.0
2019-09-19,2019Q3,ALMENDRAL,1066918.8206653635
2019-09-19,2019Q3,ANTARCHILE,5996058.530144541
2019-09-19,2019Q3,IAM,1267438.975398168
2019-09-19,2019Q3,INVERCAP,412545.97649724485
2019-09-19,2019Q3,QUINENCO,0.0
2019-09-20,2019Q3,ALMENDRAL,1066918.8206653635
2019-09-20,2019Q3,ANTARCHILE,5996058.530144541
2019-09-20,2019Q3,IAM,1267438.975398168
2019-09-20,2019Q3,INVERCAP,412545.97649724485
2019-09-20,2019Q3,QUINENCO,0.0
2019-09-21,2019Q3,ALMENDRAL,1066918.8206653635
2019-09-21,2019Q3,ANTARCHILE,5996058.530144541
2019-09-21,2019Q3,IAM,1267438.975398168
2019-09-21,2019Q3,INVERCAP,412545.97649724485
2019-09-21,2019Q3,QUINENCO,0.0
2019-09-22,2019Q3,ALMENDRAL,1066918.8206653635
2019-09-22,2019Q3,ANTARCHILE,5996058.530144541
2019-09-22,2019Q3,IAM,1267438.975398168
2019-09-22,2019Q3,INVERCAP,412545.97649724485
2019-09-22,2019Q3,QUINENCO,0.0
2019-09-23,2019Q3,ALMENDRAL,1066902.215183415
2019-09-23,2019Q3,ANTARCHILE,5833668.760922135
2019-09-23,2019Q3,IAM,1240244.4109745764
2019-09-23,2019Q3,INVERCAP,413130.59526412806
2019-09-23,2019Q3,QUINENCO,0.0
2019-09-24,2019Q3,ALMENDRAL,1077479.907184533
2019-09-24,2019Q3,ANTARCHILE,5691232.67125034
2019-09-24,2019Q3,IAM,1245597.1872298985
2019-09-24,2019Q3,INVERCAP,403711.73735323205
2019-09-24,2019Q3,QUINENCO,0.0
2019-09-25,2019Q3,ALMENDRAL,1064594.0531925901
2019-09-25,2019Q3,ANTARCHILE,5682378.731126321
2019-09-25,2019Q3,IAM,1236522.0780613923
2019-09-25,2019Q3,INVERCAP,410857.07783736003
2019-09-25,2019Q3,QUINENCO,0.0
2019-09-26,2019Q3,ALMENDRAL,1067732.4892808339
2019-09-26,2019Q3,ANTARCHILE,5770251.494981366
2019-09-26,2019Q3,IAM,1236675.8934710282
2019-09-26,2019Q3,INVERCAP,412416.0612157152
2019-09-26,2019Q3,QUINENCO,0.0
2019-09-27,2019Q3,ALMENDRAL,1079522.3814641838
2019-09-27,2019Q3,ANTARCHILE,5773123.479325284
2019-09-27,2019Q3,IAM,1236675.8934710282
2019-09-27,2019Q3,INVERCAP,416378.47730236803
2019-09-27,2019Q3,QUINENCO,0.0
2019-09-28,2019Q3,ALMENDRAL,1079522.3814641838
2019-09-28,2019Q3,ANTARCHILE,5773123.479325284
2019-09-28,2019Q3,IAM,1236675.8934710282
2019-09-28,2019Q3,INVERCAP,416378.47730236803
2019-09-28,2019Q3,QUINENCO,0.0
2019-09-29,2019Q3,ALMENDRAL,1079522.3814641838
2019-09-29,2019Q3,ANTARCHILE,5773123.479325284
2019-09-29,2019Q3,IAM,1236675.8934710282
2019-09-29,2019Q3,INVERCAP,416378.47730236803
2019-09-29,2019Q3,QUINENCO,0.0
2019-09-30,2019Q3,ALMENDRAL,1061638.2774057784
2019-09-30,2019Q3,ANTARCHILE,5671523.264923157
2019-09-30,2019Q3,IAM,1226831.7072543432
2019-09-30,2019Q3,INVERCAP,412481.01885648
2019-09-30,2019Q3,QUINENCO,0.0
2019-10-01,2019Q4,ALMENDRAL,1046311.4175674237
2019-10-01,2019Q4,ANTARCHILE,5572317.309993338
2019-10-01,2019Q4,IAM,1199760.19515846
2019-10-01,2019Q4,INVERCAP,407349.3652360608
2019-10-01,2019Q4,QUINENCO,0.0
2019-10-02,2019Q4,ALMENDRAL,1046145.36274794
2019-10-02,2019Q4,ANTARCHILE,5491578.988556628
2019-10-02,2019Q4,IAM,1210004.3014401975
2019-10-02,2019Q4,INVERCAP,407284.40759529604
2019-10-02,2019Q4,QUINENCO,0.0
2019-10-03,2019Q4,ALMENDRAL,1046328.0230493721
2019-10-03,2019Q4,ANTARCHILE,5470700.2450115485
2019-10-03,2019Q4,IAM,1208343.095016132
2019-10-03,2019Q4,INVERCAP,408583.560410592
2019-10-03,2019Q4,QUINENCO,0.0
2019-10-04,2019Q4,ALMENDRAL,1060625.3430069273
2019-10-04,2019Q4,ANTARCHILE,5579501.565570527
2019-10-04,2019Q4,IAM,1193023.0802164162
2019-10-04,2019Q4,INVERCAP,409947.6708666528
2019-10-04,2019Q4,QUINENCO,0.0
2019-10-05,2019Q4,ALMENDRAL,1060625.3430069273
2019-10-05,2019Q4,ANTARCHILE,5579501.565570527
2019-10-05,2019Q4,IAM,1193023.0802164162
2019-10-05,2019Q4,INVERCAP,409947.6708666528
2019-10-05,2019Q4,QUINENCO,0.0
2019-10-06,2019Q4,ALMENDRAL,1060625.3430069273
2019-10-06,2019Q4,ANTARCHILE,5579501.565570527
2019-10-06,2019Q4,IAM,1193023.0802164162
2019-10-06,2019Q4,INVERCAP,409947.6708666528
2019-10-06,2019Q4,QUINENCO,0.0
2019-10-07,2019Q4,ALMENDRAL,1059778.46342756
2019-10-07,2019Q4,ANTARCHILE,5619137.356783507
2019-10-07,2019Q4,IAM,1196653.123883819
2019-10-07,2019Q4,INVERCAP,413455.383467952
2019-10-07,2019Q4,QUINENCO,0.0
2019-10-08,2019Q4,ALMENDRAL,1078526.052547281
2019-10-08,2019Q4,ANTARCHILE,5617984.870145273
2019-10-08,2019Q4,IAM,1190531.2705803178
2019-10-08,2019Q4,INVERCAP,409564.42078614054
2019-10-08,2019Q4,QUINENCO,0.0
2019-10-09,2019Q4,ALMENDRAL,1081332.378996557
2019-10-09,2019Q4,ANTARCHILE,5577491.176529785
2019-10-09,2019Q4,IAM,1190192.8766791194
2019-10-09,2019Q4,INVERCAP,412065.2899555853
2019-10-09,2019Q4,QUINENCO,0.0
2019-10-10,2019Q4,ALMENDRAL,1050130.678415551
2019-10-10,2019Q4,ANTARCHILE,5708839.448020408
2019-10-10,2019Q4,IAM,1193607.578773032
2019-10-10,2019Q4,INVERCAP,412610.9341380096
2019-10-10,2019Q4,QUINENCO,0.0
2019-10-11,2019Q4,ALMENDRAL,1079356.3266447
2019-10-11,2019Q4,ANTARCHILE,5940950.5749909775
2019-10-11,2019Q4,IAM,1207450.965640245
2019-10-11,2019Q4,INVERCAP,423192.5338185955
2019-10-11,2019Q4,QUINENCO,0.0
2019-10-12,2019Q4,ALMENDRAL,1079356.3266447
2019-10-12,2019Q4,ANTARCHILE,5940950.5749909775
2019-10-12,2019Q4,IAM,1207450.965640245
2019-10-12,2019Q4,INVERCAP,423192.5338185955
2019-10-12,2019Q4,QUINENCO,0.0
2019-10-13,2019Q4,ALMENDRAL,1079356.3266447
2019-10-13,2019Q4,ANTARCHILE,5940950.5749909775
2019-10-13,2019Q4,IAM,1207450.965640245
2019-10-13,2019Q4,INVERCAP,423192.5338185955
2019-10-13,2019Q4,QUINENCO,0.0
2019-10-14,2019Q4,ALMENDRAL,1097605.7513059694
2019-10-14,2019Q4,ANTARCHILE,5999225.459814222
2019-10-14,2019Q4,IAM,1196991.5177850174
2019-10-14,2019Q4,INVERCAP,417677.63011766406
2019-10-14,2019Q4,QUINENCO,0.0
2019-10-15,2019Q4,ALMENDRAL,1104264.5495672699
2019-10-15,2019Q4,ANTARCHILE,5995565.191126844
2019-10-15,2019Q4,IAM,1198222.041062103
2019-10-15,2019Q4,INVERCAP,420256.44845602656
2019-10-15,2019Q4,QUINENCO,0.0
2019-10-16,2019Q4,ALMENDRAL,1118362.6037414444
2019-10-16,2019Q4,ANTARCHILE,5951173.104968308
2019-10-16,2019Q4,IAM,1198222.041062103
2019-10-16,2019Q4,INVERCAP,412942.2181059101
2019-10-16,2019Q4,QUINENCO,0.0
2019-10-17,2019Q4,ALMENDRAL,1136479.1845471272
2019-10-17,2019Q4,ANTARCHILE,6018218.415597394
2019-10-17,2019Q4,IAM,1190531.2705803178
2019-10-17,2019Q4,INVERCAP,414364.79043865926
2019-10-17,2019Q4,QUINENCO,0.0
2019-10-18,2019Q4,ALMENDRAL,1159876.3086123944
2019-10-18,2019Q4,ANTARCHILE,6067752.144293322
2019-10-18,2019Q4,IAM,1165920.8050386058
2019-10-18,2019Q4,INVERCAP,409226.6410541635
2019-10-18,2019Q4,QUINENCO,0.0
2019-10-19,2019Q4,ALMENDRAL,1159876.3086123944
2019-10-19,2019Q4,ANTARCHILE,6067752.144293322
2019-10-19,2019Q4,IAM,1165920.8050386058
2019-10-19,2019Q4,INVERCAP,409226.6410541635
2019-10-19,2019Q4,QUINENCO,0.0
2019-10-20,2019Q4,ALMENDRAL,1159876.3086123944
2019-10-20,2019Q4,ANTARCHILE,6067752.144293322
2019-10-20,2019Q4,IAM,1165920.8050386058
2019-10-20,2019Q4,INVERCAP,409226.6410541635
2019-10-20,2019Q4,QUINENCO,0.0
2019-10-21,2019Q4,ALMENDRAL,1079356.3266447
2019-10-21,2019Q4,ANTARCHILE,5807784.65663723
2019-10-21,2019Q4,IAM,1093965.9564110255
2019-10-21,2019Q4,INVERCAP,380002.19847408
2019-10-21,2019Q4,QUINENCO,0.0
2019-10-22,2019Q4,ALMENDRAL,1085467.1440017037
2019-10-22,2019Q4,ANTARCHILE,5922054.427968382
2019-10-22,2019Q4,IAM,1089013.100220756
2019-10-22,2019Q4,INVERCAP,387797.11536585604
2019-10-22,2019Q4,QUINENCO,0.0
2019-10-23,2019Q4,ALMENDRAL,1068728.8181977367
2019-10-23,2019Q4,ANTARCHILE,5792692.3091375055
2019-10-23,2019Q4,IAM,1061326.3264863298
2019-10-23,2019Q4,INVERCAP,383315.0381530848
2019-10-23,2019Q4,QUINENCO,0.0
2019-10-24,2019Q4,ALMENDRAL,1065241.666988577
2019-10-24,2019Q4,ANTARCHILE,5898190.229484194
2019-10-24,2019Q4,IAM,1107470.9493770401
2019-10-24,2019Q4,INVERCAP,393968.091238512
2019-10-24,2019Q4,QUINENCO,0.0
2019-10-25,2019Q4,ALMENDRAL,1036348.1283983957
2019-10-25,2019Q4,ANTARCHILE,5774808.53729151
2019-10-25,2019Q4,IAM,1107470.9493770401
2019-10-25,2019Q4,INVERCAP,386497.96255056
2019-10-25,2019Q4,QUINENCO,0.0
2019-10-26,2019Q4,ALMENDRAL,1036348.1283983957
2019-10-26,2019Q4,ANTARCHILE,5774808.53729151
2019-10-26,2019Q4,IAM,1107470.9493770401
2019-10-26,2019Q4,INVERCAP,386497.96255056
2019-10-26,2019Q4,QUINENCO,0.0
2019-10-27,2019Q4,ALMENDRAL,1036348.1283983957
2019-10-27,2019Q4,ANTARCHILE,5774808.53729151
2019-10-27,2019Q4,IAM,1107470.9493770401
2019-10-27,2019Q4,INVERCAP,386497.96255056
2019-10-27,2019Q4,QUINENCO,0.0
2019-10-28,2019Q4,ALMENDRAL,1037842.6217737499
2019-10-28,2019Q4,ANTARCHILE,5814242.121548543
2019-10-28,2019Q4,IAM,1106086.6106903187
2019-10-28,2019Q4,INVERCAP,380002.19847408
2019-10-28,2019Q4,QUINENCO,0.0
2019-10-29,2019Q4,ALMENDRAL,1012934.39885118
2019-10-29,2019Q4,ANTARCHILE,5713669.792505814
2019-10-29,2019Q4,IAM,1092089.40841347
2019-10-29,2019Q4,INVERCAP,364418.86045460455
2019-10-29,2019Q4,QUINENCO,0.0
2019-10-30,2019Q4,ALMENDRAL,963284.0078255238
2019-10-30,2019Q4,ANTARCHILE,5472181.069026476
2019-10-30,2019Q4,IAM,1045944.78552276
2019-10-30,2019Q4,INVERCAP,353369.565760512
2019-10-30,2019Q4,QUINENCO,0.0
2019-10-31,2019Q4,ALMENDRAL,963284.0078255238
2019-10-31,2019Q4,ANTARCHILE,5472181.069026476
2019-10-31,2019Q4,IAM,1045944.78552276
2019-10-31,2019Q4,INVERCAP,353369.565760512
2019-10-31,2019Q4,QUINENCO,0.0
2019-11-01,2019Q4,ALMENDRAL,963284.0078255238
2019-11-01,2019Q4,ANTARCHILE,5472181.069026476
2019-11-01,2019Q4,IAM,1045944.78552276
2019-11-01,2019Q4,INVERCAP,353369.565760512
2019-11-01,2019Q4,QUINENCO,0.0
2019-11-02,2019Q4,ALMENDRAL,963284.0078255238
2019-11-02,2019Q4,ANTARCHILE,5472181.069026476
2019-11-02,2019Q4,IAM,1045944.78552276
2019-11-02,2019Q4,INVERCAP,353369.565760512
2019-11-02,2019Q4,QUINENCO,0.0
2019-11-03,2019Q4,ALMENDRAL,963284.0078255238
2019-11-03,2019Q4,ANTARCHILE,5472181.069026476
2019-11-03,2019Q4,IAM,1045944.78552276
2019-11-03,2019Q4,INVERCAP,353369.565760512
2019-11-03,2019Q4,QUINENCO,0.0
2019-11-04,2019Q4,ALMENDRAL,963117.95300604
2019-11-04,2019Q4,ANTARCHILE,5625723.854454455
2019-11-04,2019Q4,IAM,1054250.8176430878
2019-11-04,2019Q4,INVERCAP,368959.399544064
2019-11-04,2019Q4,QUINENCO,0.0
2019-11-05,2019Q4,ALMENDRAL,929906.9891092799
2019-11-05,2019Q4,ANTARCHILE,5467096.436704223
2019-11-05,2019Q4,IAM,1039638.3537276962
2019-11-05,2019Q4,INVERCAP,360579.86388540483
2019-11-05,2019Q4,QUINENCO,0.0
2019-11-06,2019Q4,ALMENDRAL,909814.3559517402
2019-11-06,2019Q4,ANTARCHILE,5299530.825931661
2019-11-06,2019Q4,IAM,990571.2380539079
2019-11-06,2019Q4,INVERCAP,345574.648868736
2019-11-06,2019Q4,QUINENCO,0.0
2019-11-07,2019Q4,ALMENDRAL,943191.374667984
2019-11-07,2019Q4,ANTARCHILE,5509439.399365164
2019-11-07,2019Q4,IAM,984418.62166848
2019-11-07,2019Q4,INVERCAP,361099.5250115232
2019-11-07,2019Q4,QUINENCO,0.0
2019-11-08,2019Q4,ALMENDRAL,929060.1095299126
2019-11-08,2019Q4,ANTARCHILE,5551265.765934239
2019-11-08,2019Q4,IAM,999800.16263205
2019-11-08,2019Q4,INVERCAP,350771.26012992
2019-11-08,2019Q4,QUINENCO,0.0
2019-11-09,2019Q4,ALMENDRAL,929060.1095299126
2019-11-09,2019Q4,ANTARCHILE,5551265.765934239
2019-11-09,2019Q4,IAM,999800.16263205
2019-11-09,2019Q4,INVERCAP,350771.26012992
2019-11-09,2019Q4,QUINENCO,0.0
2019-11-10,2019Q4,ALMENDRAL,929060.1095299126
2019-11-10,2019Q4,ANTARCHILE,5551265.765934239
2019-11-10,2019Q4,IAM,999800.16263205
2019-11-10,2019Q4,INVERCAP,350771.26012992
2019-11-10,2019Q4,QUINENCO,0.0
2019-11-11,2019Q4,ALMENDRAL,904998.76618671
2019-11-11,2019Q4,ANTARCHILE,5397635.721305771
2019-11-11,2019Q4,IAM,991032.684282815
2019-11-11,2019Q4,INVERCAP,342976.343238144
2019-11-11,2019Q4,QUINENCO,0.0
2019-11-12,2019Q4,ALMENDRAL,918117.0969259302
2019-11-12,2019Q4,ANTARCHILE,5345725.322297332
2019-11-12,2019Q4,IAM,999769.3995501228
2019-11-12,2019Q4,INVERCAP,331296.959428633
2019-11-12,2019Q4,QUINENCO,0.0
2019-11-13,2019Q4,ALMENDRAL,864315.3354131789
2019-11-13,2019Q4,ANTARCHILE,5158511.798875166
2019-11-13,2019Q4,IAM,953655.53974134
2019-11-13,2019Q4,INVERCAP,311803.1714351165
2019-11-13,2019Q4,QUINENCO,0.0
2019-11-14,2019Q4,ALMENDRAL,858603.0496229364
2019-11-14,2019Q4,ANTARCHILE,5387854.999300326
2019-11-14,2019Q4,IAM,956578.0325244183
2019-11-14,2019Q4,INVERCAP,318227.48210675525
2019-11-14,2019Q4,QUINENCO,0.0
2019-11-15,2019Q4,ALMENDRAL,983874.805441515
2019-11-15,2019Q4,ANTARCHILE,5908494.692656146
2019-11-15,2019Q4,IAM,1063664.3207127927
2019-11-15,2019Q4,INVERCAP,357267.02420640003
2019-11-15,2019Q4,QUINENCO,0.0
2019-11-16,2019Q4,ALMENDRAL,983874.805441515
2019-11-16,2019Q4,ANTARCHILE,5908494.692656146
2019-11-16,2019Q4,IAM,1063664.3207127927
2019-11-16,2019Q4,INVERCAP,357267.02420640003
2019-11-16,2019Q4,QUINENCO,0.0
2019-11-17,2019Q4,ALMENDRAL,983874.805441515
2019-11-17,2019Q4,ANTARCHILE,5908494.692656146
2019-11-17,2019Q4,IAM,1063664.3207127927
2019-11-17,2019Q4,INVERCAP,357267.02420640003
2019-11-17,2019Q4,QUINENCO,0.0
2019-11-18,2019Q4,ALMENDRAL,962785.8433670723
2019-11-18,2019Q4,ANTARCHILE,5830975.759260109
2019-11-18,2019Q4,IAM,1104394.641184326
2019-11-18,2019Q4,INVERCAP,358111.47353634244
2019-11-18,2019Q4,QUINENCO,0.0
2019-11-19,2019Q4,ALMENDRAL,941198.7168341784
2019-11-19,2019Q4,ANTARCHILE,5777358.281644847
2019-11-19,2019Q4,IAM,1056711.8641972588
2019-11-19,2019Q4,INVERCAP,350771.26012992
2019-11-19,2019Q4,QUINENCO,0.0
2019-11-20,2019Q4,ALMENDRAL,913301.5071609
2019-11-20,2019Q4,ANTARCHILE,5835881.493682227
2019-11-20,2019Q4,IAM,1088982.3371388288
2019-11-20,2019Q4,INVERCAP,341027.6140152
2019-11-20,2019Q4,QUINENCO,0.0
2019-11-21,2019Q4,ALMENDRAL,921604.24813509
2019-11-21,2019Q4,ANTARCHILE,5835375.976292359
2019-11-21,2019Q4,IAM,1058219.2552116888
2019-11-21,2019Q4,INVERCAP,344275.49605344003
2019-11-21,2019Q4,QUINENCO,0.0
2019-11-22,2019Q4,ALMENDRAL,912969.3975219324
2019-11-22,2019Q4,ANTARCHILE,5680118.67447458
2019-11-22,2019Q4,IAM,1055142.9470189747
2019-11-22,2019Q4,INVERCAP,347523.37809168
2019-11-22,2019Q4,QUINENCO,0.0
2019-11-23,2019Q4,ALMENDRAL,912969.3975219324
2019-11-23,2019Q4,ANTARCHILE,5680118.67447458
2019-11-23,2019Q4,IAM,1055142.9470189747
2019-11-23,2019Q4,INVERCAP,347523.37809168
2019-11-23,2019Q4,QUINENCO,0.0
2019-11-24,2019Q4,ALMENDRAL,912969.3975219324
2019-11-24,2019Q4,ANTARCHILE,5680118.67447458
2019-11-24,2019Q4,IAM,1055142.9470189747
2019-11-24,2019Q4,INVERCAP,347523.37809168
2019-11-24,2019Q4,QUINENCO,0.0
2019-11-25,2019Q4,ALMENDRAL,882581.3655563969
2019-11-25,2019Q4,ANTARCHILE,5550696.539126389
2019-11-25,2019Q4,IAM,1024718.2589930334
2019-11-25,2019Q4,INVERCAP,355967.871391104
2019-11-25,2019Q4,QUINENCO,0.0
2019-11-26,2019Q4,ALMENDRAL,862488.7323988571
2019-11-26,2019Q4,ANTARCHILE,5224949.75005628
2019-11-26,2019Q4,IAM,975097.4078445566
2019-11-26,2019Q4,INVERCAP,349407.14967385924
2019-11-26,2019Q4,QUINENCO,0.0
2019-11-27,2019Q4,ALMENDRAL,839407.112490609
2019-11-27,2019Q4,ANTARCHILE,5411843.112464861
2019-11-27,2019Q4,IAM,984418.62166848
2019-11-27,2019Q4,INVERCAP,341677.19042284804
2019-11-27,2019Q4,QUINENCO,0.0
2019-11-28,2019Q4,ALMENDRAL,830274.097419
2019-11-28,2019Q4,ANTARCHILE,5208353.2694858145
2019-11-28,2019Q4,IAM,973651.5429939809
2019-11-28,2019Q4,INVERCAP,334531.84993872
2019-11-28,2019Q4,QUINENCO,0.0
2019-11-29,2019Q4,ALMENDRAL,810513.5739004278
2019-11-29,2019Q4,ANTARCHILE,5266488.918190962
2019-11-29,2019Q4,IAM,1012105.395402906
2019-11-29,2019Q4,INVERCAP,339728.46119990404
2019-11-29,2019Q4,QUINENCO,0.0
2019-11-30,2019Q4,ALMENDRAL,810513.5739004278
2019-11-30,2019Q4,ANTARCHILE,5266488.918190962
2019-11-30,2019Q4,IAM,1012105.395402906
2019-11-30,2019Q4,INVERCAP,339728.46119990404
2019-11-30,2019Q4,QUINENCO,0.0
2019-12-01,2019Q4,ALMENDRAL,810513.5739004278
2019-12-01,2019Q4,ANTARCHILE,5266488.918190962
2019-12-01,2019Q4,IAM,1012105.395402906
2019-12-01,2019Q4,INVERCAP,339728.46119990404
2019-12-01,2019Q4,QUINENCO,0.0
2019-12-02,2019Q4,ALMENDRAL,813668.61547062
2019-12-02,2019Q4,ANTARCHILE,5207996.452992374
2019-12-02,2019Q4,IAM,1004414.6249211209
2019-12-02,2019Q4,INVERCAP,340085.72822411044
2019-12-02,2019Q4,QUINENCO,0.0
2019-12-03,2019Q4,ALMENDRAL,818617.0490912372
2019-12-03,2019Q4,ANTARCHILE,5207115.791369137
2019-12-03,2019Q4,IAM,990571.2380539079
2019-12-03,2019Q4,INVERCAP,329984.815085184
2019-12-03,2019Q4,QUINENCO,0.0
2019-12-04,2019Q4,ALMENDRAL,861658.4583014381
2019-12-04,2019Q4,ANTARCHILE,5436321.971416597
2019-12-04,2019Q4,IAM,1009090.6133740463
2019-12-04,2019Q4,INVERCAP,335181.426346368
2019-12-04,2019Q4,QUINENCO,0.0
2019-12-05,2019Q4,ALMENDRAL,866141.9384275007
2019-12-05,2019Q4,ANTARCHILE,5589201.727578327
2019-12-05,2019Q4,IAM,969037.08070491
2019-12-05,2019Q4,INVERCAP,347393.4628101504
2019-12-05,2019Q4,QUINENCO,0.0
2019-12-06,2019Q4,ALMENDRAL,885072.187848654
2019-12-06,2019Q4,ANTARCHILE,5603829.644648841
2019-12-06,2019Q4,IAM,975989.5372204436
2019-12-06,2019Q4,INVERCAP,343560.9620050272
2019-12-06,2019Q4,QUINENCO,0.0
2019-12-07,2019Q4,ALMENDRAL,885072.187848654
2019-12-07,2019Q4,ANTARCHILE,5603829.644648841
2019-12-07,2019Q4,IAM,975989.5372204436
2019-12-07,2019Q4,INVERCAP,343560.9620050272
2019-12-07,2019Q4,QUINENCO,0.0
2019-12-08,2019Q4,ALMENDRAL,885072.187848654
2019-12-08,2019Q4,ANTARCHILE,5603829.644648841
2019-12-08,2019Q4,IAM,975989.5372204436
2019-12-08,2019Q4,INVERCAP,343560.9620050272
2019-12-08,2019Q4,QUINENCO,0.0
2019-12-09,2019Q4,ALMENDRAL,876902.2907300511
2019-12-09,2019Q4,ANTARCHILE,5682170.013712577
2019-12-09,2019Q4,IAM,985956.7757648369
2019-12-09,2019Q4,INVERCAP,337591.35481874214
2019-12-09,2019Q4,QUINENCO,0.0
2019-12-10,2019Q4,ALMENDRAL,868549.7333100159
2019-12-10,2019Q4,ANTARCHILE,5613750.393334161
2019-12-10,2019Q4,IAM,1002876.470824764
2019-12-10,2019Q4,INVERCAP,346613.9711209728
2019-12-10,2019Q4,QUINENCO,0.0
2019-12-11,2019Q4,ALMENDRAL,855182.32034157
2019-12-11,2019Q4,ANTARCHILE,5696302.616751685
2019-12-11,2019Q4,IAM,1001338.3167284069
2019-12-11,2019Q4,INVERCAP,361229.4402930528
2019-12-11,2019Q4,QUINENCO,0.0
2019-12-12,2019Q4,ALMENDRAL,866806.157705436
2019-12-12,2019Q4,ANTARCHILE,5753225.023721148
2019-12-12,2019Q4,IAM,1012136.1584848331
2019-12-12,2019Q4,INVERCAP,368309.82313641603
2019-12-12,2019Q4,QUINENCO,0.0
2019-12-13,2019Q4,ALMENDRAL,877599.720971883
2019-12-13,2019Q4,ANTARCHILE,5922448.638521814
2019-12-13,2019Q4,IAM,1045944.78552276
2019-12-13,2019Q4,INVERCAP,373441.4767568352
2019-12-13,2019Q4,QUINENCO,0.0
2019-12-14,2019Q4,ALMENDRAL,877599.720971883
2019-12-14,2019Q4,ANTARCHILE,5922448.638521814
2019-12-14,2019Q4,IAM,1045944.78552276
2019-12-14,2019Q4,INVERCAP,373441.4767568352
2019-12-14,2019Q4,QUINENCO,0.0
2019-12-15,2019Q4,ALMENDRAL,877599.720971883
2019-12-15,2019Q4,ANTARCHILE,5922448.638521814
2019-12-15,2019Q4,IAM,1045944.78552276
2019-12-15,2019Q4,INVERCAP,373441.4767568352
2019-12-15,2019Q4,QUINENCO,0.0
2019-12-16,2019Q4,ALMENDRAL,871605.1419885177
2019-12-16,2019Q4,ANTARCHILE,5879561.424014149
2019-12-16,2019Q4,IAM,1070555.2510644721
2019-12-16,2019Q4,INVERCAP,373512.9301616765
2019-12-16,2019Q4,QUINENCO,0.0
2019-12-17,2019Q4,ALMENDRAL,838410.7835737062
2019-12-17,2019Q4,ANTARCHILE,5719114.882240527
2019-12-17,2019Q4,IAM,1061326.3264863298
2019-12-17,2019Q4,INVERCAP,367010.67032112007
2019-12-17,2019Q4,QUINENCO,0.0
2019-12-18,2019Q4,ALMENDRAL,821954.7509628616
2019-12-18,2019Q4,ANTARCHILE,5545145.312616172
2019-12-18,2019Q4,IAM,1030563.24455919
2019-12-18,2019Q4,INVERCAP,370258.55235936
2019-12-18,2019Q4,QUINENCO,0.0
2019-12-19,2019Q4,ALMENDRAL,858686.0770326782
2019-12-19,2019Q4,ANTARCHILE,5529257.294971655
2019-12-19,2019Q4,IAM,1033639.552751904
2019-12-19,2019Q4,INVERCAP,376104.740028192
2019-12-19,2019Q4,QUINENCO,0.0
2019-12-20,2019Q4,ALMENDRAL,917452.877647995
2019-12-20,2019Q4,ANTARCHILE,5475959.978369977
2019-12-20,2019Q4,IAM,1011582.4230101445
2019-12-20,2019Q4,INVERCAP,376689.3587950752
2019-12-20,2019Q4,QUINENCO,0.0
2019-12-21,2019Q4,ALMENDRAL,917452.877647995
2019-12-21,2019Q4,ANTARCHILE,5475959.978369977
2019-12-21,2019Q4,IAM,1011582.4230101445
2019-12-21,2019Q4,INVERCAP,376689.3587950752
2019-12-21,2019Q4,QUINENCO,0.0
2019-12-22,2019Q4,ALMENDRAL,917452.877647995
2019-12-22,2019Q4,ANTARCHILE,5475959.978369977
2019-12-22,2019Q4,IAM,1011582.4230101445
2019-12-22,2019Q4,INVERCAP,376689.3587950752
2019-12-22,2019Q4,QUINENCO,0.0
2019-12-23,2019Q4,ALMENDRAL,887563.010140911
2019-12-23,2019Q4,ANTARCHILE,5460102.157729166
2019-12-23,2019Q4,IAM,1008721.4563909206
2019-12-23,2019Q4,INVERCAP,375455.163620544
2019-12-23,2019Q4,QUINENCO,0.0
2019-12-24,2019Q4,ALMENDRAL,886002.0948377633
2019-12-24,2019Q4,ANTARCHILE,5511717.920520237
2019-12-24,2019Q4,IAM,1010844.1090438932
2019-12-24,2019Q4,INVERCAP,375383.7102157027
2019-12-24,2019Q4,QUINENCO,0.0
2019-12-25,2019Q4,ALMENDRAL,886002.0948377633
2019-12-25,2019Q4,ANTARCHILE,5511717.920520237
2019-12-25,2019Q4,IAM,1010844.1090438932
2019-12-25,2019Q4,INVERCAP,375383.7102157027
2019-12-25,2019Q4,QUINENCO,0.0
2019-12-26,2019Q4,ALMENDRAL,873149.4518097171
2019-12-26,2019Q4,ANTARCHILE,5555098.233318905
2019-12-26,2019Q4,IAM,984418.62166848
2019-12-26,2019Q4,INVERCAP,368959.399544064
2019-12-26,2019Q4,QUINENCO,0.0
2019-12-27,2019Q4,ALMENDRAL,891548.3258085221
2019-12-27,2019Q4,ANTARCHILE,5631366.719664317
2019-12-27,2019Q4,IAM,990263.6072346366
2019-12-27,2019Q4,INVERCAP,368952.9037799875
2019-12-27,2019Q4,QUINENCO,0.0
2019-12-28,2019Q4,ALMENDRAL,891548.3258085221
2019-12-28,2019Q4,ANTARCHILE,5631366.719664317
2019-12-28,2019Q4,IAM,990263.6072346366
2019-12-28,2019Q4,INVERCAP,368952.9037799875
2019-12-28,2019Q4,QUINENCO,0.0
2019-12-29,2019Q4,ALMENDRAL,891548.3258085221
2019-12-29,2019Q4,ANTARCHILE,5631366.719664317
2019-12-29,2019Q4,IAM,990263.6072346366
2019-12-29,2019Q4,INVERCAP,368952.9037799875
2019-12-29,2019Q4,QUINENCO,0.0
2019-12-30,2019Q4,ALMENDRAL,888061.1745993623
2019-12-30,2019Q4,ANTARCHILE,5553038.769699443
2019-12-30,2019Q4,IAM,981342.313475766
2019-12-30,2019Q4,INVERCAP,370063.6794370656
2019-12-30,2019Q4,QUINENCO,0.0
2019-12-31,2019Q4,ALMENDRAL,888061.1745993623
2019-12-31,2019Q4,ANTARCHILE,5553038.769699443
2019-12-31,2019Q4,IAM,981342.313475766
2019-12-31,2019Q4,INVERCAP,370063.6794370656
2019-12-31,2019Q4,QUINENCO,0.0
2020-01-01,2020Q1,ALMENDRAL,888061.1745993623
2020-01-01,2020Q1,ANTARCHILE,5553038.769699443
2020-01-01,2020Q1,IAM,981342.313475766
2020-01-01,2020Q1,INVERCAP,370063.6794370656
2020-01-01,2020Q1,QUINENCO,0.0
2020-01-02,2020Q1,ALMENDRAL,896696.02521252
2020-01-02,2020Q1,ANTARCHILE,5845435.772350729
2020-01-02,2020Q1,IAM,990571.2380539079
2020-01-02,2020Q1,INVERCAP,370908.128767008
2020-01-02,2020Q1,QUINENCO,0.0
2020-01-03,2020Q1,ALMENDRAL,913301.5071609
2020-01-03,2020Q1,ANTARCHILE,5919948.1055106
2020-01-03,2020Q1,IAM,996723.854439336
2020-01-03,2020Q1,INVERCAP,376832.26560475776
2020-01-03,2020Q1,QUINENCO,0.0
2020-01-04,2020Q1,ALMENDRAL,913301.5071609
2020-01-04,2020Q1,ANTARCHILE,5919948.1055106
2020-01-04,2020Q1,IAM,996723.854439336
2020-01-04,2020Q1,INVERCAP,376832.26560475776
2020-01-04,2020Q1,QUINENCO,0.0
2020-01-05,2020Q1,ALMENDRAL,913301.5071609
2020-01-05,2020Q1,ANTARCHILE,5919948.1055106
2020-01-05,2020Q1,IAM,996723.854439336
2020-01-05,2020Q1,INVERCAP,376832.26560475776
2020-01-05,2020Q1,QUINENCO,0.0
2020-01-06,2020Q1,ALMENDRAL,908469.3119139214
2020-01-06,2020Q1,ANTARCHILE,6047203.901883692
2020-01-06,2020Q1,IAM,1030563.24455919
2020-01-06,2020Q1,INVERCAP,371167.9593300672
2020-01-06,2020Q1,QUINENCO,0.0
2020-01-07,2020Q1,ALMENDRAL,913301.5071609
2020-01-07,2020Q1,ANTARCHILE,6201439.588073176
2020-01-07,2020Q1,IAM,1024195.286600272
2020-01-07,2020Q1,INVERCAP,367660.24672876805
2020-01-07,2020Q1,QUINENCO,0.0
2020-01-08,2020Q1,ALMENDRAL,923762.9607883793
2020-01-08,2020Q1,ANTARCHILE,6126482.870110984
2020-01-08,2020Q1,IAM,1052097.401908188
2020-01-08,2020Q1,INVERCAP,366231.1786319424
2020-01-08,2020Q1,QUINENCO,0.0
2020-01-09,2020Q1,ALMENDRAL,929906.9891092799
2020-01-09,2020Q1,ANTARCHILE,6080941.99021488
2020-01-09,2020Q1,IAM,1049021.093715474
2020-01-09,2020Q1,INVERCAP,363106.7161111555
2020-01-09,2020Q1,QUINENCO,0.0
2020-01-10,2020Q1,ALMENDRAL,954649.1572123661
2020-01-10,2020Q1,ANTARCHILE,6233917.07797692
2020-01-10,2020Q1,IAM,1040715.0615951462
2020-01-10,2020Q1,INVERCAP,368959.399544064
2020-01-10,2020Q1,QUINENCO,0.0
2020-01-11,2020Q1,ALMENDRAL,954649.1572123661
2020-01-11,2020Q1,ANTARCHILE,6233917.07797692
2020-01-11,2020Q1,IAM,1040715.0615951462
2020-01-11,2020Q1,INVERCAP,368959.399544064
2020-01-11,2020Q1,QUINENCO,0.0
2020-01-12,2020Q1,ALMENDRAL,954649.1572123661
2020-01-12,2020Q1,ANTARCHILE,6233917.07797692
2020-01-12,2020Q1,IAM,1040715.0615951462
2020-01-12,2020Q1,INVERCAP,368959.399544064
2020-01-12,2020Q1,QUINENCO,0.0
2020-01-13,2020Q1,ALMENDRAL,929906.9891092799
2020-01-13,2020Q1,ANTARCHILE,6231776.31577968
2020-01-13,2020Q1,IAM,1033639.552751904
2020-01-13,2020Q1,INVERCAP,368309.82313641603
2020-01-13,2020Q1,QUINENCO,0.0
2020-01-14,2020Q1,ALMENDRAL,982712.4217051283
2020-01-14,2020Q1,ANTARCHILE,6228733.678280442
2020-01-14,2020Q1,IAM,1052035.875744334
2020-01-14,2020Q1,INVERCAP,363762.78828288004
2020-01-14,2020Q1,QUINENCO,0.0
2020-01-15,2020Q1,ALMENDRAL,941530.8264731459
2020-01-15,2020Q1,ANTARCHILE,6119735.252444746
2020-01-15,2020Q1,IAM,1003184.1016440354
2020-01-15,2020Q1,INVERCAP,354019.14216816
2020-01-15,2020Q1,QUINENCO,0.0
2020-01-16,2020Q1,ALMENDRAL,910810.684868643
2020-01-16,2020Q1,ANTARCHILE,6278615.428889912
2020-01-16,2020Q1,IAM,1009029.087210192
2020-01-16,2020Q1,INVERCAP,347848.166295504
2020-01-16,2020Q1,QUINENCO,0.0
2020-01-17,2020Q1,ALMENDRAL,904998.76618671
2020-01-17,2020Q1,ANTARCHILE,6397875.926121626
2020-01-17,2020Q1,IAM,988417.8223190082
2020-01-17,2020Q1,INVERCAP,351420.836537568
2020-01-17,2020Q1,QUINENCO,0.0
2020-01-18,2020Q1,ALMENDRAL,904998.76618671
2020-01-18,2020Q1,ANTARCHILE,6397875.926121626
2020-01-18,2020Q1,IAM,988417.8223190082
2020-01-18,2020Q1,INVERCAP,351420.836537568
2020-01-18,2020Q1,QUINENCO,0.0
2020-01-19,2020Q1,ALMENDRAL,904998.76618671
2020-01-19,2020Q1,ANTARCHILE,6397875.926121626
2020-01-19,2020Q1,IAM,988417.8223190082
2020-01-19,2020Q1,INVERCAP,351420.836537568
2020-01-19,2020Q1,QUINENCO,0.0
2020-01-20,2020Q1,ALMENDRAL,905131.610042297
2020-01-20,2020Q1,ANTARCHILE,6240247.1240522675
2020-01-20,2020Q1,IAM,969344.7115241814
2020-01-20,2020Q1,INVERCAP,348822.530906976
2020-01-20,2020Q1,QUINENCO,0.0
2020-01-21,2020Q1,ALMENDRAL,879758.4336251724
2020-01-21,2020Q1,ANTARCHILE,6055819.854915444
2020-01-21,2020Q1,IAM,923661.5348623785
2020-01-21,2020Q1,INVERCAP,342976.343238144
2020-01-21,2020Q1,QUINENCO,0.0
2020-01-22,2020Q1,ALMENDRAL,877018.5291036897
2020-01-22,2020Q1,ANTARCHILE,6031195.851204542
2020-01-22,2020Q1,IAM,919877.6757853401
2020-01-22,2020Q1,INVERCAP,342969.84747406753
2020-01-22,2020Q1,QUINENCO,0.0
2020-01-23,2020Q1,ALMENDRAL,881651.4585672877
2020-01-23,2020Q1,ANTARCHILE,5950301.631815121
2020-01-23,2020Q1,IAM,919816.149621486
2020-01-23,2020Q1,INVERCAP,335571.17219095683
2020-01-23,2020Q1,QUINENCO,0.0
2020-01-24,2020Q1,ALMENDRAL,893374.9288228439
2020-01-24,2020Q1,ANTARCHILE,5989369.484635469
2020-01-24,2020Q1,IAM,944426.615163198
2020-01-24,2020Q1,INVERCAP,337779.73197696
2020-01-24,2020Q1,QUINENCO,0.0
2020-01-25,2020Q1,ALMENDRAL,893374.9288228439
2020-01-25,2020Q1,ANTARCHILE,5989369.484635469
2020-01-25,2020Q1,IAM,944426.615163198
2020-01-25,2020Q1,INVERCAP,337779.73197696
2020-01-25,2020Q1,QUINENCO,0.0
2020-01-26,2020Q1,ALMENDRAL,893374.9288228439
2020-01-26,2020Q1,ANTARCHILE,5989369.484635469
2020-01-26,2020Q1,IAM,944426.615163198
2020-01-26,2020Q1,INVERCAP,337779.73197696
2020-01-26,2020Q1,QUINENCO,0.0
2020-01-27,2020Q1,ALMENDRAL,870891.1062647376
2020-01-27,2020Q1,ANTARCHILE,5833282.020951794
2020-01-27,2020Q1,IAM,932121.382392342
2020-01-27,2020Q1,INVERCAP,321540.32178576005
2020-01-27,2020Q1,QUINENCO,0.0
2020-01-28,2020Q1,ALMENDRAL,857673.1426338269
2020-01-28,2020Q1,ANTARCHILE,5884887.821111095
2020-01-28,2020Q1,IAM,936735.8446814129
2020-01-28,2020Q1,INVERCAP,321540.32178576005
2020-01-28,2020Q1,QUINENCO,0.0
2020-01-29,2020Q1,ALMENDRAL,860163.9649260839
2020-01-29,2020Q1,ANTARCHILE,5863587.074494325
2020-01-29,2020Q1,IAM,937966.3679584985
2020-01-29,2020Q1,INVERCAP,322508.1906331555
2020-01-29,2020Q1,QUINENCO,0.0
2020-01-30,2020Q1,ALMENDRAL,855182.32034157
2020-01-30,2020Q1,ANTARCHILE,5875869.068091118
2020-01-30,2020Q1,IAM,950579.231548626
2020-01-30,2020Q1,INVERCAP,316454.1385138762
2020-01-30,2020Q1,QUINENCO,0.0
2020-01-31,2020Q1,ALMENDRAL,871787.80228995
2020-01-31,2020Q1,ANTARCHILE,5856300.238278895
2020-01-31,2020Q1,IAM,922892.4578142001
2020-01-31,2020Q1,INVERCAP,309198.37004044803
2020-01-31,2020Q1,QUINENCO,0.0
2020-02-01,2020Q1,ALMENDRAL,871787.80228995
2020-02-01,2020Q1,ANTARCHILE,5856300.238278895
2020-02-01,2020Q1,IAM,922892.4578142001
2020-02-01,2020Q1,INVERCAP,309198.37004044803
2020-02-01,2020Q1,QUINENCO,0.0
2020-02-02,2020Q1,ALMENDRAL,871787.80228995
2020-02-02,2020Q1,ANTARCHILE,5856300.238278895
2020-02-02,2020Q1,IAM,922892.4578142001
2020-02-02,2020Q1,INVERCAP,309198.37004044803
2020-02-02,2020Q1,QUINENCO,0.0
2020-02-03,2020Q1,ALMENDRAL,868466.705900274
2020-02-03,2020Q1,ANTARCHILE,5856713.446770688
2020-02-03,2020Q1,IAM,936735.8446814129
2020-02-03,2020Q1,INVERCAP,300753.87674102397
2020-02-03,2020Q1,QUINENCO,0.0
2020-02-04,2020Q1,ALMENDRAL,865145.609510598
2020-02-04,2020Q1,ANTARCHILE,5954746.439963646
2020-02-04,2020Q1,IAM,942673.1194933511
2020-02-04,2020Q1,INVERCAP,324073.6697755872
2020-02-04,2020Q1,QUINENCO,0.0
2020-02-05,2020Q1,ALMENDRAL,850549.390877972
2020-02-05,2020Q1,ANTARCHILE,6083404.218240979
2020-02-05,2020Q1,IAM,972544.0720446039
2020-02-05,2020Q1,INVERCAP,324788.203824
2020-02-05,2020Q1,QUINENCO,0.0
2020-02-06,2020Q1,ALMENDRAL,834757.5775450625
2020-02-06,2020Q1,ANTARCHILE,6225499.173947122
2020-02-06,2020Q1,IAM,975189.697090338
2020-02-06,2020Q1,INVERCAP,320988.1818392592
2020-02-06,2020Q1,QUINENCO,0.0
2020-02-07,2020Q1,ALMENDRAL,843558.4829777039
2020-02-07,2020Q1,ANTARCHILE,6145890.579927918
2020-02-07,2020Q1,IAM,973343.9121747095
2020-02-07,2020Q1,INVERCAP,305950.488002208
2020-02-07,2020Q1,QUINENCO,0.0
2020-02-08,2020Q1,ALMENDRAL,843558.4829777039
2020-02-08,2020Q1,ANTARCHILE,6145890.579927918
2020-02-08,2020Q1,IAM,973343.9121747095
2020-02-08,2020Q1,INVERCAP,305950.488002208
2020-02-08,2020Q1,QUINENCO,0.0
2020-02-09,2020Q1,ALMENDRAL,843558.4829777039
2020-02-09,2020Q1,ANTARCHILE,6145890.579927918
2020-02-09,2020Q1,IAM,973343.9121747095
2020-02-09,2020Q1,INVERCAP,305950.488002208
2020-02-09,2020Q1,QUINENCO,0.0
2020-02-10,2020Q1,ALMENDRAL,854352.046244151
2020-02-10,2020Q1,ANTARCHILE,6048927.967833579
2020-02-10,2020Q1,IAM,950886.8623678975
2020-02-10,2020Q1,INVERCAP,310172.73465192
2020-02-10,2020Q1,QUINENCO,0.0
2020-02-11,2020Q1,ALMENDRAL,866806.157705436
2020-02-11,2020Q1,ANTARCHILE,6215549.946145054
2020-02-11,2020Q1,IAM,935197.690585056
2020-02-11,2020Q1,INVERCAP,330504.47621130245
2020-02-11,2020Q1,QUINENCO,0.0
2020-02-12,2020Q1,ALMENDRAL,854352.046244151
2020-02-12,2020Q1,ANTARCHILE,6333717.371439122
2020-02-12,2020Q1,IAM,929045.074199628
2020-02-12,2020Q1,INVERCAP,335291.85433566815
2020-02-12,2020Q1,QUINENCO,0.0
2020-02-13,2020Q1,ALMENDRAL,855182.32034157
2020-02-13,2020Q1,ANTARCHILE,6314794.033714999
2020-02-13,2020Q1,IAM,935197.690585056
2020-02-13,2020Q1,INVERCAP,330959.179696656
2020-02-13,2020Q1,QUINENCO,0.0
2020-02-14,2020Q1,ALMENDRAL,856909.2904642015
2020-02-14,2020Q1,ANTARCHILE,6293085.918865803
2020-02-14,2020Q1,IAM,941350.306970484
2020-02-14,2020Q1,INVERCAP,334155.09562228416
2020-02-14,2020Q1,QUINENCO,0.0
2020-02-15,2020Q1,ALMENDRAL,856909.2904642015
2020-02-15,2020Q1,ANTARCHILE,6293085.918865803
2020-02-15,2020Q1,IAM,941350.306970484
2020-02-15,2020Q1,INVERCAP,334155.09562228416
2020-02-15,2020Q1,QUINENCO,0.0
2020-02-16,2020Q1,ALMENDRAL,856909.2904642015
2020-02-16,2020Q1,ANTARCHILE,6293085.918865803
2020-02-16,2020Q1,IAM,941350.306970484
2020-02-16,2020Q1,INVERCAP,334155.09562228416
2020-02-16,2020Q1,QUINENCO,0.0
2020-02-17,2020Q1,ALMENDRAL,836451.3367037973
2020-02-17,2020Q1,ANTARCHILE,6223207.495113054
2020-02-17,2020Q1,IAM,938304.761859697
2020-02-17,2020Q1,INVERCAP,335831.002754016
2020-02-17,2020Q1,QUINENCO,0.0
2020-02-18,2020Q1,ALMENDRAL,826953.001029324
2020-02-18,2020Q1,ANTARCHILE,6058243.520829679
2020-02-18,2020Q1,IAM,938643.1557608957
2020-02-18,2020Q1,INVERCAP,327061.72125076805
2020-02-18,2020Q1,QUINENCO,0.0
2020-02-19,2020Q1,ALMENDRAL,813502.5606511361
2020-02-19,2020Q1,ANTARCHILE,6009062.177146393
2020-02-19,2020Q1,IAM,941350.306970484
2020-02-19,2020Q1,INVERCAP,320890.745378112
2020-02-19,2020Q1,QUINENCO,0.0
2020-02-20,2020Q1,ALMENDRAL,801214.504009335
2020-02-20,2020Q1,ANTARCHILE,5897982.335432341
2020-02-20,2020Q1,IAM,933659.5364886989
2020-02-20,2020Q1,INVERCAP,331283.96790047997
2020-02-20,2020Q1,QUINENCO,0.0
2020-02-21,2020Q1,ALMENDRAL,836501.1531496425
2020-02-21,2020Q1,ANTARCHILE,5931915.244918145
2020-02-21,2020Q1,IAM,910587.225043344
2020-02-21,2020Q1,INVERCAP,327282.5772293683
2020-02-21,2020Q1,QUINENCO,0.0
2020-02-22,2020Q1,ALMENDRAL,836501.1531496425
2020-02-22,2020Q1,ANTARCHILE,5931915.244918145
2020-02-22,2020Q1,IAM,910587.225043344
2020-02-22,2020Q1,INVERCAP,327282.5772293683
2020-02-22,2020Q1,QUINENCO,0.0
2020-02-23,2020Q1,ALMENDRAL,836501.1531496425
2020-02-23,2020Q1,ANTARCHILE,5931915.244918145
2020-02-23,2020Q1,IAM,910587.225043344
2020-02-23,2020Q1,INVERCAP,327282.5772293683
2020-02-23,2020Q1,QUINENCO,0.0
2020-02-24,2020Q1,ALMENDRAL,803788.3537113339
2020-02-24,2020Q1,ANTARCHILE,5708506.402854635
2020-02-24,2020Q1,IAM,892160.138968987
2020-02-24,2020Q1,INVERCAP,312446.252078688
2020-02-24,2020Q1,QUINENCO,0.0
2020-02-25,2020Q1,ALMENDRAL,796880.4732208077
2020-02-25,2020Q1,ANTARCHILE,5559969.66476497
2020-02-25,2020Q1,IAM,882838.9251450638
2020-02-25,2020Q1,INVERCAP,310497.522855744
2020-02-25,2020Q1,QUINENCO,0.0
2020-02-26,2020Q1,ALMENDRAL,780955.8160323114
2020-02-26,2020Q1,ANTARCHILE,5413018.358323823
2020-02-26,2020Q1,IAM,874163.7360416104
2020-02-26,2020Q1,INVERCAP,305625.699798384
2020-02-26,2020Q1,QUINENCO,0.0
2020-02-27,2020Q1,ALMENDRAL,768003.540112575
2020-02-27,2020Q1,ANTARCHILE,5380908.386125423
2020-02-27,2020Q1,IAM,855828.9392130348
2020-02-27,2020Q1,INVERCAP,309782.98880733125
2020-02-27,2020Q1,QUINENCO,0.0
2020-02-28,2020Q1,ALMENDRAL,714799.5759499656
2020-02-28,2020Q1,ANTARCHILE,5206008.221355631
2020-02-28,2020Q1,IAM,861397.057041847
2020-02-28,2020Q1,INVERCAP,300753.87674102397
2020-02-28,2020Q1,QUINENCO,0.0
2020-02-29,2020Q1,ALMENDRAL,714799.5759499656
2020-02-29,2020Q1,ANTARCHILE,5206008.221355631
2020-02-29,2020Q1,IAM,861397.057041847
2020-02-29,2020Q1,INVERCAP,300753.87674102397
2020-02-29,2020Q1,QUINENCO,0.0
2020-03-01,2020Q1,ALMENDRAL,714799.5759499656
2020-03-01,2020Q1,ANTARCHILE,5206008.221355631
2020-03-01,2020Q1,IAM,861397.057041847
2020-03-01,2020Q1,INVERCAP,300753.87674102397
2020-03-01,2020Q1,QUINENCO,0.0
2020-03-02,2020Q1,ALMENDRAL,745586.139482262
2020-03-02,2020Q1,ANTARCHILE,5408855.52656711
2020-03-02,2020Q1,IAM,833679.5202254939
2020-03-02,2020Q1,INVERCAP,316278.7528838112
2020-03-02,2020Q1,QUINENCO,0.0
2020-03-03,2020Q1,ALMENDRAL,730641.20572872
2020-03-03,2020Q1,ANTARCHILE,5407338.974397507
2020-03-03,2020Q1,IAM,830603.2120327799
2020-03-03,2020Q1,INVERCAP,318162.5244659904
2020-03-03,2020Q1,QUINENCO,0.0
2020-03-04,2020Q1,ALMENDRAL,739442.1111613613
2020-03-04,2020Q1,ANTARCHILE,5529447.958172277
2020-03-04,2020Q1,IAM,837063.4592374795
2020-03-04,2020Q1,INVERCAP,314823.7017306797
2020-03-04,2020Q1,QUINENCO,0.0
2020-03-05,2020Q1,ALMENDRAL,735622.8503132339
2020-03-05,2020Q1,ANTARCHILE,5490813.2391072605
2020-03-05,2020Q1,IAM,827526.903840066
2020-03-05,2020Q1,INVERCAP,305300.91159456
2020-03-05,2020Q1,QUINENCO,0.0
2020-03-06,2020Q1,ALMENDRAL,728166.9889184114
2020-03-06,2020Q1,ANTARCHILE,5405026.631719763
2020-03-06,2020Q1,IAM,821374.287454638
2020-03-06,2020Q1,INVERCAP,307217.1619971216
2020-03-06,2020Q1,QUINENCO,0.0
2020-03-07,2020Q1,ALMENDRAL,728166.9889184114
2020-03-07,2020Q1,ANTARCHILE,5405026.631719763
2020-03-07,2020Q1,IAM,821374.287454638
2020-03-07,2020Q1,INVERCAP,307217.1619971216
2020-03-07,2020Q1,QUINENCO,0.0
2020-03-08,2020Q1,ALMENDRAL,728166.9889184114
2020-03-08,2020Q1,ANTARCHILE,5405026.631719763
2020-03-08,2020Q1,IAM,821374.287454638
2020-03-08,2020Q1,INVERCAP,307217.1619971216
2020-03-08,2020Q1,QUINENCO,0.0
2020-03-09,2020Q1,ALMENDRAL,722338.4647545299
2020-03-09,2020Q1,ANTARCHILE,5122962.847665457
2020-03-09,2020Q1,IAM,796733.0588309988
2020-03-09,2020Q1,INVERCAP,292179.4681600704
2020-03-09,2020Q1,QUINENCO,0.0
2020-03-10,2020Q1,ALMENDRAL,731471.4798261389
2020-03-10,2020Q1,ANTARCHILE,5185972.006793665
2020-03-10,2020Q1,IAM,793687.513720212
2020-03-10,2020Q1,INVERCAP,300494.04617796483
2020-03-10,2020Q1,QUINENCO,0.0
2020-03-11,2020Q1,ALMENDRAL,709054.079195826
2020-03-11,2020Q1,ANTARCHILE,5134870.435609013
2020-03-11,2020Q1,IAM,781997.5425878987
2020-03-11,2020Q1,INVERCAP,292309.3834416
2020-03-11,2020Q1,QUINENCO,0.0
2020-03-12,2020Q1,ALMENDRAL,665049.552032619
2020-03-12,2020Q1,ANTARCHILE,4696387.277957018
2020-03-12,2020Q1,IAM,716779.8089023619
2020-03-12,2020Q1,INVERCAP,269574.20917392
2020-03-12,2020Q1,QUINENCO,0.0
2020-03-13,2020Q1,ALMENDRAL,644458.7544166278
2020-03-13,2020Q1,ANTARCHILE,4773965.128200201
2020-03-13,2020Q1,IAM,722932.42528779
2020-03-13,2020Q1,INVERCAP,279317.85528864
2020-03-13,2020Q1,QUINENCO,0.0
2020-03-14,2020Q1,ALMENDRAL,644458.7544166278
2020-03-14,2020Q1,ANTARCHILE,4773965.128200201
2020-03-14,2020Q1,IAM,722932.42528779
2020-03-14,2020Q1,INVERCAP,279317.85528864
2020-03-14,2020Q1,QUINENCO,0.0
2020-03-15,2020Q1,ALMENDRAL,644458.7544166278
2020-03-15,2020Q1,ANTARCHILE,4773965.128200201
2020-03-15,2020Q1,IAM,722932.42528779
2020-03-15,2020Q1,INVERCAP,279317.85528864
2020-03-15,2020Q1,QUINENCO,0.0
2020-03-16,2020Q1,ALMENDRAL,547997.5097784883
2020-03-16,2020Q1,ANTARCHILE,4182472.700173456
2020-03-16,2020Q1,IAM,599880.09757923
2020-03-16,2020Q1,INVERCAP,227351.7426768
2020-03-16,2020Q1,QUINENCO,0.0
2020-03-17,2020Q1,ALMENDRAL,552298.3296031187
2020-03-17,2020Q1,ANTARCHILE,3999697.0805518697
2020-03-17,2020Q1,IAM,710596.4294350068
2020-03-17,2020Q1,INVERCAP,224123.34793078946
2020-03-17,2020Q1,QUINENCO,0.0
2020-03-18,2020Q1,ALMENDRAL,488201.169282372
2020-03-18,2020Q1,ANTARCHILE,3628602.1537632737
2020-03-18,2020Q1,IAM,684786.2036981364
2020-03-18,2020Q1,INVERCAP,162465.5553168413
2020-03-18,2020Q1,QUINENCO,0.0
2020-03-19,2020Q1,ALMENDRAL,503146.103035914
2020-03-19,2020Q1,ANTARCHILE,3646555.406904916
2020-03-19,2020Q1,IAM,707858.5151434913
2020-03-19,2020Q1,INVERCAP,178640.0078672765
2020-03-19,2020Q1,QUINENCO,0.0
2020-03-20,2020Q1,ALMENDRAL,524733.229568808
2020-03-20,2020Q1,ANTARCHILE,3524724.758602938
2020-03-20,2020Q1,IAM,682940.418782508
2020-03-20,2020Q1,INVERCAP,181881.39414144002
2020-03-20,2020Q1,QUINENCO,0.0
2020-03-21,2020Q1,ALMENDRAL,524733.229568808
2020-03-21,2020Q1,ANTARCHILE,3524724.758602938
2020-03-21,2020Q1,IAM,682940.418782508
2020-03-21,2020Q1,INVERCAP,181881.39414144002
2020-03-21,2020Q1,QUINENCO,0.0
2020-03-22,2020Q1,ALMENDRAL,524733.229568808
2020-03-22,2020Q1,ANTARCHILE,3524724.758602938
2020-03-22,2020Q1,IAM,682940.418782508
2020-03-22,2020Q1,INVERCAP,181881.39414144002
2020-03-22,2020Q1,QUINENCO,0.0
2020-03-23,2020Q1,ALMENDRAL,524733.229568808
2020-03-23,2020Q1,ANTARCHILE,3388388.904277334
2020-03-23,2020Q1,IAM,621721.8857474993
2020-03-23,2020Q1,INVERCAP,168824.90834771522
2020-03-23,2020Q1,QUINENCO,0.0
2020-03-24,2020Q1,ALMENDRAL,531375.42234816
2020-03-24,2020Q1,ANTARCHILE,3386793.080525304
2020-03-24,2020Q1,IAM,634027.1185183554
2020-03-24,2020Q1,INVERCAP,181881.39414144002
2020-03-24,2020Q1,QUINENCO,0.0
2020-03-25,2020Q1,ALMENDRAL,561099.2350357602
2020-03-25,2020Q1,ANTARCHILE,3652433.441649915
2020-03-25,2020Q1,IAM,676787.80239708
2020-03-25,2020Q1,INVERCAP,207870.94621143647
2020-03-25,2020Q1,QUINENCO,0.0
2020-03-26,2020Q1,ALMENDRAL,572889.1272191099
2020-03-26,2020Q1,ANTARCHILE,3734232.6110252147
2020-03-26,2020Q1,IAM,709119.801502504
2020-03-26,2020Q1,INVERCAP,212736.27350472
2020-03-26,2020Q1,QUINENCO,0.0
2020-03-27,2020Q1,ALMENDRAL,567907.482634596
2020-03-27,2020Q1,ANTARCHILE,3951635.9995077588
2020-03-27,2020Q1,IAM,707581.6474061471
2020-03-27,2020Q1,INVERCAP,207864.45044736
2020-03-27,2020Q1,QUINENCO,0.0
2020-03-28,2020Q1,ALMENDRAL,567907.482634596
2020-03-28,2020Q1,ANTARCHILE,3951635.9995077588
2020-03-28,2020Q1,IAM,707581.6474061471
2020-03-28,2020Q1,INVERCAP,207864.45044736
2020-03-28,2020Q1,QUINENCO,0.0
2020-03-29,2020Q1,ALMENDRAL,567907.482634596
2020-03-29,2020Q1,ANTARCHILE,3951635.9995077588
2020-03-29,2020Q1,IAM,707581.6474061471
2020-03-29,2020Q1,INVERCAP,207864.45044736
2020-03-29,2020Q1,QUINENCO,0.0
2020-03-30,2020Q1,ALMENDRAL,585011.1290414274
2020-03-30,2020Q1,ANTARCHILE,4069949.909957853
2020-03-30,2020Q1,IAM,729085.041673218
2020-03-30,2020Q1,INVERCAP,227351.7426768
2020-03-30,2020Q1,QUINENCO,0.0
2020-03-31,2020Q1,ALMENDRAL,601118.446531356
2020-03-31,2020Q1,ANTARCHILE,4041097.2013135026
2020-03-31,2020Q1,IAM,775229.664563928
2020-03-31,2020Q1,INVERCAP,238459.49924758082
2020-03-31,2020Q1,QUINENCO,0.0
2020-04-01,2020Q2,ALMENDRAL,655916.53696101
2020-04-01,2020Q2,ANTARCHILE,4000195.2121404046
2020-04-01,2020Q2,IAM,767538.894082143
2020-04-01,2020Q2,INVERCAP,235146.659568576
2020-04-01,2020Q2,QUINENCO,0.0
2020-04-02,2020Q2,ALMENDRAL,682485.308078418
2020-04-02,2020Q2,ANTARCHILE,4379593.729820184
2020-04-02,2020Q2,IAM,808207.6883898221
2020-04-02,2020Q2,INVERCAP,242941.57646035202
2020-04-02,2020Q2,QUINENCO,0.0
2020-04-03,2020Q2,ALMENDRAL,727154.0545195601
2020-04-03,2020Q2,ANTARCHILE,4495252.686466619
2020-04-03,2020Q2,IAM,784766.2199613414
2020-04-03,2020Q2,INVERCAP,240096.43179485376
2020-04-03,2020Q2,QUINENCO,0.0
2020-04-04,2020Q2,ALMENDRAL,727154.0545195601
2020-04-04,2020Q2,ANTARCHILE,4495252.686466619
2020-04-04,2020Q2,IAM,784766.2199613414
2020-04-04,2020Q2,INVERCAP,240096.43179485376
2020-04-04,2020Q2,QUINENCO,0.0
2020-04-05,2020Q2,ALMENDRAL,727154.0545195601
2020-04-05,2020Q2,ANTARCHILE,4495252.686466619
2020-04-05,2020Q2,IAM,784766.2199613414
2020-04-05,2020Q2,INVERCAP,240096.43179485376
2020-04-05,2020Q2,QUINENCO,0.0
2020-04-06,2020Q2,ALMENDRAL,738943.9467029099
2020-04-06,2020Q2,ANTARCHILE,4489095.577668695
2020-04-06,2020Q2,IAM,784458.5891420699
2020-04-06,2020Q2,INVERCAP,256582.68102096004
2020-04-06,2020Q2,QUINENCO,0.0
2020-04-07,2020Q2,ALMENDRAL,688961.4460382862
2020-04-07,2020Q2,ANTARCHILE,4237819.296217663
2020-04-07,2020Q2,IAM,790672.7316913522
2020-04-07,2020Q2,INVERCAP,247813.399517712
2020-04-07,2020Q2,QUINENCO,0.0
2020-04-08,2020Q2,ALMENDRAL,722172.4099350462
2020-04-08,2020Q2,ANTARCHILE,4198382.757640097
2020-04-08,2020Q2,IAM,774614.4029253853
2020-04-08,2020Q2,INVERCAP,252139.5783926477
2020-04-08,2020Q2,QUINENCO,0.0
2020-04-09,2020Q2,ALMENDRAL,738761.2864014776
2020-04-09,2020Q2,ANTARCHILE,4310058.209901692
2020-04-09,2020Q2,IAM,766000.7399857859
2020-04-09,2020Q2,INVERCAP,258531.410243904
2020-04-09,2020Q2,QUINENCO,0.0
2020-04-10,2020Q2,ALMENDRAL,738761.2864014776
2020-04-10,2020Q2,ANTARCHILE,4310058.209901692
2020-04-10,2020Q2,IAM,766000.7399857859
2020-04-10,2020Q2,INVERCAP,258531.410243904
2020-04-10,2020Q2,QUINENCO,0.0
2020-04-11,2020Q2,ALMENDRAL,738761.2864014776
2020-04-11,2020Q2,ANTARCHILE,4310058.209901692
2020-04-11,2020Q2,IAM,766000.7399857859
2020-04-11,2020Q2,INVERCAP,258531.410243904
2020-04-11,2020Q2,QUINENCO,0.0
2020-04-12,2020Q2,ALMENDRAL,738761.2864014776
2020-04-12,2020Q2,ANTARCHILE,4310058.209901692
2020-04-12,2020Q2,IAM,766000.7399857859
2020-04-12,2020Q2,INVERCAP,258531.410243904
2020-04-12,2020Q2,QUINENCO,0.0
2020-04-13,2020Q2,ALMENDRAL,730641.20572872
2020-04-13,2020Q2,ANTARCHILE,4395225.3478507465
2020-04-13,2020Q2,IAM,785996.743238427
2020-04-13,2020Q2,INVERCAP,254893.78236107522
2020-04-13,2020Q2,QUINENCO,0.0
2020-04-14,2020Q2,ALMENDRAL,733298.0828404607
2020-04-14,2020Q2,ANTARCHILE,4477817.233050305
2020-04-14,2020Q2,IAM,797071.4527321975
2020-04-14,2020Q2,INVERCAP,257888.32960033248
2020-04-14,2020Q2,QUINENCO,0.0
2020-04-15,2020Q2,ALMENDRAL,709220.1340153099
2020-04-15,2020Q2,ANTARCHILE,4384123.633410445
2020-04-15,2020Q2,IAM,805992.746491068
2020-04-15,2020Q2,INVERCAP,251451.0274005408
2020-04-15,2020Q2,QUINENCO,0.0
2020-04-16,2020Q2,ALMENDRAL,694109.1454422841
2020-04-16,2020Q2,ANTARCHILE,4243372.601704877
2020-04-16,2020Q2,IAM,793687.513720212
2020-04-16,2020Q2,INVERCAP,253334.79898272
2020-04-16,2020Q2,QUINENCO,0.0
2020-04-17,2020Q2,ALMENDRAL,715696.2719751779
2020-04-17,2020Q2,ANTARCHILE,4255385.724607207
2020-04-17,2020Q2,IAM,799840.1301056399
2020-04-17,2020Q2,INVERCAP,256582.68102096004
2020-04-17,2020Q2,QUINENCO,0.0
2020-04-18,2020Q2,ALMENDRAL,715696.2719751779
2020-04-18,2020Q2,ANTARCHILE,4255385.724607207
2020-04-18,2020Q2,IAM,799840.1301056399
2020-04-18,2020Q2,INVERCAP,256582.68102096004
2020-04-18,2020Q2,QUINENCO,0.0
2020-04-19,2020Q2,ALMENDRAL,715696.2719751779
2020-04-19,2020Q2,ANTARCHILE,4255385.724607207
2020-04-19,2020Q2,IAM,799840.1301056399
2020-04-19,2020Q2,INVERCAP,256582.68102096004
2020-04-19,2020Q2,QUINENCO,0.0
2020-04-20,2020Q2,ALMENDRAL,707393.531000988
2020-04-20,2020Q2,ANTARCHILE,4135264.370652451
2020-04-20,2020Q2,IAM,799778.6039417858
2020-04-20,2020Q2,INVERCAP,251126.2391967168
2020-04-20,2020Q2,QUINENCO,0.0
2020-04-21,2020Q2,ALMENDRAL,672688.0737288737
2020-04-21,2020Q2,ANTARCHILE,4040038.845423592
2020-04-21,2020Q2,IAM,772460.9871904853
2020-04-21,2020Q2,INVERCAP,240343.27082976003
2020-04-21,2020Q2,QUINENCO,0.0
2020-04-22,2020Q2,ALMENDRAL,701083.4478606036
2020-04-22,2020Q2,ANTARCHILE,4089056.8533711885
2020-04-22,2020Q2,IAM,766000.7399857859
2020-04-22,2020Q2,INVERCAP,240343.27082976003
2020-04-22,2020Q2,QUINENCO,0.0
2020-04-23,2020Q2,ALMENDRAL,733978.9076003445
2020-04-23,2020Q2,ANTARCHILE,4273133.214655638
2020-04-23,2020Q2,IAM,799809.367023713
2020-04-23,2020Q2,INVERCAP,254958.74000184
2020-04-23,2020Q2,QUINENCO,0.0
2020-04-24,2020Q2,ALMENDRAL,724015.6184313165
2020-04-24,2020Q2,ANTARCHILE,4173015.851263791
2020-04-24,2020Q2,IAM,769077.0481784999
2020-04-24,2020Q2,INVERCAP,247488.61131388802
2020-04-24,2020Q2,QUINENCO,0.0
2020-04-25,2020Q2,ALMENDRAL,724015.6184313165
2020-04-25,2020Q2,ANTARCHILE,4173015.851263791
2020-04-25,2020Q2,IAM,769077.0481784999
2020-04-25,2020Q2,INVERCAP,247488.61131388802
2020-04-25,2020Q2,QUINENCO,0.0
2020-04-26,2020Q2,ALMENDRAL,724015.6184313165
2020-04-26,2020Q2,ANTARCHILE,4173015.851263791
2020-04-26,2020Q2,IAM,769077.0481784999
2020-04-26,2020Q2,INVERCAP,247488.61131388802
2020-04-26,2020Q2,QUINENCO,0.0
2020-04-27,2020Q2,ALMENDRAL,755549.42865129
2020-04-27,2020Q2,ANTARCHILE,4253120.858984573
2020-04-27,2020Q2,IAM,802916.4382983539
2020-04-27,2020Q2,INVERCAP,256647.6386617248
2020-04-27,2020Q2,QUINENCO,0.0
2020-04-28,2020Q2,ALMENDRAL,787930.118450631
2020-04-28,2020Q2,ANTARCHILE,4241598.309524455
2020-04-28,2020Q2,IAM,843831.3372614502
2020-04-28,2020Q2,INVERCAP,259505.774855376
2020-04-28,2020Q2,QUINENCO,0.0
2020-04-29,2020Q2,ALMENDRAL,836916.290198352
2020-04-29,2020Q2,ANTARCHILE,4443315.88731843
2020-04-29,2020Q2,IAM,861366.29395992
2020-04-29,2020Q2,INVERCAP,266326.32713568
2020-04-29,2020Q2,QUINENCO,0.0
2020-04-30,2020Q2,ALMENDRAL,838576.83839319
2020-04-30,2020Q2,ANTARCHILE,4342810.771849302
2020-04-30,2020Q2,IAM,861366.29395992
2020-04-30,2020Q2,INVERCAP,264702.38611656
2020-04-30,2020Q2,QUINENCO,0.0
2020-05-01,2020Q2,ALMENDRAL,838576.83839319
2020-05-01,2020Q2,ANTARCHILE,4342810.771849302
2020-05-01,2020Q2,IAM,861366.29395992
2020-05-01,2020Q2,INVERCAP,264702.38611656
2020-05-01,2020Q2,QUINENCO,0.0
2020-05-02,2020Q2,ALMENDRAL,838576.83839319
2020-05-02,2020Q2,ANTARCHILE,4342810.771849302
2020-05-02,2020Q2,IAM,861366.29395992
2020-05-02,2020Q2,INVERCAP,264702.38611656
2020-05-02,2020Q2,QUINENCO,0.0
2020-05-03,2020Q2,ALMENDRAL,838576.83839319
2020-05-03,2020Q2,ANTARCHILE,4342810.771849302
2020-05-03,2020Q2,IAM,861366.29395992
2020-05-03,2020Q2,INVERCAP,264702.38611656
2020-05-03,2020Q2,QUINENCO,0.0
2020-05-04,2020Q2,ALMENDRAL,793742.037132564
2020-05-04,2020Q2,ANTARCHILE,4165786.0772451437
2020-05-04,2020Q2,IAM,853091.0249215193
2020-05-04,2020Q2,INVERCAP,259440.81721461122
2020-05-04,2020Q2,QUINENCO,0.0
2020-05-05,2020Q2,ALMENDRAL,835255.742003514
2020-05-05,2020Q2,ANTARCHILE,4271022.323953653
2020-05-05,2020Q2,IAM,865919.2300851367
2020-05-05,2020Q2,INVERCAP,259830.56305919998
2020-05-05,2020Q2,QUINENCO,0.0
2020-05-06,2020Q2,ALMENDRAL,880090.5432641399
2020-05-06,2020Q2,ANTARCHILE,4426524.998665033
2020-05-06,2020Q2,IAM,866103.8085766996
2020-05-06,2020Q2,INVERCAP,258206.62204008002
2020-05-06,2020Q2,QUINENCO,0.0
2020-05-07,2020Q2,ALMENDRAL,884241.913751235
2020-05-07,2020Q2,ANTARCHILE,4516644.196439496
2020-05-07,2020Q2,IAM,846015.5160782771
2020-05-07,2020Q2,INVERCAP,264962.2166796192
2020-05-07,2020Q2,QUINENCO,0.0
2020-05-08,2020Q2,ALMENDRAL,815661.2733044255
2020-05-08,2020Q2,ANTARCHILE,4236800.875636594
2020-05-08,2020Q2,IAM,815898.4588716072
2020-05-08,2020Q2,INVERCAP,263078.44509744004
2020-05-08,2020Q2,QUINENCO,0.0
2020-05-09,2020Q2,ALMENDRAL,815661.2733044255
2020-05-09,2020Q2,ANTARCHILE,4236800.875636594
2020-05-09,2020Q2,IAM,815898.4588716072
2020-05-09,2020Q2,INVERCAP,263078.44509744004
2020-05-09,2020Q2,QUINENCO,0.0
2020-05-10,2020Q2,ALMENDRAL,815661.2733044255
2020-05-10,2020Q2,ANTARCHILE,4236800.875636594
2020-05-10,2020Q2,IAM,815898.4588716072
2020-05-10,2020Q2,INVERCAP,263078.44509744004
2020-05-10,2020Q2,QUINENCO,0.0
2020-05-11,2020Q2,ALMENDRAL,838576.83839319
2020-05-11,2020Q2,ANTARCHILE,4238300.577226536
2020-05-11,2020Q2,IAM,809069.054683782
2020-05-11,2020Q2,INVERCAP,261227.15233564322
2020-05-11,2020Q2,QUINENCO,0.0
2020-05-12,2020Q2,ALMENDRAL,806196.1485938489
2020-05-12,2020Q2,ANTARCHILE,4190761.8641519556
2020-05-12,2020Q2,IAM,784458.5891420699
2020-05-12,2020Q2,INVERCAP,261779.29228214402
2020-05-12,2020Q2,QUINENCO,0.0
2020-05-13,2020Q2,ALMENDRAL,793575.9823130801
2020-05-13,2020Q2,ANTARCHILE,4042866.1866695886
2020-05-13,2020Q2,IAM,753695.50721493
2020-05-13,2020Q2,INVERCAP,249339.9040756848
2020-05-13,2020Q2,QUINENCO,0.0
2020-05-14,2020Q2,ALMENDRAL,813502.5606511361
2020-05-14,2020Q2,ANTARCHILE,4073052.3588293027
2020-05-14,2020Q2,IAM,759848.123600358
2020-05-14,2020Q2,INVERCAP,253334.79898272
2020-05-14,2020Q2,QUINENCO,0.0
2020-05-15,2020Q2,ALMENDRAL,802376.8877457216
2020-05-15,2020Q2,ANTARCHILE,3960207.637731514
2020-05-15,2020Q2,IAM,746097.0259789265
2020-05-15,2020Q2,INVERCAP,259830.56305919998
2020-05-15,2020Q2,QUINENCO,0.0
2020-05-16,2020Q2,ALMENDRAL,802376.8877457216
2020-05-16,2020Q2,ANTARCHILE,3960207.637731514
2020-05-16,2020Q2,IAM,746097.0259789265
2020-05-16,2020Q2,INVERCAP,259830.56305919998
2020-05-16,2020Q2,QUINENCO,0.0
2020-05-17,2020Q2,ALMENDRAL,802376.8877457216
2020-05-17,2020Q2,ANTARCHILE,3960207.637731514
2020-05-17,2020Q2,IAM,746097.0259789265
2020-05-17,2020Q2,INVERCAP,259830.56305919998
2020-05-17,2020Q2,QUINENCO,0.0
2020-05-18,2020Q2,ALMENDRAL,846879.57936738
2020-05-18,2020Q2,ANTARCHILE,4136567.773927511
2020-05-18,2020Q2,IAM,784150.9583227986
2020-05-18,2020Q2,INVERCAP,271847.726600688
2020-05-18,2020Q2,QUINENCO,0.0
2020-05-19,2020Q2,ALMENDRAL,840735.5510464794
2020-05-19,2020Q2,ANTARCHILE,4202051.752525671
2020-05-19,2020Q2,IAM,772153.356371214
2020-05-19,2020Q2,INVERCAP,291659.80703395203
2020-05-19,2020Q2,QUINENCO,0.0
2020-05-20,2020Q2,ALMENDRAL,813004.3961926848
2020-05-20,2020Q2,ANTARCHILE,4220089.258565624
2020-05-20,2020Q2,IAM,786304.3740576984
2020-05-20,2020Q2,INVERCAP,306535.1067690912
2020-05-20,2020Q2,QUINENCO,0.0
2020-05-21,2020Q2,ALMENDRAL,813004.3961926848
2020-05-21,2020Q2,ANTARCHILE,4220089.258565624
2020-05-21,2020Q2,IAM,786304.3740576984
2020-05-21,2020Q2,INVERCAP,306535.1067690912
2020-05-21,2020Q2,QUINENCO,0.0
2020-05-22,2020Q2,ALMENDRAL,817819.985957715
2020-05-22,2020Q2,ANTARCHILE,4109908.406214739
2020-05-22,2020Q2,IAM,772460.9871904853
2020-05-22,2020Q2,INVERCAP,318292.43974752
2020-05-22,2020Q2,QUINENCO,0.0
2020-05-23,2020Q2,ALMENDRAL,817819.985957715
2020-05-23,2020Q2,ANTARCHILE,4109908.406214739
2020-05-23,2020Q2,IAM,772460.9871904853
2020-05-23,2020Q2,INVERCAP,318292.43974752
2020-05-23,2020Q2,QUINENCO,0.0
2020-05-24,2020Q2,ALMENDRAL,817819.985957715
2020-05-24,2020Q2,ANTARCHILE,4109908.406214739
2020-05-24,2020Q2,IAM,772460.9871904853
2020-05-24,2020Q2,INVERCAP,318292.43974752
2020-05-24,2020Q2,QUINENCO,0.0
2020-05-25,2020Q2,ALMENDRAL,840237.3865880279
2020-05-25,2020Q2,ANTARCHILE,4093643.767176587
2020-05-25,2020Q2,IAM,774768.2183350208
2020-05-25,2020Q2,INVERCAP,337779.73197696
2020-05-25,2020Q2,QUINENCO,0.0
2020-05-26,2020Q2,ALMENDRAL,846879.57936738
2020-05-26,2020Q2,ANTARCHILE,4110001.385311247
2020-05-26,2020Q2,IAM,769077.0481784999
2020-05-26,2020Q2,INVERCAP,324788.203824
2020-05-26,2020Q2,QUINENCO,0.0
2020-05-27,2020Q2,ALMENDRAL,863152.9516767923
2020-05-27,2020Q2,ANTARCHILE,4161710.315943872
2020-05-27,2020Q2,IAM,774614.4029253853
2020-05-27,2020Q2,INVERCAP,318292.43974752
2020-05-27,2020Q2,QUINENCO,0.0
2020-05-28,2020Q2,ALMENDRAL,825309.0583164344
2020-05-28,2020Q2,ANTARCHILE,4094771.2788536916
2020-05-28,2020Q2,IAM,742159.3514922526
2020-05-28,2020Q2,INVERCAP,336155.79095784
2020-05-28,2020Q2,QUINENCO,0.0
2020-05-29,2020Q2,ALMENDRAL,846879.57936738
2020-05-29,2020Q2,ANTARCHILE,4223822.701449313
2020-05-29,2020Q2,IAM,723240.0561070613
2020-05-29,2020Q2,INVERCAP,338104.52018078405
2020-05-29,2020Q2,QUINENCO,0.0
2020-05-30,2020Q2,ALMENDRAL,846879.57936738
2020-05-30,2020Q2,ANTARCHILE,4223822.701449313
2020-05-30,2020Q2,IAM,723240.0561070613
2020-05-30,2020Q2,INVERCAP,338104.52018078405
2020-05-30,2020Q2,QUINENCO,0.0
2020-05-31,2020Q2,ALMENDRAL,846879.57936738
2020-05-31,2020Q2,ANTARCHILE,4223822.701449313
2020-05-31,2020Q2,IAM,723240.0561070613
2020-05-31,2020Q2,INVERCAP,338104.52018078405
2020-05-31,2020Q2,QUINENCO,0.0
2020-06-01,2020Q2,ALMENDRAL,846879.57936738
2020-06-01,2020Q2,ANTARCHILE,4283675.030303014
2020-06-01,2020Q2,IAM,747542.8908295019
2020-06-01,2020Q2,INVERCAP,347523.37809168
2020-06-01,2020Q2,QUINENCO,0.0
2020-06-02,2020Q2,ALMENDRAL,830257.4919370515
2020-06-02,2020Q2,ANTARCHILE,4442892.218341426
2020-06-02,2020Q2,IAM,770307.5714555857
2020-06-02,2020Q2,INVERCAP,359540.541633168
2020-06-02,2020Q2,QUINENCO,0.0
2020-06-03,2020Q2,ALMENDRAL,846713.5245478962
2020-06-03,2020Q2,ANTARCHILE,4472554.545371343
2020-06-03,2020Q2,IAM,799840.1301056399
2020-06-03,2020Q2,INVERCAP,354019.14216816
2020-06-03,2020Q2,QUINENCO,0.0
2020-06-04,2020Q2,ALMENDRAL,863319.0064962762
2020-06-04,2020Q2,ANTARCHILE,4496774.13517035
2020-06-04,2020Q2,IAM,824450.595647352
2020-06-04,2020Q2,INVERCAP,347523.37809168
2020-06-04,2020Q2,QUINENCO,0.0
2020-06-05,2020Q2,ALMENDRAL,896363.9155735524
2020-06-05,2020Q2,ANTARCHILE,4662583.592757371
2020-06-05,2020Q2,IAM,846107.8053240586
2020-06-05,2020Q2,INVERCAP,350771.26012992
2020-06-05,2020Q2,QUINENCO,0.0
2020-06-06,2020Q2,ALMENDRAL,896363.9155735524
2020-06-06,2020Q2,ANTARCHILE,4662583.592757371
2020-06-06,2020Q2,IAM,846107.8053240586
2020-06-06,2020Q2,INVERCAP,350771.26012992
2020-06-06,2020Q2,QUINENCO,0.0
2020-06-07,2020Q2,ALMENDRAL,896363.9155735524
2020-06-07,2020Q2,ANTARCHILE,4662583.592757371
2020-06-07,2020Q2,IAM,846107.8053240586
2020-06-07,2020Q2,INVERCAP,350771.26012992
2020-06-07,2020Q2,QUINENCO,0.0
2020-06-08,2020Q2,ALMENDRAL,911624.3534841135
2020-06-08,2020Q2,ANTARCHILE,4777250.392199083
2020-06-08,2020Q2,IAM,851829.7385625065
2020-06-08,2020Q2,INVERCAP,366361.093913472
2020-06-08,2020Q2,QUINENCO,0.0
2020-06-09,2020Q2,ALMENDRAL,929906.9891092799
2020-06-09,2020Q2,ANTARCHILE,4697935.64383547
2020-06-09,2020Q2,IAM,892129.37588706
2020-06-09,2020Q2,INVERCAP,363762.78828288004
2020-06-09,2020Q2,QUINENCO,0.0
2020-06-10,2020Q2,ALMENDRAL,939040.004180889
2020-06-10,2020Q2,ANTARCHILE,4649335.344242167
2020-06-10,2020Q2,IAM,861366.29395992
2020-06-10,2020Q2,INVERCAP,367010.67032112007
2020-06-10,2020Q2,QUINENCO,0.0
2020-06-11,2020Q2,ALMENDRAL,923264.796329928
2020-06-11,2020Q2,ANTARCHILE,4456498.760510338
2020-06-11,2020Q2,IAM,861366.29395992
2020-06-11,2020Q2,INVERCAP,350771.26012992
2020-06-11,2020Q2,QUINENCO,0.0
2020-06-12,2020Q2,ALMENDRAL,929906.9891092799
2020-06-12,2020Q2,ANTARCHILE,4738346.561712914
2020-06-12,2020Q2,IAM,847492.1440107798
2020-06-12,2020Q2,INVERCAP,350771.26012992
2020-06-12,2020Q2,QUINENCO,0.0
2020-06-13,2020Q2,ALMENDRAL,929906.9891092799
2020-06-13,2020Q2,ANTARCHILE,4738346.561712914
2020-06-13,2020Q2,IAM,847492.1440107798
2020-06-13,2020Q2,INVERCAP,350771.26012992
2020-06-13,2020Q2,QUINENCO,0.0
2020-06-14,2020Q2,ALMENDRAL,929906.9891092799
2020-06-14,2020Q2,ANTARCHILE,4738346.561712914
2020-06-14,2020Q2,IAM,847492.1440107798
2020-06-14,2020Q2,INVERCAP,350771.26012992
2020-06-14,2020Q2,QUINENCO,0.0
2020-06-15,2020Q2,ALMENDRAL,913301.5071609
2020-06-15,2020Q2,ANTARCHILE,4577079.511596773
2020-06-15,2020Q2,IAM,840755.0290687361
2020-06-15,2020Q2,INVERCAP,345444.7335872064
2020-06-15,2020Q2,QUINENCO,0.0
2020-06-16,2020Q2,ALMENDRAL,929906.9891092799
2020-06-16,2020Q2,ANTARCHILE,4638451.948757341
2020-06-16,2020Q2,IAM,852137.369381778
2020-06-16,2020Q2,INVERCAP,342976.343238144
2020-06-16,2020Q2,QUINENCO,0.0
2020-06-17,2020Q2,ALMENDRAL,913633.6167998676
2020-06-17,2020Q2,ANTARCHILE,4679857.05083486
2020-06-17,2020Q2,IAM,831218.4736713227
2020-06-17,2020Q2,INVERCAP,344743.19106694654
2020-06-17,2020Q2,QUINENCO,0.0
2020-06-18,2020Q2,ALMENDRAL,924925.344524766
2020-06-18,2020Q2,ANTARCHILE,4733483.6321384115
2020-06-18,2020Q2,IAM,818328.7423438511
2020-06-18,2020Q2,INVERCAP,337130.15556931205
2020-06-18,2020Q2,QUINENCO,0.0
2020-06-19,2020Q2,ALMENDRAL,914131.7812583189
2020-06-19,2020Q2,ANTARCHILE,4731758.723645103
2020-06-19,2020Q2,IAM,818297.9792619239
2020-06-19,2020Q2,INVERCAP,334531.84993872
2020-06-19,2020Q2,QUINENCO,0.0
2020-06-20,2020Q2,ALMENDRAL,914131.7812583189
2020-06-20,2020Q2,ANTARCHILE,4731758.723645103
2020-06-20,2020Q2,IAM,818297.9792619239
2020-06-20,2020Q2,INVERCAP,334531.84993872
2020-06-20,2020Q2,QUINENCO,0.0
2020-06-21,2020Q2,ALMENDRAL,914131.7812583189
2020-06-21,2020Q2,ANTARCHILE,4731758.723645103
2020-06-21,2020Q2,IAM,818297.9792619239
2020-06-21,2020Q2,INVERCAP,334531.84993872
2020-06-21,2020Q2,QUINENCO,0.0
2020-06-22,2020Q2,ALMENDRAL,898356.5734073579
2020-06-22,2020Q2,ANTARCHILE,4730123.47883773
2020-06-22,2020Q2,IAM,821374.287454638
2020-06-22,2020Q2,INVERCAP,344275.49605344003
2020-06-22,2020Q2,QUINENCO,0.0
2020-06-23,2020Q2,ALMENDRAL,896264.282681862
2020-06-23,2020Q2,ANTARCHILE,4811160.679227562
2020-06-23,2020Q2,IAM,836725.0653362809
2020-06-23,2020Q2,INVERCAP,355967.871391104
2020-06-23,2020Q2,QUINENCO,0.0
2020-06-24,2020Q2,ALMENDRAL,888409.8897202784
2020-06-24,2020Q2,ANTARCHILE,4812053.021369528
2020-06-24,2020Q2,IAM,836755.8284182079
2020-06-24,2020Q2,INVERCAP,354019.14216816
2020-06-24,2020Q2,QUINENCO,0.0
2020-06-25,2020Q2,ALMENDRAL,897875.0144308549
2020-06-25,2020Q2,ANTARCHILE,4792137.646804029
2020-06-25,2020Q2,IAM,863181.3157936211
2020-06-25,2020Q2,INVERCAP,350771.26012992
2020-06-25,2020Q2,QUINENCO,0.0
2020-06-26,2020Q2,ALMENDRAL,876769.4468744639
2020-06-26,2020Q2,ANTARCHILE,4740065.320838465
2020-06-26,2020Q2,IAM,845984.7529963499
2020-06-26,2020Q2,INVERCAP,344957.5512814704
2020-06-26,2020Q2,QUINENCO,0.0
2020-06-27,2020Q2,ALMENDRAL,876769.4468744639
2020-06-27,2020Q2,ANTARCHILE,4740065.320838465
2020-06-27,2020Q2,IAM,845984.7529963499
2020-06-27,2020Q2,INVERCAP,344957.5512814704
2020-06-27,2020Q2,QUINENCO,0.0
2020-06-28,2020Q2,ALMENDRAL,876769.4468744639
2020-06-28,2020Q2,ANTARCHILE,4740065.320838465
2020-06-28,2020Q2,IAM,845984.7529963499
2020-06-28,2020Q2,INVERCAP,344957.5512814704
2020-06-28,2020Q2,QUINENCO,0.0
2020-06-29,2020Q2,ALMENDRAL,876769.4468744639
2020-06-29,2020Q2,ANTARCHILE,4740065.320838465
2020-06-29,2020Q2,IAM,845984.7529963499
2020-06-29,2020Q2,INVERCAP,344957.5512814704
2020-06-29,2020Q2,QUINENCO,0.0
2020-06-30,2020Q2,ALMENDRAL,880090.5432641399
2020-06-30,2020Q2,ANTARCHILE,4588606.785246028
2020-06-30,2020Q2,IAM,855828.9392130348
2020-06-30,2020Q2,INVERCAP,345574.648868736
2020-06-30,2020Q2,QUINENCO,0.0
2020-07-01,2020Q3,ALMENDRAL,911807.0137855458
2020-07-01,2020Q3,ANTARCHILE,4746041.865830943
2020-07-01,2020Q3,IAM,882900.451308918
2020-07-01,2020Q3,INVERCAP,354655.7270476551
2020-07-01,2020Q3,QUINENCO,0.0
2020-07-02,2020Q3,ALMENDRAL,932514.0497751756
2020-07-02,2020Q3,ANTARCHILE,5061019.898063292
2020-07-02,2020Q3,IAM,882900.451308918
2020-07-02,2020Q3,INVERCAP,365191.8563797056
2020-07-02,2020Q3,QUINENCO,0.0
2020-07-03,2020Q3,ALMENDRAL,939604.5905671339
2020-07-03,2020Q3,ANTARCHILE,5029344.227672099
2020-07-03,2020Q3,IAM,886284.3903209035
2020-07-03,2020Q3,INVERCAP,365756.9878543594
2020-07-03,2020Q3,QUINENCO,0.0
2020-07-04,2020Q3,ALMENDRAL,939604.5905671339
2020-07-04,2020Q3,ANTARCHILE,5029344.227672099
2020-07-04,2020Q3,IAM,886284.3903209035
2020-07-04,2020Q3,INVERCAP,365756.9878543594
2020-07-04,2020Q3,QUINENCO,0.0
2020-07-05,2020Q3,ALMENDRAL,939604.5905671339
2020-07-05,2020Q3,ANTARCHILE,5029344.227672099
2020-07-05,2020Q3,IAM,886284.3903209035
2020-07-05,2020Q3,INVERCAP,365756.9878543594
2020-07-05,2020Q3,QUINENCO,0.0
2020-07-06,2020Q3,ALMENDRAL,949833.5674473359
2020-07-06,2020Q3,ANTARCHILE,5250711.933856076
2020-07-06,2020Q3,IAM,907510.9168506301
2020-07-06,2020Q3,INVERCAP,375455.163620544
2020-07-06,2020Q3,QUINENCO,0.0
2020-07-07,2020Q3,ALMENDRAL,954815.21203185
2020-07-07,2020Q3,ANTARCHILE,5238720.8315943405
2020-07-07,2020Q3,IAM,913663.533236058
2020-07-07,2020Q3,INVERCAP,367010.67032112007
2020-07-07,2020Q3,QUINENCO,0.0
2020-07-08,2020Q3,ALMENDRAL,953154.6638370119
2020-07-08,2020Q3,ANTARCHILE,5197367.019835943
2020-07-08,2020Q3,IAM,922277.1961756572
2020-07-08,2020Q3,INVERCAP,369024.3571848288
2020-07-08,2020Q3,QUINENCO,0.0
2020-07-09,2020Q3,ALMENDRAL,930073.0439287637
2020-07-09,2020Q3,ANTARCHILE,4959659.284677103
2020-07-09,2020Q3,IAM,882900.451308918
2020-07-09,2020Q3,INVERCAP,357137.10892487044
2020-07-09,2020Q3,QUINENCO,0.0
2020-07-10,2020Q3,ALMENDRAL,905829.040284129
2020-07-10,2020Q3,ANTARCHILE,5023413.562211117
2020-07-10,2020Q3,IAM,892129.37588706
2020-07-10,2020Q3,INVERCAP,356292.659594928
2020-07-10,2020Q3,QUINENCO,0.0
2020-07-11,2020Q3,ALMENDRAL,905829.040284129
2020-07-11,2020Q3,ANTARCHILE,5023413.562211117
2020-07-11,2020Q3,IAM,892129.37588706
2020-07-11,2020Q3,INVERCAP,356292.659594928
2020-07-11,2020Q3,QUINENCO,0.0
2020-07-12,2020Q3,ALMENDRAL,905829.040284129
2020-07-12,2020Q3,ANTARCHILE,5023413.562211117
2020-07-12,2020Q3,IAM,892129.37588706
2020-07-12,2020Q3,INVERCAP,356292.659594928
2020-07-12,2020Q3,QUINENCO,0.0
2020-07-13,2020Q3,ALMENDRAL,943025.3198485001
2020-07-13,2020Q3,ANTARCHILE,5231354.173961399
2020-07-13,2020Q3,IAM,913725.0593999121
2020-07-13,2020Q3,INVERCAP,368049.99257335684
2020-07-13,2020Q3,QUINENCO,0.0
2020-07-14,2020Q3,ALMENDRAL,969594.0909659081
2020-07-14,2020Q3,ANTARCHILE,5387718.443975954
2020-07-14,2020Q3,IAM,914001.9271372566
2020-07-14,2020Q3,INVERCAP,383250.08051232004
2020-07-14,2020Q3,QUINENCO,0.0
2020-07-15,2020Q3,ALMENDRAL,929740.9342897962
2020-07-15,2020Q3,ANTARCHILE,5150664.806740062
2020-07-15,2020Q3,IAM,881823.743441468
2020-07-15,2020Q3,INVERCAP,370258.55235936
2020-07-15,2020Q3,QUINENCO,0.0
2020-07-16,2020Q3,ALMENDRAL,929740.9342897962
2020-07-16,2020Q3,ANTARCHILE,5150664.806740062
2020-07-16,2020Q3,IAM,881823.743441468
2020-07-16,2020Q3,INVERCAP,370258.55235936
2020-07-16,2020Q3,QUINENCO,0.0
2020-07-17,2020Q3,ALMENDRAL,884241.913751235
2020-07-17,2020Q3,ANTARCHILE,4961531.914760014
2020-07-17,2020Q3,IAM,884438.6054052749
2020-07-17,2020Q3,INVERCAP,362723.4660306432
2020-07-17,2020Q3,QUINENCO,0.0
2020-07-18,2020Q3,ALMENDRAL,884241.913751235
2020-07-18,2020Q3,ANTARCHILE,4961531.914760014
2020-07-18,2020Q3,IAM,884438.6054052749
2020-07-18,2020Q3,INVERCAP,362723.4660306432
2020-07-18,2020Q3,QUINENCO,0.0
2020-07-19,2020Q3,ALMENDRAL,884241.913751235
2020-07-19,2020Q3,ANTARCHILE,4961531.914760014
2020-07-19,2020Q3,IAM,884438.6054052749
2020-07-19,2020Q3,INVERCAP,362723.4660306432
2020-07-19,2020Q3,QUINENCO,0.0
2020-07-20,2020Q3,ALMENDRAL,863468.4558338114
2020-07-20,2020Q3,ANTARCHILE,4939925.641968925
2020-07-20,2020Q3,IAM,855213.6775744921
2020-07-20,2020Q3,INVERCAP,347523.37809168
2020-07-20,2020Q3,QUINENCO,0.0
2020-07-21,2020Q3,ALMENDRAL,871787.80228995
2020-07-21,2020Q3,ANTARCHILE,5057251.276860011
2020-07-21,2020Q3,IAM,839524.5057916505
2020-07-21,2020Q3,INVERCAP,354019.14216816
2020-07-21,2020Q3,QUINENCO,0.0
2020-07-22,2020Q3,ALMENDRAL,891714.380628006
2020-07-22,2020Q3,ANTARCHILE,5055122.1951815
2020-07-22,2020Q3,IAM,836755.8284182079
2020-07-22,2020Q3,INVERCAP,374156.010805248
2020-07-22,2020Q3,QUINENCO,0.0
2020-07-23,2020Q3,ALMENDRAL,891714.380628006
2020-07-23,2020Q3,ANTARCHILE,5200338.630497567
2020-07-23,2020Q3,IAM,815221.6710692099
2020-07-23,2020Q3,INVERCAP,380658.2706458045
2020-07-23,2020Q3,QUINENCO,0.0
2020-07-24,2020Q3,ALMENDRAL,911640.9589660619
2020-07-24,2020Q3,ANTARCHILE,5144848.522799395
2020-07-24,2020Q3,IAM,827926.8239051187
2020-07-24,2020Q3,INVERCAP,380326.98667790403
2020-07-24,2020Q3,QUINENCO,0.0
2020-07-25,2020Q3,ALMENDRAL,911640.9589660619
2020-07-25,2020Q3,ANTARCHILE,5144848.522799395
2020-07-25,2020Q3,IAM,827926.8239051187
2020-07-25,2020Q3,INVERCAP,380326.98667790403
2020-07-25,2020Q3,QUINENCO,0.0
2020-07-26,2020Q3,ALMENDRAL,911640.9589660619
2020-07-26,2020Q3,ANTARCHILE,5144848.522799395
2020-07-26,2020Q3,IAM,827926.8239051187
2020-07-26,2020Q3,INVERCAP,380326.98667790403
2020-07-26,2020Q3,QUINENCO,0.0
2020-07-27,2020Q3,ALMENDRAL,922567.366088096
2020-07-27,2020Q3,ANTARCHILE,5197960.483024789
2020-07-27,2020Q3,IAM,836786.5915001351
2020-07-27,2020Q3,INVERCAP,380002.19847408
2020-07-27,2020Q3,QUINENCO,0.0
2020-07-28,2020Q3,ALMENDRAL,926552.6817557071
2020-07-28,2020Q3,ANTARCHILE,5144848.522799395
2020-07-28,2020Q3,IAM,836755.8284182079
2020-07-28,2020Q3,INVERCAP,378703.04565878405
2020-07-28,2020Q3,QUINENCO,0.0
2020-07-29,2020Q3,ALMENDRAL,896696.02521252
2020-07-29,2020Q3,ANTARCHILE,5084568.4189963415
2020-07-29,2020Q3,IAM,824450.595647352
2020-07-29,2020Q3,INVERCAP,375442.17209239106
2020-07-29,2020Q3,QUINENCO,0.0
2020-07-30,2020Q3,ALMENDRAL,901511.6149775502
2020-07-30,2020Q3,ANTARCHILE,5100406.623482004
2020-07-30,2020Q3,IAM,812145.3628764959
2020-07-30,2020Q3,INVERCAP,369933.764155536
2020-07-30,2020Q3,QUINENCO,0.0
2020-07-31,2020Q3,ALMENDRAL,896397.1265374491
2020-07-31,2020Q3,ANTARCHILE,5129819.884717654
2020-07-31,2020Q3,IAM,818728.6624089038
2020-07-31,2020Q3,INVERCAP,370265.0481234365
2020-07-31,2020Q3,QUINENCO,0.0
2020-08-01,2020Q3,ALMENDRAL,896397.1265374491
2020-08-01,2020Q3,ANTARCHILE,5129819.884717654
2020-08-01,2020Q3,IAM,818728.6624089038
2020-08-01,2020Q3,INVERCAP,370265.0481234365
2020-08-01,2020Q3,QUINENCO,0.0
2020-08-02,2020Q3,ALMENDRAL,896397.1265374491
2020-08-02,2020Q3,ANTARCHILE,5129819.884717654
2020-08-02,2020Q3,IAM,818728.6624089038
2020-08-02,2020Q3,INVERCAP,370265.0481234365
2020-08-02,2020Q3,QUINENCO,0.0
2020-08-03,2020Q3,ALMENDRAL,847045.6341868637
2020-08-03,2020Q3,ANTARCHILE,4972237.202906484
2020-08-03,2020Q3,IAM,804516.1185585653
2020-08-03,2020Q3,INVERCAP,381301.351289376
2020-08-03,2020Q3,QUINENCO,0.0
2020-08-04,2020Q3,ALMENDRAL,871787.80228995
2020-08-04,2020Q3,ANTARCHILE,4907981.100883269
2020-08-04,2020Q3,IAM,793718.276802139
2020-08-04,2020Q3,INVERCAP,384874.02153144
2020-08-04,2020Q3,QUINENCO,0.0
2020-08-05,2020Q3,ALMENDRAL,881418.9818200103
2020-08-05,2020Q3,ANTARCHILE,4925844.329248937
2020-08-05,2020Q3,IAM,800024.7085972029
2020-08-05,2020Q3,INVERCAP,392350.6459834685
2020-08-05,2020Q3,QUINENCO,0.0
2020-08-06,2020Q3,ALMENDRAL,883411.6396538159
2020-08-06,2020Q3,ANTARCHILE,5060571.57963361
2020-08-06,2020Q3,IAM,809069.054683782
2020-08-06,2020Q3,INVERCAP,387452.8398698026
2020-08-06,2020Q3,QUINENCO,0.0
2020-08-07,2020Q3,ALMENDRAL,883411.6396538159
2020-08-07,2020Q3,ANTARCHILE,4994806.913058855
2020-08-07,2020Q3,IAM,809069.054683782
2020-08-07,2020Q3,INVERCAP,395592.032257632
2020-08-07,2020Q3,QUINENCO,0.0
2020-08-08,2020Q3,ALMENDRAL,883411.6396538159
2020-08-08,2020Q3,ANTARCHILE,4994806.913058855
2020-08-08,2020Q3,IAM,809069.054683782
2020-08-08,2020Q3,INVERCAP,395592.032257632
2020-08-08,2020Q3,QUINENCO,0.0
2020-08-09,2020Q3,ALMENDRAL,883411.6396538159
2020-08-09,2020Q3,ANTARCHILE,4994806.913058855
2020-08-09,2020Q3,IAM,809069.054683782
2020-08-09,2020Q3,INVERCAP,395592.032257632
2020-08-09,2020Q3,QUINENCO,0.0
2020-08-10,2020Q3,ALMENDRAL,880090.5432641399
2020-08-10,2020Q3,ANTARCHILE,5014524.443767505
2020-08-10,2020Q3,IAM,809069.054683782
2020-08-10,2020Q3,INVERCAP,431442.1541957251
2020-08-10,2020Q3,QUINENCO,0.0
2020-08-11,2020Q3,ALMENDRAL,876769.4468744639
2020-08-11,2020Q3,ANTARCHILE,5048680.842269716
2020-08-11,2020Q3,IAM,818605.6100811955
2020-08-11,2020Q3,INVERCAP,434501.6590757472
2020-08-11,2020Q3,QUINENCO,0.0
2020-08-12,2020Q3,ALMENDRAL,879758.4336251724
2020-08-12,2020Q3,ANTARCHILE,5125544.818799324
2020-08-12,2020Q3,IAM,827465.3776762118
2020-08-12,2020Q3,INVERCAP,439431.9440097955
2020-08-12,2020Q3,QUINENCO,0.0
2020-08-13,2020Q3,ALMENDRAL,876769.4468744639
2020-08-13,2020Q3,ANTARCHILE,5040286.299277376
2020-08-13,2020Q3,IAM,805992.746491068
2020-08-13,2020Q3,INVERCAP,428707.4375195271
2020-08-13,2020Q3,QUINENCO,0.0
2020-08-14,2020Q3,ALMENDRAL,873448.350484788
2020-08-14,2020Q3,ANTARCHILE,5093796.764773598
2020-08-14,2020Q3,IAM,811837.7320572245
2020-08-14,2020Q3,INVERCAP,436450.38829869125
2020-08-14,2020Q3,QUINENCO,0.0
2020-08-15,2020Q3,ALMENDRAL,873448.350484788
2020-08-15,2020Q3,ANTARCHILE,5093796.764773598
2020-08-15,2020Q3,IAM,811837.7320572245
2020-08-15,2020Q3,INVERCAP,436450.38829869125
2020-08-15,2020Q3,QUINENCO,0.0
2020-08-16,2020Q3,ALMENDRAL,873448.350484788
2020-08-16,2020Q3,ANTARCHILE,5093796.764773598
2020-08-16,2020Q3,IAM,811837.7320572245
2020-08-16,2020Q3,INVERCAP,436450.38829869125
2020-08-16,2020Q3,QUINENCO,0.0
2020-08-17,2020Q3,ALMENDRAL,887396.9553214271
2020-08-17,2020Q3,ANTARCHILE,5137410.031367005
2020-08-17,2020Q3,IAM,827526.903840066
2020-08-17,2020Q3,INVERCAP,445544.45800576324
2020-08-17,2020Q3,QUINENCO,0.0
2020-08-18,2020Q3,ALMENDRAL,875939.1727770449
2020-08-18,2020Q3,ANTARCHILE,5163574.823628506
2020-08-18,2020Q3,IAM,829372.6887556945
2020-08-18,2020Q3,INVERCAP,462426.9488405347
2020-08-18,2020Q3,QUINENCO,0.0
2020-08-19,2020Q3,ALMENDRAL,866291.3877650361
2020-08-19,2020Q3,ANTARCHILE,5155647.665385909
2020-08-19,2020Q3,IAM,815221.6710692099
2020-08-19,2020Q3,INVERCAP,463147.97865302407
2020-08-19,2020Q3,QUINENCO,0.0
2020-08-20,2020Q3,ALMENDRAL,855182.32034157
2020-08-20,2020Q3,ANTARCHILE,5072641.214897637
2020-08-20,2020Q3,IAM,809069.054683782
2020-08-20,2020Q3,INVERCAP,470877.93790403527
2020-08-20,2020Q3,QUINENCO,0.0
2020-08-21,2020Q3,ALMENDRAL,846879.57936738
2020-08-21,2020Q3,ANTARCHILE,5070632.114272114
2020-08-21,2020Q3,IAM,805992.746491068
2020-08-21,2020Q3,INVERCAP,463167.4659452535
2020-08-21,2020Q3,QUINENCO,0.0
2020-08-22,2020Q3,ALMENDRAL,846879.57936738
2020-08-22,2020Q3,ANTARCHILE,5070632.114272114
2020-08-22,2020Q3,IAM,805992.746491068
2020-08-22,2020Q3,INVERCAP,463167.4659452535
2020-08-22,2020Q3,QUINENCO,0.0
2020-08-23,2020Q3,ALMENDRAL,846879.57936738
2020-08-23,2020Q3,ANTARCHILE,5070632.114272114
2020-08-23,2020Q3,IAM,805992.746491068
2020-08-23,2020Q3,INVERCAP,463167.4659452535
2020-08-23,2020Q3,QUINENCO,0.0
2020-08-24,2020Q3,ALMENDRAL,835587.8516424815
2020-08-24,2020Q3,ANTARCHILE,4972917.99367752
2020-08-24,2020Q3,IAM,799840.1301056399
2020-08-24,2020Q3,INVERCAP,457886.40975107526
2020-08-24,2020Q3,QUINENCO,0.0
2020-08-25,2020Q3,ALMENDRAL,814997.0540264903
2020-08-25,2020Q3,ANTARCHILE,4863630.101685389
2020-08-25,2020Q3,IAM,775229.664563928
2020-08-25,2020Q3,INVERCAP,449370.4630468099
2020-08-25,2020Q3,QUINENCO,0.0
2020-08-26,2020Q3,ALMENDRAL,796066.8046053372
2020-08-26,2020Q3,ANTARCHILE,4770453.647972481
2020-08-26,2020Q3,IAM,771230.4639133997
2020-08-26,2020Q3,INVERCAP,454053.908945952
2020-08-26,2020Q3,QUINENCO,0.0
2020-08-27,2020Q3,ALMENDRAL,821788.6961433777
2020-08-27,2020Q3,ANTARCHILE,5016257.974495721
2020-08-27,2020Q3,IAM,753695.50721493
2020-08-27,2020Q3,INVERCAP,458860.7743625472
2020-08-27,2020Q3,QUINENCO,0.0
2020-08-28,2020Q3,ALMENDRAL,814498.889568039
2020-08-28,2020Q3,ANTARCHILE,5024181.628582698
2020-08-28,2020Q3,IAM,735206.8949767189
2020-08-28,2020Q3,INVERCAP,453430.31559460994
2020-08-28,2020Q3,QUINENCO,0.0
2020-08-29,2020Q3,ALMENDRAL,814498.889568039
2020-08-29,2020Q3,ANTARCHILE,5024181.628582698
2020-08-29,2020Q3,IAM,735206.8949767189
2020-08-29,2020Q3,INVERCAP,453430.31559460994
2020-08-29,2020Q3,QUINENCO,0.0
2020-08-30,2020Q3,ALMENDRAL,814498.889568039
2020-08-30,2020Q3,ANTARCHILE,5024181.628582698
2020-08-30,2020Q3,IAM,735206.8949767189
2020-08-30,2020Q3,INVERCAP,453430.31559460994
2020-08-30,2020Q3,QUINENCO,0.0
2020-08-31,2020Q3,ALMENDRAL,781520.4024185563
2020-08-31,2020Q3,ANTARCHILE,4721479.870051123
2020-08-31,2020Q3,IAM,716779.8089023619
2020-08-31,2020Q3,INVERCAP,448207.72127712006
2020-08-31,2020Q3,QUINENCO,0.0
2020-09-01,2020Q3,ALMENDRAL,787930.118450631
2020-09-01,2020Q3,ANTARCHILE,4720872.5106031485
2020-09-01,2020Q3,IAM,721394.2711914331
2020-09-01,2020Q3,INVERCAP,447558.144869472
2020-09-01,2020Q3,QUINENCO,0.0
2020-09-02,2020Q3,ALMENDRAL,843558.4829777039
2020-09-02,2020Q3,ANTARCHILE,4802688.530558109
2020-09-02,2020Q3,IAM,738313.96625136
2020-09-02,2020Q3,INVERCAP,448207.72127712006
2020-09-02,2020Q3,QUINENCO,0.0
2020-09-03,2020Q3,ALMENDRAL,837746.564295771
2020-09-03,2020Q3,ANTARCHILE,4807794.256195775
2020-09-03,2020Q3,IAM,722932.42528779
2020-09-03,2020Q3,INVERCAP,459575.30841096
2020-09-03,2020Q3,QUINENCO,0.0
2020-09-04,2020Q3,ALMENDRAL,807225.6884746484
2020-09-04,2020Q3,ANTARCHILE,4742518.445176274
2020-09-04,2020Q3,IAM,713088.2390711053
2020-09-04,2020Q3,INVERCAP,457951.36739184
2020-09-04,2020Q3,QUINENCO,0.0
2020-09-05,2020Q3,ALMENDRAL,807225.6884746484
2020-09-05,2020Q3,ANTARCHILE,4742518.445176274
2020-09-05,2020Q3,IAM,713088.2390711053
2020-09-05,2020Q3,INVERCAP,457951.36739184
2020-09-05,2020Q3,QUINENCO,0.0
2020-09-06,2020Q3,ALMENDRAL,807225.6884746484
2020-09-06,2020Q3,ANTARCHILE,4742518.445176274
2020-09-06,2020Q3,IAM,713088.2390711053
2020-09-06,2020Q3,INVERCAP,457951.36739184
2020-09-06,2020Q3,QUINENCO,0.0
2020-09-07,2020Q3,ALMENDRAL,836584.1805593844
2020-09-07,2020Q3,ANTARCHILE,4783886.703028886
2020-09-07,2020Q3,IAM,719794.5909312216
2020-09-07,2020Q3,INVERCAP,473541.201175392
2020-09-07,2020Q3,QUINENCO,0.0
2020-09-08,2020Q3,ALMENDRAL,808686.9708861059
2020-09-08,2020Q3,ANTARCHILE,4751986.066461016
2020-09-08,2020Q3,IAM,729085.041673218
2020-09-08,2020Q3,INVERCAP,472885.1290036675
2020-09-08,2020Q3,QUINENCO,0.0
2020-09-09,2020Q3,ALMENDRAL,836750.2353788681
2020-09-09,2020Q3,ANTARCHILE,4778640.264112855
2020-09-09,2020Q3,IAM,718317.962998719
2020-09-09,2020Q3,INVERCAP,468344.589914208
2020-09-09,2020Q3,QUINENCO,0.0
2020-09-10,2020Q3,ALMENDRAL,808520.9160666222
2020-09-10,2020Q3,ANTARCHILE,4643001.605266152
2020-09-10,2020Q3,IAM,701398.2679387919
2020-09-10,2020Q3,INVERCAP,461621.47409505124
2020-09-10,2020Q3,QUINENCO,0.0
2020-09-11,2020Q3,ALMENDRAL,782948.473866117
2020-09-11,2020Q3,ANTARCHILE,4644685.8042888995
2020-09-11,2020Q3,IAM,688477.7735293931
2020-09-11,2020Q3,INVERCAP,474190.77758304006
2020-09-11,2020Q3,QUINENCO,0.0
2020-09-12,2020Q3,ALMENDRAL,782948.473866117
2020-09-12,2020Q3,ANTARCHILE,4644685.8042888995
2020-09-12,2020Q3,IAM,688477.7735293931
2020-09-12,2020Q3,INVERCAP,474190.77758304006
2020-09-12,2020Q3,QUINENCO,0.0
2020-09-13,2020Q3,ALMENDRAL,782948.473866117
2020-09-13,2020Q3,ANTARCHILE,4644685.8042888995
2020-09-13,2020Q3,IAM,688477.7735293931
2020-09-13,2020Q3,INVERCAP,474190.77758304006
2020-09-13,2020Q3,QUINENCO,0.0
2020-09-14,2020Q3,ALMENDRAL,773815.4587945079
2020-09-14,2020Q3,ANTARCHILE,4543915.820134369
2020-09-14,2020Q3,IAM,699860.113842435
2020-09-14,2020Q3,INVERCAP,488806.24675512005
2020-09-14,2020Q3,QUINENCO,0.0
2020-09-15,2020Q3,ALMENDRAL,774180.7793973724
2020-09-15,2020Q3,ANTARCHILE,4577056.752376045
2020-09-15,2020Q3,IAM,692169.34336065
2020-09-15,2020Q3,INVERCAP,487117.3480952352
2020-09-15,2020Q3,QUINENCO,0.0
2020-09-16,2020Q3,ALMENDRAL,763719.3257698929
2020-09-16,2020Q3,ANTARCHILE,4643598.761355665
2020-09-16,2020Q3,IAM,689093.035167936
2020-09-16,2020Q3,INVERCAP,467889.88642885437
2020-09-16,2020Q3,QUINENCO,0.0
2020-09-17,2020Q3,ALMENDRAL,794638.7331577764
2020-09-17,2020Q3,ANTARCHILE,4608351.506656205
2020-09-17,2020Q3,IAM,701398.2679387919
2020-09-17,2020Q3,INVERCAP,445609.415646528
2020-09-17,2020Q3,QUINENCO,0.0
2020-09-18,2020Q3,ALMENDRAL,794638.7331577764
2020-09-18,2020Q3,ANTARCHILE,4608351.506656205
2020-09-18,2020Q3,IAM,701398.2679387919
2020-09-18,2020Q3,INVERCAP,445609.415646528
2020-09-18,2020Q3,QUINENCO,0.0
2020-09-19,2020Q3,ALMENDRAL,794638.7331577764
2020-09-19,2020Q3,ANTARCHILE,4608351.506656205
2020-09-19,2020Q3,IAM,701398.2679387919
2020-09-19,2020Q3,INVERCAP,445609.415646528
2020-09-19,2020Q3,QUINENCO,0.0
2020-09-20,2020Q3,ALMENDRAL,794638.7331577764
2020-09-20,2020Q3,ANTARCHILE,4608351.506656205
2020-09-20,2020Q3,IAM,701398.2679387919
2020-09-20,2020Q3,INVERCAP,445609.415646528
2020-09-20,2020Q3,QUINENCO,0.0
2020-09-21,2020Q3,ALMENDRAL,781952.1449492141
2020-09-21,2020Q3,ANTARCHILE,4600343.788415964
2020-09-21,2020Q3,IAM,681709.8955054224
2020-09-21,2020Q3,INVERCAP,435144.7397193187
2020-09-21,2020Q3,QUINENCO,0.0
2020-09-22,2020Q3,ALMENDRAL,767173.2660151559
2020-09-22,2020Q3,ANTARCHILE,4613093.905342634
2020-09-22,2020Q3,IAM,689123.7982498631
2020-09-22,2020Q3,INVERCAP,432877.7180566272
2020-09-22,2020Q3,QUINENCO,0.0
2020-09-23,2020Q3,ALMENDRAL,738943.9467029099
2020-09-23,2020Q3,ANTARCHILE,4541989.511646948
2020-09-23,2020Q3,IAM,689093.035167936
2020-09-23,2020Q3,INVERCAP,406310.042983824
2020-09-23,2020Q3,QUINENCO,0.0
2020-09-24,2020Q3,ALMENDRAL,775011.0534947913
2020-09-24,2020Q3,ANTARCHILE,4607428.417675447
2020-09-24,2020Q3,IAM,683432.6280933422
2020-09-24,2020Q3,INVERCAP,411188.36180526053
2020-09-24,2020Q3,QUINENCO,0.0
2020-09-25,2020Q3,ALMENDRAL,805365.8744964299
2020-09-25,2020Q3,ANTARCHILE,4650787.018941915
2020-09-25,2020Q3,IAM,687616.4072354333
2020-09-25,2020Q3,INVERCAP,406953.12362739554
2020-09-25,2020Q3,QUINENCO,0.0
2020-09-26,2020Q3,ALMENDRAL,805365.8744964299
2020-09-26,2020Q3,ANTARCHILE,4650787.018941915
2020-09-26,2020Q3,IAM,687616.4072354333
2020-09-26,2020Q3,INVERCAP,406953.12362739554
2020-09-26,2020Q3,QUINENCO,0.0
2020-09-27,2020Q3,ALMENDRAL,805365.8744964299
2020-09-27,2020Q3,ANTARCHILE,4650787.018941915
2020-09-27,2020Q3,IAM,687616.4072354333
2020-09-27,2020Q3,INVERCAP,406953.12362739554
2020-09-27,2020Q3,QUINENCO,0.0
2020-09-28,2020Q3,ALMENDRAL,774678.9438558237
2020-09-28,2020Q3,ANTARCHILE,4684670.544740603
2020-09-28,2020Q3,IAM,680294.7937367739
2020-09-28,2020Q3,INVERCAP,409168.1791774752
2020-09-28,2020Q3,QUINENCO,0.0
2020-09-29,2020Q3,ALMENDRAL,755715.4834707738
2020-09-29,2020Q3,ANTARCHILE,4594333.9033542
2020-09-29,2020Q3,IAM,689093.035167936
2020-09-29,2020Q3,INVERCAP,415663.9432539552
2020-09-29,2020Q3,QUINENCO,0.0
2020-09-30,2020Q3,ALMENDRAL,811675.9576368143
2020-09-30,2020Q3,ANTARCHILE,4881344.629154629
2020-09-30,2020Q3,IAM,676787.80239708
2020-09-30,2020Q3,INVERCAP,429694.793659152
2020-09-30,2020Q3,QUINENCO,0.0
2020-10-01,2020Q4,ALMENDRAL,799720.0106339807
2020-10-01,2020Q4,ANTARCHILE,4965675.267124982
2020-10-01,2020Q4,IAM,673711.494204366
2020-10-01,2020Q4,INVERCAP,431968.31108592
2020-10-01,2020Q4,QUINENCO,0.0
2020-10-02,2020Q4,ALMENDRAL,789889.5653205399
2020-10-02,2020Q4,ANTARCHILE,4919532.74767692
2020-10-02,2020Q4,IAM,667497.3516550836
2020-10-02,2020Q4,INVERCAP,425472.54700944
2020-10-02,2020Q4,QUINENCO,0.0
2020-10-03,2020Q4,ALMENDRAL,789889.5653205399
2020-10-03,2020Q4,ANTARCHILE,4919532.74767692
2020-10-03,2020Q4,IAM,667497.3516550836
2020-10-03,2020Q4,INVERCAP,425472.54700944
2020-10-03,2020Q4,QUINENCO,0.0
2020-10-04,2020Q4,ALMENDRAL,789889.5653205399
2020-10-04,2020Q4,ANTARCHILE,4919532.74767692
2020-10-04,2020Q4,IAM,667497.3516550836
2020-10-04,2020Q4,INVERCAP,425472.54700944
2020-10-04,2020Q4,QUINENCO,0.0
2020-10-05,2020Q4,ALMENDRAL,764682.4437228991
2020-10-05,2020Q4,ANTARCHILE,4885891.279361262
2020-10-05,2020Q4,IAM,662944.4155298669
2020-10-05,2020Q4,INVERCAP,436508.85017537954
2020-10-05,2020Q4,QUINENCO,0.0
2020-10-06,2020Q4,ALMENDRAL,763686.1148059962
2020-10-06,2020Q4,ANTARCHILE,4798266.292885264
2020-10-06,2020Q4,IAM,661098.6306142386
2020-10-06,2020Q4,INVERCAP,430026.07762705255
2020-10-06,2020Q4,QUINENCO,0.0
2020-10-07,2020Q4,ALMENDRAL,744307.5173722367
2020-10-07,2020Q4,ANTARCHILE,4798307.379845922
2020-10-07,2020Q4,IAM,661098.6306142386
2020-10-07,2020Q4,INVERCAP,417352.84191384003
2020-10-07,2020Q4,QUINENCO,0.0
2020-10-08,2020Q4,ALMENDRAL,775459.4015073975
2020-10-08,2020Q4,ANTARCHILE,4965112.310048236
2020-10-08,2020Q4,IAM,652177.336855368
2020-10-08,2020Q4,INVERCAP,428070.852640032
2020-10-08,2020Q4,QUINENCO,0.0
2020-10-09,2020Q4,ALMENDRAL,760531.073235804
2020-10-09,2020Q4,ANTARCHILE,5052777.885631449
2020-10-09,2020Q4,IAM,656637.9837348033
2020-10-09,2020Q4,INVERCAP,431110.87022782466
2020-10-09,2020Q4,QUINENCO,0.0
2020-10-10,2020Q4,ALMENDRAL,760531.073235804
2020-10-10,2020Q4,ANTARCHILE,5052777.885631449
2020-10-10,2020Q4,IAM,656637.9837348033
2020-10-10,2020Q4,INVERCAP,431110.87022782466
2020-10-10,2020Q4,QUINENCO,0.0
2020-10-11,2020Q4,ALMENDRAL,760531.073235804
2020-10-11,2020Q4,ANTARCHILE,5052777.885631449
2020-10-11,2020Q4,IAM,656637.9837348033
2020-10-11,2020Q4,INVERCAP,431110.87022782466
2020-10-11,2020Q4,QUINENCO,0.0
2020-10-12,2020Q4,ALMENDRAL,760531.073235804
2020-10-12,2020Q4,ANTARCHILE,5052777.885631449
2020-10-12,2020Q4,IAM,656637.9837348033
2020-10-12,2020Q4,INVERCAP,431110.87022782466
2020-10-12,2020Q4,QUINENCO,0.0
2020-10-13,2020Q4,ALMENDRAL,743925.591287424
2020-10-13,2020Q4,ANTARCHILE,5060368.0322808
2020-10-13,2020Q4,IAM,644332.7509639473
2020-10-13,2020Q4,INVERCAP,434566.616716512
2020-10-13,2020Q4,QUINENCO,0.0
2020-10-14,2020Q4,ALMENDRAL,740604.494897748
2020-10-14,2020Q4,ANTARCHILE,5084149.507008588
2020-10-14,2020Q4,IAM,653100.2293131822
2020-10-14,2020Q4,INVERCAP,433748.1504428755
2020-10-14,2020Q4,QUINENCO,0.0
2020-10-15,2020Q4,ALMENDRAL,792081.488937726
2020-10-15,2020Q4,ANTARCHILE,5047378.743809932
2020-10-15,2020Q4,IAM,676787.80239708
2020-10-15,2020Q4,INVERCAP,423523.817786496
2020-10-15,2020Q4,QUINENCO,0.0
2020-10-16,2020Q4,ALMENDRAL,788760.3925480499
2020-10-16,2020Q4,ANTARCHILE,4899190.268360501
2020-10-16,2020Q4,IAM,674357.518924836
2020-10-16,2020Q4,INVERCAP,422224.6649712
2020-10-16,2020Q4,QUINENCO,0.0
2020-10-17,2020Q4,ALMENDRAL,788760.3925480499
2020-10-17,2020Q4,ANTARCHILE,4899190.268360501
2020-10-17,2020Q4,IAM,674357.518924836
2020-10-17,2020Q4,INVERCAP,422224.6649712
2020-10-17,2020Q4,QUINENCO,0.0
2020-10-18,2020Q4,ALMENDRAL,788760.3925480499
2020-10-18,2020Q4,ANTARCHILE,4899190.268360501
2020-10-18,2020Q4,IAM,674357.518924836
2020-10-18,2020Q4,INVERCAP,422224.6649712
2020-10-18,2020Q4,QUINENCO,0.0
2020-10-19,2020Q4,ALMENDRAL,775476.006989346
2020-10-19,2020Q4,ANTARCHILE,4989023.608097436
2020-10-19,2020Q4,IAM,657407.0607829817
2020-10-19,2020Q4,INVERCAP,411831.442448832
2020-10-19,2020Q4,QUINENCO,0.0
2020-10-20,2020Q4,ALMENDRAL,788760.3925480499
2020-10-20,2020Q4,ANTARCHILE,5122050.427096489
2020-10-20,2020Q4,IAM,660175.7381564244
2020-10-20,2020Q4,INVERCAP,410532.289633536
2020-10-20,2020Q4,QUINENCO,0.0
2020-10-21,2020Q4,ALMENDRAL,813834.6702901038
2020-10-21,2020Q4,ANTARCHILE,5304602.420938262
2020-10-21,2020Q4,IAM,658329.953240796
2020-10-21,2020Q4,INVERCAP,422289.6226119648
2020-10-21,2020Q4,QUINENCO,0.0
2020-10-22,2020Q4,ALMENDRAL,813668.61547062
2020-10-22,2020Q4,ANTARCHILE,5386473.115004616
2020-10-22,2020Q4,IAM,650639.1827590109
2020-10-22,2020Q4,INVERCAP,427421.27623238397
2020-10-22,2020Q4,QUINENCO,0.0
2020-10-23,2020Q4,ALMENDRAL,829941.9877800323
2020-10-23,2020Q4,ANTARCHILE,5440160.210678927
2020-10-23,2020Q4,IAM,653715.490951725
2020-10-23,2020Q4,INVERCAP,429850.6919969875
2020-10-23,2020Q4,QUINENCO,0.0
2020-10-24,2020Q4,ALMENDRAL,829941.9877800323
2020-10-24,2020Q4,ANTARCHILE,5440160.210678927
2020-10-24,2020Q4,IAM,653715.490951725
2020-10-24,2020Q4,INVERCAP,429850.6919969875
2020-10-24,2020Q4,QUINENCO,0.0
2020-10-25,2020Q4,ALMENDRAL,829941.9877800323
2020-10-25,2020Q4,ANTARCHILE,5440160.210678927
2020-10-25,2020Q4,IAM,653715.490951725
2020-10-25,2020Q4,INVERCAP,429850.6919969875
2020-10-25,2020Q4,QUINENCO,0.0
2020-10-26,2020Q4,ALMENDRAL,801297.5314190768
2020-10-26,2020Q4,ANTARCHILE,5142017.762179539
2020-10-26,2020Q4,IAM,636457.4019905993
2020-10-26,2020Q4,INVERCAP,423894.0763388554
2020-10-26,2020Q4,QUINENCO,0.0
2020-10-27,2020Q4,ALMENDRAL,780424.4406099633
2020-10-27,2020Q4,ANTARCHILE,5160050.973502096
2020-10-27,2020Q4,IAM,623444.6183354192
2020-10-27,2020Q4,INVERCAP,428590.5137661504
2020-10-27,2020Q4,QUINENCO,0.0
2020-10-28,2020Q4,ALMENDRAL,757674.9303406826
2020-10-28,2020Q4,ANTARCHILE,5136862.961963153
2020-10-28,2020Q4,IAM,620768.230207758
2020-10-28,2020Q4,INVERCAP,417872.5030399584
2020-10-28,2020Q4,QUINENCO,0.0
2020-10-29,2020Q4,ALMENDRAL,740604.494897748
2020-10-29,2020Q4,ANTARCHILE,5052380.857520888
2020-10-29,2020Q4,IAM,624490.563120942
2020-10-29,2020Q4,INVERCAP,414429.748079424
2020-10-29,2020Q4,QUINENCO,0.0
2020-10-30,2020Q4,ALMENDRAL,723783.1416840389
2020-10-30,2020Q4,ANTARCHILE,4873669.627790237
2020-10-30,2020Q4,IAM,617938.0266704612
2020-10-30,2020Q4,INVERCAP,414429.748079424
2020-10-30,2020Q4,QUINENCO,0.0
2020-10-31,2020Q4,ALMENDRAL,723783.1416840389
2020-10-31,2020Q4,ANTARCHILE,4873669.627790237
2020-10-31,2020Q4,IAM,617938.0266704612
2020-10-31,2020Q4,INVERCAP,414429.748079424
2020-10-31,2020Q4,QUINENCO,0.0
2020-11-01,2020Q4,ALMENDRAL,723783.1416840389
2020-11-01,2020Q4,ANTARCHILE,4873669.627790237
2020-11-01,2020Q4,IAM,617938.0266704612
2020-11-01,2020Q4,INVERCAP,414429.748079424
2020-11-01,2020Q4,QUINENCO,0.0
2020-11-02,2020Q4,ALMENDRAL,736469.7298926014
2020-11-02,2020Q4,ANTARCHILE,4950110.312832937
2020-11-02,2020Q4,IAM,613415.8536271716
2020-11-02,2020Q4,INVERCAP,417541.2190720579
2020-11-02,2020Q4,QUINENCO,0.0
2020-11-03,2020Q4,ALMENDRAL,750833.4717779501
2020-11-03,2020Q4,ANTARCHILE,4901623.037963028
2020-11-03,2020Q4,IAM,585729.0798927456
2020-11-03,2020Q4,INVERCAP,419990.1221288909
2020-11-03,2020Q4,QUINENCO,0.0
2020-11-04,2020Q4,ALMENDRAL,760531.073235804
2020-11-04,2020Q4,ANTARCHILE,4980598.318266305
2020-11-04,2020Q4,IAM,590651.173001088
2020-11-04,2020Q4,INVERCAP,418327.20652531204
2020-11-04,2020Q4,QUINENCO,0.0
2020-11-05,2020Q4,ALMENDRAL,805365.8744964299
2020-11-05,2020Q4,ANTARCHILE,5098318.765527553
2020-11-05,2020Q4,IAM,584498.5566156601
2020-11-05,2020Q4,INVERCAP,431974.8068499965
2020-11-05,2020Q4,QUINENCO,0.0
2020-11-06,2020Q4,ALMENDRAL,865129.0040286495
2020-11-06,2020Q4,ANTARCHILE,5174124.900420751
2020-11-06,2020Q4,IAM,615261.6385428
2020-11-06,2020Q4,INVERCAP,452533.9001520557
2020-11-06,2020Q4,QUINENCO,0.0
2020-11-07,2020Q4,ALMENDRAL,865129.0040286495
2020-11-07,2020Q4,ANTARCHILE,5174124.900420751
2020-11-07,2020Q4,IAM,615261.6385428
2020-11-07,2020Q4,INVERCAP,452533.9001520557
2020-11-07,2020Q4,QUINENCO,0.0
2020-11-08,2020Q4,ALMENDRAL,865129.0040286495
2020-11-08,2020Q4,ANTARCHILE,5174124.900420751
2020-11-08,2020Q4,IAM,615261.6385428
2020-11-08,2020Q4,INVERCAP,452533.9001520557
2020-11-08,2020Q4,QUINENCO,0.0
2020-11-09,2020Q4,ALMENDRAL,863451.8503518632
2020-11-09,2020Q4,ANTARCHILE,5367468.289957667
2020-11-09,2020Q4,IAM,651746.6537083881
2020-11-09,2020Q4,INVERCAP,442686.32181211206
2020-11-09,2020Q4,QUINENCO,0.0
2020-11-10,2020Q4,ALMENDRAL,865477.7191495656
2020-11-10,2020Q4,ANTARCHILE,5258623.855442679
2020-11-10,2020Q4,IAM,658329.953240796
2020-11-10,2020Q4,INVERCAP,446258.992054176
2020-11-10,2020Q4,QUINENCO,0.0
2020-11-11,2020Q4,ALMENDRAL,801065.0546717996
2020-11-11,2020Q4,ANTARCHILE,5352535.774038015
2020-11-11,2020Q4,IAM,626336.3480365704
2020-11-11,2020Q4,INVERCAP,450806.026907712
2020-11-11,2020Q4,QUINENCO,0.0
2020-11-12,2020Q4,ALMENDRAL,764682.4437228991
2020-11-12,2020Q4,ANTARCHILE,5089204.680907266
2020-11-12,2020Q4,IAM,597942.0234178202
2020-11-12,2020Q4,INVERCAP,445284.62744270405
2020-11-12,2020Q4,QUINENCO,0.0
2020-11-13,2020Q4,ALMENDRAL,788760.3925480499
2020-11-13,2020Q4,ANTARCHILE,5204261.998001744
2020-11-13,2020Q4,IAM,602956.405771944
2020-11-13,2020Q4,INVERCAP,443011.110015936
2020-11-13,2020Q4,QUINENCO,0.0
2020-11-14,2020Q4,ALMENDRAL,788760.3925480499
2020-11-14,2020Q4,ANTARCHILE,5204261.998001744
2020-11-14,2020Q4,IAM,602956.405771944
2020-11-14,2020Q4,INVERCAP,443011.110015936
2020-11-14,2020Q4,QUINENCO,0.0
2020-11-15,2020Q4,ALMENDRAL,788760.3925480499
2020-11-15,2020Q4,ANTARCHILE,5204261.998001744
2020-11-15,2020Q4,IAM,602956.405771944
2020-11-15,2020Q4,INVERCAP,443011.110015936
2020-11-15,2020Q4,QUINENCO,0.0
2020-11-16,2020Q4,ALMENDRAL,777136.5551841839
2020-11-16,2020Q4,ANTARCHILE,5319124.305196561
2020-11-16,2020Q4,IAM,595265.6352901589
2020-11-16,2020Q4,INVERCAP,446258.992054176
2020-11-16,2020Q4,QUINENCO,0.0
2020-11-17,2020Q4,ALMENDRAL,789092.5021870176
2020-11-17,2020Q4,ANTARCHILE,5278606.563945125
2020-11-17,2020Q4,IAM,632827.3583231969
2020-11-17,2020Q4,INVERCAP,449506.874092416
2020-11-17,2020Q4,QUINENCO,0.0
2020-11-18,2020Q4,ALMENDRAL,813502.5606511361
2020-11-18,2020Q4,ANTARCHILE,5374793.310794866
2020-11-18,2020Q4,IAM,630704.7056702243
2020-11-18,2020Q4,INVERCAP,459900.096614784
2020-11-18,2020Q4,QUINENCO,0.0
2020-11-19,2020Q4,ALMENDRAL,780457.65157386
2020-11-19,2020Q4,ANTARCHILE,5332731.774690654
2020-11-19,2020Q4,IAM,639841.3410025849
2020-11-19,2020Q4,INVERCAP,461199.24943008006
2020-11-19,2020Q4,QUINENCO,0.0
2020-11-20,2020Q4,ALMENDRAL,788760.3925480499
2020-11-20,2020Q4,ANTARCHILE,5450139.446739652
2020-11-20,2020Q4,IAM,668481.7702767522
2020-11-20,2020Q4,INVERCAP,453339.3748975392
2020-11-20,2020Q4,QUINENCO,0.0
2020-11-21,2020Q4,ALMENDRAL,788760.3925480499
2020-11-21,2020Q4,ANTARCHILE,5450139.446739652
2020-11-21,2020Q4,IAM,668481.7702767522
2020-11-21,2020Q4,INVERCAP,453339.3748975392
2020-11-21,2020Q4,QUINENCO,0.0
2020-11-22,2020Q4,ALMENDRAL,788760.3925480499
2020-11-22,2020Q4,ANTARCHILE,5450139.446739652
2020-11-22,2020Q4,IAM,668481.7702767522
2020-11-22,2020Q4,INVERCAP,453339.3748975392
2020-11-22,2020Q4,QUINENCO,0.0
2020-11-23,2020Q4,ALMENDRAL,772154.91059967
2020-11-23,2020Q4,ANTARCHILE,5458909.133965362
2020-11-23,2020Q4,IAM,683248.0496017793
2020-11-23,2020Q4,INVERCAP,455353.06176124804
2020-11-23,2020Q4,QUINENCO,0.0
2020-11-24,2020Q4,ALMENDRAL,786435.6250752768
2020-11-24,2020Q4,ANTARCHILE,5459390.414974234
2020-11-24,2020Q4,IAM,692169.34336065
2020-11-24,2020Q4,INVERCAP,463797.55506067205
2020-11-24,2020Q4,QUINENCO,0.0
2020-11-25,2020Q4,ALMENDRAL,775642.0618088298
2020-11-25,2020Q4,ANTARCHILE,5218700.865795307
2020-11-25,2020Q4,IAM,684478.572878865
2020-11-25,2020Q4,INVERCAP,461134.29178931523
2020-11-25,2020Q4,QUINENCO,0.0
2020-11-26,2020Q4,ALMENDRAL,782118.199768698
2020-11-26,2020Q4,ANTARCHILE,5106993.121152952
2020-11-26,2020Q4,IAM,692169.34336065
2020-11-26,2020Q4,INVERCAP,466395.86069126404
2020-11-26,2020Q4,QUINENCO,0.0
2020-11-27,2020Q4,ALMENDRAL,766359.5973996854
2020-11-27,2020Q4,ANTARCHILE,5209564.8972978275
2020-11-27,2020Q4,IAM,679864.110589794
2020-11-27,2020Q4,INVERCAP,466103.5513078224
2020-11-27,2020Q4,QUINENCO,0.0
2020-11-28,2020Q4,ALMENDRAL,766359.5973996854
2020-11-28,2020Q4,ANTARCHILE,5209564.8972978275
2020-11-28,2020Q4,IAM,679864.110589794
2020-11-28,2020Q4,INVERCAP,466103.5513078224
2020-11-28,2020Q4,QUINENCO,0.0
2020-11-29,2020Q4,ALMENDRAL,766359.5973996854
2020-11-29,2020Q4,ANTARCHILE,5209564.8972978275
2020-11-29,2020Q4,IAM,679864.110589794
2020-11-29,2020Q4,INVERCAP,466103.5513078224
2020-11-29,2020Q4,QUINENCO,0.0
2020-11-30,2020Q4,ALMENDRAL,767173.2660151559
2020-11-30,2020Q4,ANTARCHILE,5001507.808650176
2020-11-30,2020Q4,IAM,679864.110589794
2020-11-30,2020Q4,INVERCAP,470942.8955448001
2020-11-30,2020Q4,QUINENCO,0.0
2020-12-01,2020Q4,ALMENDRAL,778797.103379022
2020-12-01,2020Q4,ANTARCHILE,5149420.336712205
2020-12-01,2020Q4,IAM,679864.110589794
2020-12-01,2020Q4,INVERCAP,477568.5749028097
2020-12-01,2020Q4,QUINENCO,0.0
2020-12-02,2020Q4,ALMENDRAL,777136.5551841839
2020-12-02,2020Q4,ANTARCHILE,5366655.219398127
2020-12-02,2020Q4,IAM,707550.88432422
2020-12-02,2020Q4,INVERCAP,478088.236028928
2020-12-02,2020Q4,QUINENCO,0.0
2020-12-03,2020Q4,ALMENDRAL,770494.3624048319
2020-12-03,2020Q4,ANTARCHILE,5448710.840369026
2020-12-03,2020Q4,IAM,719733.0647673674
2020-12-03,2020Q4,INVERCAP,481855.7791932864
2020-12-03,2020Q4,QUINENCO,0.0
2020-12-04,2020Q4,ALMENDRAL,775476.006989346
2020-12-04,2020Q4,ANTARCHILE,5428353.726213343
2020-12-04,2020Q4,IAM,729085.041673218
2020-12-04,2020Q4,INVERCAP,493671.57404840353
2020-12-04,2020Q4,QUINENCO,0.0
2020-12-05,2020Q4,ALMENDRAL,775476.006989346
2020-12-05,2020Q4,ANTARCHILE,5428353.726213343
2020-12-05,2020Q4,IAM,729085.041673218
2020-12-05,2020Q4,INVERCAP,493671.57404840353
2020-12-05,2020Q4,QUINENCO,0.0
2020-12-06,2020Q4,ALMENDRAL,775476.006989346
2020-12-06,2020Q4,ANTARCHILE,5428353.726213343
2020-12-06,2020Q4,IAM,729085.041673218
2020-12-06,2020Q4,INVERCAP,493671.57404840353
2020-12-06,2020Q4,QUINENCO,0.0
2020-12-07,2020Q4,ALMENDRAL,767173.2660151559
2020-12-07,2020Q4,ANTARCHILE,5396420.624919725
2020-12-07,2020Q4,IAM,729085.041673218
2020-12-07,2020Q4,INVERCAP,499965.96943851263
2020-12-07,2020Q4,QUINENCO,0.0
2020-12-08,2020Q4,ALMENDRAL,767173.2660151559
2020-12-08,2020Q4,ANTARCHILE,5396420.624919725
2020-12-08,2020Q4,IAM,729085.041673218
2020-12-08,2020Q4,INVERCAP,499965.96943851263
2020-12-08,2020Q4,QUINENCO,0.0
2020-12-09,2020Q4,ALMENDRAL,765180.6081813504
2020-12-09,2020Q4,ANTARCHILE,5349709.308135554
2020-12-09,2020Q4,IAM,738313.96625136
2020-12-09,2020Q4,INVERCAP,532444.7898209126
2020-12-09,2020Q4,QUINENCO,0.0
2020-12-10,2020Q4,ALMENDRAL,747412.7424965838
2020-12-10,2020Q4,ANTARCHILE,5372604.280980741
2020-12-10,2020Q4,IAM,696999.1472232109
2020-12-10,2020Q4,INVERCAP,543045.8767937281
2020-12-10,2020Q4,QUINENCO,0.0
2020-12-11,2020Q4,ALMENDRAL,731637.5346456228
2020-12-11,2020Q4,ANTARCHILE,5424536.030431343
2020-12-11,2020Q4,IAM,699860.113842435
2020-12-11,2020Q4,INVERCAP,552139.9465008001
2020-12-11,2020Q4,QUINENCO,0.0
2020-12-12,2020Q4,ALMENDRAL,731637.5346456228
2020-12-12,2020Q4,ANTARCHILE,5424536.030431343
2020-12-12,2020Q4,IAM,699860.113842435
2020-12-12,2020Q4,INVERCAP,552139.9465008001
2020-12-12,2020Q4,QUINENCO,0.0
2020-12-13,2020Q4,ALMENDRAL,731637.5346456228
2020-12-13,2020Q4,ANTARCHILE,5424536.030431343
2020-12-13,2020Q4,IAM,699860.113842435
2020-12-13,2020Q4,INVERCAP,552139.9465008001
2020-12-13,2020Q4,QUINENCO,0.0
2020-12-14,2020Q4,ALMENDRAL,732816.5238639577
2020-12-14,2020Q4,ANTARCHILE,5361996.47179328
2020-12-14,2020Q4,IAM,695245.651553364
2020-12-14,2020Q4,INVERCAP,581435.8424857248
2020-12-14,2020Q4,QUINENCO,0.0
2020-12-15,2020Q4,ALMENDRAL,752128.6993699237
2020-12-15,2020Q4,ANTARCHILE,5452479.59833571
2020-12-15,2020Q4,IAM,685524.5176643878
2020-12-15,2020Q4,INVERCAP,567599.8650028225
2020-12-15,2020Q4,QUINENCO,0.0
2020-12-16,2020Q4,ALMENDRAL,748907.235871938
2020-12-16,2020Q4,ANTARCHILE,5615100.603465898
2020-12-16,2020Q4,IAM,667528.1147370109
2020-12-16,2020Q4,INVERCAP,573900.756157008
2020-12-16,2020Q4,QUINENCO,0.0
2020-12-17,2020Q4,ALMENDRAL,753224.6611785167
2020-12-17,2020Q4,ANTARCHILE,5867751.246647902
2020-12-17,2020Q4,IAM,661406.26143351
2020-12-17,2020Q4,INVERCAP,574940.0784092449
2020-12-17,2020Q4,QUINENCO,0.0
2020-12-18,2020Q4,ALMENDRAL,737283.398508072
2020-12-18,2020Q4,ANTARCHILE,5680202.927372891
2020-12-18,2020Q4,IAM,673403.8633850946
2020-12-18,2020Q4,INVERCAP,583319.6140679041
2020-12-18,2020Q4,QUINENCO,0.0
2020-12-19,2020Q4,ALMENDRAL,737283.398508072
2020-12-19,2020Q4,ANTARCHILE,5680202.927372891
2020-12-19,2020Q4,IAM,673403.8633850946
2020-12-19,2020Q4,INVERCAP,583319.6140679041
2020-12-19,2020Q4,QUINENCO,0.0
2020-12-20,2020Q4,ALMENDRAL,737283.398508072
2020-12-20,2020Q4,ANTARCHILE,5680202.927372891
2020-12-20,2020Q4,IAM,673403.8633850946
2020-12-20,2020Q4,INVERCAP,583319.6140679041
2020-12-20,2020Q4,QUINENCO,0.0
2020-12-21,2020Q4,ALMENDRAL,741434.768995167
2020-12-21,2020Q4,ANTARCHILE,5643965.422100717
2020-12-21,2020Q4,IAM,676018.7253489015
2020-12-21,2020Q4,INVERCAP,613524.917023536
2020-12-21,2020Q4,QUINENCO,0.0
2020-12-22,2020Q4,ALMENDRAL,748907.235871938
2020-12-22,2020Q4,ANTARCHILE,5679950.168677958
2020-12-22,2020Q4,IAM,676849.3285609343
2020-12-22,2020Q4,INVERCAP,601553.2238305834
2020-12-22,2020Q4,QUINENCO,0.0
2020-12-23,2020Q4,ALMENDRAL,738943.9467029099
2020-12-23,2020Q4,ANTARCHILE,5703866.448043044
2020-12-23,2020Q4,IAM,686016.726975222
2020-12-23,2020Q4,INVERCAP,602806.906297344
2020-12-23,2020Q4,QUINENCO,0.0
2020-12-24,2020Q4,ALMENDRAL,738943.9467029099
2020-12-24,2020Q4,ANTARCHILE,5811931.513157818
2020-12-24,2020Q4,IAM,687247.2502523076
2020-12-24,2020Q4,INVERCAP,603456.482704992
2020-12-24,2020Q4,QUINENCO,0.0
2020-12-25,2020Q4,ALMENDRAL,738943.9467029099
2020-12-25,2020Q4,ANTARCHILE,5811931.513157818
2020-12-25,2020Q4,IAM,687247.2502523076
2020-12-25,2020Q4,INVERCAP,603456.482704992
2020-12-25,2020Q4,QUINENCO,0.0
2020-12-26,2020Q4,ALMENDRAL,738943.9467029099
2020-12-26,2020Q4,ANTARCHILE,5811931.513157818
2020-12-26,2020Q4,IAM,687247.2502523076
2020-12-26,2020Q4,INVERCAP,603456.482704992
2020-12-26,2020Q4,QUINENCO,0.0
2020-12-27,2020Q4,ALMENDRAL,738943.9467029099
2020-12-27,2020Q4,ANTARCHILE,5811931.513157818
2020-12-27,2020Q4,IAM,687247.2502523076
2020-12-27,2020Q4,INVERCAP,603456.482704992
2020-12-27,2020Q4,QUINENCO,0.0
2020-12-28,2020Q4,ALMENDRAL,733132.028020977
2020-12-28,2020Q4,ANTARCHILE,5914480.341336916
2020-12-28,2020Q4,IAM,693707.497457007
2020-12-28,2020Q4,INVERCAP,629504.4966516768
2020-12-28,2020Q4,QUINENCO,0.0
2020-12-29,2020Q4,ALMENDRAL,733962.3021183959
2020-12-29,2020Q4,ANTARCHILE,6062560.086780349
2020-12-29,2020Q4,IAM,690631.1892642931
2020-12-29,2020Q4,INVERCAP,617097.5872656
2020-12-29,2020Q4,QUINENCO,0.0
2020-12-30,2020Q4,ALMENDRAL,732135.6991040742
2020-12-30,2020Q4,ANTARCHILE,5926955.867673103
2020-12-30,2020Q4,IAM,704443.8130495788
2020-12-30,2020Q4,INVERCAP,620020.681100016
2020-12-30,2020Q4,QUINENCO,0.0
2020-12-31,2020Q4,ALMENDRAL,732135.6991040742
2020-12-31,2020Q4,ANTARCHILE,5926955.867673103
2020-12-31,2020Q4,IAM,704443.8130495788
2020-12-31,2020Q4,INVERCAP,620020.681100016
2020-12-31,2020Q4,QUINENCO,0.0
2021-01-01,2021Q1,ALMENDRAL,732135.6991040742
2021-01-01,2021Q1,ANTARCHILE,5926955.867673103
2021-01-01,2021Q1,IAM,704443.8130495788
2021-01-01,2021Q1,INVERCAP,620020.681100016
2021-01-01,2021Q1,QUINENCO,0.0
2021-01-02,2021Q1,ALMENDRAL,732135.6991040742
2021-01-02,2021Q1,ANTARCHILE,5926955.867673103
2021-01-02,2021Q1,IAM,704443.8130495788
2021-01-02,2021Q1,INVERCAP,620020.681100016
2021-01-02,2021Q1,QUINENCO,0.0
2021-01-03,2021Q1,ALMENDRAL,732135.6991040742
2021-01-03,2021Q1,ANTARCHILE,5926955.867673103
2021-01-03,2021Q1,IAM,704443.8130495788
2021-01-03,2021Q1,INVERCAP,620020.681100016
2021-01-03,2021Q1,QUINENCO,0.0
2021-01-04,2021Q1,ALMENDRAL,724165.0677688518
2021-01-04,2021Q1,ANTARCHILE,6142657.347609758
2021-01-04,2021Q1,IAM,706012.7302278631
2021-01-04,2021Q1,INVERCAP,635285.7266797441
2021-01-04,2021Q1,QUINENCO,0.0
2021-01-05,2021Q1,ALMENDRAL,730641.20572872
2021-01-05,2021Q1,ANTARCHILE,6440747.028629759
2021-01-05,2021Q1,IAM,707550.88432422
2021-01-05,2021Q1,INVERCAP,629692.8738098947
2021-01-05,2021Q1,QUINENCO,0.0
2021-01-06,2021Q1,ALMENDRAL,729146.7123533657
2021-01-06,2021Q1,ANTARCHILE,6402290.777993138
2021-01-06,2021Q1,IAM,704474.576131506
2021-01-06,2021Q1,INVERCAP,606379.576539408
2021-01-06,2021Q1,QUINENCO,0.0
2021-01-07,2021Q1,ALMENDRAL,752228.332261614
2021-01-07,2021Q1,ANTARCHILE,6619909.531110626
2021-01-07,2021Q1,IAM,713119.0021530322
2021-01-07,2021Q1,INVERCAP,617097.5872656
2021-01-07,2021Q1,QUINENCO,0.0
2021-01-08,2021Q1,ALMENDRAL,782118.199768698
2021-01-08,2021Q1,ANTARCHILE,6569209.419517336
2021-01-08,2021Q1,IAM,710596.4294350068
2021-01-08,2021Q1,INVERCAP,615200.8241552678
2021-01-08,2021Q1,QUINENCO,0.0
2021-01-09,2021Q1,ALMENDRAL,782118.199768698
2021-01-09,2021Q1,ANTARCHILE,6569209.419517336
2021-01-09,2021Q1,IAM,710596.4294350068
2021-01-09,2021Q1,INVERCAP,615200.8241552678
2021-01-09,2021Q1,QUINENCO,0.0
2021-01-10,2021Q1,ALMENDRAL,782118.199768698
2021-01-10,2021Q1,ANTARCHILE,6569209.419517336
2021-01-10,2021Q1,IAM,710596.4294350068
2021-01-10,2021Q1,INVERCAP,615200.8241552678
2021-01-10,2021Q1,QUINENCO,0.0
2021-01-11,2021Q1,ALMENDRAL,774147.5684334756
2021-01-11,2021Q1,ANTARCHILE,6497983.687971741
2021-01-11,2021Q1,IAM,692938.4204088285
2021-01-11,2021Q1,INVERCAP,604041.1014718752
2021-01-11,2021Q1,QUINENCO,0.0
2021-01-12,2021Q1,ALMENDRAL,781121.8708517952
2021-01-12,2021Q1,ANTARCHILE,6568585.209489699
2021-01-12,2021Q1,IAM,699183.3260400379
2021-01-12,2021Q1,INVERCAP,597279.0110682596
2021-01-12,2021Q1,QUINENCO,0.0
2021-01-13,2021Q1,ALMENDRAL,773815.4587945079
2021-01-13,2021Q1,ANTARCHILE,6638750.831676838
2021-01-13,2021Q1,IAM,696445.4117485224
2021-01-13,2021Q1,INVERCAP,610595.3274250436
2021-01-13,2021Q1,QUINENCO,0.0
2021-01-14,2021Q1,ALMENDRAL,771158.5816827671
2021-01-14,2021Q1,ANTARCHILE,6659954.1677163
2021-01-14,2021Q1,IAM,698014.3289268067
2021-01-14,2021Q1,INVERCAP,613992.6120370426
2021-01-14,2021Q1,QUINENCO,0.0
2021-01-15,2021Q1,ALMENDRAL,762191.621430642
2021-01-15,2021Q1,ANTARCHILE,6656785.520159661
2021-01-15,2021Q1,IAM,696168.5440111782
2021-01-15,2021Q1,INVERCAP,602157.3298896961
2021-01-15,2021Q1,QUINENCO,0.0
2021-01-16,2021Q1,ALMENDRAL,762191.621430642
2021-01-16,2021Q1,ANTARCHILE,6656785.520159661
2021-01-16,2021Q1,IAM,696168.5440111782
2021-01-16,2021Q1,INVERCAP,602157.3298896961
2021-01-16,2021Q1,QUINENCO,0.0
2021-01-17,2021Q1,ALMENDRAL,762191.621430642
2021-01-17,2021Q1,ANTARCHILE,6656785.520159661
2021-01-17,2021Q1,IAM,696168.5440111782
2021-01-17,2021Q1,INVERCAP,602157.3298896961
2021-01-17,2021Q1,QUINENCO,0.0
2021-01-18,2021Q1,ALMENDRAL,760514.4677538556
2021-01-18,2021Q1,ANTARCHILE,6914385.200464839
2021-01-18,2021Q1,IAM,704474.576131506
2021-01-18,2021Q1,INVERCAP,615733.4768095393
2021-01-18,2021Q1,QUINENCO,0.0
2021-01-19,2021Q1,ALMENDRAL,780457.65157386
2021-01-19,2021Q1,ANTARCHILE,7117048.626460302
2021-01-19,2021Q1,IAM,704474.576131506
2021-01-19,2021Q1,INVERCAP,630024.1577777952
2021-01-19,2021Q1,QUINENCO,0.0
2021-01-20,2021Q1,ALMENDRAL,778797.103379022
2021-01-20,2021Q1,ANTARCHILE,7034711.715696077
2021-01-20,2021Q1,IAM,701336.7417749376
2021-01-20,2021Q1,INVERCAP,636519.9218542752
2021-01-20,2021Q1,QUINENCO,0.0
2021-01-21,2021Q1,ALMENDRAL,785439.2961583739
2021-01-21,2021Q1,ANTARCHILE,6815601.557715106
2021-01-21,2021Q1,IAM,699091.0367942564
2021-01-21,2021Q1,INVERCAP,630089.11541856
2021-01-21,2021Q1,QUINENCO,0.0
2021-01-22,2021Q1,ALMENDRAL,764184.2792644475
2021-01-22,2021Q1,ANTARCHILE,6643247.857469665
2021-01-22,2021Q1,IAM,689093.035167936
2021-01-22,2021Q1,INVERCAP,625217.2923612
2021-01-22,2021Q1,QUINENCO,0.0
2021-01-23,2021Q1,ALMENDRAL,764184.2792644475
2021-01-23,2021Q1,ANTARCHILE,6643247.857469665
2021-01-23,2021Q1,IAM,689093.035167936
2021-01-23,2021Q1,INVERCAP,625217.2923612
2021-01-23,2021Q1,QUINENCO,0.0
2021-01-24,2021Q1,ALMENDRAL,764184.2792644475
2021-01-24,2021Q1,ANTARCHILE,6643247.857469665
2021-01-24,2021Q1,IAM,689093.035167936
2021-01-24,2021Q1,INVERCAP,625217.2923612
2021-01-24,2021Q1,QUINENCO,0.0
2021-01-25,2021Q1,ALMENDRAL,763852.16962548
2021-01-25,2021Q1,ANTARCHILE,6865952.668088026
2021-01-25,2021Q1,IAM,704474.576131506
2021-01-25,2021Q1,INVERCAP,620345.46930384
2021-01-25,2021Q1,QUINENCO,0.0
2021-01-26,2021Q1,ALMENDRAL,763021.895528061
2021-01-26,2021Q1,ANTARCHILE,6804457.10680889
2021-01-26,2021Q1,IAM,704474.576131506
2021-01-26,2021Q1,INVERCAP,626451.4875357313
2021-01-26,2021Q1,QUINENCO,0.0
2021-01-27,2021Q1,ALMENDRAL,745104.580505759
2021-01-27,2021Q1,ANTARCHILE,6593380.810081159
2021-01-27,2021Q1,IAM,696599.2271581582
2021-01-27,2021Q1,INVERCAP,615798.434450304
2021-01-27,2021Q1,QUINENCO,0.0
2021-01-28,2021Q1,ALMENDRAL,759700.799138385
2021-01-28,2021Q1,ANTARCHILE,6438307.387479398
2021-01-28,2021Q1,IAM,695245.651553364
2021-01-28,2021Q1,INVERCAP,609952.246781472
2021-01-28,2021Q1,QUINENCO,0.0
2021-01-29,2021Q1,ALMENDRAL,747246.6876771
2021-01-29,2021Q1,ANTARCHILE,6333263.007604971
2021-01-29,2021Q1,IAM,686016.726975222
2021-01-29,2021Q1,INVERCAP,607353.9411508801
2021-01-29,2021Q1,QUINENCO,0.0
2021-01-30,2021Q1,ALMENDRAL,747246.6876771
2021-01-30,2021Q1,ANTARCHILE,6333263.007604971
2021-01-30,2021Q1,IAM,686016.726975222
2021-01-30,2021Q1,INVERCAP,607353.9411508801
2021-01-30,2021Q1,QUINENCO,0.0
2021-01-31,2021Q1,ALMENDRAL,747246.6876771
2021-01-31,2021Q1,ANTARCHILE,6333263.007604971
2021-01-31,2021Q1,IAM,686016.726975222
2021-01-31,2021Q1,INVERCAP,607353.9411508801
2021-01-31,2021Q1,QUINENCO,0.0
2021-02-01,2021Q1,ALMENDRAL,753639.7982272262
2021-02-01,2021Q1,ANTARCHILE,6599408.8861194495
2021-02-01,2021Q1,IAM,680787.0030476082
2021-02-01,2021Q1,INVERCAP,597610.29503616
2021-02-01,2021Q1,QUINENCO,0.0
2021-02-02,2021Q1,ALMENDRAL,788594.3377285663
2021-02-02,2021Q1,ANTARCHILE,6553716.351006384
2021-02-02,2021Q1,IAM,689093.035167936
2021-02-02,2021Q1,INVERCAP,572926.3915455361
2021-02-02,2021Q1,QUINENCO,0.0
2021-02-03,2021Q1,ALMENDRAL,788760.3925480499
2021-02-03,2021Q1,ANTARCHILE,6530710.741523193
2021-02-03,2021Q1,IAM,686016.726975222
2021-02-03,2021Q1,INVERCAP,590926.1538014621
2021-02-03,2021Q1,QUINENCO,0.0
2021-02-04,2021Q1,ALMENDRAL,785954.0660987739
2021-02-04,2021Q1,ANTARCHILE,6771696.352098112
2021-02-04,2021Q1,IAM,687554.8810715791
2021-02-04,2021Q1,INVERCAP,601182.9652782241
2021-02-04,2021Q1,QUINENCO,0.0
2021-02-05,2021Q1,ALMENDRAL,777485.2703051
2021-02-05,2021Q1,ANTARCHILE,6801624.595501959
2021-02-05,2021Q1,IAM,685401.4653366791
2021-02-05,2021Q1,INVERCAP,615083.9004018912
2021-02-05,2021Q1,QUINENCO,0.0
2021-02-06,2021Q1,ALMENDRAL,777485.2703051
2021-02-06,2021Q1,ANTARCHILE,6801624.595501959
2021-02-06,2021Q1,IAM,685401.4653366791
2021-02-06,2021Q1,INVERCAP,615083.9004018912
2021-02-06,2021Q1,QUINENCO,0.0
2021-02-07,2021Q1,ALMENDRAL,777485.2703051
2021-02-07,2021Q1,ANTARCHILE,6801624.595501959
2021-02-07,2021Q1,IAM,685401.4653366791
2021-02-07,2021Q1,INVERCAP,615083.9004018912
2021-02-07,2021Q1,QUINENCO,0.0
2021-02-08,2021Q1,ALMENDRAL,784110.8576025035
2021-02-08,2021Q1,ANTARCHILE,6631221.440124937
2021-02-08,2021Q1,IAM,684693.9144523549
2021-02-08,2021Q1,INVERCAP,632037.844641504
2021-02-08,2021Q1,QUINENCO,0.0
2021-02-09,2021Q1,ALMENDRAL,787265.8991726958
2021-02-09,2021Q1,ANTARCHILE,6810394.282727669
2021-02-09,2021Q1,IAM,687093.4348426718
2021-02-09,2021Q1,INVERCAP,638403.6934364545
2021-02-09,2021Q1,QUINENCO,0.0
2021-02-10,2021Q1,ALMENDRAL,786269.5702557929
2021-02-10,2021Q1,ANTARCHILE,6837989.897100194
2021-02-10,2021Q1,IAM,687954.8011366318
2021-02-10,2021Q1,INVERCAP,639832.76153328
2021-02-10,2021Q1,QUINENCO,0.0
2021-02-11,2021Q1,ALMENDRAL,790404.3352609396
2021-02-11,2021Q1,ANTARCHILE,6918054.195350414
2021-02-11,2021Q1,IAM,673711.494204366
2021-02-11,2021Q1,INVERCAP,635285.7266797441
2021-02-11,2021Q1,QUINENCO,0.0
2021-02-12,2021Q1,ALMENDRAL,784609.0220609551
2021-02-12,2021Q1,ANTARCHILE,7087118.769132785
2021-02-12,2021Q1,IAM,667251.2469996667
2021-02-12,2021Q1,INVERCAP,623528.3937013153
2021-02-12,2021Q1,QUINENCO,0.0
2021-02-13,2021Q1,ALMENDRAL,784609.0220609551
2021-02-13,2021Q1,ANTARCHILE,7087118.769132785
2021-02-13,2021Q1,IAM,667251.2469996667
2021-02-13,2021Q1,INVERCAP,623528.3937013153
2021-02-13,2021Q1,QUINENCO,0.0
2021-02-14,2021Q1,ALMENDRAL,784609.0220609551
2021-02-14,2021Q1,ANTARCHILE,7087118.769132785
2021-02-14,2021Q1,IAM,667251.2469996667
2021-02-14,2021Q1,INVERCAP,623528.3937013153
2021-02-14,2021Q1,QUINENCO,0.0
2021-02-15,2021Q1,ALMENDRAL,777136.5551841839
2021-02-15,2021Q1,ANTARCHILE,7090662.6812861385
2021-02-15,2021Q1,IAM,673096.2325658232
2021-02-15,2021Q1,INVERCAP,615993.3073725984
2021-02-15,2021Q1,QUINENCO,0.0
2021-02-16,2021Q1,ALMENDRAL,780457.65157386
2021-02-16,2021Q1,ANTARCHILE,7018919.253978505
2021-02-16,2021Q1,IAM,670635.186011652
2021-02-16,2021Q1,INVERCAP,616707.8414210113
2021-02-16,2021Q1,QUINENCO,0.0
2021-02-17,2021Q1,ALMENDRAL,783778.747963536
2021-02-17,2021Q1,ANTARCHILE,6740313.652018974
2021-02-17,2021Q1,IAM,669373.8996526393
2021-02-17,2021Q1,INVERCAP,628776.9710751111
2021-02-17,2021Q1,QUINENCO,0.0
2021-02-18,2021Q1,ALMENDRAL,792064.8834557775
2021-02-18,2021Q1,ANTARCHILE,6740734.91651053
2021-02-18,2021Q1,IAM,658483.7686504318
2021-02-18,2021Q1,INVERCAP,632037.844641504
2021-02-18,2021Q1,QUINENCO,0.0
2021-02-19,2021Q1,ALMENDRAL,805365.8744964299
2021-02-19,2021Q1,ANTARCHILE,6893794.257170882
2021-02-19,2021Q1,IAM,664482.569626224
2021-02-19,2021Q1,INVERCAP,669193.6151589697
2021-02-19,2021Q1,QUINENCO,0.0
2021-02-20,2021Q1,ALMENDRAL,805365.8744964299
2021-02-20,2021Q1,ANTARCHILE,6893794.257170882
2021-02-20,2021Q1,IAM,664482.569626224
2021-02-20,2021Q1,INVERCAP,669193.6151589697
2021-02-20,2021Q1,QUINENCO,0.0
2021-02-21,2021Q1,ALMENDRAL,805365.8744964299
2021-02-21,2021Q1,ANTARCHILE,6893794.257170882
2021-02-21,2021Q1,IAM,664482.569626224
2021-02-21,2021Q1,INVERCAP,669193.6151589697
2021-02-21,2021Q1,QUINENCO,0.0
2021-02-22,2021Q1,ALMENDRAL,813668.61547062
2021-02-22,2021Q1,ANTARCHILE,6776661.793929152
2021-02-22,2021Q1,IAM,654023.1217709964
2021-02-22,2021Q1,INVERCAP,675494.5063131552
2021-02-22,2021Q1,QUINENCO,0.0
2021-02-23,2021Q1,ALMENDRAL,809517.2449835249
2021-02-23,2021Q1,ANTARCHILE,6688133.643735939
2021-02-23,2021Q1,IAM,636795.795891798
2021-02-23,2021Q1,INVERCAP,671337.2173042081
2021-02-23,2021Q1,QUINENCO,0.0
2021-02-24,2021Q1,ALMENDRAL,815329.163665458
2021-02-24,2021Q1,ANTARCHILE,6807462.281866435
2021-02-24,2021Q1,IAM,638333.949988155
2021-02-24,2021Q1,INVERCAP,675494.5063131552
2021-02-24,2021Q1,QUINENCO,0.0
2021-02-25,2021Q1,ALMENDRAL,803705.326301592
2021-02-25,2021Q1,ANTARCHILE,6727752.584369256
2021-02-25,2021Q1,IAM,646024.72046994
2021-02-25,2021Q1,INVERCAP,661918.359393312
2021-02-25,2021Q1,QUINENCO,0.0
2021-02-26,2021Q1,ALMENDRAL,813668.61547062
2021-02-26,2021Q1,ANTARCHILE,6697173.678816377
2021-02-26,2021Q1,IAM,638333.949988155
2021-02-26,2021Q1,INVERCAP,662567.9358009599
2021-02-26,2021Q1,QUINENCO,0.0
2021-02-27,2021Q1,ALMENDRAL,813668.61547062
2021-02-27,2021Q1,ANTARCHILE,6697173.678816377
2021-02-27,2021Q1,IAM,638333.949988155
2021-02-27,2021Q1,INVERCAP,662567.9358009599
2021-02-27,2021Q1,QUINENCO,0.0
2021-02-28,2021Q1,ALMENDRAL,813668.61547062
2021-02-28,2021Q1,ANTARCHILE,6697173.678816377
2021-02-28,2021Q1,IAM,638333.949988155
2021-02-28,2021Q1,INVERCAP,662567.9358009599
2021-02-28,2021Q1,QUINENCO,0.0
2021-03-01,2021Q1,ALMENDRAL,810347.519080944
2021-03-01,2021Q1,ANTARCHILE,6810899.800117536
2021-03-01,2021Q1,IAM,639872.104084512
2021-03-01,2021Q1,INVERCAP,669063.69987744
2021-03-01,2021Q1,QUINENCO,0.0
2021-03-02,2021Q1,ALMENDRAL,801546.6136483026
2021-03-02,2021Q1,ANTARCHILE,6892395.6590589145
2021-03-02,2021Q1,IAM,641410.258180869
2021-03-02,2021Q1,INVERCAP,679456.9223998081
2021-03-02,2021Q1,QUINENCO,0.0
2021-03-03,2021Q1,ALMENDRAL,805365.8744964299
2021-03-03,2021Q1,ANTARCHILE,7053264.203904227
2021-03-03,2021Q1,IAM,664513.3327081511
2021-03-03,2021Q1,INVERCAP,681405.651622752
2021-03-03,2021Q1,QUINENCO,0.0
2021-03-04,2021Q1,ALMENDRAL,797063.13352224
2021-03-04,2021Q1,ANTARCHILE,6824433.408816827
2021-03-04,2021Q1,IAM,667866.5086382093
2021-03-04,2021Q1,INVERCAP,688550.9921068801
2021-03-04,2021Q1,QUINENCO,0.0
2021-03-05,2021Q1,ALMENDRAL,778797.103379022
2021-03-05,2021Q1,ANTARCHILE,6995155.9866273
2021-03-05,2021Q1,IAM,660175.7381564244
2021-03-05,2021Q1,INVERCAP,702841.673075136
2021-03-05,2021Q1,QUINENCO,0.0
2021-03-06,2021Q1,ALMENDRAL,778797.103379022
2021-03-06,2021Q1,ANTARCHILE,6995155.9866273
2021-03-06,2021Q1,IAM,660175.7381564244
2021-03-06,2021Q1,INVERCAP,702841.673075136
2021-03-06,2021Q1,QUINENCO,0.0
2021-03-07,2021Q1,ALMENDRAL,778797.103379022
2021-03-07,2021Q1,ANTARCHILE,6995155.9866273
2021-03-07,2021Q1,IAM,660175.7381564244
2021-03-07,2021Q1,INVERCAP,702841.673075136
2021-03-07,2021Q1,QUINENCO,0.0
2021-03-08,2021Q1,ALMENDRAL,781869.1175394723
2021-03-08,2021Q1,ANTARCHILE,6853813.466746595
2021-03-08,2021Q1,IAM,665097.8312647667
2021-03-08,2021Q1,INVERCAP,744804.3090091968
2021-03-08,2021Q1,QUINENCO,0.0
2021-03-09,2021Q1,ALMENDRAL,793725.4316506155
2021-03-09,2021Q1,ANTARCHILE,7163964.606667512
2021-03-09,2021Q1,IAM,682940.418782508
2021-03-09,2021Q1,INVERCAP,738243.587291952
2021-03-09,2021Q1,QUINENCO,0.0
2021-03-10,2021Q1,ALMENDRAL,783114.5286856008
2021-03-10,2021Q1,ANTARCHILE,7300546.897975302
2021-03-10,2021Q1,IAM,688170.1427101218
2021-03-10,2021Q1,INVERCAP,747662.4452028481
2021-03-10,2021Q1,QUINENCO,0.0
2021-03-11,2021Q1,ALMENDRAL,783114.5286856008
2021-03-11,2021Q1,ANTARCHILE,7319316.364742066
2021-03-11,2021Q1,IAM,689093.035167936
2021-03-11,2021Q1,INVERCAP,766435.2033838752
2021-03-11,2021Q1,QUINENCO,0.0
2021-03-12,2021Q1,ALMENDRAL,775060.8699406364
2021-03-12,2021Q1,ANTARCHILE,7234180.162376851
2021-03-12,2021Q1,IAM,691584.8448040343
2021-03-12,2021Q1,INVERCAP,761628.3379672801
2021-03-12,2021Q1,QUINENCO,0.0
2021-03-13,2021Q1,ALMENDRAL,775060.8699406364
2021-03-13,2021Q1,ANTARCHILE,7234180.162376851
2021-03-13,2021Q1,IAM,691584.8448040343
2021-03-13,2021Q1,INVERCAP,761628.3379672801
2021-03-13,2021Q1,QUINENCO,0.0
2021-03-14,2021Q1,ALMENDRAL,775060.8699406364
2021-03-14,2021Q1,ANTARCHILE,7234180.162376851
2021-03-14,2021Q1,IAM,691584.8448040343
2021-03-14,2021Q1,INVERCAP,761628.3379672801
2021-03-14,2021Q1,QUINENCO,0.0
2021-03-15,2021Q1,ALMENDRAL,782118.199768698
2021-03-15,2021Q1,ANTARCHILE,7195366.974883442
2021-03-15,2021Q1,IAM,692169.34336065
2021-03-15,2021Q1,INVERCAP,760004.39694816
2021-03-15,2021Q1,QUINENCO,0.0
2021-03-16,2021Q1,ALMENDRAL,780773.1557308792
2021-03-16,2021Q1,ANTARCHILE,7269663.943408369
2021-03-16,2021Q1,IAM,679556.4797705227
2021-03-16,2021Q1,INVERCAP,770397.619470528
2021-03-16,2021Q1,QUINENCO,0.0
2021-03-17,2021Q1,ALMENDRAL,782948.473866117
2021-03-17,2021Q1,ANTARCHILE,7364339.119404391
2021-03-17,2021Q1,IAM,690200.506117313
2021-03-17,2021Q1,INVERCAP,782739.57121584
2021-03-17,2021Q1,QUINENCO,0.0
2021-03-18,2021Q1,ALMENDRAL,774977.8425308947
2021-03-18,2021Q1,ANTARCHILE,7205741.160077733
2021-03-18,2021Q1,IAM,691554.0817221073
2021-03-18,2021Q1,INVERCAP,813269.662375296
2021-03-18,2021Q1,QUINENCO,0.0
2021-03-19,2021Q1,ALMENDRAL,785439.2961583739
2021-03-19,2021Q1,ANTARCHILE,7204532.161077802
2021-03-19,2021Q1,IAM,687554.8810715791
2021-03-19,2021Q1,INVERCAP,811970.50956
2021-03-19,2021Q1,QUINENCO,0.0
2021-03-20,2021Q1,ALMENDRAL,785439.2961583739
2021-03-20,2021Q1,ANTARCHILE,7204532.161077802
2021-03-20,2021Q1,IAM,687554.8810715791
2021-03-20,2021Q1,INVERCAP,811970.50956
2021-03-20,2021Q1,QUINENCO,0.0
2021-03-21,2021Q1,ALMENDRAL,785439.2961583739
2021-03-21,2021Q1,ANTARCHILE,7204532.161077802
2021-03-21,2021Q1,IAM,687554.8810715791
2021-03-21,2021Q1,INVERCAP,811970.50956
2021-03-21,2021Q1,QUINENCO,0.0
2021-03-22,2021Q1,ALMENDRAL,782948.473866117
2021-03-22,2021Q1,ANTARCHILE,7150756.569769428
2021-03-22,2021Q1,IAM,695245.651553364
2021-03-22,2021Q1,INVERCAP,784298.5545941952
2021-03-22,2021Q1,QUINENCO,0.0
2021-03-23,2021Q1,ALMENDRAL,766492.4412552724
2021-03-23,2021Q1,ANTARCHILE,7090406.109327192
2021-03-23,2021Q1,IAM,679864.110589794
2021-03-23,2021Q1,INVERCAP,763252.2789864
2021-03-23,2021Q1,QUINENCO,0.0
2021-03-24,2021Q1,ALMENDRAL,765512.717820318
2021-03-24,2021Q1,ANTARCHILE,7203816.501095569
2021-03-24,2021Q1,IAM,686016.726975222
2021-03-24,2021Q1,INVERCAP,759354.820540512
2021-03-24,2021Q1,QUINENCO,0.0
2021-03-25,2021Q1,ALMENDRAL,740604.494897748
2021-03-25,2021Q1,ANTARCHILE,7004510.033353563
2021-03-25,2021Q1,IAM,677556.8794452585
2021-03-25,2021Q1,INVERCAP,741491.4693301921
2021-03-25,2021Q1,QUINENCO,0.0
2021-03-26,2021Q1,ALMENDRAL,753490.3488896909
2021-03-26,2021Q1,ANTARCHILE,7336039.525568361
2021-03-26,2021Q1,IAM,682940.418782508
2021-03-26,2021Q1,INVERCAP,763382.1942679296
2021-03-26,2021Q1,QUINENCO,0.0
2021-03-27,2021Q1,ALMENDRAL,753490.3488896909
2021-03-27,2021Q1,ANTARCHILE,7336039.525568361
2021-03-27,2021Q1,IAM,682940.418782508
2021-03-27,2021Q1,INVERCAP,763382.1942679296
2021-03-27,2021Q1,QUINENCO,0.0
2021-03-28,2021Q1,ALMENDRAL,753490.3488896909
2021-03-28,2021Q1,ANTARCHILE,7336039.525568361
2021-03-28,2021Q1,IAM,682940.418782508
2021-03-28,2021Q1,INVERCAP,763382.1942679296
2021-03-28,2021Q1,QUINENCO,0.0
2021-03-29,2021Q1,ALMENDRAL,762191.621430642
2021-03-29,2021Q1,ANTARCHILE,7372844.419398081
2021-03-29,2021Q1,IAM,689093.035167936
2021-03-29,2021Q1,INVERCAP,763252.2789864
2021-03-29,2021Q1,QUINENCO,0.0
2021-03-30,2021Q1,ALMENDRAL,747412.7424965838
2021-03-30,2021Q1,ANTARCHILE,7413693.452346745
2021-03-30,2021Q1,IAM,683248.0496017793
2021-03-30,2021Q1,INVERCAP,750260.75083344
2021-03-30,2021Q1,QUINENCO,0.0
2021-03-31,2021Q1,ALMENDRAL,751398.0581641949
2021-03-31,2021Q1,ANTARCHILE,7289830.531126833
2021-03-31,2021Q1,IAM,685678.3330740234
2021-03-31,2021Q1,INVERCAP,757925.7524436865
2021-03-31,2021Q1,QUINENCO,0.0
2021-04-01,2021Q2,ALMENDRAL,755383.3738318061
2021-04-01,2021Q2,ANTARCHILE,7245545.457087335
2021-04-01,2021Q2,IAM,681402.264686151
2021-04-01,2021Q2,INVERCAP,775594.2307317121
2021-04-01,2021Q2,QUINENCO,0.0
2021-04-02,2021Q2,ALMENDRAL,755383.3738318061
2021-04-02,2021Q2,ANTARCHILE,7245545.457087335
2021-04-02,2021Q2,IAM,681402.264686151
2021-04-02,2021Q2,INVERCAP,775594.2307317121
2021-04-02,2021Q2,QUINENCO,0.0
2021-04-03,2021Q2,ALMENDRAL,755383.3738318061
2021-04-03,2021Q2,ANTARCHILE,7245545.457087335
2021-04-03,2021Q2,IAM,681402.264686151
2021-04-03,2021Q2,INVERCAP,775594.2307317121
2021-04-03,2021Q2,QUINENCO,0.0
2021-04-04,2021Q2,ALMENDRAL,755383.3738318061
2021-04-04,2021Q2,ANTARCHILE,7245545.457087335
2021-04-04,2021Q2,IAM,681402.264686151
2021-04-04,2021Q2,INVERCAP,775594.2307317121
2021-04-04,2021Q2,QUINENCO,0.0
2021-04-05,2021Q2,ALMENDRAL,753058.606359033
2021-04-05,2021Q2,ANTARCHILE,7236825.58302048
2021-04-05,2021Q2,IAM,680294.7937367739
2021-04-05,2021Q2,INVERCAP,798978.98140704
2021-04-05,2021Q2,QUINENCO,0.0
2021-04-06,2021Q2,ALMENDRAL,754553.0997343871
2021-04-06,2021Q2,ANTARCHILE,7197156.829228308
2021-04-06,2021Q2,IAM,680633.1876379724
2021-04-06,2021Q2,INVERCAP,810476.4838224096
2021-04-06,2021Q2,QUINENCO,0.0
2021-04-07,2021Q2,ALMENDRAL,753888.8804564519
2021-04-07,2021Q2,ANTARCHILE,7236118.597254798
2021-04-07,2021Q2,IAM,688477.7735293931
2021-04-07,2021Q2,INVERCAP,810541.4414631744
2021-04-07,2021Q2,QUINENCO,0.0
2021-04-08,2021Q2,ALMENDRAL,755549.42865129
2021-04-08,2021Q2,ANTARCHILE,7227834.622518761
2021-04-08,2021Q2,IAM,692476.9741799213
2021-04-08,2021Q2,INVERCAP,822948.3508492513
2021-04-08,2021Q2,QUINENCO,0.0
2021-04-09,2021Q2,ALMENDRAL,762191.621430642
2021-04-09,2021Q2,ANTARCHILE,7247230.515053561
2021-04-09,2021Q2,IAM,687216.4871703803
2021-04-09,2021Q2,INVERCAP,829833.86077032
2021-04-09,2021Q2,QUINENCO,0.0
2021-04-10,2021Q2,ALMENDRAL,762191.621430642
2021-04-10,2021Q2,ANTARCHILE,7247230.515053561
2021-04-10,2021Q2,IAM,687216.4871703803
2021-04-10,2021Q2,INVERCAP,829833.86077032
2021-04-10,2021Q2,QUINENCO,0.0
2021-04-11,2021Q2,ALMENDRAL,762191.621430642
2021-04-11,2021Q2,ANTARCHILE,7247230.515053561
2021-04-11,2021Q2,IAM,687216.4871703803
2021-04-11,2021Q2,INVERCAP,829833.86077032
2021-04-11,2021Q2,QUINENCO,0.0
2021-04-12,2021Q2,ALMENDRAL,757708.1413045794
2021-04-12,2021Q2,ANTARCHILE,7267048.410660052
2021-04-12,2021Q2,IAM,678510.5349849998
2021-04-12,2021Q2,INVERCAP,830808.225381792
2021-04-12,2021Q2,QUINENCO,0.0
2021-04-13,2021Q2,ALMENDRAL,757209.976846128
2021-04-13,2021Q2,ANTARCHILE,7242428.099849816
2021-04-13,2021Q2,IAM,672173.340108009
2021-04-13,2021Q2,INVERCAP,829898.8184110848
2021-04-13,2021Q2,QUINENCO,0.0
2021-04-14,2021Q2,ALMENDRAL,751232.0033447111
2021-04-14,2021Q2,ANTARCHILE,7358972.699435375
2021-04-14,2021Q2,IAM,670635.186011652
2021-04-14,2021Q2,INVERCAP,832432.1664009121
2021-04-14,2021Q2,QUINENCO,0.0
2021-04-15,2021Q2,ALMENDRAL,751065.9485252273
2021-04-15,2021Q2,ANTARCHILE,7363104.7843532935
2021-04-15,2021Q2,IAM,665405.4620840382
2021-04-15,2021Q2,INVERCAP,857440.8580953601
2021-04-15,2021Q2,QUINENCO,0.0
2021-04-16,2021Q2,ALMENDRAL,750733.8388862598
2021-04-16,2021Q2,ANTARCHILE,7390595.60234718
2021-04-16,2021Q2,IAM,669097.031915295
2021-04-16,2021Q2,INVERCAP,908627.4790180225
2021-04-16,2021Q2,QUINENCO,0.0
2021-04-17,2021Q2,ALMENDRAL,750733.8388862598
2021-04-17,2021Q2,ANTARCHILE,7390595.60234718
2021-04-17,2021Q2,IAM,669097.031915295
2021-04-17,2021Q2,INVERCAP,908627.4790180225
2021-04-17,2021Q2,QUINENCO,0.0
2021-04-18,2021Q2,ALMENDRAL,750733.8388862598
2021-04-18,2021Q2,ANTARCHILE,7390595.60234718
2021-04-18,2021Q2,IAM,669097.031915295
2021-04-18,2021Q2,INVERCAP,908627.4790180225
2021-04-18,2021Q2,QUINENCO,0.0
2021-04-19,2021Q2,ALMENDRAL,747246.6876771
2021-04-19,2021Q2,ANTARCHILE,7363273.290149916
2021-04-19,2021Q2,IAM,673711.494204366
2021-04-19,2021Q2,INVERCAP,948381.5551660801
2021-04-19,2021Q2,QUINENCO,0.0
2021-04-20,2021Q2,ALMENDRAL,749571.4551498732
2021-04-20,2021Q2,ANTARCHILE,7396987.142100111
2021-04-20,2021Q2,IAM,672480.9709272804
2021-04-20,2021Q2,INVERCAP,964620.96535728
2021-04-20,2021Q2,QUINENCO,0.0
2021-04-21,2021Q2,ALMENDRAL,743925.591287424
2021-04-21,2021Q2,ANTARCHILE,7401561.034989917
2021-04-21,2021Q2,IAM,672480.9709272804
2021-04-21,2021Q2,INVERCAP,929024.1782181697
2021-04-21,2021Q2,QUINENCO,0.0
2021-04-22,2021Q2,ALMENDRAL,732467.8087430418
2021-04-22,2021Q2,ANTARCHILE,7308276.589851145
2021-04-22,2021Q2,IAM,674942.0174814516
2021-04-22,2021Q2,INVERCAP,895700.9085058273
2021-04-22,2021Q2,QUINENCO,0.0
2021-04-23,2021Q2,ALMENDRAL,731471.4798261389
2021-04-23,2021Q2,ANTARCHILE,7157055.869005985
2021-04-23,2021Q2,IAM,672480.9709272804
2021-04-23,2021Q2,INVERCAP,886022.220031872
2021-04-23,2021Q2,QUINENCO,0.0
2021-04-24,2021Q2,ALMENDRAL,731471.4798261389
2021-04-24,2021Q2,ANTARCHILE,7157055.869005985
2021-04-24,2021Q2,IAM,672480.9709272804
2021-04-24,2021Q2,INVERCAP,886022.220031872
2021-04-24,2021Q2,QUINENCO,0.0
2021-04-25,2021Q2,ALMENDRAL,731471.4798261389
2021-04-25,2021Q2,ANTARCHILE,7157055.869005985
2021-04-25,2021Q2,IAM,672480.9709272804
2021-04-25,2021Q2,INVERCAP,886022.220031872
2021-04-25,2021Q2,QUINENCO,0.0
2021-04-26,2021Q2,ALMENDRAL,723218.5552977942
2021-04-26,2021Q2,ANTARCHILE,7172843.521752661
2021-04-26,2021Q2,IAM,661713.8922527814
2021-04-26,2021Q2,INVERCAP,922333.5412193954
2021-04-26,2021Q2,QUINENCO,0.0
2021-04-27,2021Q2,ALMENDRAL,705865.826661737
2021-04-27,2021Q2,ANTARCHILE,6914118.545510777
2021-04-27,2021Q2,IAM,645717.0896506687
2021-04-27,2021Q2,INVERCAP,912330.064541616
2021-04-27,2021Q2,QUINENCO,0.0
2021-04-28,2021Q2,ALMENDRAL,672787.706620564
2021-04-28,2021Q2,ANTARCHILE,6695047.688221802
2021-04-28,2021Q2,IAM,630643.17950637
2021-04-28,2021Q2,INVERCAP,860688.7401336001
2021-04-28,2021Q2,QUINENCO,0.0
2021-04-29,2021Q2,ALMENDRAL,670861.470714552
2021-04-29,2021Q2,ANTARCHILE,6417696.776048649
2021-04-29,2021Q2,IAM,630643.17950637
2021-04-29,2021Q2,INVERCAP,831457.80178944
2021-04-29,2021Q2,QUINENCO,0.0
2021-04-30,2021Q2,ALMENDRAL,662724.7845598457
2021-04-30,2021Q2,ANTARCHILE,6273023.990762575
2021-04-30,2021Q2,IAM,621414.254928228
2021-04-30,2021Q2,INVERCAP,823013.308490016
2021-04-30,2021Q2,QUINENCO,0.0
2021-05-01,2021Q2,ALMENDRAL,662724.7845598457
2021-05-01,2021Q2,ANTARCHILE,6273023.990762575
2021-05-01,2021Q2,IAM,621414.254928228
2021-05-01,2021Q2,INVERCAP,823013.308490016
2021-05-01,2021Q2,QUINENCO,0.0
2021-05-02,2021Q2,ALMENDRAL,662724.7845598457
2021-05-02,2021Q2,ANTARCHILE,6273023.990762575
2021-05-02,2021Q2,IAM,621414.254928228
2021-05-02,2021Q2,INVERCAP,823013.308490016
2021-05-02,2021Q2,QUINENCO,0.0
2021-05-03,2021Q2,ALMENDRAL,677005.4990354526
2021-05-03,2021Q2,ANTARCHILE,6597474.762358956
2021-05-03,2021Q2,IAM,638641.5808074264
2021-05-03,2021Q2,INVERCAP,906808.6650766081
2021-05-03,2021Q2,QUINENCO,0.0
2021-05-04,2021Q2,ALMENDRAL,695404.3730342577
2021-05-04,2021Q2,ANTARCHILE,6643425.828044617
2021-05-04,2021Q2,IAM,637011.137465288
2021-05-04,2021Q2,INVERCAP,921619.0071709824
2021-05-04,2021Q2,QUINENCO,0.0
2021-05-05,2021Q2,ALMENDRAL,690954.1038720917
2021-05-05,2021Q2,ANTARCHILE,6645953.414993957
2021-05-05,2021Q2,IAM,637103.4267110693
2021-05-05,2021Q2,INVERCAP,910641.1658817312
2021-05-05,2021Q2,QUINENCO,0.0
2021-05-06,2021Q2,ALMENDRAL,666012.6699856251
2021-05-06,2021Q2,ANTARCHILE,6560784.129686206
2021-05-06,2021Q2,IAM,629135.7884919401
2021-05-06,2021Q2,INVERCAP,886671.7964395201
2021-05-06,2021Q2,QUINENCO,0.0
2021-05-07,2021Q2,ALMENDRAL,652595.440571334
2021-05-07,2021Q2,ANTARCHILE,6448509.63110315
2021-05-07,2021Q2,IAM,635103.8263858053
2021-05-07,2021Q2,INVERCAP,906094.1310281953
2021-05-07,2021Q2,QUINENCO,0.0
2021-05-08,2021Q2,ALMENDRAL,652595.440571334
2021-05-08,2021Q2,ANTARCHILE,6448509.63110315
2021-05-08,2021Q2,IAM,635103.8263858053
2021-05-08,2021Q2,INVERCAP,906094.1310281953
2021-05-08,2021Q2,QUINENCO,0.0
2021-05-09,2021Q2,ALMENDRAL,652595.440571334
2021-05-09,2021Q2,ANTARCHILE,6448509.63110315
2021-05-09,2021Q2,IAM,635103.8263858053
2021-05-09,2021Q2,INVERCAP,906094.1310281953
2021-05-09,2021Q2,QUINENCO,0.0
2021-05-10,2021Q2,ALMENDRAL,654089.9339466882
2021-05-10,2021Q2,ANTARCHILE,6260366.251115682
2021-05-10,2021Q2,IAM,633411.8568798127
2021-05-10,2021Q2,INVERCAP,928894.2629366401
2021-05-10,2021Q2,QUINENCO,0.0
2021-05-11,2021Q2,ALMENDRAL,653923.8791272043
2021-05-11,2021Q2,ANTARCHILE,6141825.227130214
2021-05-11,2021Q2,IAM,635257.641795441
2021-05-11,2021Q2,INVERCAP,896415.4425542401
2021-05-11,2021Q2,QUINENCO,0.0
2021-05-12,2021Q2,ALMENDRAL,632834.9170527618
2021-05-12,2021Q2,ANTARCHILE,6183343.181586136
2021-05-12,2021Q2,IAM,642640.7814579546
2021-05-12,2021Q2,INVERCAP,873680.26828656
2021-05-12,2021Q2,QUINENCO,0.0
2021-05-13,2021Q2,ALMENDRAL,624366.1212590879
2021-05-13,2021Q2,ANTARCHILE,6157876.648892121
2021-05-13,2021Q2,IAM,600495.3592177728
2021-05-13,2021Q2,INVERCAP,840876.659700336
2021-05-13,2021Q2,QUINENCO,0.0
2021-05-14,2021Q2,ALMENDRAL,645953.247791982
2021-05-14,2021Q2,ANTARCHILE,6533823.202226586
2021-05-14,2021Q2,IAM,609109.022157372
2021-05-14,2021Q2,INVERCAP,850295.517611232
2021-05-14,2021Q2,QUINENCO,0.0
2021-05-15,2021Q2,ALMENDRAL,645953.247791982
2021-05-15,2021Q2,ANTARCHILE,6533823.202226586
2021-05-15,2021Q2,IAM,609109.022157372
2021-05-15,2021Q2,INVERCAP,850295.517611232
2021-05-15,2021Q2,QUINENCO,0.0
2021-05-16,2021Q2,ALMENDRAL,645953.247791982
2021-05-16,2021Q2,ANTARCHILE,6533823.202226586
2021-05-16,2021Q2,IAM,609109.022157372
2021-05-16,2021Q2,INVERCAP,850295.517611232
2021-05-16,2021Q2,QUINENCO,0.0
2021-05-17,2021Q2,ALMENDRAL,564586.38624492
2021-05-17,2021Q2,ANTARCHILE,6025732.105439976
2021-05-17,2021Q2,IAM,522972.39276138
2021-05-17,2021Q2,INVERCAP,817491.909025008
2021-05-17,2021Q2,QUINENCO,0.0
2021-05-18,2021Q2,ALMENDRAL,577223.1580076371
2021-05-18,2021Q2,ANTARCHILE,6022968.610375365
2021-05-18,2021Q2,IAM,496823.773123311
2021-05-18,2021Q2,INVERCAP,837888.6082251553
2021-05-18,2021Q2,QUINENCO,0.0
2021-05-19,2021Q2,ALMENDRAL,581523.9778322675
2021-05-19,2021Q2,ANTARCHILE,5936857.530856832
2021-05-19,2021Q2,IAM,464522.537099814
2021-05-19,2021Q2,INVERCAP,804825.169075872
2021-05-19,2021Q2,QUINENCO,0.0
2021-05-20,2021Q2,ALMENDRAL,606116.6965978184
2021-05-20,2021Q2,ANTARCHILE,5849045.024245793
2021-05-20,2021Q2,IAM,462984.383003457
2021-05-20,2021Q2,INVERCAP,798329.404999392
2021-05-20,2021Q2,QUINENCO,0.0
2021-05-21,2021Q2,ALMENDRAL,606116.6965978184
2021-05-21,2021Q2,ANTARCHILE,5849045.024245793
2021-05-21,2021Q2,IAM,462984.383003457
2021-05-21,2021Q2,INVERCAP,798329.404999392
2021-05-21,2021Q2,QUINENCO,0.0
2021-05-22,2021Q2,ALMENDRAL,606116.6965978184
2021-05-22,2021Q2,ANTARCHILE,5849045.024245793
2021-05-22,2021Q2,IAM,462984.383003457
2021-05-22,2021Q2,INVERCAP,798329.404999392
2021-05-22,2021Q2,QUINENCO,0.0
2021-05-23,2021Q2,ALMENDRAL,606116.6965978184
2021-05-23,2021Q2,ANTARCHILE,5849045.024245793
2021-05-23,2021Q2,IAM,462984.383003457
2021-05-23,2021Q2,INVERCAP,798329.404999392
2021-05-23,2021Q2,QUINENCO,0.0
2021-05-24,2021Q2,ALMENDRAL,631008.31403844
2021-05-24,2021Q2,ANTARCHILE,6004656.18823648
2021-05-24,2021Q2,IAM,455293.612521672
2021-05-24,2021Q2,INVERCAP,760004.39694816
2021-05-24,2021Q2,QUINENCO,0.0
2021-05-25,2021Q2,ALMENDRAL,601118.446531356
2021-05-25,2021Q2,ANTARCHILE,5890895.627195862
2021-05-25,2021Q2,IAM,438989.1791002877
2021-05-25,2021Q2,INVERCAP,724277.6945275201
2021-05-25,2021Q2,QUINENCO,0.0
2021-05-26,2021Q2,ALMENDRAL,600786.3368923884
2021-05-26,2021Q2,ANTARCHILE,5802281.437835677
2021-05-26,2021Q2,IAM,432282.82724017126
2021-05-26,2021Q2,INVERCAP,717781.93045104
2021-05-26,2021Q2,QUINENCO,0.0
2021-05-27,2021Q2,ALMENDRAL,627687.217648764
2021-05-27,2021Q2,ANTARCHILE,5801594.25697019
2021-05-27,2021Q2,IAM,430990.77779923135
2021-05-27,2021Q2,INVERCAP,772995.92510112
2021-05-27,2021Q2,QUINENCO,0.0
2021-05-28,2021Q2,ALMENDRAL,640672.7045323971
2021-05-28,2021Q2,ANTARCHILE,5884391.303446229
2021-05-28,2021Q2,IAM,424530.53059453197
2021-05-28,2021Q2,INVERCAP,844449.3299424
2021-05-28,2021Q2,QUINENCO,0.0
2021-05-29,2021Q2,ALMENDRAL,640672.7045323971
2021-05-29,2021Q2,ANTARCHILE,5884391.303446229
2021-05-29,2021Q2,IAM,424530.53059453197
2021-05-29,2021Q2,INVERCAP,844449.3299424
2021-05-29,2021Q2,QUINENCO,0.0
2021-05-30,2021Q2,ALMENDRAL,640672.7045323971
2021-05-30,2021Q2,ANTARCHILE,5884391.303446229
2021-05-30,2021Q2,IAM,424530.53059453197
2021-05-30,2021Q2,INVERCAP,844449.3299424
2021-05-30,2021Q2,QUINENCO,0.0
2021-05-31,2021Q2,ALMENDRAL,630161.4344590727
2021-05-31,2021Q2,ANTARCHILE,5961573.413994069
2021-05-31,2021Q2,IAM,425422.659970419
2021-05-31,2021Q2,INVERCAP,855492.1288724161
2021-05-31,2021Q2,QUINENCO,0.0
2021-06-01,2021Q2,ALMENDRAL,614419.4375720082
2021-06-01,2021Q2,ANTARCHILE,6120463.055217564
2021-06-01,2021Q2,IAM,466060.691196171
2021-06-01,2021Q2,INVERCAP,863416.9610457217
2021-06-01,2021Q2,QUINENCO,0.0
2021-06-02,2021Q2,ALMENDRAL,592815.705557166
2021-06-02,2021Q2,ANTARCHILE,6130388.046638636
2021-06-02,2021Q2,IAM,512974.39113505953
2021-06-02,2021Q2,INVERCAP,837953.56586592
2021-06-02,2021Q2,QUINENCO,0.0
2021-06-03,2021Q2,ALMENDRAL,577887.3772855724
2021-06-03,2021Q2,ANTARCHILE,5900079.261493497
2021-06-03,2021Q2,IAM,475935.64049478294
2021-06-03,2021Q2,INVERCAP,809242.2886478784
2021-06-03,2021Q2,QUINENCO,0.0
2021-06-04,2021Q2,ALMENDRAL,584197.4604259568
2021-06-04,2021Q2,ANTARCHILE,5784410.033106899
2021-06-04,2021Q2,IAM,481442.232159741
2021-06-04,2021Q2,INVERCAP,810996.144948528
2021-06-04,2021Q2,QUINENCO,0.0
2021-06-05,2021Q2,ALMENDRAL,584197.4604259568
2021-06-05,2021Q2,ANTARCHILE,5784410.033106899
2021-06-05,2021Q2,IAM,481442.232159741
2021-06-05,2021Q2,INVERCAP,810996.144948528
2021-06-05,2021Q2,QUINENCO,0.0
2021-06-06,2021Q2,ALMENDRAL,584197.4604259568
2021-06-06,2021Q2,ANTARCHILE,5784410.033106899
2021-06-06,2021Q2,IAM,481442.232159741
2021-06-06,2021Q2,INVERCAP,810996.144948528
2021-06-06,2021Q2,QUINENCO,0.0
2021-06-07,2021Q2,ALMENDRAL,560933.1802162763
2021-06-07,2021Q2,ANTARCHILE,5729150.852208113
2021-06-07,2021Q2,IAM,479873.3149814569
2021-06-07,2021Q2,INVERCAP,776308.7647801248
2021-06-07,2021Q2,QUINENCO,0.0
2021-06-08,2021Q2,ALMENDRAL,560982.9966621215
2021-06-08,2021Q2,ANTARCHILE,5793319.00843235
2021-06-08,2021Q2,IAM,487594.848545169
2021-06-08,2021Q2,INVERCAP,785013.088642608
2021-06-08,2021Q2,QUINENCO,0.0
2021-06-09,2021Q2,ALMENDRAL,596136.801946842
2021-06-09,2021Q2,ANTARCHILE,5987406.159578151
2021-06-09,2021Q2,IAM,494916.4620438283
2021-06-09,2021Q2,INVERCAP,797030.252184096
2021-06-09,2021Q2,QUINENCO,0.0
2021-06-10,2021Q2,ALMENDRAL,587003.7868752329
2021-06-10,2021Q2,ANTARCHILE,5841977.245565972
2021-06-10,2021Q2,IAM,492824.57247278275
2021-06-10,2021Q2,INVERCAP,824637.2495091361
2021-06-10,2021Q2,QUINENCO,0.0
2021-06-11,2021Q2,ALMENDRAL,626856.943551345
2021-06-11,2021Q2,ANTARCHILE,5901908.709238696
2021-06-11,2021Q2,IAM,499900.081316025
2021-06-11,2021Q2,INVERCAP,834056.107420032
2021-06-11,2021Q2,QUINENCO,0.0
2021-06-12,2021Q2,ALMENDRAL,626856.943551345
2021-06-12,2021Q2,ANTARCHILE,5901908.709238696
2021-06-12,2021Q2,IAM,499900.081316025
2021-06-12,2021Q2,INVERCAP,834056.107420032
2021-06-12,2021Q2,QUINENCO,0.0
2021-06-13,2021Q2,ALMENDRAL,626856.943551345
2021-06-13,2021Q2,ANTARCHILE,5901908.709238696
2021-06-13,2021Q2,IAM,499900.081316025
2021-06-13,2021Q2,INVERCAP,834056.107420032
2021-06-13,2021Q2,QUINENCO,0.0
2021-06-14,2021Q2,ALMENDRAL,632834.9170527618
2021-06-14,2021Q2,ANTARCHILE,6098604.62554827
2021-06-14,2021Q2,IAM,499869.31823409785
2021-06-14,2021Q2,INVERCAP,860104.1213667169
2021-06-14,2021Q2,QUINENCO,0.0
2021-06-15,2021Q2,ALMENDRAL,634495.4652475998
2021-06-15,2021Q2,ANTARCHILE,6212574.040766034
2021-06-15,2021Q2,IAM,494947.2251257554
2021-06-15,2021Q2,INVERCAP,831522.7594302049
2021-06-15,2021Q2,QUINENCO,0.0
2021-06-16,2021Q2,ALMENDRAL,639311.0550126301
2021-06-16,2021Q2,ANTARCHILE,6168035.469451469
2021-06-16,2021Q2,IAM,489133.002641526
2021-06-16,2021Q2,INVERCAP,805474.7454835201
2021-06-16,2021Q2,QUINENCO,0.0
2021-06-17,2021Q2,ALMENDRAL,644624.8092361116
2021-06-17,2021Q2,ANTARCHILE,6051403.662647068
2021-06-17,2021Q2,IAM,479873.3149814569
2021-06-17,2021Q2,INVERCAP,785987.45325408
2021-06-17,2021Q2,QUINENCO,0.0
2021-06-18,2021Q2,ALMENDRAL,646949.5767088847
2021-06-18,2021Q2,ANTARCHILE,6019576.337038915
2021-06-18,2021Q2,IAM,471013.54738644056
2021-06-18,2021Q2,INVERCAP,784753.2580795488
2021-06-18,2021Q2,QUINENCO,0.0
2021-06-19,2021Q2,ALMENDRAL,646949.5767088847
2021-06-19,2021Q2,ANTARCHILE,6019576.337038915
2021-06-19,2021Q2,IAM,471013.54738644056
2021-06-19,2021Q2,INVERCAP,784753.2580795488
2021-06-19,2021Q2,QUINENCO,0.0
2021-06-20,2021Q2,ALMENDRAL,646949.5767088847
2021-06-20,2021Q2,ANTARCHILE,6019576.337038915
2021-06-20,2021Q2,IAM,471013.54738644056
2021-06-20,2021Q2,INVERCAP,784753.2580795488
2021-06-20,2021Q2,QUINENCO,0.0
2021-06-21,2021Q2,ALMENDRAL,646949.5767088847
2021-06-21,2021Q2,ANTARCHILE,6019576.337038915
2021-06-21,2021Q2,IAM,471013.54738644056
2021-06-21,2021Q2,INVERCAP,784753.2580795488
2021-06-21,2021Q2,QUINENCO,0.0
2021-06-22,2021Q2,ALMENDRAL,657743.1399753318
2021-06-22,2021Q2,ANTARCHILE,6127523.448096052
2021-06-22,2021Q2,IAM,481596.0475693767
2021-06-22,2021Q2,INVERCAP,835030.472031504
2021-06-22,2021Q2,QUINENCO,0.0
2021-06-23,2021Q2,ALMENDRAL,668370.648422295
2021-06-23,2021Q2,ANTARCHILE,6073549.892567483
2021-06-23,2021Q2,IAM,476212.50823212723
2021-06-23,2021Q2,INVERCAP,835095.4296722689
2021-06-23,2021Q2,QUINENCO,0.0
2021-06-24,2021Q2,ALMENDRAL,679662.3761471934
2021-06-24,2021Q2,ANTARCHILE,6129882.529248768
2021-06-24,2021Q2,IAM,479904.078063384
2021-06-24,2021Q2,INVERCAP,837823.6505843904
2021-06-24,2021Q2,QUINENCO,0.0
2021-06-25,2021Q2,ALMENDRAL,665879.826130038
2021-06-25,2021Q2,ANTARCHILE,5974161.535581912
2021-06-25,2021Q2,IAM,472182.5444996719
2021-06-25,2021Q2,INVERCAP,818531.2312772449
2021-06-25,2021Q2,QUINENCO,0.0
2021-06-26,2021Q2,ALMENDRAL,665879.826130038
2021-06-26,2021Q2,ANTARCHILE,5974161.535581912
2021-06-26,2021Q2,IAM,472182.5444996719
2021-06-26,2021Q2,INVERCAP,818531.2312772449
2021-06-26,2021Q2,QUINENCO,0.0
2021-06-27,2021Q2,ALMENDRAL,665879.826130038
2021-06-27,2021Q2,ANTARCHILE,5974161.535581912
2021-06-27,2021Q2,IAM,472182.5444996719
2021-06-27,2021Q2,INVERCAP,818531.2312772449
2021-06-27,2021Q2,QUINENCO,0.0
2021-06-28,2021Q2,ALMENDRAL,665879.826130038
2021-06-28,2021Q2,ANTARCHILE,5974161.535581912
2021-06-28,2021Q2,IAM,472182.5444996719
2021-06-28,2021Q2,INVERCAP,818531.2312772449
2021-06-28,2021Q2,QUINENCO,0.0
2021-06-29,2021Q2,ALMENDRAL,664219.2779351999
2021-06-29,2021Q2,ANTARCHILE,5963081.103202073
2021-06-29,2021Q2,IAM,457447.02825657174
2021-06-29,2021Q2,INVERCAP,824962.03771296
2021-06-29,2021Q2,QUINENCO,0.0
2021-06-30,2021Q2,ALMENDRAL,670861.470714552
2021-06-30,2021Q2,ANTARCHILE,5904239.207311378
2021-06-30,2021Q2,IAM,464522.537099814
2021-06-30,2021Q2,INVERCAP,818466.2736364801
2021-06-30,2021Q2,QUINENCO,0.0
2021-07-01,2021Q3,ALMENDRAL,672522.01890939
2021-07-01,2021Q3,ANTARCHILE,5856318.702782228
2021-07-01,2021Q3,IAM,461046.3088420472
2021-07-01,2021Q3,INVERCAP,828274.8773919649
2021-07-01,2021Q3,QUINENCO,0.0
2021-07-02,2021Q3,ALMENDRAL,645953.247791982
2021-07-02,2021Q3,ANTARCHILE,5844343.712520022
2021-07-02,2021Q3,IAM,466368.32201544236
2021-07-02,2021Q3,INVERCAP,834705.6838276801
2021-07-02,2021Q3,QUINENCO,0.0
2021-07-03,2021Q3,ALMENDRAL,645953.247791982
2021-07-03,2021Q3,ANTARCHILE,5844343.712520022
2021-07-03,2021Q3,IAM,466368.32201544236
2021-07-03,2021Q3,INVERCAP,834705.6838276801
2021-07-03,2021Q3,QUINENCO,0.0
2021-07-04,2021Q3,ALMENDRAL,645953.247791982
2021-07-04,2021Q3,ANTARCHILE,5844343.712520022
2021-07-04,2021Q3,IAM,466368.32201544236
2021-07-04,2021Q3,INVERCAP,834705.6838276801
2021-07-04,2021Q3,QUINENCO,0.0
2021-07-05,2021Q3,ALMENDRAL,644292.6995971439
2021-07-05,2021Q3,ANTARCHILE,5803511.530151022
2021-07-05,2021Q3,IAM,450371.5194133296
2021-07-05,2021Q3,INVERCAP,856141.705280064
2021-07-05,2021Q3,QUINENCO,0.0
2021-07-06,2021Q3,ALMENDRAL,631008.31403844
2021-07-06,2021Q3,ANTARCHILE,5604238.763568342
2021-07-06,2021Q3,IAM,430683.14697996
2021-07-06,2021Q3,INVERCAP,817686.7819473024
2021-07-06,2021Q3,QUINENCO,0.0
2021-07-07,2021Q3,ALMENDRAL,628135.5656613702
2021-07-07,2021Q3,ANTARCHILE,5686322.915637633
2021-07-07,2021Q3,IAM,436835.76336538803
2021-07-07,2021Q3,INVERCAP,844124.541738576
2021-07-07,2021Q3,QUINENCO,0.0
2021-07-08,2021Q3,ALMENDRAL,631008.31403844
2021-07-08,2021Q3,ANTARCHILE,5540331.3536571
2021-07-08,2021Q3,IAM,430683.14697996
2021-07-08,2021Q3,INVERCAP,827885.131547376
2021-07-08,2021Q3,QUINENCO,0.0
2021-07-09,2021Q3,ALMENDRAL,631008.31403844
2021-07-09,2021Q3,ANTARCHILE,5483240.4408910135
2021-07-09,2021Q3,IAM,433759.455172674
2021-07-09,2021Q3,INVERCAP,843410.0076901632
2021-07-09,2021Q3,QUINENCO,0.0
2021-07-10,2021Q3,ALMENDRAL,631008.31403844
2021-07-10,2021Q3,ANTARCHILE,5483240.4408910135
2021-07-10,2021Q3,IAM,433759.455172674
2021-07-10,2021Q3,INVERCAP,843410.0076901632
2021-07-10,2021Q3,QUINENCO,0.0
2021-07-11,2021Q3,ALMENDRAL,631008.31403844
2021-07-11,2021Q3,ANTARCHILE,5483240.4408910135
2021-07-11,2021Q3,IAM,433759.455172674
2021-07-11,2021Q3,INVERCAP,843410.0076901632
2021-07-11,2021Q3,QUINENCO,0.0
2021-07-12,2021Q3,ALMENDRAL,622705.5730642499
2021-07-12,2021Q3,ANTARCHILE,5418762.327011656
2021-07-12,2021Q3,IAM,429452.62370287435
2021-07-12,2021Q3,INVERCAP,823662.884897664
2021-07-12,2021Q3,QUINENCO,0.0
2021-07-13,2021Q3,ALMENDRAL,612161.0920270287
2021-07-13,2021Q3,ANTARCHILE,5366274.576813901
2021-07-13,2021Q3,IAM,424530.53059453197
2021-07-13,2021Q3,INVERCAP,817167.120821184
2021-07-13,2021Q3,QUINENCO,0.0
2021-07-14,2021Q3,ALMENDRAL,615565.2158264465
2021-07-14,2021Q3,ANTARCHILE,5192045.601273412
2021-07-14,2021Q3,IAM,421454.222401818
2021-07-14,2021Q3,INVERCAP,821389.3674708961
2021-07-14,2021Q3,QUINENCO,0.0
2021-07-15,2021Q3,ALMENDRAL,607760.639310708
2021-07-15,2021Q3,ANTARCHILE,5095475.963298929
2021-07-15,2021Q3,IAM,422961.6134162479
2021-07-15,2021Q3,INVERCAP,821064.579267072
2021-07-15,2021Q3,QUINENCO,0.0
2021-07-16,2021Q3,ALMENDRAL,607760.639310708
2021-07-16,2021Q3,ANTARCHILE,5095475.963298929
2021-07-16,2021Q3,IAM,422961.6134162479
2021-07-16,2021Q3,INVERCAP,821064.579267072
2021-07-16,2021Q3,QUINENCO,0.0
2021-07-17,2021Q3,ALMENDRAL,607760.639310708
2021-07-17,2021Q3,ANTARCHILE,5095475.963298929
2021-07-17,2021Q3,IAM,422961.6134162479
2021-07-17,2021Q3,INVERCAP,821064.579267072
2021-07-17,2021Q3,QUINENCO,0.0
2021-07-18,2021Q3,ALMENDRAL,607760.639310708
2021-07-18,2021Q3,ANTARCHILE,5095475.963298929
2021-07-18,2021Q3,IAM,422961.6134162479
2021-07-18,2021Q3,INVERCAP,821064.579267072
2021-07-18,2021Q3,QUINENCO,0.0
2021-07-19,2021Q3,ALMENDRAL,635873.7202493154
2021-07-19,2021Q3,ANTARCHILE,5357170.454825384
2021-07-19,2021Q3,IAM,435297.609269031
2021-07-19,2021Q3,INVERCAP,836654.4130506241
2021-07-19,2021Q3,QUINENCO,0.0
2021-07-20,2021Q3,ALMENDRAL,640971.6032074679
2021-07-20,2021Q3,ANTARCHILE,5411720.125109695
2021-07-20,2021Q3,IAM,441450.225654459
2021-07-20,2021Q3,INVERCAP,857440.8580953601
2021-07-20,2021Q3,QUINENCO,0.0
2021-07-21,2021Q3,ALMENDRAL,625345.8446940425
2021-07-21,2021Q3,ANTARCHILE,5334639.11803983
2021-07-21,2021Q3,IAM,448218.10367842973
2021-07-21,2021Q3,INVERCAP,833341.5733716192
2021-07-21,2021Q3,QUINENCO,0.0
2021-07-22,2021Q3,ALMENDRAL,618720.2573966389
2021-07-22,2021Q3,ANTARCHILE,5344959.058594467
2021-07-22,2021Q3,IAM,449448.62695551536
2021-07-22,2021Q3,INVERCAP,845293.7792723424
2021-07-22,2021Q3,QUINENCO,0.0
2021-07-23,2021Q3,ALMENDRAL,601616.6109898074
2021-07-23,2021Q3,ANTARCHILE,5202437.977444228
2021-07-23,2021Q3,IAM,441480.98873638606
2021-07-23,2021Q3,INVERCAP,835095.4296722689
2021-07-23,2021Q3,QUINENCO,0.0
2021-07-24,2021Q3,ALMENDRAL,601616.6109898074
2021-07-24,2021Q3,ANTARCHILE,5202437.977444228
2021-07-24,2021Q3,IAM,441480.98873638606
2021-07-24,2021Q3,INVERCAP,835095.4296722689
2021-07-24,2021Q3,QUINENCO,0.0
2021-07-25,2021Q3,ALMENDRAL,601616.6109898074
2021-07-25,2021Q3,ANTARCHILE,5202437.977444228
2021-07-25,2021Q3,IAM,441480.98873638606
2021-07-25,2021Q3,INVERCAP,835095.4296722689
2021-07-25,2021Q3,QUINENCO,0.0
2021-07-26,2021Q3,ALMENDRAL,590225.2503732188
2021-07-26,2021Q3,ANTARCHILE,5056346.050565856
2021-07-26,2021Q3,IAM,431390.6978642842
2021-07-26,2021Q3,INVERCAP,846398.0591653441
2021-07-26,2021Q3,QUINENCO,0.0
2021-07-27,2021Q3,ALMENDRAL,582852.416388138
2021-07-27,2021Q3,ANTARCHILE,5048334.639424948
2021-07-27,2021Q3,IAM,430252.4638329801
2021-07-27,2021Q3,INVERCAP,840486.9138557472
2021-07-27,2021Q3,QUINENCO,0.0
2021-07-28,2021Q3,ALMENDRAL,573603.1629428903
2021-07-28,2021Q3,ANTARCHILE,5195587.658776403
2021-07-28,2021Q3,IAM,433759.455172674
2021-07-28,2021Q3,INVERCAP,857440.8580953601
2021-07-28,2021Q3,QUINENCO,0.0
2021-07-29,2021Q3,ALMENDRAL,586173.512777814
2021-07-29,2021Q3,ANTARCHILE,5342339.832945483
2021-07-29,2021Q3,IAM,446095.4510254571
2021-07-29,2021Q3,INVERCAP,852179.2891934112
2021-07-29,2021Q3,QUINENCO,0.0
2021-07-30,2021Q3,ALMENDRAL,606266.1459353538
2021-07-30,2021Q3,ANTARCHILE,5379330.083151488
2021-07-30,2021Q3,IAM,474674.35413577023
2021-07-30,2021Q3,INVERCAP,854192.97605712
2021-07-30,2021Q3,QUINENCO,0.0
2021-07-31,2021Q3,ALMENDRAL,606266.1459353538
2021-07-31,2021Q3,ANTARCHILE,5379330.083151488
2021-07-31,2021Q3,IAM,474674.35413577023
2021-07-31,2021Q3,INVERCAP,854192.97605712
2021-07-31,2021Q3,QUINENCO,0.0
2021-08-01,2021Q3,ALMENDRAL,606266.1459353538
2021-08-01,2021Q3,ANTARCHILE,5379330.083151488
2021-08-01,2021Q3,IAM,474674.35413577023
2021-08-01,2021Q3,INVERCAP,854192.97605712
2021-08-01,2021Q3,QUINENCO,0.0
2021-08-02,2021Q3,ALMENDRAL,614236.7772705761
2021-08-02,2021Q3,ANTARCHILE,5259243.168936189
2021-08-02,2021Q3,IAM,470059.89184669923
2021-08-02,2021Q3,INVERCAP,845293.7792723424
2021-08-02,2021Q3,QUINENCO,0.0
2021-08-03,2021Q3,ALMENDRAL,624698.2308980556
2021-08-03,2021Q3,ANTARCHILE,5209489.644124519
2021-08-03,2021Q3,IAM,461446.22890710004
2021-08-03,2021Q3,INVERCAP,831457.80178944
2021-08-03,2021Q3,QUINENCO,0.0
2021-08-04,2021Q3,ALMENDRAL,642632.151402306
2021-08-04,2021Q3,ANTARCHILE,5200838.220064839
2021-08-04,2021Q3,IAM,473443.8308586846
2021-08-04,2021Q3,INVERCAP,836654.4130506241
2021-08-04,2021Q3,QUINENCO,0.0
2021-08-05,2021Q3,ALMENDRAL,631174.3688579238
2021-08-05,2021Q3,ANTARCHILE,5243476.798249976
2021-08-05,2021Q3,IAM,473074.6738755589
2021-08-05,2021Q3,INVERCAP,809372.203929408
2021-08-05,2021Q3,QUINENCO,0.0
2021-08-06,2021Q3,ALMENDRAL,629779.5083742598
2021-08-06,2021Q3,ANTARCHILE,5259924.577924013
2021-08-06,2021Q3,IAM,471628.8090249833
2021-08-06,2021Q3,INVERCAP,804435.4232312832
2021-08-06,2021Q3,QUINENCO,0.0
2021-08-07,2021Q3,ALMENDRAL,629779.5083742598
2021-08-07,2021Q3,ANTARCHILE,5259924.577924013
2021-08-07,2021Q3,IAM,471628.8090249833
2021-08-07,2021Q3,INVERCAP,804435.4232312832
2021-08-07,2021Q3,QUINENCO,0.0
2021-08-08,2021Q3,ALMENDRAL,629779.5083742598
2021-08-08,2021Q3,ANTARCHILE,5259924.577924013
2021-08-08,2021Q3,IAM,471628.8090249833
2021-08-08,2021Q3,INVERCAP,804435.4232312832
2021-08-08,2021Q3,QUINENCO,0.0
2021-08-09,2021Q3,ALMENDRAL,634512.0707295481
2021-08-09,2021Q3,ANTARCHILE,5122547.355051563
2021-08-09,2021Q3,IAM,465783.8234588267
2021-08-09,2021Q3,INVERCAP,803590.9739013409
2021-08-09,2021Q3,QUINENCO,0.0
2021-08-10,2021Q3,ALMENDRAL,650602.7827375283
2021-08-10,2021Q3,ANTARCHILE,5454006.438645534
2021-08-10,2021Q3,IAM,467506.55604674655
2021-08-10,2021Q3,INVERCAP,843799.753534752
2021-08-10,2021Q3,QUINENCO,0.0
2021-08-11,2021Q3,ALMENDRAL,647879.483697994
2021-08-11,2021Q3,ANTARCHILE,5494261.751278603
2021-08-11,2021Q3,IAM,468029.52843950794
2021-08-11,2021Q3,INVERCAP,839577.50688504
2021-08-11,2021Q3,QUINENCO,0.0
2021-08-12,2021Q3,ALMENDRAL,635475.1886825543
2021-08-12,2021Q3,ANTARCHILE,5410684.717185561
2021-08-12,2021Q3,IAM,470675.153485242
2021-08-12,2021Q3,INVERCAP,829509.0725664961
2021-08-12,2021Q3,QUINENCO,0.0
2021-08-13,2021Q3,ALMENDRAL,621045.024869412
2021-08-13,2021Q3,ANTARCHILE,5441124.386620342
2021-08-13,2021Q3,IAM,470644.39040331484
2021-08-13,2021Q3,INVERCAP,841915.9819525728
2021-08-13,2021Q3,QUINENCO,0.0
2021-08-14,2021Q3,ALMENDRAL,621045.024869412
2021-08-14,2021Q3,ANTARCHILE,5441124.386620342
2021-08-14,2021Q3,IAM,470644.39040331484
2021-08-14,2021Q3,INVERCAP,841915.9819525728
2021-08-14,2021Q3,QUINENCO,0.0
2021-08-15,2021Q3,ALMENDRAL,621045.024869412
2021-08-15,2021Q3,ANTARCHILE,5441124.386620342
2021-08-15,2021Q3,IAM,470644.39040331484
2021-08-15,2021Q3,INVERCAP,841915.9819525728
2021-08-15,2021Q3,QUINENCO,0.0
2021-08-16,2021Q3,ALMENDRAL,607760.639310708
2021-08-16,2021Q3,ANTARCHILE,5261110.492194764
2021-08-16,2021Q3,IAM,464768.64175523113
2021-08-16,2021Q3,INVERCAP,855946.8323577697
2021-08-16,2021Q3,QUINENCO,0.0
2021-08-17,2021Q3,ALMENDRAL,612028.2481714416
2021-08-17,2021Q3,ANTARCHILE,5372004.977532529
2021-08-17,2021Q3,IAM,470644.39040331484
2021-08-17,2021Q3,INVERCAP,833341.5733716192
2021-08-17,2021Q3,QUINENCO,0.0
2021-08-18,2021Q3,ALMENDRAL,626773.916141603
2021-08-18,2021Q3,ANTARCHILE,5408818.597560446
2021-08-18,2021Q3,IAM,473720.6985960289
2021-08-18,2021Q3,INVERCAP,808397.839317936
2021-08-18,2021Q3,QUINENCO,0.0
2021-08-19,2021Q3,ALMENDRAL,626059.8804178227
2021-08-19,2021Q3,ANTARCHILE,5320608.822112154
2021-08-19,2021Q3,IAM,478365.92396702693
2021-08-19,2021Q3,INVERCAP,747012.8687952
2021-08-19,2021Q3,QUINENCO,0.0
2021-08-20,2021Q3,ALMENDRAL,613954.4840774537
2021-08-20,2021Q3,ANTARCHILE,5321619.85689189
2021-08-20,2021Q3,IAM,489133.002641526
2021-08-20,2021Q3,INVERCAP,766565.1186654047
2021-08-20,2021Q3,QUINENCO,0.0
2021-08-21,2021Q3,ALMENDRAL,613954.4840774537
2021-08-21,2021Q3,ANTARCHILE,5321619.85689189
2021-08-21,2021Q3,IAM,489133.002641526
2021-08-21,2021Q3,INVERCAP,766565.1186654047
2021-08-21,2021Q3,QUINENCO,0.0
2021-08-22,2021Q3,ALMENDRAL,613954.4840774537
2021-08-22,2021Q3,ANTARCHILE,5321619.85689189
2021-08-22,2021Q3,IAM,489133.002641526
2021-08-22,2021Q3,INVERCAP,766565.1186654047
2021-08-22,2021Q3,QUINENCO,0.0
2021-08-23,2021Q3,ALMENDRAL,617723.928479736
2021-08-23,2021Q3,ANTARCHILE,5407183.352753073
2021-08-23,2021Q3,IAM,513128.2065446952
2021-08-23,2021Q3,INVERCAP,730123.882196352
2021-08-23,2021Q3,QUINENCO,0.0
2021-08-24,2021Q3,ALMENDRAL,630377.3057244015
2021-08-24,2021Q3,ANTARCHILE,5365812.690415014
2021-08-24,2021Q3,IAM,513743.468183238
2021-08-24,2021Q3,INVERCAP,749026.5556589089
2021-08-24,2021Q3,QUINENCO,0.0
2021-08-25,2021Q3,ALMENDRAL,641320.318328384
2021-08-25,2021Q3,ANTARCHILE,5520813.540637191
2021-08-25,2021Q3,IAM,511128.6062194311
2021-08-25,2021Q3,INVERCAP,748961.598018144
2021-08-25,2021Q3,QUINENCO,0.0
2021-08-26,2021Q3,ALMENDRAL,642715.1788120479
2021-08-26,2021Q3,ANTARCHILE,5571076.275739396
2021-08-26,2021Q3,IAM,536661.9642189572
2021-08-26,2021Q3,INVERCAP,747012.8687952
2021-08-26,2021Q3,QUINENCO,0.0
2021-08-27,2021Q3,ALMENDRAL,632834.9170527618
2021-08-27,2021Q3,ANTARCHILE,5701874.3867422305
2021-08-27,2021Q3,IAM,529125.009146808
2021-08-27,2021Q3,INVERCAP,743764.98675696
2021-08-27,2021Q3,QUINENCO,0.0
2021-08-28,2021Q3,ALMENDRAL,632834.9170527618
2021-08-28,2021Q3,ANTARCHILE,5701874.3867422305
2021-08-28,2021Q3,IAM,529125.009146808
2021-08-28,2021Q3,INVERCAP,743764.98675696
2021-08-28,2021Q3,QUINENCO,0.0
2021-08-29,2021Q3,ALMENDRAL,632834.9170527618
2021-08-29,2021Q3,ANTARCHILE,5701874.3867422305
2021-08-29,2021Q3,IAM,529125.009146808
2021-08-29,2021Q3,INVERCAP,743764.98675696
2021-08-29,2021Q3,QUINENCO,0.0
2021-08-30,2021Q3,ALMENDRAL,638480.780915211
2021-08-30,2021Q3,ANTARCHILE,5876777.385469209
2021-08-30,2021Q3,IAM,532293.6065853034
2021-08-30,2021Q3,INVERCAP,734021.3406422401
2021-08-30,2021Q3,QUINENCO,0.0
2021-08-31,2021Q3,ALMENDRAL,626026.6694539259
2021-08-31,2021Q3,ANTARCHILE,5922600.293738774
2021-08-31,2021Q3,IAM,532601.2374045749
2021-08-31,2021Q3,INVERCAP,714534.0484128001
2021-08-31,2021Q3,QUINENCO,0.0
2021-09-01,2021Q3,ALMENDRAL,633499.136330697
2021-09-01,2021Q3,ANTARCHILE,5800980.715354343
2021-09-01,2021Q3,IAM,531155.3725539992
2021-09-01,2021Q3,INVERCAP,684328.745457168
2021-09-01,2021Q3,QUINENCO,0.0
2021-09-02,2021Q3,ALMENDRAL,634329.410428116
2021-09-02,2021Q3,ANTARCHILE,5708231.486755703
2021-09-02,2021Q3,IAM,528478.984426338
2021-09-02,2021Q3,INVERCAP,667634.6317806145
2021-09-02,2021Q3,QUINENCO,0.0
2021-09-03,2021Q3,ALMENDRAL,625329.239212094
2021-09-03,2021Q3,ANTARCHILE,5893760.690791774
2021-09-03,2021Q3,IAM,536815.779628593
2021-09-03,2021Q3,INVERCAP,673610.734730976
2021-09-03,2021Q3,QUINENCO,0.0
2021-09-04,2021Q3,ALMENDRAL,625329.239212094
2021-09-04,2021Q3,ANTARCHILE,5893760.690791774
2021-09-04,2021Q3,IAM,536815.779628593
2021-09-04,2021Q3,INVERCAP,673610.734730976
2021-09-04,2021Q3,QUINENCO,0.0
2021-09-05,2021Q3,ALMENDRAL,625329.239212094
2021-09-05,2021Q3,ANTARCHILE,5893760.690791774
2021-09-05,2021Q3,IAM,536815.779628593
2021-09-05,2021Q3,INVERCAP,673610.734730976
2021-09-05,2021Q3,QUINENCO,0.0
2021-09-06,2021Q3,ALMENDRAL,623286.7649324433
2021-09-06,2021Q3,ANTARCHILE,5915297.345523816
2021-09-06,2021Q3,IAM,529186.5353106622
2021-09-06,2021Q3,INVERCAP,639897.7191740448
2021-09-06,2021Q3,QUINENCO,0.0
2021-09-07,2021Q3,ALMENDRAL,620928.7864957734
2021-09-07,2021Q3,ANTARCHILE,5844204.0825117715
2021-09-07,2021Q3,IAM,526048.700954094
2021-09-07,2021Q3,INVERCAP,623593.35134208
2021-09-07,2021Q3,QUINENCO,0.0
2021-09-08,2021Q3,ALMENDRAL,618520.9916132583
2021-09-08,2021Q3,ANTARCHILE,5790556.717001199
2021-09-08,2021Q3,IAM,514512.5452314165
2021-09-08,2021Q3,INVERCAP,591017.0944985328
2021-09-08,2021Q3,QUINENCO,0.0
2021-09-09,2021Q3,ALMENDRAL,616295.8570321753
2021-09-09,2021Q3,ANTARCHILE,5844049.043502539
2021-09-09,2021Q3,IAM,510667.15999052394
2021-09-09,2021Q3,INVERCAP,620345.46930384
2021-09-09,2021Q3,QUINENCO,0.0
2021-09-10,2021Q3,ALMENDRAL,626275.7516831517
2021-09-10,2021Q3,ANTARCHILE,5905951.0456889225
2021-09-10,2021Q3,IAM,513128.2065446952
2021-09-10,2021Q3,INVERCAP,624242.9277497281
2021-09-10,2021Q3,QUINENCO,0.0
2021-09-11,2021Q3,ALMENDRAL,626275.7516831517
2021-09-11,2021Q3,ANTARCHILE,5905951.0456889225
2021-09-11,2021Q3,IAM,513128.2065446952
2021-09-11,2021Q3,INVERCAP,624242.9277497281
2021-09-11,2021Q3,QUINENCO,0.0
2021-09-12,2021Q3,ALMENDRAL,626275.7516831517
2021-09-12,2021Q3,ANTARCHILE,5905951.0456889225
2021-09-12,2021Q3,IAM,513128.2065446952
2021-09-12,2021Q3,INVERCAP,624242.9277497281
2021-09-12,2021Q3,QUINENCO,0.0
2021-09-13,2021Q3,ALMENDRAL,607843.6667204499
2021-09-13,2021Q3,ANTARCHILE,5767225.776443493
2021-09-13,2021Q3,IAM,504514.543605096
2021-09-13,2021Q3,INVERCAP,620280.5116630753
2021-09-13,2021Q3,QUINENCO,0.0
2021-09-14,2021Q3,ALMENDRAL,605220.0005726058
2021-09-14,2021Q3,ANTARCHILE,5806068.851832212
2021-09-14,2021Q3,IAM,498423.4533835223
2021-09-14,2021Q3,INVERCAP,615083.9004018912
2021-09-14,2021Q3,QUINENCO,0.0
2021-09-15,2021Q3,ALMENDRAL,597797.35014168
2021-09-15,2021Q3,ANTARCHILE,5844980.806699848
2021-09-15,2021Q3,IAM,476827.76987067
2021-09-15,2021Q3,INVERCAP,602806.906297344
2021-09-15,2021Q3,QUINENCO,0.0
2021-09-16,2021Q3,ALMENDRAL,596136.801946842
2021-09-16,2021Q3,ANTARCHILE,6009253.168636938
2021-09-16,2021Q3,IAM,493716.70184866985
2021-09-16,2021Q3,INVERCAP,578123.00280672
2021-09-16,2021Q3,QUINENCO,0.0
2021-09-17,2021Q3,ALMENDRAL,596136.801946842
2021-09-17,2021Q3,ANTARCHILE,6009253.168636938
2021-09-17,2021Q3,IAM,493716.70184866985
2021-09-17,2021Q3,INVERCAP,578123.00280672
2021-09-17,2021Q3,QUINENCO,0.0
2021-09-18,2021Q3,ALMENDRAL,596136.801946842
2021-09-18,2021Q3,ANTARCHILE,6009253.168636938
2021-09-18,2021Q3,IAM,493716.70184866985
2021-09-18,2021Q3,INVERCAP,578123.00280672
2021-09-18,2021Q3,QUINENCO,0.0
2021-09-19,2021Q3,ALMENDRAL,596136.801946842
2021-09-19,2021Q3,ANTARCHILE,6009253.168636938
2021-09-19,2021Q3,IAM,493716.70184866985
2021-09-19,2021Q3,INVERCAP,578123.00280672
2021-09-19,2021Q3,QUINENCO,0.0
2021-09-20,2021Q3,ALMENDRAL,572889.1272191099
2021-09-20,2021Q3,ANTARCHILE,5650778.587435243
2021-09-20,2021Q3,IAM,481380.7059958867
2021-09-20,2021Q3,INVERCAP,519661.12611839996
2021-09-20,2021Q3,QUINENCO,0.0
2021-09-21,2021Q3,ALMENDRAL,587219.658140562
2021-09-21,2021Q3,ANTARCHILE,5531249.219509065
2021-09-21,2021Q3,IAM,490701.9198198101
2021-09-21,2021Q3,INVERCAP,535907.0320736766
2021-09-21,2021Q3,QUINENCO,0.0
2021-09-22,2021Q3,ALMENDRAL,585343.238680395
2021-09-22,2021Q3,ANTARCHILE,5596791.874227678
2021-09-22,2021Q3,IAM,508975.1904845313
2021-09-22,2021Q3,INVERCAP,574875.12076848
2021-09-22,2021Q3,QUINENCO,0.0
2021-09-23,2021Q3,ALMENDRAL,583998.1946425763
2021-09-23,2021Q3,ANTARCHILE,5661927.160713864
2021-09-23,2021Q3,IAM,513743.468183238
2021-09-23,2021Q3,INVERCAP,561052.1348137306
2021-09-23,2021Q3,QUINENCO,0.0
2021-09-24,2021Q3,ALMENDRAL,585293.4222345498
2021-09-24,2021Q3,ANTARCHILE,5608613.732112656
2021-09-24,2021Q3,IAM,523003.1558433071
2021-09-24,2021Q3,INVERCAP,542396.30038608
2021-09-24,2021Q3,QUINENCO,0.0
2021-09-25,2021Q3,ALMENDRAL,585293.4222345498
2021-09-25,2021Q3,ANTARCHILE,5608613.732112656
2021-09-25,2021Q3,IAM,523003.1558433071
2021-09-25,2021Q3,INVERCAP,542396.30038608
2021-09-25,2021Q3,QUINENCO,0.0
2021-09-26,2021Q3,ALMENDRAL,585293.4222345498
2021-09-26,2021Q3,ANTARCHILE,5608613.732112656
2021-09-26,2021Q3,IAM,523003.1558433071
2021-09-26,2021Q3,INVERCAP,542396.30038608
2021-09-26,2021Q3,QUINENCO,0.0
2021-09-27,2021Q3,ALMENDRAL,580544.2543973131
2021-09-27,2021Q3,ANTARCHILE,5531264.59292846
2021-09-27,2021Q3,IAM,519896.08456866594
2021-09-27,2021Q3,INVERCAP,556037.404946688
2021-09-27,2021Q3,QUINENCO,0.0
2021-09-28,2021Q3,ALMENDRAL,568472.0690208409
2021-09-28,2021Q3,ANTARCHILE,5428717.053164582
2021-09-28,2021Q3,IAM,510390.2922531797
2021-09-28,2021Q3,INVERCAP,546293.7588319681
2021-09-28,2021Q3,QUINENCO,0.0
2021-09-29,2021Q3,ALMENDRAL,557944.193465568
2021-09-29,2021Q3,ANTARCHILE,5429492.179829046
2021-09-29,2021Q3,IAM,509129.005894167
2021-09-29,2021Q3,INVERCAP,552139.9465008001
2021-09-29,2021Q3,QUINENCO,0.0
2021-09-30,2021Q3,ALMENDRAL,554689.5190036854
2021-09-30,2021Q3,ANTARCHILE,5556394.114029231
2021-09-30,2021Q3,IAM,501438.235412382
2021-09-30,2021Q3,INVERCAP,559934.863392576
2021-09-30,2021Q3,QUINENCO,0.0
2021-10-01,2021Q4,ALMENDRAL,553743.0065326279
2021-10-01,2021Q4,ANTARCHILE,5595018.870462474
2021-10-01,2021Q4,IAM,494301.2004052856
2021-10-01,2021Q4,INVERCAP,528755.195825472
2021-10-01,2021Q4,QUINENCO,0.0
2021-10-02,2021Q4,ALMENDRAL,553743.0065326279
2021-10-02,2021Q4,ANTARCHILE,5595018.870462474
2021-10-02,2021Q4,IAM,494301.2004052856
2021-10-02,2021Q4,INVERCAP,528755.195825472
2021-10-02,2021Q4,QUINENCO,0.0
2021-10-03,2021Q4,ALMENDRAL,553743.0065326279
2021-10-03,2021Q4,ANTARCHILE,5595018.870462474
2021-10-03,2021Q4,IAM,494301.2004052856
2021-10-03,2021Q4,INVERCAP,528755.195825472
2021-10-03,2021Q4,QUINENCO,0.0
2021-10-04,2021Q4,ALMENDRAL,526393.777763646
2021-10-04,2021Q4,ANTARCHILE,5435552.616629796
2021-10-04,2021Q4,IAM,495285.61902695394
2021-10-04,2021Q4,INVERCAP,500602.5543180077
2021-10-04,2021Q4,QUINENCO,0.0
2021-10-05,2021Q4,ALMENDRAL,556283.64527073
2021-10-05,2021Q4,ANTARCHILE,5365812.690415014
2021-10-05,2021Q4,IAM,495285.61902695394
2021-10-05,2021Q4,INVERCAP,481466.03334869765
2021-10-05,2021Q4,QUINENCO,0.0
2021-10-06,2021Q4,ALMENDRAL,579415.0816248233
2021-10-06,2021Q4,ANTARCHILE,5136744.077798865
2021-10-06,2021Q4,IAM,486056.694448812
2021-10-06,2021Q4,INVERCAP,467045.437098912
2021-10-06,2021Q4,QUINENCO,0.0
2021-10-07,2021Q4,ALMENDRAL,581739.8490975966
2021-10-07,2021Q4,ANTARCHILE,5044537.02206995
2021-10-07,2021Q4,IAM,487594.848545169
2021-10-07,2021Q4,INVERCAP,481530.9909894625
2021-10-07,2021Q4,QUINENCO,0.0
2021-10-08,2021Q4,ALMENDRAL,589494.6091674899
2021-10-08,2021Q4,ANTARCHILE,5019534.317988415
2021-10-08,2021Q4,IAM,489133.002641526
2021-10-08,2021Q4,INVERCAP,513100.40440115525
2021-10-08,2021Q4,QUINENCO,0.0
2021-10-09,2021Q4,ALMENDRAL,589494.6091674899
2021-10-09,2021Q4,ANTARCHILE,5019534.317988415
2021-10-09,2021Q4,IAM,489133.002641526
2021-10-09,2021Q4,INVERCAP,513100.40440115525
2021-10-09,2021Q4,QUINENCO,0.0
2021-10-10,2021Q4,ALMENDRAL,589494.6091674899
2021-10-10,2021Q4,ANTARCHILE,5019534.317988415
2021-10-10,2021Q4,IAM,489133.002641526
2021-10-10,2021Q4,INVERCAP,513100.40440115525
2021-10-10,2021Q4,QUINENCO,0.0
2021-10-11,2021Q4,ALMENDRAL,589494.6091674899
2021-10-11,2021Q4,ANTARCHILE,5019534.317988415
2021-10-11,2021Q4,IAM,489133.002641526
2021-10-11,2021Q4,INVERCAP,513100.40440115525
2021-10-11,2021Q4,QUINENCO,0.0
2021-10-12,2021Q4,ALMENDRAL,574715.7302334318
2021-10-12,2021Q4,ANTARCHILE,5012775.0198034495
2021-10-12,2021Q4,IAM,481842.15222479374
2021-10-12,2021Q4,INVERCAP,493678.06981248007
2021-10-12,2021Q4,QUINENCO,0.0
2021-10-13,2021Q4,ALMENDRAL,572889.1272191099
2021-10-13,2021Q4,ANTARCHILE,4782288.195701657
2021-10-13,2021Q4,IAM,479904.078063384
2021-10-13,2021Q4,INVERCAP,477438.65962128
2021-10-13,2021Q4,QUINENCO,0.0
2021-10-14,2021Q4,ALMENDRAL,570398.3049268529
2021-10-14,2021Q4,ANTARCHILE,4702730.892001571
2021-10-14,2021Q4,IAM,479904.078063384
2021-10-14,2021Q4,INVERCAP,467695.01350656
2021-10-14,2021Q4,QUINENCO,0.0
2021-10-15,2021Q4,ALMENDRAL,560435.015757825
2021-10-15,2021Q4,ANTARCHILE,4745506.799672799
2021-10-15,2021Q4,IAM,455293.612521672
2021-10-15,2021Q4,INVERCAP,499849.04568513605
2021-10-15,2021Q4,QUINENCO,0.0
2021-10-16,2021Q4,ALMENDRAL,560435.015757825
2021-10-16,2021Q4,ANTARCHILE,4745506.799672799
2021-10-16,2021Q4,IAM,455293.612521672
2021-10-16,2021Q4,INVERCAP,499849.04568513605
2021-10-16,2021Q4,QUINENCO,0.0
2021-10-17,2021Q4,ALMENDRAL,560435.015757825
2021-10-17,2021Q4,ANTARCHILE,4745506.799672799
2021-10-17,2021Q4,IAM,455293.612521672
2021-10-17,2021Q4,INVERCAP,499849.04568513605
2021-10-17,2021Q4,QUINENCO,0.0
2021-10-18,2021Q4,ALMENDRAL,557944.193465568
2021-10-18,2021Q4,ANTARCHILE,4815909.068555342
2021-10-18,2021Q4,IAM,465599.24496726383
2021-10-18,2021Q4,INVERCAP,503161.88536414085
2021-10-18,2021Q4,QUINENCO,0.0
2021-10-19,2021Q4,ALMENDRAL,560435.015757825
2021-10-19,2021Q4,ANTARCHILE,4796259.678745476
2021-10-19,2021Q4,IAM,473074.6738755589
2021-10-19,2021Q4,INVERCAP,519661.12611839996
2021-10-19,2021Q4,QUINENCO,0.0
2021-10-20,2021Q4,ALMENDRAL,561066.0240718635
2021-10-20,2021Q4,ANTARCHILE,4902602.29183403
2021-10-20,2021Q4,IAM,474366.72331649874
2021-10-20,2021Q4,INVERCAP,516224.86692194216
2021-10-20,2021Q4,QUINENCO,0.0
2021-10-21,2021Q4,ALMENDRAL,548811.178393959
2021-10-21,2021Q4,ANTARCHILE,4972177.405152856
2021-10-21,2021Q4,IAM,473751.461677956
2021-10-21,2021Q4,INVERCAP,516283.32879863045
2021-10-21,2021Q4,QUINENCO,0.0
2021-10-22,2021Q4,ALMENDRAL,570730.4145658206
2021-10-22,2021Q4,ANTARCHILE,5014913.703023693
2021-10-22,2021Q4,IAM,476520.1390513986
2021-10-22,2021Q4,INVERCAP,539148.41834784
2021-10-22,2021Q4,QUINENCO,0.0
2021-10-23,2021Q4,ALMENDRAL,570730.4145658206
2021-10-23,2021Q4,ANTARCHILE,5014913.703023693
2021-10-23,2021Q4,IAM,476520.1390513986
2021-10-23,2021Q4,INVERCAP,539148.41834784
2021-10-23,2021Q4,QUINENCO,0.0
2021-10-24,2021Q4,ALMENDRAL,570730.4145658206
2021-10-24,2021Q4,ANTARCHILE,5014913.703023693
2021-10-24,2021Q4,IAM,476520.1390513986
2021-10-24,2021Q4,INVERCAP,539148.41834784
2021-10-24,2021Q4,QUINENCO,0.0
2021-10-25,2021Q4,ALMENDRAL,583682.690485557
2021-10-25,2021Q4,ANTARCHILE,5201120.863873612
2021-10-25,2021Q4,IAM,488856.13490418176
2021-10-25,2021Q4,INVERCAP,582020.4612526081
2021-10-25,2021Q4,QUINENCO,0.0
2021-10-26,2021Q4,ALMENDRAL,585011.1290414274
2021-10-26,2021Q4,ANTARCHILE,5443663.736088698
2021-10-26,2021Q4,IAM,478058.2931477556
2021-10-26,2021Q4,INVERCAP,554088.6757237441
2021-10-26,2021Q4,QUINENCO,0.0
2021-10-27,2021Q4,ALMENDRAL,572889.1272191099
2021-10-27,2021Q4,ANTARCHILE,5112702.732101616
2021-10-27,2021Q4,IAM,472643.99072857894
2021-10-27,2021Q4,INVERCAP,528755.195825472
2021-10-27,2021Q4,QUINENCO,0.0
2021-10-28,2021Q4,ALMENDRAL,464936.8890726916
2021-10-28,2021Q4,ANTARCHILE,5160967.874752035
2021-10-28,2021Q4,IAM,451325.17495307093
2021-10-28,2021Q4,INVERCAP,537264.6467656608
2021-10-28,2021Q4,QUINENCO,0.0
2021-10-29,2021Q4,ALMENDRAL,463126.8915403182
2021-10-29,2021Q4,ANTARCHILE,5167913.027166729
2021-10-29,2021Q4,IAM,476827.76987067
2021-10-29,2021Q4,INVERCAP,523038.9234381696
2021-10-29,2021Q4,QUINENCO,0.0
2021-10-30,2021Q4,ALMENDRAL,463126.8915403182
2021-10-30,2021Q4,ANTARCHILE,5167913.027166729
2021-10-30,2021Q4,IAM,476827.76987067
2021-10-30,2021Q4,INVERCAP,523038.9234381696
2021-10-30,2021Q4,QUINENCO,0.0
2021-10-31,2021Q4,ALMENDRAL,463126.8915403182
2021-10-31,2021Q4,ANTARCHILE,5167913.027166729
2021-10-31,2021Q4,IAM,476827.76987067
2021-10-31,2021Q4,INVERCAP,523038.9234381696
2021-10-31,2021Q4,QUINENCO,0.0
2021-11-01,2021Q4,ALMENDRAL,463126.8915403182
2021-11-01,2021Q4,ANTARCHILE,5167913.027166729
2021-11-01,2021Q4,IAM,476827.76987067
2021-11-01,2021Q4,INVERCAP,523038.9234381696
2021-11-01,2021Q4,QUINENCO,0.0
2021-11-02,2021Q4,ALMENDRAL,464953.49455463997
2021-11-02,2021Q4,ANTARCHILE,5170103.602522823
2021-11-02,2021Q4,IAM,484518.540352455
2021-11-02,2021Q4,INVERCAP,506669.59796544
2021-11-02,2021Q4,QUINENCO,0.0
2021-11-03,2021Q4,ALMENDRAL,496503.91025656194
2021-11-03,2021Q4,ANTARCHILE,5400159.697354729
2021-11-03,2021Q4,IAM,469536.9194539378
2021-11-03,2021Q4,INVERCAP,519726.08375916485
2021-11-03,2021Q4,QUINENCO,0.0
2021-11-04,2021Q4,ALMENDRAL,514437.8307608124
2021-11-04,2021Q4,ANTARCHILE,5296007.659622269
2021-11-04,2021Q4,IAM,489133.002641526
2021-11-04,2021Q4,INVERCAP,512210.4847226775
2021-11-04,2021Q4,QUINENCO,0.0
2021-11-05,2021Q4,ALMENDRAL,506583.43779922865
2021-11-05,2021Q4,ANTARCHILE,5148883.415903699
2021-11-05,2021Q4,IAM,481288.4167501052
2021-11-05,2021Q4,INVERCAP,506669.59796544
2021-11-05,2021Q4,QUINENCO,0.0
2021-11-06,2021Q4,ALMENDRAL,506583.43779922865
2021-11-06,2021Q4,ANTARCHILE,5148883.415903699
2021-11-06,2021Q4,IAM,481288.4167501052
2021-11-06,2021Q4,INVERCAP,506669.59796544
2021-11-06,2021Q4,QUINENCO,0.0
2021-11-07,2021Q4,ALMENDRAL,506583.43779922865
2021-11-07,2021Q4,ANTARCHILE,5148883.415903699
2021-11-07,2021Q4,IAM,481288.4167501052
2021-11-07,2021Q4,INVERCAP,506669.59796544
2021-11-07,2021Q4,QUINENCO,0.0
2021-11-08,2021Q4,ALMENDRAL,509771.6903333176
2021-11-08,2021Q4,ANTARCHILE,4955932.5710149
2021-11-08,2021Q4,IAM,466829.76824434946
2021-11-08,2021Q4,INVERCAP,474190.77758304006
2021-11-08,2021Q4,QUINENCO,0.0
2021-11-09,2021Q4,ALMENDRAL,530545.148250741
2021-11-09,2021Q4,ANTARCHILE,5209233.876345936
2021-11-09,2021Q4,IAM,465045.5094925753
2021-11-09,2021Q4,INVERCAP,481336.11806716805
2021-11-09,2021Q4,QUINENCO,0.0
2021-11-10,2021Q4,ALMENDRAL,527224.051861065
2021-11-10,2021Q4,ANTARCHILE,5328881.9369098805
2021-11-10,2021Q4,IAM,468029.52843950794
2021-11-10,2021Q4,INVERCAP,478088.236028928
2021-11-10,2021Q4,QUINENCO,0.0
2021-11-11,2021Q4,ALMENDRAL,529548.8193338382
2021-11-11,2021Q4,ANTARCHILE,5345865.980812578
2021-11-11,2021Q4,IAM,465445.42955762823
2021-11-11,2021Q4,INVERCAP,498874.681073664
2021-11-11,2021Q4,QUINENCO,0.0
2021-11-12,2021Q4,ALMENDRAL,527705.610837568
2021-11-12,2021Q4,ANTARCHILE,5169329.953018625
2021-11-12,2021Q4,IAM,458369.920714386
2021-11-12,2021Q4,INVERCAP,481985.69447481603
2021-11-12,2021Q4,QUINENCO,0.0
2021-11-13,2021Q4,ALMENDRAL,527705.610837568
2021-11-13,2021Q4,ANTARCHILE,5169329.953018625
2021-11-13,2021Q4,IAM,458369.920714386
2021-11-13,2021Q4,INVERCAP,481985.69447481603
2021-11-13,2021Q4,QUINENCO,0.0
2021-11-14,2021Q4,ALMENDRAL,527705.610837568
2021-11-14,2021Q4,ANTARCHILE,5169329.953018625
2021-11-14,2021Q4,IAM,458369.920714386
2021-11-14,2021Q4,INVERCAP,481985.69447481603
2021-11-14,2021Q4,QUINENCO,0.0
2021-11-15,2021Q4,ALMENDRAL,502315.82893849496
2021-11-15,2021Q4,ANTARCHILE,4886031.524804828
2021-11-15,2021Q4,IAM,462769.04142996704
2021-11-15,2021Q4,INVERCAP,474190.77758304006
2021-11-15,2021Q4,QUINENCO,0.0
2021-11-16,2021Q4,ALMENDRAL,491522.265672048
2021-11-16,2021Q4,ANTARCHILE,4755623.931454758
2021-11-16,2021Q4,IAM,458369.920714386
2021-11-16,2021Q4,INVERCAP,445674.37328729284
2021-11-16,2021Q4,QUINENCO,0.0
2021-11-17,2021Q4,ALMENDRAL,468274.590944316
2021-11-17,2021Q4,ANTARCHILE,4760939.249849704
2021-11-17,2021Q4,IAM,453755.45842531504
2021-11-17,2021Q4,INVERCAP,431188.8193967424
2021-11-17,2021Q4,QUINENCO,0.0
2021-11-18,2021Q4,ALMENDRAL,475215.6823987388
2021-11-18,2021Q4,ANTARCHILE,4984145.884957266
2021-11-18,2021Q4,IAM,461446.22890710004
2021-11-18,2021Q4,INVERCAP,435281.1507649248
2021-11-18,2021Q4,QUINENCO,0.0
2021-11-19,2021Q4,ALMENDRAL,481558.97650302
2021-11-19,2021Q4,ANTARCHILE,5036547.905096444
2021-11-19,2021Q4,IAM,467598.845292528
2021-11-19,2021Q4,INVERCAP,438788.86336622405
2021-11-19,2021Q4,QUINENCO,0.0
2021-11-20,2021Q4,ALMENDRAL,481558.97650302
2021-11-20,2021Q4,ANTARCHILE,5036547.905096444
2021-11-20,2021Q4,IAM,467598.845292528
2021-11-20,2021Q4,INVERCAP,438788.86336622405
2021-11-20,2021Q4,QUINENCO,0.0
2021-11-21,2021Q4,ALMENDRAL,481558.97650302
2021-11-21,2021Q4,ANTARCHILE,5036547.905096444
2021-11-21,2021Q4,IAM,467598.845292528
2021-11-21,2021Q4,INVERCAP,438788.86336622405
2021-11-21,2021Q4,QUINENCO,0.0
2021-11-22,2021Q4,ALMENDRAL,539644.9523584532
2021-11-22,2021Q4,ANTARCHILE,5567641.055228981
2021-11-22,2021Q4,IAM,556781.0197993069
2021-11-22,2021Q4,INVERCAP,503421.71592720004
2021-11-22,2021Q4,QUINENCO,0.0
2021-11-23,2021Q4,ALMENDRAL,530993.4962633472
2021-11-23,2021Q4,ANTARCHILE,5410108.925156796
2021-11-23,2021Q4,IAM,556811.782881234
2021-11-23,2021Q4,INVERCAP,492378.91699718405
2021-11-23,2021Q4,QUINENCO,0.0
2021-11-24,2021Q4,ALMENDRAL,527722.2163195164
2021-11-24,2021Q4,ANTARCHILE,5172108.821502632
2021-11-24,2021Q4,IAM,544506.550110378
2021-11-24,2021Q4,INVERCAP,497900.31646219204
2021-11-24,2021Q4,QUINENCO,0.0
2021-11-25,2021Q4,ALMENDRAL,516463.6995585147
2021-11-25,2021Q4,ANTARCHILE,5020382.892375999
2021-11-25,2021Q4,IAM,535277.6255322361
2021-11-25,2021Q4,INVERCAP,487831.882143648
2021-11-25,2021Q4,QUINENCO,0.0
2021-11-26,2021Q4,ALMENDRAL,511548.4769017942
2021-11-26,2021Q4,ANTARCHILE,5206672.588237273
2021-11-26,2021Q4,IAM,552504.9514114343
2021-11-26,2021Q4,INVERCAP,474255.7352238049
2021-11-26,2021Q4,QUINENCO,0.0
2021-11-27,2021Q4,ALMENDRAL,511548.4769017942
2021-11-27,2021Q4,ANTARCHILE,5206672.588237273
2021-11-27,2021Q4,IAM,552504.9514114343
2021-11-27,2021Q4,INVERCAP,474255.7352238049
2021-11-27,2021Q4,QUINENCO,0.0
2021-11-28,2021Q4,ALMENDRAL,511548.4769017942
2021-11-28,2021Q4,ANTARCHILE,5206672.588237273
2021-11-28,2021Q4,IAM,552504.9514114343
2021-11-28,2021Q4,INVERCAP,474255.7352238049
2021-11-28,2021Q4,QUINENCO,0.0
2021-11-29,2021Q4,ALMENDRAL,497998.4036319162
2021-11-29,2021Q4,ANTARCHILE,5200909.689992779
2021-11-29,2021Q4,IAM,541430.241917664
2021-11-29,2021Q4,INVERCAP,477438.65962128
2021-11-29,2021Q4,QUINENCO,0.0
2021-11-30,2021Q4,ALMENDRAL,481625.3984308135
2021-11-30,2021Q4,ANTARCHILE,4929241.116066474
2021-11-30,2021Q4,IAM,544506.550110378
2021-11-30,2021Q4,INVERCAP,485103.66123152646
2021-11-30,2021Q4,QUINENCO,0.0
2021-12-01,2021Q4,ALMENDRAL,478237.880113344
2021-12-01,2021Q4,ANTARCHILE,4951571.225202907
2021-12-01,2021Q4,IAM,538353.9337249501
2021-12-01,2021Q4,INVERCAP,493678.06981248007
2021-12-01,2021Q4,QUINENCO,0.0
2021-12-02,2021Q4,ALMENDRAL,469935.139139154
2021-12-02,2021Q4,ANTARCHILE,5150205.146918689
2021-12-02,2021Q4,IAM,545737.0733874637
2021-12-02,2021Q4,INVERCAP,483934.42369776004
2021-12-02,2021Q4,QUINENCO,0.0
2021-12-03,2021Q4,ALMENDRAL,469436.97468070255
2021-12-03,2021Q4,ANTARCHILE,5004820.205805997
2021-12-03,2021Q4,IAM,547582.858303092
2021-12-03,2021Q4,INVERCAP,480686.54165952007
2021-12-03,2021Q4,QUINENCO,0.0
2021-12-04,2021Q4,ALMENDRAL,469436.97468070255
2021-12-04,2021Q4,ANTARCHILE,5004820.205805997
2021-12-04,2021Q4,IAM,547582.858303092
2021-12-04,2021Q4,INVERCAP,480686.54165952007
2021-12-04,2021Q4,QUINENCO,0.0
2021-12-05,2021Q4,ALMENDRAL,469436.97468070255
2021-12-05,2021Q4,ANTARCHILE,5004820.205805997
2021-12-05,2021Q4,IAM,547582.858303092
2021-12-05,2021Q4,INVERCAP,480686.54165952007
2021-12-05,2021Q4,QUINENCO,0.0
2021-12-06,2021Q4,ALMENDRAL,460885.1514772869
2021-12-06,2021Q4,ANTARCHILE,5030604.683773195
2021-12-06,2021Q4,IAM,552197.320592163
2021-12-06,2021Q4,INVERCAP,476139.506805984
2021-12-06,2021Q4,QUINENCO,0.0
2021-12-07,2021Q4,ALMENDRAL,464953.49455463997
2021-12-07,2021Q4,ANTARCHILE,4974283.727610639
2021-12-07,2021Q4,IAM,550659.1664958061
2021-12-07,2021Q4,INVERCAP,502648.72000209894
2021-12-07,2021Q4,QUINENCO,0.0
2021-12-08,2021Q4,ALMENDRAL,464953.49455463997
2021-12-08,2021Q4,ANTARCHILE,4974283.727610639
2021-12-08,2021Q4,IAM,550659.1664958061
2021-12-08,2021Q4,INVERCAP,502648.72000209894
2021-12-08,2021Q4,QUINENCO,0.0
2021-12-09,2021Q4,ALMENDRAL,473256.23552883
2021-12-09,2021Q4,ANTARCHILE,5014930.553603355
2021-12-09,2021Q4,IAM,547275.2274838206
2021-12-09,2021Q4,INVERCAP,503356.7582864352
2021-12-09,2021Q4,QUINENCO,0.0
2021-12-10,2021Q4,ALMENDRAL,473256.23552883
2021-12-10,2021Q4,ANTARCHILE,5095718.6881989185
2021-12-10,2021Q4,IAM,556504.1520619625
2021-12-10,2021Q4,INVERCAP,506734.55560620484
2021-12-10,2021Q4,QUINENCO,0.0
2021-12-11,2021Q4,ALMENDRAL,473256.23552883
2021-12-11,2021Q4,ANTARCHILE,5095718.6881989185
2021-12-11,2021Q4,IAM,556504.1520619625
2021-12-11,2021Q4,INVERCAP,506734.55560620484
2021-12-11,2021Q4,QUINENCO,0.0
2021-12-12,2021Q4,ALMENDRAL,473256.23552883
2021-12-12,2021Q4,ANTARCHILE,5095718.6881989185
2021-12-12,2021Q4,IAM,556504.1520619625
2021-12-12,2021Q4,INVERCAP,506734.55560620484
2021-12-12,2021Q4,QUINENCO,0.0
2021-12-13,2021Q4,ALMENDRAL,461632.398164964
2021-12-13,2021Q4,ANTARCHILE,4881011.392462336
2021-12-13,2021Q4,IAM,538353.9337249501
2021-12-13,2021Q4,INVERCAP,507968.750780736
2021-12-13,2021Q4,QUINENCO,0.0
2021-12-14,2021Q4,ALMENDRAL,453329.657190774
2021-12-14,2021Q4,ANTARCHILE,4844416.091389897
2021-12-14,2021Q4,IAM,526048.700954094
2021-12-14,2021Q4,INVERCAP,470293.319137152
2021-12-14,2021Q4,QUINENCO,0.0
2021-12-15,2021Q4,ALMENDRAL,464953.49455463997
2021-12-15,2021Q4,ANTARCHILE,5091843.0548765985
2021-12-15,2021Q4,IAM,522972.39276138
2021-12-15,2021Q4,INVERCAP,478724.82090842305
2021-12-15,2021Q4,QUINENCO,0.0
2021-12-16,2021Q4,ALMENDRAL,469935.139139154
2021-12-16,2021Q4,ANTARCHILE,5333179.573303891
2021-12-16,2021Q4,IAM,538353.9337249501
2021-12-16,2021Q4,INVERCAP,500173.83388895995
2021-12-16,2021Q4,QUINENCO,0.0
2021-12-17,2021Q4,ALMENDRAL,479732.37348869815
2021-12-17,2021Q4,ANTARCHILE,5361198.78827172
2021-12-17,2021Q4,IAM,538969.1953634927
2021-12-17,2021Q4,INVERCAP,474190.77758304006
2021-12-17,2021Q4,QUINENCO,0.0
2021-12-18,2021Q4,ALMENDRAL,479732.37348869815
2021-12-18,2021Q4,ANTARCHILE,5361198.78827172
2021-12-18,2021Q4,IAM,538969.1953634927
2021-12-18,2021Q4,INVERCAP,474190.77758304006
2021-12-18,2021Q4,QUINENCO,0.0
2021-12-19,2021Q4,ALMENDRAL,479732.37348869815
2021-12-19,2021Q4,ANTARCHILE,5361198.78827172
2021-12-19,2021Q4,IAM,538969.1953634927
2021-12-19,2021Q4,INVERCAP,474190.77758304006
2021-12-19,2021Q4,QUINENCO,0.0
2021-12-20,2021Q4,ALMENDRAL,456999.468701366
2021-12-20,2021Q4,ANTARCHILE,5171957.166285672
2021-12-20,2021Q4,IAM,504514.543605096
2021-12-20,2021Q4,INVERCAP,466395.86069126404
2021-12-20,2021Q4,QUINENCO,0.0
2021-12-21,2021Q4,ALMENDRAL,463292.946359802
2021-12-21,2021Q4,ANTARCHILE,5119846.707679983
2021-12-21,2021Q4,IAM,486641.19300542766
2021-12-21,2021Q4,INVERCAP,508293.53898456006
2021-12-21,2021Q4,QUINENCO,0.0
2021-12-22,2021Q4,ALMENDRAL,458792.860751791
2021-12-22,2021Q4,ANTARCHILE,5007677.41854725
2021-12-22,2021Q4,IAM,467598.845292528
2021-12-22,2021Q4,INVERCAP,522909.00815664005
2021-12-22,2021Q4,QUINENCO,0.0
2021-12-23,2021Q4,ALMENDRAL,459971.849970126
2021-12-23,2021Q4,ANTARCHILE,5297823.520216733
2021-12-23,2021Q4,IAM,482980.386256098
2021-12-23,2021Q4,INVERCAP,538823.630144016
2021-12-23,2021Q4,QUINENCO,0.0
2021-12-24,2021Q4,ALMENDRAL,462711.7544916087
2021-12-24,2021Q4,ANTARCHILE,5263192.660271838
2021-12-24,2021Q4,IAM,489133.002641526
2021-12-24,2021Q4,INVERCAP,555387.82853904
2021-12-24,2021Q4,QUINENCO,0.0
2021-12-25,2021Q4,ALMENDRAL,462711.7544916087
2021-12-25,2021Q4,ANTARCHILE,5263192.660271838
2021-12-25,2021Q4,IAM,489133.002641526
2021-12-25,2021Q4,INVERCAP,555387.82853904
2021-12-25,2021Q4,QUINENCO,0.0
2021-12-26,2021Q4,ALMENDRAL,462711.7544916087
2021-12-26,2021Q4,ANTARCHILE,5263192.660271838
2021-12-26,2021Q4,IAM,489133.002641526
2021-12-26,2021Q4,INVERCAP,555387.82853904
2021-12-26,2021Q4,QUINENCO,0.0
2021-12-27,2021Q4,ALMENDRAL,456650.75358045
2021-12-27,2021Q4,ANTARCHILE,5095379.942318657
2021-12-27,2021Q4,IAM,486087.45753073914
2021-12-27,2021Q4,INVERCAP,535900.5363096
2021-12-27,2021Q4,QUINENCO,0.0
2021-12-28,2021Q4,ALMENDRAL,456650.75358045
2021-12-28,2021Q4,ANTARCHILE,5147142.499374149
2021-12-28,2021Q4,IAM,486056.694448812
2021-12-28,2021Q4,INVERCAP,529404.77223312
2021-12-28,2021Q4,QUINENCO,0.0
2021-12-29,2021Q4,ALMENDRAL,464953.49455463997
2021-12-29,2021Q4,ANTARCHILE,5202632.607072322
2021-12-29,2021Q4,IAM,476520.1390513986
2021-12-29,2021Q4,INVERCAP,537193.1933608195
2021-12-29,2021Q4,QUINENCO,0.0
2021-12-30,2021Q4,ALMENDRAL,478071.82529386017
2021-12-30,2021Q4,ANTARCHILE,5337600.935633201
2021-12-30,2021Q4,IAM,476827.76987067
2021-12-30,2021Q4,INVERCAP,539148.41834784
2021-12-30,2021Q4,QUINENCO,0.0
2021-12-31,2021Q4,ALMENDRAL,478071.82529386017
2021-12-31,2021Q4,ANTARCHILE,5337600.935633201
2021-12-31,2021Q4,IAM,476827.76987067
2021-12-31,2021Q4,INVERCAP,539148.41834784
2021-12-31,2021Q4,QUINENCO,0.0
2022-01-01,2022Q1,ALMENDRAL,478071.82529386017
2022-01-01,2022Q1,ANTARCHILE,5337600.935633201
2022-01-01,2022Q1,IAM,476827.76987067
2022-01-01,2022Q1,INVERCAP,539148.41834784
2022-01-01,2022Q1,QUINENCO,0.0
2022-01-02,2022Q1,ALMENDRAL,478071.82529386017
2022-01-02,2022Q1,ANTARCHILE,5337600.935633201
2022-01-02,2022Q1,IAM,476827.76987067
2022-01-02,2022Q1,INVERCAP,539148.41834784
2022-01-02,2022Q1,QUINENCO,0.0
2022-01-03,2022Q1,ALMENDRAL,473256.23552883
2022-01-03,2022Q1,ANTARCHILE,5251382.482905589
2022-01-03,2022Q1,IAM,469906.07643706346
2022-01-03,2022Q1,INVERCAP,562909.9233396038
2022-01-03,2022Q1,QUINENCO,0.0
2022-01-04,2022Q1,ALMENDRAL,478437.14589672454
2022-01-04,2022Q1,ANTARCHILE,5206977.977648189
2022-01-04,2022Q1,IAM,466214.50660580676
2022-01-04,2022Q1,INVERCAP,551815.158296976
2022-01-04,2022Q1,QUINENCO,0.0
2022-01-05,2022Q1,ALMENDRAL,490193.8271161776
2022-01-05,2022Q1,ANTARCHILE,5138717.209543019
2022-01-05,2022Q1,IAM,476827.76987067
2022-01-05,2022Q1,INVERCAP,564494.889774265
2022-01-05,2022Q1,QUINENCO,0.0
2022-01-06,2022Q1,ALMENDRAL,490193.8271161776
2022-01-06,2022Q1,ANTARCHILE,5065906.784929038
2022-01-06,2022Q1,IAM,491347.9445402801
2022-01-06,2022Q1,INVERCAP,544345.0296090241
2022-01-06,2022Q1,QUINENCO,0.0
2022-01-07,2022Q1,ALMENDRAL,481558.97650302
2022-01-07,2022Q1,ANTARCHILE,4997364.727030543
2022-01-07,2022Q1,IAM,504514.543605096
2022-01-07,2022Q1,INVERCAP,545325.8899845725
2022-01-07,2022Q1,QUINENCO,0.0
2022-01-08,2022Q1,ALMENDRAL,481558.97650302
2022-01-08,2022Q1,ANTARCHILE,4997364.727030543
2022-01-08,2022Q1,IAM,504514.543605096
2022-01-08,2022Q1,INVERCAP,545325.8899845725
2022-01-08,2022Q1,QUINENCO,0.0
2022-01-09,2022Q1,ALMENDRAL,481558.97650302
2022-01-09,2022Q1,ANTARCHILE,4997364.727030543
2022-01-09,2022Q1,IAM,504514.543605096
2022-01-09,2022Q1,INVERCAP,545325.8899845725
2022-01-09,2022Q1,QUINENCO,0.0
2022-01-10,2022Q1,ALMENDRAL,490691.991574629
2022-01-10,2022Q1,ANTARCHILE,5020609.198949537
2022-01-10,2022Q1,IAM,492578.4678173657
2022-01-10,2022Q1,INVERCAP,536420.1974357185
2022-01-10,2022Q1,QUINENCO,0.0
2022-01-11,2022Q1,ALMENDRAL,501967.113817579
2022-01-11,2022Q1,ANTARCHILE,5085172.30430734
2022-01-11,2022Q1,IAM,501592.0508220177
2022-01-11,2022Q1,INVERCAP,552139.9465008001
2022-01-11,2022Q1,QUINENCO,0.0
2022-01-12,2022Q1,ALMENDRAL,531209.3675286762
2022-01-12,2022Q1,ANTARCHILE,5200449.4175175605
2022-01-12,2022Q1,IAM,522972.39276138
2022-01-12,2022Q1,INVERCAP,579097.3674181921
2022-01-12,2022Q1,QUINENCO,0.0
2022-01-13,2022Q1,ALMENDRAL,531392.0278301083
2022-01-13,2022Q1,ANTARCHILE,5343475.277477534
2022-01-13,2022Q1,IAM,536815.779628593
2022-01-13,2022Q1,INVERCAP,579097.3674181921
2022-01-13,2022Q1,QUINENCO,0.0
2022-01-14,2022Q1,ALMENDRAL,543480.818688529
2022-01-14,2022Q1,ANTARCHILE,5383077.367531189
2022-01-14,2022Q1,IAM,562933.6361847349
2022-01-14,2022Q1,INVERCAP,565131.4746537601
2022-01-14,2022Q1,QUINENCO,0.0
2022-01-15,2022Q1,ALMENDRAL,543480.818688529
2022-01-15,2022Q1,ANTARCHILE,5383077.367531189
2022-01-15,2022Q1,IAM,562933.6361847349
2022-01-15,2022Q1,INVERCAP,565131.4746537601
2022-01-15,2022Q1,QUINENCO,0.0
2022-01-16,2022Q1,ALMENDRAL,543480.818688529
2022-01-16,2022Q1,ANTARCHILE,5383077.367531189
2022-01-16,2022Q1,IAM,562933.6361847349
2022-01-16,2022Q1,INVERCAP,565131.4746537601
2022-01-16,2022Q1,QUINENCO,0.0
2022-01-17,2022Q1,ALMENDRAL,535211.2886782357
2022-01-17,2022Q1,ANTARCHILE,5361320.916683406
2022-01-17,2022Q1,IAM,567425.0461460972
2022-01-17,2022Q1,INVERCAP,560480.5075750003
2022-01-17,2022Q1,QUINENCO,0.0
2022-01-18,2022Q1,ALMENDRAL,554523.4641842017
2022-01-18,2022Q1,ANTARCHILE,5299472.2318114955
2022-01-18,2022Q1,IAM,586651.9723505598
2022-01-18,2022Q1,INVERCAP,567151.6572815453
2022-01-18,2022Q1,QUINENCO,0.0
2022-01-19,2022Q1,ALMENDRAL,576027.5633073539
2022-01-19,2022Q1,ANTARCHILE,5074919.766071351
2022-01-19,2022Q1,IAM,582960.4025193029
2022-01-19,2022Q1,INVERCAP,573251.17974936
2022-01-19,2022Q1,QUINENCO,0.0
2022-01-20,2022Q1,ALMENDRAL,591420.845073502
2022-01-20,2022Q1,ANTARCHILE,5158675.818427874
2022-01-20,2022Q1,IAM,587267.2339891026
2022-01-20,2022Q1,INVERCAP,581370.88484496
2022-01-20,2022Q1,QUINENCO,0.0
2022-01-21,2022Q1,ALMENDRAL,614568.8869095438
2022-01-21,2022Q1,ANTARCHILE,5739260.269898817
2022-01-21,2022Q1,IAM,613723.4844464429
2022-01-21,2022Q1,INVERCAP,592153.8532119169
2022-01-21,2022Q1,QUINENCO,0.0
2022-01-22,2022Q1,ALMENDRAL,614568.8869095438
2022-01-22,2022Q1,ANTARCHILE,5739260.269898817
2022-01-22,2022Q1,IAM,613723.4844464429
2022-01-22,2022Q1,INVERCAP,592153.8532119169
2022-01-22,2022Q1,QUINENCO,0.0
2022-01-23,2022Q1,ALMENDRAL,614568.8869095438
2022-01-23,2022Q1,ANTARCHILE,5739260.269898817
2022-01-23,2022Q1,IAM,613723.4844464429
2022-01-23,2022Q1,INVERCAP,592153.8532119169
2022-01-23,2022Q1,QUINENCO,0.0
2022-01-24,2022Q1,ALMENDRAL,589594.2420591803
2022-01-24,2022Q1,ANTARCHILE,5598866.793266823
2022-01-24,2022Q1,IAM,609109.022157372
2022-01-24,2022Q1,INVERCAP,566040.8816244672
2022-01-24,2022Q1,QUINENCO,0.0
2022-01-25,2022Q1,ALMENDRAL,600188.5395422467
2022-01-25,2022Q1,ANTARCHILE,5604286.101078573
2022-01-25,2022Q1,IAM,604494.559868301
2022-01-25,2022Q1,INVERCAP,574407.4257549734
2022-01-25,2022Q1,QUINENCO,0.0
2022-01-26,2022Q1,ALMENDRAL,589494.6091674899
2022-01-26,2022Q1,ANTARCHILE,5469972.797765824
2022-01-26,2022Q1,IAM,599880.09757923
2022-01-26,2022Q1,INVERCAP,578123.00280672
2022-01-26,2022Q1,QUINENCO,0.0
2022-01-27,2022Q1,ALMENDRAL,572922.3381830067
2022-01-27,2022Q1,ANTARCHILE,5573108.630657617
2022-01-27,2022Q1,IAM,599880.09757923
2022-01-27,2022Q1,INVERCAP,591114.53095968
2022-01-27,2022Q1,QUINENCO,0.0
2022-01-28,2022Q1,ALMENDRAL,558774.467562987
2022-01-28,2022Q1,ANTARCHILE,5439949.222761666
2022-01-28,2022Q1,IAM,611539.305629616
2022-01-28,2022Q1,INVERCAP,597610.29503616
2022-01-28,2022Q1,QUINENCO,0.0
2022-01-29,2022Q1,ALMENDRAL,558774.467562987
2022-01-29,2022Q1,ANTARCHILE,5439949.222761666
2022-01-29,2022Q1,IAM,611539.305629616
2022-01-29,2022Q1,INVERCAP,597610.29503616
2022-01-29,2022Q1,QUINENCO,0.0
2022-01-30,2022Q1,ALMENDRAL,558774.467562987
2022-01-30,2022Q1,ANTARCHILE,5439949.222761666
2022-01-30,2022Q1,IAM,611539.305629616
2022-01-30,2022Q1,INVERCAP,597610.29503616
2022-01-30,2022Q1,QUINENCO,0.0
2022-01-31,2022Q1,ALMENDRAL,550969.8910472484
2022-01-31,2022Q1,ANTARCHILE,5438601.176388686
2022-01-31,2022Q1,IAM,590651.173001088
2022-01-31,2022Q1,INVERCAP,583969.1904755521
2022-01-31,2022Q1,QUINENCO,0.0
2022-02-01,2022Q1,ALMENDRAL,540989.996396272
2022-02-01,2022Q1,ANTARCHILE,5426626.18612648
2022-02-01,2022Q1,IAM,587144.1816613941
2022-02-01,2022Q1,INVERCAP,616383.0532171872
2022-02-01,2022Q1,QUINENCO,0.0
2022-02-02,2022Q1,ALMENDRAL,542833.2048925422
2022-02-02,2022Q1,ANTARCHILE,5249339.6291390965
2022-02-02,2022Q1,IAM,575884.8936760607
2022-02-02,2022Q1,INVERCAP,617032.6296248352
2022-02-02,2022Q1,QUINENCO,0.0
2022-02-03,2022Q1,ALMENDRAL,518937.9163688234
2022-02-03,2022Q1,ANTARCHILE,5090755.754816614
2022-02-03,2022Q1,IAM,566040.707459376
2022-02-03,2022Q1,INVERCAP,610601.82318912
2022-02-03,2022Q1,QUINENCO,0.0
2022-02-04,2022Q1,ALMENDRAL,500007.66694767016
2022-02-04,2022Q1,ANTARCHILE,5050941.065703501
2022-02-04,2022Q1,IAM,547582.858303092
2022-02-04,2022Q1,INVERCAP,604106.0591126401
2022-02-04,2022Q1,QUINENCO,0.0
2022-02-05,2022Q1,ALMENDRAL,500007.66694767016
2022-02-05,2022Q1,ANTARCHILE,5050941.065703501
2022-02-05,2022Q1,IAM,547582.858303092
2022-02-05,2022Q1,INVERCAP,604106.0591126401
2022-02-05,2022Q1,QUINENCO,0.0
2022-02-06,2022Q1,ALMENDRAL,500007.66694767016
2022-02-06,2022Q1,ANTARCHILE,5050941.065703501
2022-02-06,2022Q1,IAM,547582.858303092
2022-02-06,2022Q1,INVERCAP,604106.0591126401
2022-02-06,2022Q1,QUINENCO,0.0
2022-02-07,2022Q1,ALMENDRAL,506467.19942559
2022-02-07,2022Q1,ANTARCHILE,5106493.594404438
2022-02-07,2022Q1,IAM,552812.5822307058
2022-02-07,2022Q1,INVERCAP,626191.6569726721
2022-02-07,2022Q1,QUINENCO,0.0
2022-02-08,2022Q1,ALMENDRAL,510070.58900838846
2022-02-08,2022Q1,ANTARCHILE,5409410.665589311
2022-02-08,2022Q1,IAM,544506.550110378
2022-02-08,2022Q1,INVERCAP,635201.2817467499
2022-02-08,2022Q1,QUINENCO,0.0
2022-02-09,2022Q1,ALMENDRAL,515600.21449719893
2022-02-09,2022Q1,ANTARCHILE,5442315.689715716
2022-02-09,2022Q1,IAM,549121.0123994489
2022-02-09,2022Q1,INVERCAP,639832.76153328
2022-02-09,2022Q1,QUINENCO,0.0
2022-02-10,2022Q1,ALMENDRAL,531358.8168662116
2022-02-10,2022Q1,ANTARCHILE,5417712.470211836
2022-02-10,2022Q1,IAM,544506.550110378
2022-02-10,2022Q1,INVERCAP,668998.7422366752
2022-02-10,2022Q1,QUINENCO,0.0
2022-02-11,2022Q1,ALMENDRAL,534862.5735573198
2022-02-11,2022Q1,ANTARCHILE,5472972.5100541
2022-02-11,2022Q1,IAM,542968.396014021
2022-02-11,2022Q1,INVERCAP,662567.9358009599
2022-02-11,2022Q1,QUINENCO,0.0
2022-02-12,2022Q1,ALMENDRAL,534862.5735573198
2022-02-12,2022Q1,ANTARCHILE,5472972.5100541
2022-02-12,2022Q1,IAM,542968.396014021
2022-02-12,2022Q1,INVERCAP,662567.9358009599
2022-02-12,2022Q1,QUINENCO,0.0
2022-02-13,2022Q1,ALMENDRAL,534862.5735573198
2022-02-13,2022Q1,ANTARCHILE,5472972.5100541
2022-02-13,2022Q1,IAM,542968.396014021
2022-02-13,2022Q1,INVERCAP,662567.9358009599
2022-02-13,2022Q1,QUINENCO,0.0
2022-02-14,2022Q1,ALMENDRAL,531375.42234816
2022-02-14,2022Q1,ANTARCHILE,5344671.668633554
2022-02-14,2022Q1,IAM,540907.2695249026
2022-02-14,2022Q1,INVERCAP,648277.254832704
2022-02-14,2022Q1,QUINENCO,0.0
2022-02-15,2022Q1,ALMENDRAL,521412.133179132
2022-02-15,2022Q1,ANTARCHILE,5464623.039631422
2022-02-15,2022Q1,IAM,538353.9337249501
2022-02-15,2022Q1,INVERCAP,620995.045711488
2022-02-15,2022Q1,QUINENCO,0.0
2022-02-16,2022Q1,ALMENDRAL,509871.32322500786
2022-02-16,2022Q1,ANTARCHILE,5464084.559662362
2022-02-16,2022Q1,IAM,535277.6255322361
2022-02-16,2022Q1,INVERCAP,609302.670373824
2022-02-16,2022Q1,QUINENCO,0.0
2022-02-17,2022Q1,ALMENDRAL,498164.4584513999
2022-02-17,2022Q1,ANTARCHILE,5268133.573013548
2022-02-17,2022Q1,IAM,516819.776375952
2022-02-17,2022Q1,INVERCAP,593712.836590272
2022-02-17,2022Q1,QUINENCO,0.0
2022-02-18,2022Q1,ALMENDRAL,506467.19942559
2022-02-18,2022Q1,ANTARCHILE,5371296.4078618195
2022-02-18,2022Q1,IAM,523156.97125294287
2022-02-18,2022Q1,INVERCAP,605632.5636706129
2022-02-18,2022Q1,QUINENCO,0.0
2022-02-19,2022Q1,ALMENDRAL,506467.19942559
2022-02-19,2022Q1,ANTARCHILE,5371296.4078618195
2022-02-19,2022Q1,IAM,523156.97125294287
2022-02-19,2022Q1,INVERCAP,605632.5636706129
2022-02-19,2022Q1,QUINENCO,0.0
2022-02-20,2022Q1,ALMENDRAL,506467.19942559
2022-02-20,2022Q1,ANTARCHILE,5371296.4078618195
2022-02-20,2022Q1,IAM,523156.97125294287
2022-02-20,2022Q1,INVERCAP,605632.5636706129
2022-02-20,2022Q1,QUINENCO,0.0
2022-02-21,2022Q1,ALMENDRAL,511448.844010104
2022-02-21,2022Q1,ANTARCHILE,5210505.657438668
2022-02-21,2022Q1,IAM,519896.08456866594
2022-02-21,2022Q1,INVERCAP,610536.8655483553
2022-02-21,2022Q1,QUINENCO,0.0
2022-02-22,2022Q1,ALMENDRAL,504806.651230752
2022-02-22,2022Q1,ANTARCHILE,5163796.676758243
2022-02-22,2022Q1,IAM,513743.468183238
2022-02-22,2022Q1,INVERCAP,609952.246781472
2022-02-22,2022Q1,QUINENCO,0.0
2022-02-23,2022Q1,ALMENDRAL,505470.87050868716
2022-02-23,2022Q1,ANTARCHILE,5018964.730090527
2022-02-23,2022Q1,IAM,493378.30794747133
2022-02-23,2022Q1,INVERCAP,597610.29503616
2022-02-23,2022Q1,QUINENCO,0.0
2022-02-24,2022Q1,ALMENDRAL,484880.07289269596
2022-02-24,2022Q1,ANTARCHILE,5078472.0433328645
2022-02-24,2022Q1,IAM,493378.30794747133
2022-02-24,2022Q1,INVERCAP,584345.9447919878
2022-02-24,2022Q1,QUINENCO,0.0
2022-02-25,2022Q1,ALMENDRAL,499326.8421877866
2022-02-25,2022Q1,ANTARCHILE,5042153.239482911
2022-02-25,2022Q1,IAM,507898.4826170814
2022-02-25,2022Q1,INVERCAP,591108.0351956036
2022-02-25,2022Q1,QUINENCO,0.0
2022-02-26,2022Q1,ALMENDRAL,499326.8421877866
2022-02-26,2022Q1,ANTARCHILE,5042153.239482911
2022-02-26,2022Q1,IAM,507898.4826170814
2022-02-26,2022Q1,INVERCAP,591108.0351956036
2022-02-26,2022Q1,QUINENCO,0.0
2022-02-27,2022Q1,ALMENDRAL,499326.8421877866
2022-02-27,2022Q1,ANTARCHILE,5042153.239482911
2022-02-27,2022Q1,IAM,507898.4826170814
2022-02-27,2022Q1,INVERCAP,591108.0351956036
2022-02-27,2022Q1,QUINENCO,0.0
2022-02-28,2022Q1,ALMENDRAL,493182.81386688596
2022-02-28,2022Q1,ANTARCHILE,5012908.484043883
2022-02-28,2022Q1,IAM,518357.93047230894
2022-02-28,2022Q1,INVERCAP,600286.5498356699
2022-02-28,2022Q1,QUINENCO,0.0
2022-03-01,2022Q1,ALMENDRAL,476245.22227953834
2022-03-01,2022Q1,ANTARCHILE,4983938.628303733
2022-03-01,2022Q1,IAM,499900.081316025
2022-03-01,2022Q1,INVERCAP,608003.517558528
2022-03-01,2022Q1,QUINENCO,0.0
2022-03-02,2022Q1,ALMENDRAL,469287.5253431672
2022-03-02,2022Q1,ANTARCHILE,5040067.460505458
2022-03-02,2022Q1,IAM,501130.6045931106
2022-03-02,2022Q1,INVERCAP,649576.407648
2022-03-02,2022Q1,QUINENCO,0.0
2022-03-03,2022Q1,ALMENDRAL,459141.57587270695
2022-03-03,2022Q1,ANTARCHILE,5123980.338139873
2022-03-03,2022Q1,IAM,499131.00426784647
2022-03-03,2022Q1,INVERCAP,682055.2280304
2022-03-03,2022Q1,QUINENCO,0.0
2022-03-04,2022Q1,ALMENDRAL,456650.75358045
2022-03-04,2022Q1,ANTARCHILE,5312363.198779931
2022-03-04,2022Q1,IAM,496823.773123311
2022-03-04,2022Q1,INVERCAP,701542.52025984
2022-03-04,2022Q1,QUINENCO,0.0
2022-03-05,2022Q1,ALMENDRAL,456650.75358045
2022-03-05,2022Q1,ANTARCHILE,5312363.198779931
2022-03-05,2022Q1,IAM,496823.773123311
2022-03-05,2022Q1,INVERCAP,701542.52025984
2022-03-05,2022Q1,QUINENCO,0.0
2022-03-06,2022Q1,ALMENDRAL,456650.75358045
2022-03-06,2022Q1,ANTARCHILE,5312363.198779931
2022-03-06,2022Q1,IAM,496823.773123311
2022-03-06,2022Q1,INVERCAP,701542.52025984
2022-03-06,2022Q1,QUINENCO,0.0
2022-03-07,2022Q1,ALMENDRAL,457696.898943198
2022-03-07,2022Q1,ANTARCHILE,5392044.537523709
2022-03-07,2022Q1,IAM,496823.773123311
2022-03-07,2022Q1,INVERCAP,725317.0167797569
2022-03-07,2022Q1,QUINENCO,0.0
2022-03-08,2022Q1,ALMENDRAL,464671.20136151754
2022-03-08,2022Q1,ANTARCHILE,5294908.679043555
2022-03-08,2022Q1,IAM,493624.4126028885
2022-03-08,2022Q1,INVERCAP,734021.3406422401
2022-03-08,2022Q1,QUINENCO,0.0
2022-03-09,2022Q1,ALMENDRAL,479234.2090302468
2022-03-09,2022Q1,ANTARCHILE,5298447.30077263
2022-03-09,2022Q1,IAM,501438.235412382
2022-03-09,2022Q1,INVERCAP,708038.28433632
2022-03-09,2022Q1,QUINENCO,0.0
2022-03-10,2022Q1,ALMENDRAL,479898.428308182
2022-03-10,2022Q1,ANTARCHILE,5343668.019655151
2022-03-10,2022Q1,IAM,501130.6045931106
2022-03-10,2022Q1,INVERCAP,719016.1256255712
2022-03-10,2022Q1,QUINENCO,0.0
2022-03-11,2022Q1,ALMENDRAL,469387.1582348574
2022-03-11,2022Q1,ANTARCHILE,5306988.276939353
2022-03-11,2022Q1,IAM,503591.65114728175
2022-03-11,2022Q1,INVERCAP,724927.270935168
2022-03-11,2022Q1,QUINENCO,0.0
2022-03-12,2022Q1,ALMENDRAL,469387.1582348574
2022-03-12,2022Q1,ANTARCHILE,5306988.276939353
2022-03-12,2022Q1,IAM,503591.65114728175
2022-03-12,2022Q1,INVERCAP,724927.270935168
2022-03-12,2022Q1,QUINENCO,0.0
2022-03-13,2022Q1,ALMENDRAL,469387.1582348574
2022-03-13,2022Q1,ANTARCHILE,5306988.276939353
2022-03-13,2022Q1,IAM,503591.65114728175
2022-03-13,2022Q1,INVERCAP,724927.270935168
2022-03-13,2022Q1,QUINENCO,0.0
2022-03-14,2022Q1,ALMENDRAL,456650.75358045
2022-03-14,2022Q1,ANTARCHILE,5389016.157373638
2022-03-14,2022Q1,IAM,495285.61902695394
2022-03-14,2022Q1,INVERCAP,734021.3406422401
2022-03-14,2022Q1,QUINENCO,0.0
2022-03-15,2022Q1,ALMENDRAL,506633.2542450738
2022-03-15,2022Q1,ANTARCHILE,5381021.596812393
2022-03-15,2022Q1,IAM,494085.8588317956
2022-03-15,2022Q1,INVERCAP,727395.6612842305
2022-03-15,2022Q1,QUINENCO,0.0
2022-03-16,2022Q1,ALMENDRAL,500655.280743657
2022-03-16,2022Q1,ANTARCHILE,5343492.128057196
2022-03-16,2022Q1,IAM,495285.61902695394
2022-03-16,2022Q1,INVERCAP,753183.844667856
2022-03-16,2022Q1,QUINENCO,0.0
2022-03-17,2022Q1,ALMENDRAL,502315.82893849496
2022-03-17,2022Q1,ANTARCHILE,5379885.222173688
2022-03-17,2022Q1,IAM,523341.54974450567
2022-03-17,2022Q1,INVERCAP,769748.04306288
2022-03-17,2022Q1,QUINENCO,0.0
2022-03-18,2022Q1,ALMENDRAL,533202.0253624818
2022-03-18,2022Q1,ANTARCHILE,5600164.717372556
2022-03-18,2022Q1,IAM,542845.3436863124
2022-03-18,2022Q1,INVERCAP,759159.9476182177
2022-03-18,2022Q1,QUINENCO,0.0
2022-03-19,2022Q1,ALMENDRAL,533202.0253624818
2022-03-19,2022Q1,ANTARCHILE,5600164.717372556
2022-03-19,2022Q1,IAM,542845.3436863124
2022-03-19,2022Q1,INVERCAP,759159.9476182177
2022-03-19,2022Q1,QUINENCO,0.0
2022-03-20,2022Q1,ALMENDRAL,533202.0253624818
2022-03-20,2022Q1,ANTARCHILE,5600164.717372556
2022-03-20,2022Q1,IAM,542845.3436863124
2022-03-20,2022Q1,INVERCAP,759159.9476182177
2022-03-20,2022Q1,QUINENCO,0.0
2022-03-21,2022Q1,ALMENDRAL,578701.045901043
2022-03-21,2022Q1,ANTARCHILE,5659735.928777923
2022-03-21,2022Q1,IAM,584190.9257963886
2022-03-21,2022Q1,INVERCAP,837563.8200213313
2022-03-21,2022Q1,QUINENCO,0.0
2022-03-22,2022Q1,ALMENDRAL,571228.5790242719
2022-03-22,2022Q1,ANTARCHILE,5405937.041693438
2022-03-22,2022Q1,IAM,563887.2917244763
2022-03-22,2022Q1,INVERCAP,821649.1980339553
2022-03-22,2022Q1,QUINENCO,0.0
2022-03-23,2022Q1,ALMENDRAL,575263.7111377283
2022-03-23,2022Q1,ANTARCHILE,5262602.88998366
2022-03-23,2022Q1,IAM,554350.7363270627
2022-03-23,2022Q1,INVERCAP,792483.21733056
2022-03-23,2022Q1,QUINENCO,0.0
2022-03-24,2022Q1,ALMENDRAL,575379.949511367
2022-03-24,2022Q1,ANTARCHILE,5461034.604743493
2022-03-24,2022Q1,IAM,529094.2460648809
2022-03-24,2022Q1,INVERCAP,793262.7090197377
2022-03-24,2022Q1,QUINENCO,0.0
2022-03-25,2022Q1,ALMENDRAL,576459.3058380117
2022-03-25,2022Q1,ANTARCHILE,5428964.723798867
2022-03-25,2022Q1,IAM,528817.3783275366
2022-03-25,2022Q1,INVERCAP,816842.33261736
2022-03-25,2022Q1,QUINENCO,0.0
2022-03-26,2022Q1,ALMENDRAL,576459.3058380117
2022-03-26,2022Q1,ANTARCHILE,5428964.723798867
2022-03-26,2022Q1,IAM,528817.3783275366
2022-03-26,2022Q1,INVERCAP,816842.33261736
2022-03-26,2022Q1,QUINENCO,0.0
2022-03-27,2022Q1,ALMENDRAL,576459.3058380117
2022-03-27,2022Q1,ANTARCHILE,5428964.723798867
2022-03-27,2022Q1,IAM,528817.3783275366
2022-03-27,2022Q1,INVERCAP,816842.33261736
2022-03-27,2022Q1,QUINENCO,0.0
2022-03-28,2022Q1,ALMENDRAL,574715.7302334318
2022-03-28,2022Q1,ANTARCHILE,5412204.168912581
2022-03-28,2022Q1,IAM,514051.0990025094
2022-03-28,2022Q1,INVERCAP,813724.3658606496
2022-03-28,2022Q1,QUINENCO,0.0
2022-03-29,2022Q1,ALMENDRAL,576044.1687893022
2022-03-29,2022Q1,ANTARCHILE,5406555.531825057
2022-03-29,2022Q1,IAM,516819.776375952
2022-03-29,2022Q1,INVERCAP,785987.45325408
2022-03-29,2022Q1,QUINENCO,0.0
2022-03-30,2022Q1,ALMENDRAL,572889.1272191099
2022-03-30,2022Q1,ANTARCHILE,5189504.528355153
2022-03-30,2022Q1,IAM,502207.31246056047
2022-03-30,2022Q1,INVERCAP,773385.6709457089
2022-03-30,2022Q1,QUINENCO,0.0
2022-03-31,2022Q1,ALMENDRAL,571062.5242047881
2022-03-31,2022Q1,ANTARCHILE,5261389.648247977
2022-03-31,2022Q1,IAM,516789.01329402486
2022-03-31,2022Q1,INVERCAP,792483.21733056
2022-03-31,2022Q1,QUINENCO,0.0
2022-04-01,2022Q2,ALMENDRAL,569883.5349864532
2022-04-01,2022Q2,ANTARCHILE,5324756.362449757
2022-04-01,2022Q2,IAM,513743.468183238
2022-04-01,2022Q2,INVERCAP,814568.8151905921
2022-04-01,2022Q2,QUINENCO,0.0
2022-04-02,2022Q2,ALMENDRAL,569883.5349864532
2022-04-02,2022Q2,ANTARCHILE,5324756.362449757
2022-04-02,2022Q2,IAM,513743.468183238
2022-04-02,2022Q2,INVERCAP,814568.8151905921
2022-04-02,2022Q2,QUINENCO,0.0
2022-04-03,2022Q2,ALMENDRAL,569883.5349864532
2022-04-03,2022Q2,ANTARCHILE,5324756.362449757
2022-04-03,2022Q2,IAM,513743.468183238
2022-04-03,2022Q2,INVERCAP,814568.8151905921
2022-04-03,2022Q2,QUINENCO,0.0
2022-04-04,2022Q2,ALMENDRAL,577040.497706205
2022-04-04,2022Q2,ANTARCHILE,5377044.860012099
2022-04-04,2022Q2,IAM,510820.9754001597
2022-04-04,2022Q2,INVERCAP,818466.2736364801
2022-04-04,2022Q2,QUINENCO,0.0
2022-04-05,2022Q2,ALMENDRAL,573254.4478219743
2022-04-05,2022Q2,ANTARCHILE,5367313.9511655085
2022-04-05,2022Q2,IAM,511374.7108748482
2022-04-05,2022Q2,INVERCAP,815218.3915982401
2022-04-05,2022Q2,QUINENCO,0.0
2022-04-06,2022Q2,ALMENDRAL,581191.8681932999
2022-04-06,2022Q2,ANTARCHILE,5482292.185422608
2022-04-06,2022Q2,IAM,510667.15999052394
2022-04-06,2022Q2,INVERCAP,820869.7063447776
2022-04-06,2022Q2,QUINENCO,0.0
2022-04-07,2022Q2,ALMENDRAL,578701.045901043
2022-04-07,2022Q2,ANTARCHILE,5443513.008196918
2022-04-07,2022Q2,IAM,507590.85179781
2022-04-07,2022Q2,INVERCAP,821714.1556747201
2022-04-07,2022Q2,QUINENCO,0.0
2022-04-08,2022Q2,ALMENDRAL,573420.5026414582
2022-04-08,2022Q2,ANTARCHILE,5547293.405851629
2022-04-08,2022Q2,IAM,522972.39276138
2022-04-08,2022Q2,INVERCAP,834705.6838276801
2022-04-08,2022Q2,QUINENCO,0.0
2022-04-09,2022Q2,ALMENDRAL,573420.5026414582
2022-04-09,2022Q2,ANTARCHILE,5547293.405851629
2022-04-09,2022Q2,IAM,522972.39276138
2022-04-09,2022Q2,INVERCAP,834705.6838276801
2022-04-09,2022Q2,QUINENCO,0.0
2022-04-10,2022Q2,ALMENDRAL,573420.5026414582
2022-04-10,2022Q2,ANTARCHILE,5547293.405851629
2022-04-10,2022Q2,IAM,522972.39276138
2022-04-10,2022Q2,INVERCAP,834705.6838276801
2022-04-10,2022Q2,QUINENCO,0.0
2022-04-11,2022Q2,ALMENDRAL,580361.594095881
2022-04-11,2022Q2,ANTARCHILE,5491975.496850745
2022-04-11,2022Q2,IAM,510944.02772786823
2022-04-11,2022Q2,INVERCAP,820415.002859424
2022-04-11,2022Q2,QUINENCO,0.0
2022-04-12,2022Q2,ALMENDRAL,581191.8681932999
2022-04-12,2022Q2,ANTARCHILE,5563218.817556135
2022-04-12,2022Q2,IAM,499900.081316025
2022-04-12,2022Q2,INVERCAP,804240.5503089888
2022-04-12,2022Q2,QUINENCO,0.0
2022-04-13,2022Q2,ALMENDRAL,571228.5790242719
2022-04-13,2022Q2,ANTARCHILE,5450250.233759645
2022-04-13,2022Q2,IAM,507590.85179781
2022-04-13,2022Q2,INVERCAP,811970.50956
2022-04-13,2022Q2,QUINENCO,0.0
2022-04-14,2022Q2,ALMENDRAL,571394.6338437558
2022-04-14,2022Q2,ANTARCHILE,5442791.696700367
2022-04-14,2022Q2,IAM,492824.57247278275
2022-04-14,2022Q2,INVERCAP,812620.085967648
2022-04-14,2022Q2,QUINENCO,0.0
2022-04-15,2022Q2,ALMENDRAL,571394.6338437558
2022-04-15,2022Q2,ANTARCHILE,5442791.696700367
2022-04-15,2022Q2,IAM,492824.57247278275
2022-04-15,2022Q2,INVERCAP,812620.085967648
2022-04-15,2022Q2,QUINENCO,0.0
2022-04-16,2022Q2,ALMENDRAL,571394.6338437558
2022-04-16,2022Q2,ANTARCHILE,5442791.696700367
2022-04-16,2022Q2,IAM,492824.57247278275
2022-04-16,2022Q2,INVERCAP,812620.085967648
2022-04-16,2022Q2,QUINENCO,0.0
2022-04-17,2022Q2,ALMENDRAL,571394.6338437558
2022-04-17,2022Q2,ANTARCHILE,5442791.696700367
2022-04-17,2022Q2,IAM,492824.57247278275
2022-04-17,2022Q2,INVERCAP,812620.085967648
2022-04-17,2022Q2,QUINENCO,0.0
2022-04-18,2022Q2,ALMENDRAL,556051.1685234526
2022-04-18,2022Q2,ANTARCHILE,5246729.6439418085
2022-04-18,2022Q2,IAM,483841.75255005795
2022-04-18,2022Q2,INVERCAP,798978.98140704
2022-04-18,2022Q2,QUINENCO,0.0
2022-04-19,2022Q2,ALMENDRAL,561099.2350357602
2022-04-19,2022Q2,ANTARCHILE,5288639.52482906
2022-04-19,2022Q2,IAM,482980.386256098
2022-04-19,2022Q2,INVERCAP,811905.5519192353
2022-04-19,2022Q2,QUINENCO,0.0
2022-04-20,2022Q2,ALMENDRAL,557113.919368149
2022-04-20,2022Q2,ANTARCHILE,5388181.0141918585
2022-04-20,2022Q2,IAM,479196.5271790598
2022-04-20,2022Q2,INVERCAP,714599.0060535648
2022-04-20,2022Q2,QUINENCO,0.0
2022-04-21,2022Q2,ALMENDRAL,555287.3163538272
2022-04-21,2022Q2,ANTARCHILE,5412955.934539586
2022-04-21,2022Q2,IAM,467598.845292528
2022-04-21,2022Q2,INVERCAP,678807.34599216
2022-04-21,2022Q2,QUINENCO,0.0
2022-04-22,2022Q2,ALMENDRAL,559770.7964798898
2022-04-22,2022Q2,ANTARCHILE,5256283.922610311
2022-04-22,2022Q2,IAM,480180.9458007283
2022-04-22,2022Q2,INVERCAP,646328.5256097601
2022-04-22,2022Q2,QUINENCO,0.0
2022-04-23,2022Q2,ALMENDRAL,559770.7964798898
2022-04-23,2022Q2,ANTARCHILE,5256283.922610311
2022-04-23,2022Q2,IAM,480180.9458007283
2022-04-23,2022Q2,INVERCAP,646328.5256097601
2022-04-23,2022Q2,QUINENCO,0.0
2022-04-24,2022Q2,ALMENDRAL,559770.7964798898
2022-04-24,2022Q2,ANTARCHILE,5256283.922610311
2022-04-24,2022Q2,IAM,480180.9458007283
2022-04-24,2022Q2,INVERCAP,646328.5256097601
2022-04-24,2022Q2,QUINENCO,0.0
2022-04-25,2022Q2,ALMENDRAL,520166.72203300346
2022-04-25,2022Q2,ANTARCHILE,5080151.570148119
2022-04-25,2022Q2,IAM,461446.22890710004
2022-04-25,2022Q2,INVERCAP,600208.600666752
2022-04-25,2022Q2,QUINENCO,0.0
2022-04-26,2022Q2,ALMENDRAL,512279.11810752295
2022-04-26,2022Q2,ANTARCHILE,5098367.1835264275
2022-04-26,2022Q2,IAM,472151.7814177447
2022-04-26,2022Q2,INVERCAP,619695.892896192
2022-04-26,2022Q2,QUINENCO,0.0
2022-04-27,2022Q2,ALMENDRAL,514437.8307608124
2022-04-27,2022Q2,ANTARCHILE,5093780.871537759
2022-04-27,2022Q2,IAM,471444.2305334205
2022-04-27,2022Q2,INVERCAP,672311.58191568
2022-04-27,2022Q2,QUINENCO,0.0
2022-04-28,2022Q2,ALMENDRAL,514919.3897373154
2022-04-28,2022Q2,ANTARCHILE,5013228.645057467
2022-04-28,2022Q2,IAM,460492.57336735865
2022-04-28,2022Q2,INVERCAP,683874.0419718145
2022-04-28,2022Q2,QUINENCO,0.0
2022-04-29,2022Q2,ALMENDRAL,517260.762692037
2022-04-29,2022Q2,ANTARCHILE,5072998.799989853
2022-04-29,2022Q2,IAM,461446.22890710004
2022-04-29,2022Q2,INVERCAP,687056.9663692897
2022-04-29,2022Q2,QUINENCO,0.0
2022-04-30,2022Q2,ALMENDRAL,517260.762692037
2022-04-30,2022Q2,ANTARCHILE,5072998.799989853
2022-04-30,2022Q2,IAM,461446.22890710004
2022-04-30,2022Q2,INVERCAP,687056.9663692897
2022-04-30,2022Q2,QUINENCO,0.0
2022-05-01,2022Q2,ALMENDRAL,517260.762692037
2022-05-01,2022Q2,ANTARCHILE,5072998.799989853
2022-05-01,2022Q2,IAM,461446.22890710004
2022-05-01,2022Q2,INVERCAP,687056.9663692897
2022-05-01,2022Q2,QUINENCO,0.0
2022-05-02,2022Q2,ALMENDRAL,518091.036789456
2022-05-02,2022Q2,ANTARCHILE,5009699.488106721
2022-05-02,2022Q2,IAM,458369.920714386
2022-05-02,2022Q2,INVERCAP,662567.9358009599
2022-05-02,2022Q2,QUINENCO,0.0
2022-05-03,2022Q2,ALMENDRAL,534281.3816891265
2022-05-03,2022Q2,ANTARCHILE,4980588.798724859
2022-05-03,2022Q2,IAM,461723.0966444443
2022-05-03,2022Q2,INVERCAP,668998.7422366752
2022-05-03,2022Q2,QUINENCO,0.0
2022-05-04,2022Q2,ALMENDRAL,572473.9901704005
2022-05-04,2022Q2,ANTARCHILE,5081077.61344941
2022-05-04,2022Q2,IAM,464830.16791908536
2022-05-04,2022Q2,INVERCAP,680106.498807456
2022-05-04,2022Q2,QUINENCO,0.0
2022-05-05,2022Q2,ALMENDRAL,572905.7327010584
2022-05-05,2022Q2,ANTARCHILE,4997839.497581619
2022-05-05,2022Q2,IAM,452801.80288557365
2022-05-05,2022Q2,INVERCAP,649576.407648
2022-05-05,2022Q2,QUINENCO,0.0
2022-05-06,2022Q2,ALMENDRAL,564918.4958838875
2022-05-06,2022Q2,ANTARCHILE,4941644.619858165
2022-05-06,2022Q2,IAM,453355.5383602622
2022-05-06,2022Q2,INVERCAP,656851.6634136576
2022-05-06,2022Q2,QUINENCO,0.0
2022-05-07,2022Q2,ALMENDRAL,564918.4958838875
2022-05-07,2022Q2,ANTARCHILE,4941644.619858165
2022-05-07,2022Q2,IAM,453355.5383602622
2022-05-07,2022Q2,INVERCAP,656851.6634136576
2022-05-07,2022Q2,QUINENCO,0.0
2022-05-08,2022Q2,ALMENDRAL,564918.4958838875
2022-05-08,2022Q2,ANTARCHILE,4941644.619858165
2022-05-08,2022Q2,IAM,453355.5383602622
2022-05-08,2022Q2,INVERCAP,656851.6634136576
2022-05-08,2022Q2,QUINENCO,0.0
2022-05-09,2022Q2,ALMENDRAL,568073.5374540797
2022-05-09,2022Q2,ANTARCHILE,4844044.640057193
2022-05-09,2022Q2,IAM,442988.379750816
2022-05-09,2022Q2,INVERCAP,630089.11541856
2022-05-09,2022Q2,QUINENCO,0.0
2022-05-10,2022Q2,ALMENDRAL,572872.5217371616
2022-05-10,2022Q2,ANTARCHILE,4814392.516385739
2022-05-10,2022Q2,IAM,435297.609269031
2022-05-10,2022Q2,INVERCAP,604106.0591126401
2022-05-10,2022Q2,QUINENCO,0.0
2022-05-11,2022Q2,ALMENDRAL,567907.482634596
2022-05-11,2022Q2,ANTARCHILE,4730082.610640763
2022-05-11,2022Q2,IAM,439912.071558102
2022-05-11,2022Q2,INVERCAP,608010.0133226046
2022-05-11,2022Q2,QUINENCO,0.0
2022-05-12,2022Q2,ALMENDRAL,594476.253752004
2022-05-12,2022Q2,ANTARCHILE,4695316.636950176
2022-05-12,2022Q2,IAM,442219.30270263745
2022-05-12,2022Q2,INVERCAP,587022.1995914977
2022-05-12,2022Q2,QUINENCO,0.0
2022-05-13,2022Q2,ALMENDRAL,606448.806236786
2022-05-13,2022Q2,ANTARCHILE,4813850.223152666
2022-05-13,2022Q2,IAM,435697.5293340838
2022-05-13,2022Q2,INVERCAP,597610.29503616
2022-05-13,2022Q2,QUINENCO,0.0
2022-05-14,2022Q2,ALMENDRAL,606448.806236786
2022-05-14,2022Q2,ANTARCHILE,4813850.223152666
2022-05-14,2022Q2,IAM,435697.5293340838
2022-05-14,2022Q2,INVERCAP,597610.29503616
2022-05-14,2022Q2,QUINENCO,0.0
2022-05-15,2022Q2,ALMENDRAL,606448.806236786
2022-05-15,2022Q2,ANTARCHILE,4813850.223152666
2022-05-15,2022Q2,IAM,435697.5293340838
2022-05-15,2022Q2,INVERCAP,597610.29503616
2022-05-15,2022Q2,QUINENCO,0.0
2022-05-16,2022Q2,ALMENDRAL,630128.2234951758
2022-05-16,2022Q2,ANTARCHILE,4830246.83287093
2022-05-16,2022Q2,IAM,439912.071558102
2022-05-16,2022Q2,INVERCAP,592803.4296195648
2022-05-16,2022Q2,QUINENCO,0.0
2022-05-17,2022Q2,ALMENDRAL,649274.344181658
2022-05-17,2022Q2,ANTARCHILE,4994519.194808019
2022-05-17,2022Q2,IAM,464522.537099814
2022-05-17,2022Q2,INVERCAP,620345.46930384
2022-05-17,2022Q2,QUINENCO,0.0
2022-05-18,2022Q2,ALMENDRAL,640971.6032074679
2022-05-18,2022Q2,ANTARCHILE,4821605.30306132
2022-05-18,2022Q2,IAM,469136.999388885
2022-05-18,2022Q2,INVERCAP,598259.871443808
2022-05-18,2022Q2,QUINENCO,0.0
2022-05-19,2022Q2,ALMENDRAL,640971.6032074679
2022-05-19,2022Q2,ANTARCHILE,4873876.9500440005
2022-05-19,2022Q2,IAM,472490.1753189433
2022-05-19,2022Q2,INVERCAP,597610.29503616
2022-05-19,2022Q2,QUINENCO,0.0
2022-05-20,2022Q2,ALMENDRAL,634329.410428116
2022-05-20,2022Q2,ANTARCHILE,5043338.809063682
2022-05-20,2022Q2,IAM,473197.72620326746
2022-05-20,2022Q2,INVERCAP,608003.517558528
2022-05-20,2022Q2,QUINENCO,0.0
2022-05-21,2022Q2,ALMENDRAL,634329.410428116
2022-05-21,2022Q2,ANTARCHILE,5043338.809063682
2022-05-21,2022Q2,IAM,473197.72620326746
2022-05-21,2022Q2,INVERCAP,608003.517558528
2022-05-21,2022Q2,QUINENCO,0.0
2022-05-22,2022Q2,ALMENDRAL,634329.410428116
2022-05-22,2022Q2,ANTARCHILE,5043338.809063682
2022-05-22,2022Q2,IAM,473197.72620326746
2022-05-22,2022Q2,INVERCAP,608003.517558528
2022-05-22,2022Q2,QUINENCO,0.0
2022-05-23,2022Q2,ALMENDRAL,663721.1134767486
2022-05-23,2022Q2,ANTARCHILE,5139438.228331233
2022-05-23,2022Q2,IAM,485287.61740063346
2022-05-23,2022Q2,INVERCAP,626191.6569726721
2022-05-23,2022Q2,QUINENCO,0.0
2022-05-24,2022Q2,ALMENDRAL,660067.9074481049
2022-05-24,2022Q2,ANTARCHILE,5122726.009443532
2022-05-24,2022Q2,IAM,489133.002641526
2022-05-24,2022Q2,INVERCAP,626191.6569726721
2022-05-24,2022Q2,QUINENCO,0.0
2022-05-25,2022Q2,ALMENDRAL,648444.0700842389
2022-05-25,2022Q2,ANTARCHILE,5154666.8576285215
2022-05-25,2022Q2,IAM,505652.7776364002
2022-05-25,2022Q2,INVERCAP,620345.46930384
2022-05-25,2022Q2,QUINENCO,0.0
2022-05-26,2022Q2,ALMENDRAL,497334.184353981
2022-05-26,2022Q2,ANTARCHILE,5248528.963065004
2022-05-26,2022Q2,IAM,513743.468183238
2022-05-26,2022Q2,INVERCAP,602157.3298896961
2022-05-26,2022Q2,QUINENCO,0.0
2022-05-27,2022Q2,ALMENDRAL,512943.3373854582
2022-05-27,2022Q2,ANTARCHILE,5336212.677643099
2022-05-27,2022Q2,IAM,507190.93173275713
2022-05-27,2022Q2,INVERCAP,620416.9227086813
2022-05-27,2022Q2,QUINENCO,0.0
2022-05-28,2022Q2,ALMENDRAL,512943.3373854582
2022-05-28,2022Q2,ANTARCHILE,5336212.677643099
2022-05-28,2022Q2,IAM,507190.93173275713
2022-05-28,2022Q2,INVERCAP,620416.9227086813
2022-05-28,2022Q2,QUINENCO,0.0
2022-05-29,2022Q2,ALMENDRAL,512943.3373854582
2022-05-29,2022Q2,ANTARCHILE,5336212.677643099
2022-05-29,2022Q2,IAM,507190.93173275713
2022-05-29,2022Q2,INVERCAP,620416.9227086813
2022-05-29,2022Q2,QUINENCO,0.0
2022-05-30,2022Q2,ALMENDRAL,512943.3373854582
2022-05-30,2022Q2,ANTARCHILE,5351224.465145178
2022-05-30,2022Q2,IAM,513589.6527736022
2022-05-30,2022Q2,INVERCAP,659320.05376272
2022-05-30,2022Q2,QUINENCO,0.0
2022-05-31,2022Q2,ALMENDRAL,511282.7891906202
2022-05-31,2022Q2,ANTARCHILE,5287992.555580694
2022-05-31,2022Q2,IAM,531401.4772094165
2022-05-31,2022Q2,INVERCAP,684978.321864816
2022-05-31,2022Q2,QUINENCO,0.0
2022-06-01,2022Q2,ALMENDRAL,504640.5964112682
2022-06-01,2022Q2,ANTARCHILE,5298430.450192967
2022-06-01,2022Q2,IAM,522941.6296794529
2022-06-01,2022Q2,INVERCAP,714534.0484128001
2022-06-01,2022Q2,QUINENCO,0.0
2022-06-02,2022Q2,ALMENDRAL,509024.4436456405
2022-06-02,2022Q2,ANTARCHILE,5399761.793900631
2022-06-02,2022Q2,IAM,520511.34620720876
2022-06-02,2022Q2,INVERCAP,733891.4253607105
2022-06-02,2022Q2,QUINENCO,0.0
2022-06-03,2022Q2,ALMENDRAL,502481.8837579788
2022-06-03,2022Q2,ANTARCHILE,5499153.843786869
2022-06-03,2022Q2,IAM,513774.2312651651
2022-06-03,2022Q2,INVERCAP,717781.93045104
2022-06-03,2022Q2,QUINENCO,0.0
2022-06-04,2022Q2,ALMENDRAL,502481.8837579788
2022-06-04,2022Q2,ANTARCHILE,5499153.843786869
2022-06-04,2022Q2,IAM,513774.2312651651
2022-06-04,2022Q2,INVERCAP,717781.93045104
2022-06-04,2022Q2,QUINENCO,0.0
2022-06-05,2022Q2,ALMENDRAL,502481.8837579788
2022-06-05,2022Q2,ANTARCHILE,5499153.843786869
2022-06-05,2022Q2,IAM,513774.2312651651
2022-06-05,2022Q2,INVERCAP,717781.93045104
2022-06-05,2022Q2,QUINENCO,0.0
2022-06-06,2022Q2,ALMENDRAL,509771.6903333176
2022-06-06,2022Q2,ANTARCHILE,5416527.518847852
2022-06-06,2022Q2,IAM,502268.8386244148
2022-06-06,2022Q2,INVERCAP,727395.6612842305
2022-06-06,2022Q2,QUINENCO,0.0
2022-06-07,2022Q2,ALMENDRAL,508127.747620428
2022-06-07,2022Q2,ANTARCHILE,5496794.762634153
2022-06-07,2022Q2,IAM,519896.08456866594
2022-06-07,2022Q2,INVERCAP,740517.10471872
2022-06-07,2022Q2,QUINENCO,0.0
2022-06-08,2022Q2,ALMENDRAL,507795.6379814604
2022-06-08,2022Q2,ANTARCHILE,5478493.419197266
2022-06-08,2022Q2,IAM,503284.0203280104
2022-06-08,2022Q2,INVERCAP,731423.035011648
2022-06-08,2022Q2,QUINENCO,0.0
2022-06-09,2022Q2,ALMENDRAL,498994.732548819
2022-06-09,2022Q2,ANTARCHILE,5333336.759671824
2022-06-09,2022Q2,IAM,493747.464930597
2022-06-09,2022Q2,INVERCAP,682055.2280304
2022-06-09,2022Q2,QUINENCO,0.0
2022-06-10,2022Q2,ALMENDRAL,504806.651230752
2022-06-10,2022Q2,ANTARCHILE,5498210.211325782
2022-06-10,2022Q2,IAM,495254.85594502685
2022-06-10,2022Q2,INVERCAP,694332.2221349472
2022-06-10,2022Q2,QUINENCO,0.0
2022-06-11,2022Q2,ALMENDRAL,504806.651230752
2022-06-11,2022Q2,ANTARCHILE,5498210.211325782
2022-06-11,2022Q2,IAM,495254.85594502685
2022-06-11,2022Q2,INVERCAP,694332.2221349472
2022-06-11,2022Q2,QUINENCO,0.0
2022-06-12,2022Q2,ALMENDRAL,504806.651230752
2022-06-12,2022Q2,ANTARCHILE,5498210.211325782
2022-06-12,2022Q2,IAM,495254.85594502685
2022-06-12,2022Q2,INVERCAP,694332.2221349472
2022-06-12,2022Q2,QUINENCO,0.0
2022-06-13,2022Q2,ALMENDRAL,496022.35128005897
2022-06-13,2022Q2,ANTARCHILE,5377381.871605344
2022-06-13,2022Q2,IAM,480027.1303910925
2022-06-13,2022Q2,INVERCAP,648277.254832704
2022-06-13,2022Q2,QUINENCO,0.0
2022-06-14,2022Q2,ALMENDRAL,481044.2065626202
2022-06-14,2022Q2,ANTARCHILE,5448102.824341206
2022-06-14,2022Q2,IAM,476827.76987067
2022-06-14,2022Q2,INVERCAP,632037.844641504
2022-06-14,2022Q2,QUINENCO,0.0
2022-06-15,2022Q2,ALMENDRAL,487636.582896127
2022-06-15,2022Q2,ANTARCHILE,5302006.465982034
2022-06-15,2022Q2,IAM,482026.7307163566
2022-06-15,2022Q2,INVERCAP,639832.76153328
2022-06-15,2022Q2,QUINENCO,0.0
2022-06-16,2022Q2,ALMENDRAL,491522.265672048
2022-06-16,2022Q2,ANTARCHILE,5477755.686592793
2022-06-16,2022Q2,IAM,467598.845292528
2022-06-16,2022Q2,INVERCAP,615018.9427611264
2022-06-16,2022Q2,QUINENCO,0.0
2022-06-17,2022Q2,ALMENDRAL,504806.651230752
2022-06-17,2022Q2,ANTARCHILE,5454627.691571167
2022-06-17,2022Q2,IAM,469136.999388885
2022-06-17,2022Q2,INVERCAP,611251.399596768
2022-06-17,2022Q2,QUINENCO,0.0
2022-06-18,2022Q2,ALMENDRAL,504806.651230752
2022-06-18,2022Q2,ANTARCHILE,5454627.691571167
2022-06-18,2022Q2,IAM,469136.999388885
2022-06-18,2022Q2,INVERCAP,611251.399596768
2022-06-18,2022Q2,QUINENCO,0.0
2022-06-19,2022Q2,ALMENDRAL,504806.651230752
2022-06-19,2022Q2,ANTARCHILE,5454627.691571167
2022-06-19,2022Q2,IAM,469136.999388885
2022-06-19,2022Q2,INVERCAP,611251.399596768
2022-06-19,2022Q2,QUINENCO,0.0
2022-06-20,2022Q2,ALMENDRAL,504806.651230752
2022-06-20,2022Q2,ANTARCHILE,5462203.323744602
2022-06-20,2022Q2,IAM,462153.77979142417
2022-06-20,2022Q2,INVERCAP,584618.7668832
2022-06-20,2022Q2,QUINENCO,0.0
2022-06-21,2022Q2,ALMENDRAL,504806.651230752
2022-06-21,2022Q2,ANTARCHILE,5462203.323744602
2022-06-21,2022Q2,IAM,462153.77979142417
2022-06-21,2022Q2,INVERCAP,584618.7668832
2022-06-21,2022Q2,QUINENCO,0.0
2022-06-22,2022Q2,ALMENDRAL,493182.81386688596
2022-06-22,2022Q2,ANTARCHILE,5283620.869646835
2022-06-22,2022Q2,IAM,464522.537099814
2022-06-22,2022Q2,INVERCAP,563182.7454308161
2022-06-22,2022Q2,QUINENCO,0.0
2022-06-23,2022Q2,ALMENDRAL,486540.62108753395
2022-06-23,2022Q2,ANTARCHILE,5098111.470510961
2022-06-23,2022Q2,IAM,458831.36694329313
2022-06-23,2022Q2,INVERCAP,545644.18242432
2022-06-23,2022Q2,QUINENCO,0.0
2022-06-24,2022Q2,ALMENDRAL,481558.97650302
2022-06-24,2022Q2,ANTARCHILE,5198380.489119769
2022-06-24,2022Q2,IAM,461446.22890710004
2022-06-24,2022Q2,INVERCAP,555426.8031234989
2022-06-24,2022Q2,QUINENCO,0.0
2022-06-25,2022Q2,ALMENDRAL,481558.97650302
2022-06-25,2022Q2,ANTARCHILE,5198380.489119769
2022-06-25,2022Q2,IAM,461446.22890710004
2022-06-25,2022Q2,INVERCAP,555426.8031234989
2022-06-25,2022Q2,QUINENCO,0.0
2022-06-26,2022Q2,ALMENDRAL,481558.97650302
2022-06-26,2022Q2,ANTARCHILE,5198380.489119769
2022-06-26,2022Q2,IAM,461446.22890710004
2022-06-26,2022Q2,INVERCAP,555426.8031234989
2022-06-26,2022Q2,QUINENCO,0.0
2022-06-27,2022Q2,ALMENDRAL,481558.97650302
2022-06-27,2022Q2,ANTARCHILE,5198380.489119769
2022-06-27,2022Q2,IAM,461446.22890710004
2022-06-27,2022Q2,INVERCAP,555426.8031234989
2022-06-27,2022Q2,QUINENCO,0.0
2022-06-28,2022Q2,ALMENDRAL,481558.97650302
2022-06-28,2022Q2,ANTARCHILE,5448284.487816824
2022-06-28,2022Q2,IAM,459138.99776256445
2022-06-28,2022Q2,INVERCAP,567729.780284352
2022-06-28,2022Q2,QUINENCO,0.0
2022-06-29,2022Q2,ALMENDRAL,481558.97650302
2022-06-29,2022Q2,ANTARCHILE,5555486.480468154
2022-06-29,2022Q2,IAM,455293.612521672
2022-06-29,2022Q2,INVERCAP,558570.7529365153
2022-06-29,2022Q2,QUINENCO,0.0
2022-06-30,2022Q2,ALMENDRAL,476411.2770990222
2022-06-30,2022Q2,ANTARCHILE,5473704.161672517
2022-06-30,2022Q2,IAM,454216.9046542221
2022-06-30,2022Q2,INVERCAP,537193.1933608195
2022-06-30,2022Q2,QUINENCO,0.0
2022-07-01,2022Q3,ALMENDRAL,473422.2903483138
2022-07-01,2022Q3,ANTARCHILE,5535018.6093111215
2022-07-01,2022Q3,IAM,457170.16051922756
2022-07-01,2022Q3,INVERCAP,508033.7084215008
2022-07-01,2022Q3,QUINENCO,0.0
2022-07-02,2022Q3,ALMENDRAL,473422.2903483138
2022-07-02,2022Q3,ANTARCHILE,5535018.6093111215
2022-07-02,2022Q3,IAM,457170.16051922756
2022-07-02,2022Q3,INVERCAP,508033.7084215008
2022-07-02,2022Q3,QUINENCO,0.0
2022-07-03,2022Q3,ALMENDRAL,473422.2903483138
2022-07-03,2022Q3,ANTARCHILE,5535018.6093111215
2022-07-03,2022Q3,IAM,457170.16051922756
2022-07-03,2022Q3,INVERCAP,508033.7084215008
2022-07-03,2022Q3,QUINENCO,0.0
2022-07-04,2022Q3,ALMENDRAL,468673.12251107715
2022-07-04,2022Q3,ANTARCHILE,5584702.70480879
2022-07-04,2022Q3,IAM,455939.63724214194
2022-07-04,2022Q3,INVERCAP,506669.59796544
2022-07-04,2022Q3,QUINENCO,0.0
2022-07-05,2022Q3,ALMENDRAL,470101.19395863777
2022-07-05,2022Q3,ANTARCHILE,5612736.434252535
2022-07-05,2022Q3,IAM,458369.920714386
2022-07-05,2022Q3,INVERCAP,515114.091264864
2022-07-05,2022Q3,QUINENCO,0.0
2022-07-06,2022Q3,ALMENDRAL,478138.2472216537
2022-07-06,2022Q3,ANTARCHILE,5536228.346891185
2022-07-06,2022Q3,IAM,477350.7422634313
2022-07-06,2022Q3,INVERCAP,545579.2247835553
2022-07-06,2022Q3,QUINENCO,0.0
2022-07-07,2022Q3,ALMENDRAL,480894.7572250848
2022-07-07,2022Q3,ANTARCHILE,5584684.377068861
2022-07-07,2022Q3,IAM,478858.13327786117
2022-07-07,2022Q3,INVERCAP,567015.2462359392
2022-07-07,2022Q3,QUINENCO,0.0
2022-07-08,2022Q3,ALMENDRAL,475199.0769167904
2022-07-08,2022Q3,ANTARCHILE,5657730.709798114
2022-07-08,2022Q3,IAM,487625.61162709614
2022-07-08,2022Q3,INVERCAP,562604.6224280093
2022-07-08,2022Q3,QUINENCO,0.0
2022-07-09,2022Q3,ALMENDRAL,475199.0769167904
2022-07-09,2022Q3,ANTARCHILE,5657730.709798114
2022-07-09,2022Q3,IAM,487625.61162709614
2022-07-09,2022Q3,INVERCAP,562604.6224280093
2022-07-09,2022Q3,QUINENCO,0.0
2022-07-10,2022Q3,ALMENDRAL,475199.0769167904
2022-07-10,2022Q3,ANTARCHILE,5657730.709798114
2022-07-10,2022Q3,IAM,487625.61162709614
2022-07-10,2022Q3,INVERCAP,562604.6224280093
2022-07-10,2022Q3,QUINENCO,0.0
2022-07-11,2022Q3,ALMENDRAL,471246.972213076
2022-07-11,2022Q3,ANTARCHILE,5502304.9021837115
2022-07-11,2022Q3,IAM,535277.6255322361
2022-07-11,2022Q3,INVERCAP,543370.664997552
2022-07-11,2022Q3,QUINENCO,0.0
2022-07-12,2022Q3,ALMENDRAL,473289.44649272674
2022-07-12,2022Q3,ANTARCHILE,5661707.446598408
2022-07-12,2022Q3,IAM,543891.2884718352
2022-07-12,2022Q3,INVERCAP,546780.9411377041
2022-07-12,2022Q3,QUINENCO,0.0
2022-07-13,2022Q3,ALMENDRAL,481658.6093947103
2022-07-13,2022Q3,ANTARCHILE,5707025.576058237
2022-07-13,2022Q3,IAM,541737.8727369354
2022-07-13,2022Q3,INVERCAP,539343.2912701344
2022-07-13,2022Q3,QUINENCO,0.0
2022-07-14,2022Q3,ALMENDRAL,481558.97650302
2022-07-14,2022Q3,ANTARCHILE,5724139.993117432
2022-07-14,2022Q3,IAM,547398.2798115291
2022-07-14,2022Q3,INVERCAP,527852.2846188414
2022-07-14,2022Q3,QUINENCO,0.0
2022-07-15,2022Q3,ALMENDRAL,484880.07289269596
2022-07-15,2022Q3,ANTARCHILE,5675036.255111257
2022-07-15,2022Q3,IAM,560195.7218932194
2022-07-15,2022Q3,INVERCAP,527267.6658519581
2022-07-15,2022Q3,QUINENCO,0.0
2022-07-16,2022Q3,ALMENDRAL,484880.07289269596
2022-07-16,2022Q3,ANTARCHILE,5675036.255111257
2022-07-16,2022Q3,IAM,560195.7218932194
2022-07-16,2022Q3,INVERCAP,527267.6658519581
2022-07-16,2022Q3,QUINENCO,0.0
2022-07-17,2022Q3,ALMENDRAL,484880.07289269596
2022-07-17,2022Q3,ANTARCHILE,5675036.255111257
2022-07-17,2022Q3,IAM,560195.7218932194
2022-07-17,2022Q3,INVERCAP,527267.6658519581
2022-07-17,2022Q3,QUINENCO,0.0
2022-07-18,2022Q3,ALMENDRAL,485760.1634359602
2022-07-18,2022Q3,ANTARCHILE,5743933.652342926
2022-07-18,2022Q3,IAM,568809.3848328186
2022-07-18,2022Q3,INVERCAP,543701.9489654526
2022-07-18,2022Q3,QUINENCO,0.0
2022-07-19,2022Q3,ALMENDRAL,481226.86686405237
2022-07-19,2022Q3,ANTARCHILE,5844034.903735246
2022-07-19,2022Q3,IAM,552320.3729198716
2022-07-19,2022Q3,INVERCAP,553458.5866083255
2022-07-19,2022Q3,QUINENCO,0.0
2022-07-20,2022Q3,ALMENDRAL,480064.48312766576
2022-07-20,2022Q3,ANTARCHILE,6075118.145346417
2022-07-20,2022Q3,IAM,538353.9337249501
2022-07-20,2022Q3,INVERCAP,534159.6715371035
2022-07-20,2022Q3,QUINENCO,0.0
2022-07-21,2022Q3,ALMENDRAL,480197.32698325283
2022-07-21,2022Q3,ANTARCHILE,6243273.526407158
2022-07-21,2022Q3,IAM,535369.9147780173
2022-07-21,2022Q3,INVERCAP,543045.8767937281
2022-07-21,2022Q3,QUINENCO,0.0
2022-07-22,2022Q3,ALMENDRAL,479284.02547609195
2022-07-22,2022Q3,ANTARCHILE,6197446.186656795
2022-07-22,2022Q3,IAM,525833.359380604
2022-07-22,2022Q3,INVERCAP,547592.911647264
2022-07-22,2022Q3,QUINENCO,0.0
2022-07-23,2022Q3,ALMENDRAL,479284.02547609195
2022-07-23,2022Q3,ANTARCHILE,6197446.186656795
2022-07-23,2022Q3,IAM,525833.359380604
2022-07-23,2022Q3,INVERCAP,547592.911647264
2022-07-23,2022Q3,QUINENCO,0.0
2022-07-24,2022Q3,ALMENDRAL,479284.02547609195
2022-07-24,2022Q3,ANTARCHILE,6197446.186656795
2022-07-24,2022Q3,IAM,525833.359380604
2022-07-24,2022Q3,INVERCAP,547592.911647264
2022-07-24,2022Q3,QUINENCO,0.0
2022-07-25,2022Q3,ALMENDRAL,479898.428308182
2022-07-25,2022Q3,ANTARCHILE,6191996.063624552
2022-07-25,2022Q3,IAM,512420.65566037095
2022-07-25,2022Q3,INVERCAP,535186.0022611872
2022-07-25,2022Q3,QUINENCO,0.0
2022-07-26,2022Q3,ALMENDRAL,481558.97650302
2022-07-26,2022Q3,ANTARCHILE,6113316.467227171
2022-07-26,2022Q3,IAM,506360.3285207244
2022-07-26,2022Q3,INVERCAP,539148.41834784
2022-07-26,2022Q3,QUINENCO,0.0
2022-07-27,2022Q3,ALMENDRAL,491073.91765944177
2022-07-27,2022Q3,ANTARCHILE,6153324.448352987
2022-07-27,2022Q3,IAM,496823.773123311
2022-07-27,2022Q3,INVERCAP,538498.841940192
2022-07-27,2022Q3,QUINENCO,0.0
2022-07-28,2022Q3,ALMENDRAL,481558.97650302
2022-07-28,2022Q3,ANTARCHILE,6098299.698409207
2022-07-28,2022Q3,IAM,538353.9337249501
2022-07-28,2022Q3,INVERCAP,541103.6433348604
2022-07-28,2022Q3,QUINENCO,0.0
2022-07-29,2022Q3,ALMENDRAL,494826.7565797756
2022-07-29,2022Q3,ANTARCHILE,5979217.119770801
2022-07-29,2022Q3,IAM,559119.0140257694
2022-07-29,2022Q3,INVERCAP,535666.6888028467
2022-07-29,2022Q3,QUINENCO,0.0
2022-07-30,2022Q3,ALMENDRAL,494826.7565797756
2022-07-30,2022Q3,ANTARCHILE,5979217.119770801
2022-07-30,2022Q3,IAM,559119.0140257694
2022-07-30,2022Q3,INVERCAP,535666.6888028467
2022-07-30,2022Q3,QUINENCO,0.0
2022-07-31,2022Q3,ALMENDRAL,494826.7565797756
2022-07-31,2022Q3,ANTARCHILE,5979217.119770801
2022-07-31,2022Q3,IAM,559119.0140257694
2022-07-31,2022Q3,INVERCAP,535666.6888028467
2022-07-31,2022Q3,QUINENCO,0.0
2022-08-01,2022Q3,ALMENDRAL,489097.8653075845
2022-08-01,2022Q3,ANTARCHILE,6098137.651088736
2022-08-01,2022Q3,IAM,541030.3218526113
2022-08-01,2022Q3,INVERCAP,519661.12611839996
2022-08-01,2022Q3,QUINENCO,0.0
2022-08-02,2022Q3,ALMENDRAL,486042.4566290826
2022-08-02,2022Q3,ANTARCHILE,6072928.858405541
2022-08-02,2022Q3,IAM,529125.009146808
2022-08-02,2022Q3,INVERCAP,521285.06713752
2022-08-02,2022Q3,QUINENCO,0.0
2022-08-03,2022Q3,ALMENDRAL,485544.2921706312
2022-08-03,2022Q3,ANTARCHILE,5997531.6208866825
2022-08-03,2022Q3,IAM,538323.1706430229
2022-08-03,2022Q3,INVERCAP,519661.12611839996
2022-08-03,2022Q3,QUINENCO,0.0
2022-08-04,2022Q3,ALMENDRAL,474916.78372366796
2022-08-04,2022Q3,ANTARCHILE,5994073.559155253
2022-08-04,2022Q3,IAM,526048.700954094
2022-08-04,2022Q3,INVERCAP,510567.05641132797
2022-08-04,2022Q3,QUINENCO,0.0
2022-08-05,2022Q3,ALMENDRAL,472641.83269673993
2022-08-05,2022Q3,ANTARCHILE,5981879.511357438
2022-08-05,2022Q3,IAM,539276.8261827643
2022-08-05,2022Q3,INVERCAP,524338.0762534656
2022-08-05,2022Q3,QUINENCO,0.0
2022-08-06,2022Q3,ALMENDRAL,472641.83269673993
2022-08-06,2022Q3,ANTARCHILE,5981879.511357438
2022-08-06,2022Q3,IAM,539276.8261827643
2022-08-06,2022Q3,INVERCAP,524338.0762534656
2022-08-06,2022Q3,QUINENCO,0.0
2022-08-07,2022Q3,ALMENDRAL,472641.83269673993
2022-08-07,2022Q3,ANTARCHILE,5981879.511357438
2022-08-07,2022Q3,IAM,539276.8261827643
2022-08-07,2022Q3,INVERCAP,524338.0762534656
2022-08-07,2022Q3,QUINENCO,0.0
2022-08-08,2022Q3,ALMENDRAL,476577.33191850595
2022-08-08,2022Q3,ANTARCHILE,5981845.810198113
2022-08-08,2022Q3,IAM,553735.4746885201
2022-08-08,2022Q3,INVERCAP,519648.13459024706
2022-08-08,2022Q3,QUINENCO,0.0
2022-08-09,2022Q3,ALMENDRAL,472791.2820342753
2022-08-09,2022Q3,ANTARCHILE,5949968.6714311065
2022-08-09,2022Q3,IAM,565394.6827389061
2022-08-09,2022Q3,INVERCAP,513100.40440115525
2022-08-09,2022Q3,QUINENCO,0.0
2022-08-10,2022Q3,ALMENDRAL,461134.2337065126
2022-08-10,2022Q3,ANTARCHILE,5953208.414207061
2022-08-10,2022Q3,IAM,569117.0156520901
2022-08-10,2022Q3,INVERCAP,500303.74917048967
2022-08-10,2022Q3,QUINENCO,0.0
2022-08-11,2022Q3,ALMENDRAL,463459.0011792858
2022-08-11,2022Q3,ANTARCHILE,5948283.613464881
2022-08-11,2022Q3,IAM,569117.0156520901
2022-08-11,2022Q3,INVERCAP,500758.4526558432
2022-08-11,2022Q3,QUINENCO,0.0
2022-08-12,2022Q3,ALMENDRAL,457481.02767786896
2022-08-12,2022Q3,ANTARCHILE,5937420.761460384
2022-08-12,2022Q3,IAM,569117.0156520901
2022-08-12,2022Q3,INVERCAP,497575.528258368
2022-08-12,2022Q3,QUINENCO,0.0
2022-08-13,2022Q3,ALMENDRAL,457481.02767786896
2022-08-13,2022Q3,ANTARCHILE,5937420.761460384
2022-08-13,2022Q3,IAM,569117.0156520901
2022-08-13,2022Q3,INVERCAP,497575.528258368
2022-08-13,2022Q3,QUINENCO,0.0
2022-08-14,2022Q3,ALMENDRAL,457481.02767786896
2022-08-14,2022Q3,ANTARCHILE,5937420.761460384
2022-08-14,2022Q3,IAM,569117.0156520901
2022-08-14,2022Q3,INVERCAP,497575.528258368
2022-08-14,2022Q3,QUINENCO,0.0
2022-08-15,2022Q3,ALMENDRAL,457481.02767786896
2022-08-15,2022Q3,ANTARCHILE,5937420.761460384
2022-08-15,2022Q3,IAM,569117.0156520901
2022-08-15,2022Q3,INVERCAP,497575.528258368
2022-08-15,2022Q3,QUINENCO,0.0
2022-08-16,2022Q3,ALMENDRAL,459141.57587270695
2022-08-16,2022Q3,ANTARCHILE,6040537.528032115
2022-08-16,2022Q3,IAM,584498.5566156601
2022-08-16,2022Q3,INVERCAP,491079.7641818881
2022-08-16,2022Q3,QUINENCO,0.0
2022-08-17,2022Q3,ALMENDRAL,468224.7744984708
2022-08-17,2022Q3,ANTARCHILE,6058093.753063196
2022-08-17,2022Q3,IAM,599603.2298418856
2022-08-17,2022Q3,INVERCAP,489260.95024047367
2022-08-17,2022Q3,QUINENCO,0.0
2022-08-18,2022Q3,ALMENDRAL,476643.7538462995
2022-08-18,2022Q3,ANTARCHILE,6129404.476087235
2022-08-18,2022Q3,IAM,593665.9550299477
2022-08-18,2022Q3,INVERCAP,491339.5947449472
2022-08-18,2022Q3,QUINENCO,0.0
2022-08-19,2022Q3,ALMENDRAL,467361.28943715506
2022-08-19,2022Q3,ANTARCHILE,6178956.532523092
2022-08-19,2022Q3,IAM,592712.2994902064
2022-08-19,2022Q3,INVERCAP,487182.305736
2022-08-19,2022Q3,QUINENCO,0.0
2022-08-20,2022Q3,ALMENDRAL,467361.28943715506
2022-08-20,2022Q3,ANTARCHILE,6178956.532523092
2022-08-20,2022Q3,IAM,592712.2994902064
2022-08-20,2022Q3,INVERCAP,487182.305736
2022-08-20,2022Q3,QUINENCO,0.0
2022-08-21,2022Q3,ALMENDRAL,467361.28943715506
2022-08-21,2022Q3,ANTARCHILE,6178956.532523092
2022-08-21,2022Q3,IAM,592712.2994902064
2022-08-21,2022Q3,INVERCAP,487182.305736
2022-08-21,2022Q3,QUINENCO,0.0
2022-08-22,2022Q3,ALMENDRAL,459971.849970126
2022-08-22,2022Q3,ANTARCHILE,6241244.071046355
2022-08-22,2022Q3,IAM,589113.018904731
2022-08-22,2022Q3,INVERCAP,488806.24675512005
2022-08-22,2022Q3,QUINENCO,0.0
2022-08-23,2022Q3,ALMENDRAL,450008.560801098
2022-08-23,2022Q3,ANTARCHILE,6353066.815425811
2022-08-23,2022Q3,IAM,584529.319697587
2022-08-23,2022Q3,INVERCAP,507189.25909155846
2022-08-23,2022Q3,QUINENCO,0.0
2022-08-24,2022Q3,ALMENDRAL,444196.642119165
2022-08-24,2022Q3,ANTARCHILE,6268597.868662542
2022-08-24,2022Q3,IAM,606001.9508827309
2022-08-24,2022Q3,INVERCAP,499569.72782984737
2022-08-24,2022Q3,QUINENCO,0.0
2022-08-25,2022Q3,ALMENDRAL,440045.27163206995
2022-08-25,2022Q3,ANTARCHILE,6234152.055985539
2022-08-25,2022Q3,IAM,623936.8276462535
2022-08-25,2022Q3,INVERCAP,506669.59796544
2022-08-25,2022Q3,QUINENCO,0.0
2022-08-26,2022Q3,ALMENDRAL,457381.3947861788
2022-08-26,2022Q3,ANTARCHILE,6247461.93494173
2022-08-26,2022Q3,IAM,632519.7275039257
2022-08-26,2022Q3,INVERCAP,494327.64622012805
2022-08-26,2022Q3,QUINENCO,0.0
2022-08-27,2022Q3,ALMENDRAL,457381.3947861788
2022-08-27,2022Q3,ANTARCHILE,6247461.93494173
2022-08-27,2022Q3,IAM,632519.7275039257
2022-08-27,2022Q3,INVERCAP,494327.64622012805
2022-08-27,2022Q3,QUINENCO,0.0
2022-08-28,2022Q3,ALMENDRAL,457381.3947861788
2022-08-28,2022Q3,ANTARCHILE,6247461.93494173
2022-08-28,2022Q3,IAM,632519.7275039257
2022-08-28,2022Q3,INVERCAP,494327.64622012805
2022-08-28,2022Q3,QUINENCO,0.0
2022-08-29,2022Q3,ALMENDRAL,452499.383093355
2022-08-29,2022Q3,ANTARCHILE,6278417.2731431965
2022-08-29,2022Q3,IAM,642640.7814579546
2022-08-29,2022Q3,INVERCAP,503226.8430049057
2022-08-29,2022Q3,QUINENCO,0.0
2022-08-30,2022Q3,ALMENDRAL,455820.47948303097
2022-08-30,2022Q3,ANTARCHILE,6282422.72978693
2022-08-30,2022Q3,IAM,620522.1255523409
2022-08-30,2022Q3,INVERCAP,492378.91699718405
2022-08-30,2022Q3,QUINENCO,0.0
2022-08-31,2022Q3,ALMENDRAL,473256.23552883
2022-08-31,2022Q3,ANTARCHILE,6275760.103599138
2022-08-31,2022Q3,IAM,604002.3505574667
2022-08-31,2022Q3,INVERCAP,469708.70037026884
2022-08-31,2022Q3,QUINENCO,0.0
2022-09-01,2022Q3,ALMENDRAL,473256.23552883
2022-09-01,2022Q3,ANTARCHILE,6127671.683939152
2022-09-01,2022Q3,IAM,594619.610569689
2022-09-01,2022Q3,INVERCAP,477438.65962128
2022-09-01,2022Q3,QUINENCO,0.0
2022-09-02,2022Q3,ALMENDRAL,474916.78372366796
2022-09-02,2022Q3,ANTARCHILE,6424220.576408554
2022-09-02,2022Q3,IAM,636795.795891798
2022-09-02,2022Q3,INVERCAP,480686.54165952007
2022-09-02,2022Q3,QUINENCO,0.0
2022-09-03,2022Q3,ALMENDRAL,474916.78372366796
2022-09-03,2022Q3,ANTARCHILE,6424220.576408554
2022-09-03,2022Q3,IAM,636795.795891798
2022-09-03,2022Q3,INVERCAP,480686.54165952007
2022-09-03,2022Q3,QUINENCO,0.0
2022-09-04,2022Q3,ALMENDRAL,474916.78372366796
2022-09-04,2022Q3,ANTARCHILE,6424220.576408554
2022-09-04,2022Q3,IAM,636795.795891798
2022-09-04,2022Q3,INVERCAP,480686.54165952007
2022-09-04,2022Q3,QUINENCO,0.0
2022-09-05,2022Q3,ALMENDRAL,478237.880113344
2022-09-05,2022Q3,ANTARCHILE,6550475.541360374
2022-09-05,2022Q3,IAM,654330.7525902678
2022-09-05,2022Q3,INVERCAP,490430.18777424
2022-09-05,2022Q3,QUINENCO,0.0
2022-09-06,2022Q3,ALMENDRAL,471595.687333992
2022-09-06,2022Q3,ANTARCHILE,6251010.021449134
2022-09-06,2022Q3,IAM,615261.6385428
2022-09-06,2022Q3,INVERCAP,482960.059086288
2022-09-06,2022Q3,QUINENCO,0.0
2022-09-07,2022Q3,ALMENDRAL,473239.6300468816
2022-09-07,2022Q3,ANTARCHILE,6258044.837549763
2022-09-07,2022Q3,IAM,597419.0510250587
2022-09-07,2022Q3,INVERCAP,470942.8955448001
2022-09-07,2022Q3,QUINENCO,0.0
2022-09-08,2022Q3,ALMENDRAL,467693.3990761227
2022-09-08,2022Q3,ANTARCHILE,6200043.254901782
2022-09-08,2022Q3,IAM,593727.481193802
2022-09-08,2022Q3,INVERCAP,467370.22530273604
2022-09-08,2022Q3,QUINENCO,0.0
2022-09-09,2022Q3,ALMENDRAL,468158.35257067735
2022-09-09,2022Q3,ANTARCHILE,6064688.101588802
2022-09-09,2022Q3,IAM,581145.3806856017
2022-09-09,2022Q3,INVERCAP,492378.91699718405
2022-09-09,2022Q3,QUINENCO,0.0
2022-09-10,2022Q3,ALMENDRAL,468158.35257067735
2022-09-10,2022Q3,ANTARCHILE,6064688.101588802
2022-09-10,2022Q3,IAM,581145.3806856017
2022-09-10,2022Q3,INVERCAP,492378.91699718405
2022-09-10,2022Q3,QUINENCO,0.0
2022-09-11,2022Q3,ALMENDRAL,468158.35257067735
2022-09-11,2022Q3,ANTARCHILE,6064688.101588802
2022-09-11,2022Q3,IAM,581145.3806856017
2022-09-11,2022Q3,INVERCAP,492378.91699718405
2022-09-11,2022Q3,QUINENCO,0.0
2022-09-12,2022Q3,ALMENDRAL,469935.139139154
2022-09-12,2022Q3,ANTARCHILE,6135057.407892156
2022-09-12,2022Q3,IAM,578345.940230232
2022-09-12,2022Q3,INVERCAP,509397.81887756166
2022-09-12,2022Q3,QUINENCO,0.0
2022-09-13,2022Q3,ALMENDRAL,475597.60848355154
2022-09-13,2022Q3,ANTARCHILE,6092929.946629561
2022-09-13,2022Q3,IAM,550659.1664958061
2022-09-13,2022Q3,INVERCAP,508943.11539220804
2022-09-13,2022Q3,QUINENCO,0.0
2022-09-14,2022Q3,ALMENDRAL,473588.3451677976
2022-09-14,2022Q3,ANTARCHILE,5991897.241148326
2022-09-14,2022Q3,IAM,569117.0156520901
2022-09-14,2022Q3,INVERCAP,500173.83388895995
2022-09-14,2022Q3,QUINENCO,0.0
2022-09-15,2022Q3,ALMENDRAL,471595.687333992
2022-09-15,2022Q3,ANTARCHILE,5857524.09366325
2022-09-15,2022Q3,IAM,590651.173001088
2022-09-15,2022Q3,INVERCAP,493872.94273477443
2022-09-15,2022Q3,QUINENCO,0.0
2022-09-16,2022Q3,ALMENDRAL,471595.687333992
2022-09-16,2022Q3,ANTARCHILE,5857524.09366325
2022-09-16,2022Q3,IAM,590651.173001088
2022-09-16,2022Q3,INVERCAP,493872.94273477443
2022-09-16,2022Q3,QUINENCO,0.0
2022-09-17,2022Q3,ALMENDRAL,471595.687333992
2022-09-17,2022Q3,ANTARCHILE,5857524.09366325
2022-09-17,2022Q3,IAM,590651.173001088
2022-09-17,2022Q3,INVERCAP,493872.94273477443
2022-09-17,2022Q3,QUINENCO,0.0
2022-09-18,2022Q3,ALMENDRAL,471595.687333992
2022-09-18,2022Q3,ANTARCHILE,5857524.09366325
2022-09-18,2022Q3,IAM,590651.173001088
2022-09-18,2022Q3,INVERCAP,493872.94273477443
2022-09-18,2022Q3,QUINENCO,0.0
2022-09-19,2022Q3,ALMENDRAL,471595.687333992
2022-09-19,2022Q3,ANTARCHILE,5857524.09366325
2022-09-19,2022Q3,IAM,590651.173001088
2022-09-19,2022Q3,INVERCAP,493872.94273477443
2022-09-19,2022Q3,QUINENCO,0.0
2022-09-20,2022Q3,ALMENDRAL,457481.02767786896
2022-09-20,2022Q3,ANTARCHILE,5576029.416053449
2022-09-20,2022Q3,IAM,573731.477941161
2022-09-20,2022Q3,INVERCAP,467045.437098912
2022-09-20,2022Q3,QUINENCO,0.0
2022-09-21,2022Q3,ALMENDRAL,456750.3864721402
2022-09-21,2022Q3,ANTARCHILE,5592585.925733484
2022-09-21,2022Q3,IAM,575577.2628567894
2022-09-21,2022Q3,INVERCAP,454703.4853536
2022-09-21,2022Q3,QUINENCO,0.0
2022-09-22,2022Q3,ALMENDRAL,448331.4071243116
2022-09-22,2022Q3,ANTARCHILE,5452757.742281982
2022-09-22,2022Q3,IAM,572193.323844804
2022-09-22,2022Q3,INVERCAP,435222.68888823653
2022-09-22,2022Q3,QUINENCO,0.0
2022-09-23,2022Q3,ALMENDRAL,440045.27163206995
2022-09-23,2022Q3,ANTARCHILE,5385266.878798698
2022-09-23,2022Q3,IAM,576930.8384615835
2022-09-23,2022Q3,INVERCAP,416508.3925838976
2022-09-23,2022Q3,QUINENCO,0.0
2022-09-24,2022Q3,ALMENDRAL,440045.27163206995
2022-09-24,2022Q3,ANTARCHILE,5385266.878798698
2022-09-24,2022Q3,IAM,576930.8384615835
2022-09-24,2022Q3,INVERCAP,416508.3925838976
2022-09-24,2022Q3,QUINENCO,0.0
2022-09-25,2022Q3,ALMENDRAL,440045.27163206995
2022-09-25,2022Q3,ANTARCHILE,5385266.878798698
2022-09-25,2022Q3,IAM,576930.8384615835
2022-09-25,2022Q3,INVERCAP,416508.3925838976
2022-09-25,2022Q3,QUINENCO,0.0
2022-09-26,2022Q3,ALMENDRAL,451021.49519994913
2022-09-26,2022Q3,ANTARCHILE,5321730.061276682
2022-09-26,2022Q3,IAM,578345.940230232
2022-09-26,2022Q3,INVERCAP,405985.25478
2022-09-26,2022Q3,QUINENCO,0.0
2022-09-27,2022Q3,ALMENDRAL,446056.45609738346
2022-09-27,2022Q3,ANTARCHILE,5215025.770742147
2022-09-27,2022Q3,IAM,578345.940230232
2022-09-27,2022Q3,INVERCAP,412481.01885648
2022-09-27,2022Q3,QUINENCO,0.0
2022-09-28,2022Q3,ALMENDRAL,459473.68551167456
2022-09-28,2022Q3,ANTARCHILE,4991399.348303295
2022-09-28,2022Q3,IAM,578315.1771483049
2022-09-28,2022Q3,INVERCAP,398839.91429587203
2022-09-28,2022Q3,QUINENCO,0.0
2022-09-29,2022Q3,ALMENDRAL,451336.9993569684
2022-09-29,2022Q3,ANTARCHILE,4984111.773507731
2022-09-29,2022Q3,IAM,569117.0156520901
2022-09-29,2022Q3,INVERCAP,389745.84458880004
2022-09-29,2022Q3,QUINENCO,0.0
2022-09-30,2022Q3,ALMENDRAL,455438.5533982182
2022-09-30,2022Q3,ANTARCHILE,5059019.296527857
2022-09-30,2022Q3,IAM,578161.3617386692
2022-09-30,2022Q3,INVERCAP,406634.831187648
2022-09-30,2022Q3,QUINENCO,0.0
2022-10-01,2022Q4,ALMENDRAL,455438.5533982182
2022-10-01,2022Q4,ANTARCHILE,5059019.296527857
2022-10-01,2022Q4,IAM,578161.3617386692
2022-10-01,2022Q4,INVERCAP,406634.831187648
2022-10-01,2022Q4,QUINENCO,0.0
2022-10-02,2022Q4,ALMENDRAL,455438.5533982182
2022-10-02,2022Q4,ANTARCHILE,5059019.296527857
2022-10-02,2022Q4,IAM,578161.3617386692
2022-10-02,2022Q4,INVERCAP,406634.831187648
2022-10-02,2022Q4,QUINENCO,0.0
2022-10-03,2022Q4,ALMENDRAL,463840.92726409854
2022-10-03,2022Q4,ANTARCHILE,5133059.572730492
2022-10-03,2022Q4,IAM,587574.864808374
2022-10-03,2022Q4,INVERCAP,410265.96330640034
2022-10-03,2022Q4,QUINENCO,0.0
2022-10-04,2022Q4,ALMENDRAL,457481.02767786896
2022-10-04,2022Q4,ANTARCHILE,5291501.634104439
2022-10-04,2022Q4,IAM,586282.8153674342
2022-10-04,2022Q4,INVERCAP,422224.6649712
2022-10-04,2022Q4,QUINENCO,0.0
2022-10-05,2022Q4,ALMENDRAL,461632.398164964
2022-10-05,2022Q4,ANTARCHILE,5241391.2927993275
2022-10-05,2022Q4,IAM,580899.2760301847
2022-10-05,2022Q4,INVERCAP,409233.13681824005
2022-10-05,2022Q4,QUINENCO,0.0
2022-10-06,2022Q4,ALMENDRAL,456219.0110497921
2022-10-06,2022Q4,ANTARCHILE,5232166.639922737
2022-10-06,2022Q4,IAM,588190.1264469167
2022-10-06,2022Q4,INVERCAP,402737.37274176005
2022-10-06,2022Q4,QUINENCO,0.0
2022-10-07,2022Q4,ALMENDRAL,447866.4536297569
2022-10-07,2022Q4,ANTARCHILE,5078230.330539814
2022-10-07,2022Q4,IAM,593727.481193802
2022-10-07,2022Q4,INVERCAP,398092.90142707684
2022-10-07,2022Q4,QUINENCO,0.0
2022-10-08,2022Q4,ALMENDRAL,447866.4536297569
2022-10-08,2022Q4,ANTARCHILE,5078230.330539814
2022-10-08,2022Q4,IAM,593727.481193802
2022-10-08,2022Q4,INVERCAP,398092.90142707684
2022-10-08,2022Q4,QUINENCO,0.0
2022-10-09,2022Q4,ALMENDRAL,447866.4536297569
2022-10-09,2022Q4,ANTARCHILE,5078230.330539814
2022-10-09,2022Q4,IAM,593727.481193802
2022-10-09,2022Q4,INVERCAP,398092.90142707684
2022-10-09,2022Q4,QUINENCO,0.0
2022-10-10,2022Q4,ALMENDRAL,447866.4536297569
2022-10-10,2022Q4,ANTARCHILE,5078230.330539814
2022-10-10,2022Q4,IAM,593727.481193802
2022-10-10,2022Q4,INVERCAP,398092.90142707684
2022-10-10,2022Q4,QUINENCO,0.0
2022-10-11,2022Q4,ALMENDRAL,431742.53065787995
2022-10-11,2022Q4,ANTARCHILE,4928376.292915959
2022-10-11,2022Q4,IAM,584190.9257963886
2022-10-11,2022Q4,INVERCAP,376689.3587950752
2022-10-11,2022Q4,QUINENCO,0.0
2022-10-12,2022Q4,ALMENDRAL,431742.53065787995
2022-10-12,2022Q4,ANTARCHILE,4944230.609401151
2022-10-12,2022Q4,IAM,578345.940230232
2022-10-12,2022Q4,INVERCAP,368699.5689810048
2022-10-12,2022Q4,QUINENCO,0.0
2022-10-13,2022Q4,ALMENDRAL,436724.175242394
2022-10-13,2022Q4,ANTARCHILE,4991068.983931249
2022-10-13,2022Q4,IAM,577822.9678374707
2022-10-13,2022Q4,INVERCAP,357916.600614048
2022-10-13,2022Q4,QUINENCO,0.0
2022-10-14,2022Q4,ALMENDRAL,444960.49428879045
2022-10-14,2022Q4,ANTARCHILE,4969528.636298542
2022-10-14,2022Q4,IAM,584498.5566156601
2022-10-14,2022Q4,INVERCAP,363652.36029357987
2022-10-14,2022Q4,QUINENCO,0.0
2022-10-15,2022Q4,ALMENDRAL,444960.49428879045
2022-10-15,2022Q4,ANTARCHILE,4969528.636298542
2022-10-15,2022Q4,IAM,584498.5566156601
2022-10-15,2022Q4,INVERCAP,363652.36029357987
2022-10-15,2022Q4,QUINENCO,0.0
2022-10-16,2022Q4,ALMENDRAL,444960.49428879045
2022-10-16,2022Q4,ANTARCHILE,4969528.636298542
2022-10-16,2022Q4,IAM,584498.5566156601
2022-10-16,2022Q4,INVERCAP,363652.36029357987
2022-10-16,2022Q4,QUINENCO,0.0
2022-10-17,2022Q4,ALMENDRAL,443499.21187733306
2022-10-17,2022Q4,ANTARCHILE,5159422.879047272
2022-10-17,2022Q4,IAM,593727.481193802
2022-10-17,2022Q4,INVERCAP,363762.78828288004
2022-10-17,2022Q4,QUINENCO,0.0
2022-10-18,2022Q4,ALMENDRAL,453329.657190774
2022-10-18,2022Q4,ANTARCHILE,5050734.342484996
2022-10-18,2022Q4,IAM,593696.7181118748
2022-10-18,2022Q4,INVERCAP,370258.55235936
2022-10-18,2022Q4,QUINENCO,0.0
2022-10-19,2022Q4,ALMENDRAL,451336.9993569684
2022-10-19,2022Q4,ANTARCHILE,5049736.465384256
2022-10-19,2022Q4,IAM,589113.018904731
2022-10-19,2022Q4,INVERCAP,368732.0478013872
2022-10-19,2022Q4,QUINENCO,0.0
2022-10-20,2022Q4,ALMENDRAL,513690.5840731353
2022-10-20,2022Q4,ANTARCHILE,5240512.658171442
2022-10-20,2022Q4,IAM,587574.864808374
2022-10-20,2022Q4,INVERCAP,347523.37809168
2022-10-20,2022Q4,QUINENCO,0.0
2022-10-21,2022Q4,ALMENDRAL,487520.3445224884
2022-10-21,2022Q4,ANTARCHILE,5132152.218259168
2022-10-21,2022Q4,IAM,590651.173001088
2022-10-21,2022Q4,INVERCAP,352719.98935286404
2022-10-21,2022Q4,QUINENCO,0.0
2022-10-22,2022Q4,ALMENDRAL,487520.3445224884
2022-10-22,2022Q4,ANTARCHILE,5132152.218259168
2022-10-22,2022Q4,IAM,590651.173001088
2022-10-22,2022Q4,INVERCAP,352719.98935286404
2022-10-22,2022Q4,QUINENCO,0.0
2022-10-23,2022Q4,ALMENDRAL,487520.3445224884
2022-10-23,2022Q4,ANTARCHILE,5132152.218259168
2022-10-23,2022Q4,IAM,590651.173001088
2022-10-23,2022Q4,INVERCAP,352719.98935286404
2022-10-23,2022Q4,QUINENCO,0.0
2022-10-24,2022Q4,ALMENDRAL,483219.52469785797
2022-10-24,2022Q4,ANTARCHILE,5042213.721053554
2022-10-24,2022Q4,IAM,590589.6468372337
2022-10-24,2022Q4,INVERCAP,352914.8622751584
2022-10-24,2022Q4,QUINENCO,0.0
2022-10-25,2022Q4,ALMENDRAL,477241.5511964412
2022-10-25,2022Q4,ANTARCHILE,5218497.2992609665
2022-10-25,2022Q4,IAM,592189.327097445
2022-10-25,2022Q4,INVERCAP,346873.801684032
2022-10-25,2022Q4,QUINENCO,0.0
2022-10-26,2022Q4,ALMENDRAL,477855.9540285312
2022-10-26,2022Q4,ANTARCHILE,5214332.681235595
2022-10-26,2022Q4,IAM,596680.7370588074
2022-10-26,2022Q4,INVERCAP,344275.49605344003
2022-10-26,2022Q4,QUINENCO,0.0
2022-10-27,2022Q4,ALMENDRAL,489861.71747721
2022-10-27,2022Q4,ANTARCHILE,5367625.714270819
2022-10-27,2022Q4,IAM,609109.022157372
2022-10-27,2022Q4,INVERCAP,336993.7445237059
2022-10-27,2022Q4,QUINENCO,0.0
2022-10-28,2022Q4,ALMENDRAL,489097.8653075845
2022-10-28,2022Q4,ANTARCHILE,5310460.013384749
2022-10-28,2022Q4,IAM,612185.330350086
2022-10-28,2022Q4,INVERCAP,327958.1366933223
2022-10-28,2022Q4,QUINENCO,0.0
2022-10-29,2022Q4,ALMENDRAL,489097.8653075845
2022-10-29,2022Q4,ANTARCHILE,5310460.013384749
2022-10-29,2022Q4,IAM,612185.330350086
2022-10-29,2022Q4,INVERCAP,327958.1366933223
2022-10-29,2022Q4,QUINENCO,0.0
2022-10-30,2022Q4,ALMENDRAL,489097.8653075845
2022-10-30,2022Q4,ANTARCHILE,5310460.013384749
2022-10-30,2022Q4,IAM,612185.330350086
2022-10-30,2022Q4,INVERCAP,327958.1366933223
2022-10-30,2022Q4,QUINENCO,0.0
2022-10-31,2022Q4,ALMENDRAL,489097.8653075845
2022-10-31,2022Q4,ANTARCHILE,5310460.013384749
2022-10-31,2022Q4,IAM,612185.330350086
2022-10-31,2022Q4,INVERCAP,327958.1366933223
2022-10-31,2022Q4,QUINENCO,0.0
2022-11-01,2022Q4,ALMENDRAL,489097.8653075845
2022-11-01,2022Q4,ANTARCHILE,5310460.013384749
2022-11-01,2022Q4,IAM,612185.330350086
2022-11-01,2022Q4,INVERCAP,327958.1366933223
2022-11-01,2022Q4,QUINENCO,0.0
2022-11-02,2022Q4,ALMENDRAL,490376.4874176097
2022-11-02,2022Q4,ANTARCHILE,5283253.439504723
2022-11-02,2022Q4,IAM,612185.330350086
2022-11-02,2022Q4,INVERCAP,335798.52393363364
2022-11-02,2022Q4,QUINENCO,0.0
2022-11-03,2022Q4,ALMENDRAL,491522.265672048
2022-11-03,2022Q4,ANTARCHILE,5191113.047514324
2022-11-03,2022Q4,IAM,609109.022157372
2022-11-03,2022Q4,INVERCAP,328490.7893475936
2022-11-03,2022Q4,QUINENCO,0.0
2022-11-04,2022Q4,ALMENDRAL,493182.81386688596
2022-11-04,2022Q4,ANTARCHILE,5307913.360115347
2022-11-04,2022Q4,IAM,604494.559868301
2022-11-04,2022Q4,INVERCAP,357267.02420640003
2022-11-04,2022Q4,QUINENCO,0.0
2022-11-05,2022Q4,ALMENDRAL,493182.81386688596
2022-11-05,2022Q4,ANTARCHILE,5307913.360115347
2022-11-05,2022Q4,IAM,604494.559868301
2022-11-05,2022Q4,INVERCAP,357267.02420640003
2022-11-05,2022Q4,QUINENCO,0.0
2022-11-06,2022Q4,ALMENDRAL,493182.81386688596
2022-11-06,2022Q4,ANTARCHILE,5307913.360115347
2022-11-06,2022Q4,IAM,604494.559868301
2022-11-06,2022Q4,INVERCAP,357267.02420640003
2022-11-06,2022Q4,QUINENCO,0.0
2022-11-07,2022Q4,ALMENDRAL,494295.38115742744
2022-11-07,2022Q4,ANTARCHILE,5437040.309411085
2022-11-07,2022Q4,IAM,609109.022157372
2022-11-07,2022Q4,INVERCAP,353109.7351974528
2022-11-07,2022Q4,QUINENCO,0.0
2022-11-08,2022Q4,ALMENDRAL,499459.68604337366
2022-11-08,2022Q4,ANTARCHILE,5616421.078865782
2022-11-08,2022Q4,IAM,612093.0411043045
2022-11-08,2022Q4,INVERCAP,363762.78828288004
2022-11-08,2022Q4,QUINENCO,0.0
2022-11-09,2022Q4,ALMENDRAL,488250.9857282171
2022-11-09,2022Q4,ANTARCHILE,5584286.200087957
2022-11-09,2022Q4,IAM,609109.022157372
2022-11-09,2022Q4,INVERCAP,360911.14785330533
2022-11-09,2022Q4,QUINENCO,0.0
2022-11-10,2022Q4,ALMENDRAL,487370.895184953
2022-11-10,2022Q4,ANTARCHILE,5472542.727290926
2022-11-10,2022Q4,IAM,609109.022157372
2022-11-10,2022Q4,INVERCAP,375779.951824368
2022-11-10,2022Q4,QUINENCO,0.0
2022-11-11,2022Q4,ALMENDRAL,485760.1634359602
2022-11-11,2022Q4,ANTARCHILE,5371200.252899617
2022-11-11,2022Q4,IAM,609109.022157372
2022-11-11,2022Q4,INVERCAP,391694.573811744
2022-11-11,2022Q4,QUINENCO,0.0
2022-11-12,2022Q4,ALMENDRAL,485760.1634359602
2022-11-12,2022Q4,ANTARCHILE,5371200.252899617
2022-11-12,2022Q4,IAM,609109.022157372
2022-11-12,2022Q4,INVERCAP,391694.573811744
2022-11-12,2022Q4,QUINENCO,0.0
2022-11-13,2022Q4,ALMENDRAL,485760.1634359602
2022-11-13,2022Q4,ANTARCHILE,5371200.252899617
2022-11-13,2022Q4,IAM,609109.022157372
2022-11-13,2022Q4,INVERCAP,391694.573811744
2022-11-13,2022Q4,QUINENCO,0.0
2022-11-14,2022Q4,ALMENDRAL,481592.18746691674
2022-11-14,2022Q4,ANTARCHILE,5350185.966137107
2022-11-14,2022Q4,IAM,606032.713964658
2022-11-14,2022Q4,INVERCAP,393708.2606754528
2022-11-14,2022Q4,QUINENCO,0.0
2022-11-15,2022Q4,ALMENDRAL,471595.687333992
2022-11-15,2022Q4,ANTARCHILE,5208949.960522001
2022-11-15,2022Q4,IAM,609109.022157372
2022-11-15,2022Q4,INVERCAP,408128.85692523845
2022-11-15,2022Q4,QUINENCO,0.0
2022-11-16,2022Q4,ALMENDRAL,470101.19395863777
2022-11-16,2022Q4,ANTARCHILE,5187767.167962867
2022-11-16,2022Q4,IAM,608801.3913381005
2022-11-16,2022Q4,INVERCAP,434501.6590757472
2022-11-16,2022Q4,QUINENCO,0.0
2022-11-17,2022Q4,ALMENDRAL,468274.590944316
2022-11-17,2022Q4,ANTARCHILE,5210272.979952209
2022-11-17,2022Q4,IAM,606094.2401285123
2022-11-17,2022Q4,INVERCAP,402802.3303825248
2022-11-17,2022Q4,QUINENCO,0.0
2022-11-18,2022Q4,ALMENDRAL,468274.590944316
2022-11-18,2022Q4,ANTARCHILE,5162940.9572960185
2022-11-18,2022Q4,IAM,615230.8754608729
2022-11-18,2022Q4,INVERCAP,409882.71322588803
2022-11-18,2022Q4,QUINENCO,0.0
2022-11-19,2022Q4,ALMENDRAL,468274.590944316
2022-11-19,2022Q4,ANTARCHILE,5162940.9572960185
2022-11-19,2022Q4,IAM,615230.8754608729
2022-11-19,2022Q4,INVERCAP,409882.71322588803
2022-11-19,2022Q4,QUINENCO,0.0
2022-11-20,2022Q4,ALMENDRAL,468274.590944316
2022-11-20,2022Q4,ANTARCHILE,5162940.9572960185
2022-11-20,2022Q4,IAM,615230.8754608729
2022-11-20,2022Q4,INVERCAP,409882.71322588803
2022-11-20,2022Q4,QUINENCO,0.0
2022-11-21,2022Q4,ALMENDRAL,480496.2256583237
2022-11-21,2022Q4,ANTARCHILE,5177817.9401608
2022-11-21,2022Q4,IAM,614646.3769042572
2022-11-21,2022Q4,INVERCAP,399489.49070352
2022-11-21,2022Q4,QUINENCO,0.0
2022-11-22,2022Q4,ALMENDRAL,478653.01716205344
2022-11-22,2022Q4,ANTARCHILE,5097703.828751726
2022-11-22,2022Q4,IAM,615261.6385428
2022-11-22,2022Q4,INVERCAP,392331.1586912391
2022-11-22,2022Q4,QUINENCO,0.0
2022-11-23,2022Q4,ALMENDRAL,470167.6158864313
2022-11-23,2022Q4,ANTARCHILE,5016275.372128996
2022-11-23,2022Q4,IAM,621414.254928228
2022-11-23,2022Q4,INVERCAP,389745.84458880004
2022-11-23,2022Q4,QUINENCO,0.0
2022-11-24,2022Q4,ALMENDRAL,464953.49455463997
2022-11-24,2022Q4,ANTARCHILE,4999207.813908122
2022-11-24,2022Q4,IAM,630212.49635939
2022-11-24,2022Q4,INVERCAP,393643.30303468806
2022-11-24,2022Q4,QUINENCO,0.0
2022-11-25,2022Q4,ALMENDRAL,461632.398164964
2022-11-25,2022Q4,ANTARCHILE,5020967.219076439
2022-11-25,2022Q4,IAM,633719.487699084
2022-11-25,2022Q4,INVERCAP,404017.0382648266
2022-11-25,2022Q4,QUINENCO,0.0
2022-11-26,2022Q4,ALMENDRAL,461632.398164964
2022-11-26,2022Q4,ANTARCHILE,5020967.219076439
2022-11-26,2022Q4,IAM,633719.487699084
2022-11-26,2022Q4,INVERCAP,404017.0382648266
2022-11-26,2022Q4,QUINENCO,0.0
2022-11-27,2022Q4,ALMENDRAL,461632.398164964
2022-11-27,2022Q4,ANTARCHILE,5020967.219076439
2022-11-27,2022Q4,IAM,633719.487699084
2022-11-27,2022Q4,INVERCAP,404017.0382648266
2022-11-27,2022Q4,QUINENCO,0.0
2022-11-28,2022Q4,ALMENDRAL,450340.67044006556
2022-11-28,2022Q4,ANTARCHILE,4971263.507423622
2022-11-28,2022Q4,IAM,636795.795891798
2022-11-28,2022Q4,INVERCAP,392993.72662704
2022-11-28,2022Q4,QUINENCO,0.0
2022-11-29,2022Q4,ALMENDRAL,447335.07820740883
2022-11-29,2022Q4,ANTARCHILE,4918844.636704781
2022-11-29,2022Q4,IAM,634642.3801568982
2022-11-29,2022Q4,INVERCAP,415728.90089472
2022-11-29,2022Q4,QUINENCO,0.0
2022-11-30,2022Q4,ALMENDRAL,435893.901144975
2022-11-30,2022Q4,ANTARCHILE,5066982.86952362
2022-11-30,2022Q4,IAM,633719.487699084
2022-11-30,2022Q4,INVERCAP,424173.394194144
2022-11-30,2022Q4,QUINENCO,0.0
2022-12-01,2022Q4,ALMENDRAL,420118.69329401397
2022-12-01,2022Q4,ANTARCHILE,5005618.419981114
2022-12-01,2022Q4,IAM,633719.487699084
2022-12-01,2022Q4,INVERCAP,444635.051035056
2022-12-01,2022Q4,QUINENCO,0.0
2022-12-02,2022Q4,ALMENDRAL,428753.5439071716
2022-12-02,2022Q4,ANTARCHILE,4995429.591163109
2022-12-02,2022Q4,IAM,636795.795891798
2022-12-02,2022Q4,INVERCAP,452170.13736377284
2022-12-02,2022Q4,QUINENCO,0.0
2022-12-03,2022Q4,ALMENDRAL,428753.5439071716
2022-12-03,2022Q4,ANTARCHILE,4995429.591163109
2022-12-03,2022Q4,IAM,636795.795891798
2022-12-03,2022Q4,INVERCAP,452170.13736377284
2022-12-03,2022Q4,QUINENCO,0.0
2022-12-04,2022Q4,ALMENDRAL,428753.5439071716
2022-12-04,2022Q4,ANTARCHILE,4995429.591163109
2022-12-04,2022Q4,IAM,636795.795891798
2022-12-04,2022Q4,INVERCAP,452170.13736377284
2022-12-04,2022Q4,QUINENCO,0.0
2022-12-05,2022Q4,ALMENDRAL,430248.0372825258
2022-12-05,2022Q4,ANTARCHILE,4948940.097490032
2022-12-05,2022Q4,IAM,636795.795891798
2022-12-05,2022Q4,INVERCAP,483934.42369776004
2022-12-05,2022Q4,QUINENCO,0.0
2022-12-06,2022Q4,ALMENDRAL,439696.556511154
2022-12-06,2022Q4,ANTARCHILE,4936633.076950467
2022-12-06,2022Q4,IAM,636488.1650725265
2022-12-06,2022Q4,INVERCAP,468994.16632185597
2022-12-06,2022Q4,QUINENCO,0.0
2022-12-07,2022Q4,ALMENDRAL,434233.352950137
2022-12-07,2022Q4,ANTARCHILE,4920849.8556845905
2022-12-07,2022Q4,IAM,636795.795891798
2022-12-07,2022Q4,INVERCAP,451455.60331536003
2022-12-07,2022Q4,QUINENCO,0.0
2022-12-08,2022Q4,ALMENDRAL,434233.352950137
2022-12-08,2022Q4,ANTARCHILE,4920849.8556845905
2022-12-08,2022Q4,IAM,636795.795891798
2022-12-08,2022Q4,INVERCAP,451455.60331536003
2022-12-08,2022Q4,QUINENCO,0.0
2022-12-09,2022Q4,ALMENDRAL,434233.352950137
2022-12-09,2022Q4,ANTARCHILE,5010106.582812342
2022-12-09,2022Q4,IAM,640210.4979857106
2022-12-09,2022Q4,INVERCAP,472235.5525960195
2022-12-09,2022Q4,QUINENCO,0.0
2022-12-10,2022Q4,ALMENDRAL,434233.352950137
2022-12-10,2022Q4,ANTARCHILE,5010106.582812342
2022-12-10,2022Q4,IAM,640210.4979857106
2022-12-10,2022Q4,INVERCAP,472235.5525960195
2022-12-10,2022Q4,QUINENCO,0.0
2022-12-11,2022Q4,ALMENDRAL,434233.352950137
2022-12-11,2022Q4,ANTARCHILE,5010106.582812342
2022-12-11,2022Q4,IAM,640210.4979857106
2022-12-11,2022Q4,INVERCAP,472235.5525960195
2022-12-11,2022Q4,QUINENCO,0.0
2022-12-12,2022Q4,ALMENDRAL,435545.186024059
2022-12-12,2022Q4,ANTARCHILE,4937570.937533891
2022-12-12,2022Q4,IAM,636795.795891798
2022-12-12,2022Q4,INVERCAP,470228.3614963872
2022-12-12,2022Q4,QUINENCO,0.0
2022-12-13,2022Q4,ALMENDRAL,435063.627047556
2022-12-13,2022Q4,ANTARCHILE,4884696.362584036
2022-12-13,2022Q4,IAM,630643.17950637
2022-12-13,2022Q4,INVERCAP,461205.7451941565
2022-12-13,2022Q4,QUINENCO,0.0
2022-12-14,2022Q4,ALMENDRAL,444877.46687904856
2022-12-14,2022Q4,ANTARCHILE,4824160.5457655145
2022-12-14,2022Q4,IAM,630643.17950637
2022-12-14,2022Q4,INVERCAP,464447.13146832003
2022-12-14,2022Q4,QUINENCO,0.0
2022-12-15,2022Q4,ALMENDRAL,452549.19953920017
2022-12-15,2022Q4,ANTARCHILE,4771117.465019037
2022-12-15,2022Q4,IAM,630643.17950637
2022-12-15,2022Q4,INVERCAP,445674.37328729284
2022-12-15,2022Q4,QUINENCO,0.0
2022-12-16,2022Q4,ALMENDRAL,461798.4529844478
2022-12-16,2022Q4,ANTARCHILE,4846577.123540659
2022-12-16,2022Q4,IAM,630612.4164244429
2022-12-16,2022Q4,INVERCAP,433917.04030886403
2022-12-16,2022Q4,QUINENCO,0.0
2022-12-17,2022Q4,ALMENDRAL,461798.4529844478
2022-12-17,2022Q4,ANTARCHILE,4846577.123540659
2022-12-17,2022Q4,IAM,630612.4164244429
2022-12-17,2022Q4,INVERCAP,433917.04030886403
2022-12-17,2022Q4,QUINENCO,0.0
2022-12-18,2022Q4,ALMENDRAL,461798.4529844478
2022-12-18,2022Q4,ANTARCHILE,4846577.123540659
2022-12-18,2022Q4,IAM,630612.4164244429
2022-12-18,2022Q4,INVERCAP,433917.04030886403
2022-12-18,2022Q4,QUINENCO,0.0
2022-12-19,2022Q4,ALMENDRAL,467494.13329274213
2022-12-19,2022Q4,ANTARCHILE,4888251.834892773
2022-12-19,2022Q4,IAM,627566.871313656
2022-12-19,2022Q4,INVERCAP,425927.25049479364
2022-12-19,2022Q4,QUINENCO,0.0
2022-12-20,2022Q4,ALMENDRAL,473090.1807093462
2022-12-20,2022Q4,ANTARCHILE,5132301.29664569
2022-12-20,2022Q4,IAM,618337.9467355141
2022-12-20,2022Q4,INVERCAP,444894.88159811526
2022-12-20,2022Q4,QUINENCO,0.0
2022-12-21,2022Q4,ALMENDRAL,464970.1000365883
2022-12-21,2022Q4,ANTARCHILE,5033562.7264656145
2022-12-21,2022Q4,IAM,612185.330350086
2022-12-21,2022Q4,INVERCAP,459575.30841096
2022-12-21,2022Q4,QUINENCO,0.0
2022-12-22,2022Q4,ALMENDRAL,486540.62108753395
2022-12-22,2022Q4,ANTARCHILE,5141353.012244858
2022-12-22,2022Q4,IAM,606001.9508827309
2022-12-22,2022Q4,INVERCAP,451254.23462898907
2022-12-22,2022Q4,QUINENCO,0.0
2022-12-23,2022Q4,ALMENDRAL,492651.43844453787
2022-12-23,2022Q4,ANTARCHILE,5198399.0931679765
2022-12-23,2022Q4,IAM,611477.7794657617
2022-12-23,2022Q4,INVERCAP,459120.6049256064
2022-12-23,2022Q4,QUINENCO,0.0
2022-12-24,2022Q4,ALMENDRAL,492651.43844453787
2022-12-24,2022Q4,ANTARCHILE,5198399.0931679765
2022-12-24,2022Q4,IAM,611477.7794657617
2022-12-24,2022Q4,INVERCAP,459120.6049256064
2022-12-24,2022Q4,QUINENCO,0.0
2022-12-25,2022Q4,ALMENDRAL,492651.43844453787
2022-12-25,2022Q4,ANTARCHILE,5198399.0931679765
2022-12-25,2022Q4,IAM,611477.7794657617
2022-12-25,2022Q4,INVERCAP,459120.6049256064
2022-12-25,2022Q4,QUINENCO,0.0
2022-12-26,2022Q4,ALMENDRAL,476012.74553226103
2022-12-26,2022Q4,ANTARCHILE,5138215.850107144
2022-12-26,2022Q4,IAM,599880.09757923
2022-12-26,2022Q4,INVERCAP,455047.76084965345
2022-12-26,2022Q4,QUINENCO,0.0
2022-12-27,2022Q4,ALMENDRAL,469935.139139154
2022-12-27,2022Q4,ANTARCHILE,5143932.62809345
2022-12-27,2022Q4,IAM,594958.0044708877
2022-12-27,2022Q4,INVERCAP,459562.31688280706
2022-12-27,2022Q4,QUINENCO,0.0
2022-12-28,2022Q4,ALMENDRAL,466614.042749478
2022-12-28,2022Q4,ANTARCHILE,5218296.260356893
2022-12-28,2022Q4,IAM,593727.481193802
2022-12-28,2022Q4,INVERCAP,451462.0990794365
2022-12-28,2022Q4,QUINENCO,0.0
2022-12-29,2022Q4,ALMENDRAL,481558.97650302
2022-12-29,2022Q4,ANTARCHILE,5139530.1953208
2022-12-29,2022Q4,IAM,615230.8754608729
2022-12-29,2022Q4,INVERCAP,454053.908945952
2022-12-29,2022Q4,QUINENCO,0.0
2022-12-30,2022Q4,ALMENDRAL,486540.62108753395
2022-12-30,2022Q4,ANTARCHILE,5164204.012190555
2022-12-30,2022Q4,IAM,602648.7749526727
2022-12-30,2022Q4,INVERCAP,451455.60331536003
2022-12-30,2022Q4,QUINENCO,0.0
2022-12-31,2022Q4,ALMENDRAL,486540.62108753395
2022-12-31,2022Q4,ANTARCHILE,5164204.012190555
2022-12-31,2022Q4,IAM,602648.7749526727
2022-12-31,2022Q4,INVERCAP,451455.60331536003
2022-12-31,2022Q4,QUINENCO,0.0
2023-01-01,2023Q1,ALMENDRAL,486540.62108753395
2023-01-01,2023Q1,ANTARCHILE,5164204.012190555
2023-01-01,2023Q1,IAM,602648.7749526727
2023-01-01,2023Q1,INVERCAP,451455.60331536003
2023-01-01,2023Q1,QUINENCO,0.0
2023-01-02,2023Q1,ALMENDRAL,486540.62108753395
2023-01-02,2023Q1,ANTARCHILE,5164204.012190555
2023-01-02,2023Q1,IAM,602648.7749526727
2023-01-02,2023Q1,INVERCAP,451455.60331536003
2023-01-02,2023Q1,QUINENCO,0.0
2023-01-03,2023Q1,ALMENDRAL,471728.53118957905
2023-01-03,2023Q1,ANTARCHILE,5034990.594256107
2023-01-03,2023Q1,IAM,592496.9579167165
2023-01-03,2023Q1,INVERCAP,446297.96663863497
2023-01-03,2023Q1,QUINENCO,0.0
2023-01-04,2023Q1,ALMENDRAL,468357.61835405783
2023-01-04,2023Q1,ANTARCHILE,4927469.179171326
2023-01-04,2023Q1,IAM,590866.5145745779
2023-01-04,2023Q1,INVERCAP,443738.6355925018
2023-01-04,2023Q1,QUINENCO,0.0
2023-01-05,2023Q1,ALMENDRAL,471097.52287554054
2023-01-05,2023Q1,ANTARCHILE,4972182.903503713
2023-01-05,2023Q1,IAM,593296.7980468221
2023-01-05,2023Q1,INVERCAP,431968.31108592
2023-01-05,2023Q1,QUINENCO,0.0
2023-01-06,2023Q1,ALMENDRAL,474684.30697639065
2023-01-06,2023Q1,ANTARCHILE,4999166.726947464
2023-01-06,2023Q1,IAM,589082.2558228038
2023-01-06,2023Q1,INVERCAP,435216.19312416
2023-01-06,2023Q1,QUINENCO,0.0
2023-01-07,2023Q1,ALMENDRAL,474684.30697639065
2023-01-07,2023Q1,ANTARCHILE,4999166.726947464
2023-01-07,2023Q1,IAM,589082.2558228038
2023-01-07,2023Q1,INVERCAP,435216.19312416
2023-01-07,2023Q1,QUINENCO,0.0
2023-01-08,2023Q1,ALMENDRAL,474684.30697639065
2023-01-08,2023Q1,ANTARCHILE,4999166.726947464
2023-01-08,2023Q1,IAM,589082.2558228038
2023-01-08,2023Q1,INVERCAP,435216.19312416
2023-01-08,2023Q1,QUINENCO,0.0
2023-01-09,2023Q1,ALMENDRAL,466630.6482314263
2023-01-09,2023Q1,ANTARCHILE,4997427.424341585
2023-01-09,2023Q1,IAM,584867.7135987857
2023-01-09,2023Q1,INVERCAP,449182.085888592
2023-01-09,2023Q1,QUINENCO,0.0
2023-01-10,2023Q1,ALMENDRAL,475614.2139654999
2023-01-10,2023Q1,ANTARCHILE,5022476.385444709
2023-01-10,2023Q1,IAM,587574.864808374
2023-01-10,2023Q1,INVERCAP,464447.13146832003
2023-01-10,2023Q1,QUINENCO,0.0
2023-01-11,2023Q1,ALMENDRAL,484547.96325372835
2023-01-11,2023Q1,ANTARCHILE,5053171.029314824
2023-01-11,2023Q1,IAM,590712.6991649423
2023-01-11,2023Q1,INVERCAP,476334.3797282784
2023-01-11,2023Q1,QUINENCO,0.0
2023-01-12,2023Q1,ALMENDRAL,479732.37348869815
2023-01-12,2023Q1,ANTARCHILE,5047268.894952233
2023-01-12,2023Q1,IAM,596803.789386516
2023-01-12,2023Q1,INVERCAP,473541.201175392
2023-01-12,2023Q1,QUINENCO,0.0
2023-01-13,2023Q1,ALMENDRAL,478420.54041477613
2023-01-13,2023Q1,ANTARCHILE,4979499.009397669
2023-01-13,2023Q1,IAM,591912.4593601007
2023-01-13,2023Q1,INVERCAP,469572.2893246627
2023-01-13,2023Q1,QUINENCO,0.0
2023-01-14,2023Q1,ALMENDRAL,478420.54041477613
2023-01-14,2023Q1,ANTARCHILE,4979499.009397669
2023-01-14,2023Q1,IAM,591912.4593601007
2023-01-14,2023Q1,INVERCAP,469572.2893246627
2023-01-14,2023Q1,QUINENCO,0.0
2023-01-15,2023Q1,ALMENDRAL,478420.54041477613
2023-01-15,2023Q1,ANTARCHILE,4979499.009397669
2023-01-15,2023Q1,IAM,591912.4593601007
2023-01-15,2023Q1,INVERCAP,469572.2893246627
2023-01-15,2023Q1,QUINENCO,0.0
2023-01-16,2023Q1,ALMENDRAL,472176.87920218526
2023-01-16,2023Q1,ANTARCHILE,4978674.808154484
2023-01-16,2023Q1,IAM,579668.752753099
2023-01-16,2023Q1,INVERCAP,448136.26787227875
2023-01-16,2023Q1,QUINENCO,0.0
2023-01-17,2023Q1,ALMENDRAL,468274.590944316
2023-01-17,2023Q1,ANTARCHILE,5018896.676754977
2023-01-17,2023Q1,IAM,572593.2439098568
2023-01-17,2023Q1,INVERCAP,466006.11484667525
2023-01-17,2023Q1,QUINENCO,0.0
2023-01-18,2023Q1,ALMENDRAL,476045.95649615786
2023-01-18,2023Q1,ANTARCHILE,5014916.98563415
2023-01-18,2023Q1,IAM,569117.0156520901
2023-01-18,2023Q1,INVERCAP,474190.77758304006
2023-01-18,2023Q1,QUINENCO,0.0
2023-01-19,2023Q1,ALMENDRAL,475913.11264057073
2023-01-19,2023Q1,ANTARCHILE,5029928.773136228
2023-01-19,2023Q1,IAM,584498.5566156601
2023-01-19,2023Q1,INVERCAP,470942.8955448001
2023-01-19,2023Q1,QUINENCO,0.0
2023-01-20,2023Q1,ALMENDRAL,480745.30788754934
2023-01-20,2023Q1,ANTARCHILE,5120447.816578384
2023-01-20,2023Q1,IAM,584283.21504217
2023-01-20,2023Q1,INVERCAP,470280.32760899904
2023-01-20,2023Q1,QUINENCO,0.0
2023-01-21,2023Q1,ALMENDRAL,480745.30788754934
2023-01-21,2023Q1,ANTARCHILE,5120447.816578384
2023-01-21,2023Q1,IAM,584283.21504217
2023-01-21,2023Q1,INVERCAP,470280.32760899904
2023-01-21,2023Q1,QUINENCO,0.0
2023-01-22,2023Q1,ALMENDRAL,480745.30788754934
2023-01-22,2023Q1,ANTARCHILE,5120447.816578384
2023-01-22,2023Q1,IAM,584283.21504217
2023-01-22,2023Q1,INVERCAP,470280.32760899904
2023-01-22,2023Q1,QUINENCO,0.0
2023-01-23,2023Q1,ALMENDRAL,498164.4584513999
2023-01-23,2023Q1,ANTARCHILE,5120521.488628137
2023-01-23,2023Q1,IAM,591850.9331962464
2023-01-23,2023Q1,INVERCAP,461199.24943008006
2023-01-23,2023Q1,QUINENCO,0.0
2023-01-24,2023Q1,ALMENDRAL,495673.636159143
2023-01-24,2023Q1,ANTARCHILE,4977603.620094029
2023-01-24,2023Q1,IAM,584498.5566156601
2023-01-24,2023Q1,INVERCAP,457886.40975107526
2023-01-24,2023Q1,QUINENCO,0.0
2023-01-25,2023Q1,ALMENDRAL,495009.4168812078
2023-01-25,2023Q1,ANTARCHILE,4959518.998089005
2023-01-25,2023Q1,IAM,588959.2034950953
2023-01-25,2023Q1,INVERCAP,459250.520207136
2023-01-25,2023Q1,QUINENCO,0.0
2023-01-26,2023Q1,ALMENDRAL,498181.06393334834
2023-01-26,2023Q1,ANTARCHILE,5004872.426231772
2023-01-26,2023Q1,IAM,588036.3110372811
2023-01-26,2023Q1,INVERCAP,474190.77758304006
2023-01-26,2023Q1,QUINENCO,0.0
2023-01-27,2023Q1,ALMENDRAL,489861.71747721
2023-01-27,2023Q1,ANTARCHILE,5008232.338805761
2023-01-27,2023Q1,IAM,601418.251675587
2023-01-27,2023Q1,INVERCAP,477763.44782510406
2023-01-27,2023Q1,QUINENCO,0.0
2023-01-28,2023Q1,ALMENDRAL,489861.71747721
2023-01-28,2023Q1,ANTARCHILE,5008232.338805761
2023-01-28,2023Q1,IAM,601418.251675587
2023-01-28,2023Q1,INVERCAP,477763.44782510406
2023-01-28,2023Q1,QUINENCO,0.0
2023-01-29,2023Q1,ALMENDRAL,489861.71747721
2023-01-29,2023Q1,ANTARCHILE,5008232.338805761
2023-01-29,2023Q1,IAM,601418.251675587
2023-01-29,2023Q1,INVERCAP,477763.44782510406
2023-01-29,2023Q1,QUINENCO,0.0
2023-01-30,2023Q1,ALMENDRAL,498164.4584513999
2023-01-30,2023Q1,ANTARCHILE,4975381.55931901
2023-01-30,2023Q1,IAM,596803.789386516
2023-01-30,2023Q1,INVERCAP,473300.8579045623
2023-01-30,2023Q1,QUINENCO,0.0
2023-01-31,2023Q1,ALMENDRAL,507297.473523009
2023-01-31,2023Q1,ANTARCHILE,4916379.145249754
2023-01-31,2023Q1,IAM,586898.0770059768
2023-01-31,2023Q1,INVERCAP,477438.65962128
2023-01-31,2023Q1,QUINENCO,0.0
2023-02-01,2023Q1,ALMENDRAL,504823.25671270036
2023-02-01,2023Q1,ANTARCHILE,4948677.548508318
2023-02-01,2023Q1,IAM,587574.864808374
2023-02-01,2023Q1,INVERCAP,466395.86069126404
2023-02-01,2023Q1,QUINENCO,0.0
2023-02-02,2023Q1,ALMENDRAL,508958.021717847
2023-02-02,2023Q1,ANTARCHILE,4940591.84710087
2023-02-02,2023Q1,IAM,584498.5566156601
2023-02-02,2023Q1,INVERCAP,454703.4853536
2023-02-02,2023Q1,QUINENCO,0.0
2023-02-03,2023Q1,ALMENDRAL,506799.30906455754
2023-02-03,2023Q1,ANTARCHILE,4854684.331335204
2023-02-03,2023Q1,IAM,596803.789386516
2023-02-03,2023Q1,INVERCAP,446908.568461824
2023-02-03,2023Q1,QUINENCO,0.0
2023-02-04,2023Q1,ALMENDRAL,506799.30906455754
2023-02-04,2023Q1,ANTARCHILE,4854684.331335204
2023-02-04,2023Q1,IAM,596803.789386516
2023-02-04,2023Q1,INVERCAP,446908.568461824
2023-02-04,2023Q1,QUINENCO,0.0
2023-02-05,2023Q1,ALMENDRAL,506799.30906455754
2023-02-05,2023Q1,ANTARCHILE,4854684.331335204
2023-02-05,2023Q1,IAM,596803.789386516
2023-02-05,2023Q1,INVERCAP,446908.568461824
2023-02-05,2023Q1,QUINENCO,0.0
2023-02-06,2023Q1,ALMENDRAL,508127.747620428
2023-02-06,2023Q1,ANTARCHILE,4851449.878983529
2023-02-06,2023Q1,IAM,593727.481193802
2023-02-06,2023Q1,INVERCAP,448207.72127712006
2023-02-06,2023Q1,QUINENCO,0.0
2023-02-07,2023Q1,ALMENDRAL,506467.19942559
2023-02-07,2023Q1,ANTARCHILE,4759268.279669127
2023-02-07,2023Q1,IAM,597419.0510250587
2023-02-07,2023Q1,INVERCAP,441711.95720064
2023-02-07,2023Q1,QUINENCO,0.0
2023-02-08,2023Q1,ALMENDRAL,503976.37713333295
2023-02-08,2023Q1,ANTARCHILE,4803551.635821666
2023-02-08,2023Q1,IAM,603264.0365912153
2023-02-08,2023Q1,INVERCAP,453079.54433448
2023-02-08,2023Q1,QUINENCO,0.0
2023-02-09,2023Q1,ALMENDRAL,502913.6262886367
2023-02-09,2023Q1,ANTARCHILE,4920637.910423507
2023-02-09,2023Q1,IAM,609109.022157372
2023-02-09,2023Q1,INVERCAP,453079.54433448
2023-02-09,2023Q1,QUINENCO,0.0
2023-02-10,2023Q1,ALMENDRAL,498181.06393334834
2023-02-10,2023Q1,ANTARCHILE,4980698.956690952
2023-02-10,2023Q1,IAM,609109.022157372
2023-02-10,2023Q1,INVERCAP,461134.29178931523
2023-02-10,2023Q1,QUINENCO,0.0
2023-02-11,2023Q1,ALMENDRAL,498181.06393334834
2023-02-11,2023Q1,ANTARCHILE,4980698.956690952
2023-02-11,2023Q1,IAM,609109.022157372
2023-02-11,2023Q1,INVERCAP,461134.29178931523
2023-02-11,2023Q1,QUINENCO,0.0
2023-02-12,2023Q1,ALMENDRAL,498181.06393334834
2023-02-12,2023Q1,ANTARCHILE,4980698.956690952
2023-02-12,2023Q1,IAM,609109.022157372
2023-02-12,2023Q1,INVERCAP,461134.29178931523
2023-02-12,2023Q1,QUINENCO,0.0
2023-02-13,2023Q1,ALMENDRAL,504806.651230752
2023-02-13,2023Q1,ANTARCHILE,4879369.828723688
2023-02-13,2023Q1,IAM,615569.2693620714
2023-02-13,2023Q1,INVERCAP,454768.4429943648
2023-02-13,2023Q1,QUINENCO,0.0
2023-02-14,2023Q1,ALMENDRAL,504806.651230752
2023-02-14,2023Q1,ANTARCHILE,4798967.78030009
2023-02-14,2023Q1,IAM,615569.2693620714
2023-02-14,2023Q1,INVERCAP,451065.85747077124
2023-02-14,2023Q1,QUINENCO,0.0
2023-02-15,2023Q1,ALMENDRAL,508127.747620428
2023-02-15,2023Q1,ANTARCHILE,4879524.988096266
2023-02-15,2023Q1,IAM,615261.6385428
2023-02-15,2023Q1,INVERCAP,457217.3460511978
2023-02-15,2023Q1,QUINENCO,0.0
2023-02-16,2023Q1,ALMENDRAL,521030.2070943192
2023-02-16,2023Q1,ANTARCHILE,4895764.840918339
2023-02-16,2023Q1,IAM,628151.3698702717
2023-02-16,2023Q1,INVERCAP,457132.90111820353
2023-02-16,2023Q1,QUINENCO,0.0
2023-02-17,2023Q1,ALMENDRAL,522109.5634209639
2023-02-17,2023Q1,ANTARCHILE,4840947.467991439
2023-02-17,2023Q1,IAM,616799.7926391569
2023-02-17,2023Q1,INVERCAP,454703.4853536
2023-02-17,2023Q1,QUINENCO,0.0
2023-02-18,2023Q1,ALMENDRAL,522109.5634209639
2023-02-18,2023Q1,ANTARCHILE,4840947.467991439
2023-02-18,2023Q1,IAM,616799.7926391569
2023-02-18,2023Q1,INVERCAP,454703.4853536
2023-02-18,2023Q1,QUINENCO,0.0
2023-02-19,2023Q1,ALMENDRAL,522109.5634209639
2023-02-19,2023Q1,ANTARCHILE,4840947.467991439
2023-02-19,2023Q1,IAM,616799.7926391569
2023-02-19,2023Q1,INVERCAP,454703.4853536
2023-02-19,2023Q1,QUINENCO,0.0
2023-02-20,2023Q1,ALMENDRAL,522408.4620960348
2023-02-20,2023Q1,ANTARCHILE,4868844.177057485
2023-02-20,2023Q1,IAM,615630.7955259257
2023-02-20,2023Q1,INVERCAP,458639.91838394693
2023-02-20,2023Q1,QUINENCO,0.0
2023-02-21,2023Q1,ALMENDRAL,512030.0358782973
2023-02-21,2023Q1,ANTARCHILE,4787081.474416995
2023-02-21,2023Q1,IAM,615261.6385428
2023-02-21,2023Q1,INVERCAP,456002.638168896
2023-02-21,2023Q1,QUINENCO,0.0
2023-02-22,2023Q1,ALMENDRAL,514769.94039978
2023-02-22,2023Q1,ANTARCHILE,4781580.799645765
2023-02-22,2023Q1,IAM,612308.3826777944
2023-02-22,2023Q1,INVERCAP,456652.214576544
2023-02-22,2023Q1,QUINENCO,0.0
2023-02-23,2023Q1,ALMENDRAL,531375.42234816
2023-02-23,2023Q1,ANTARCHILE,4820086.863441241
2023-02-23,2023Q1,IAM,615261.6385428
2023-02-23,2023Q1,INVERCAP,458600.943799488
2023-02-23,2023Q1,QUINENCO,0.0
2023-02-24,2023Q1,ALMENDRAL,542168.985614607
2023-02-24,2023Q1,ANTARCHILE,4859200.28668469
2023-02-24,2023Q1,IAM,609416.6529766434
2023-02-24,2023Q1,INVERCAP,448207.72127712006
2023-02-24,2023Q1,QUINENCO,0.0
2023-02-25,2023Q1,ALMENDRAL,542168.985614607
2023-02-25,2023Q1,ANTARCHILE,4859200.28668469
2023-02-25,2023Q1,IAM,609416.6529766434
2023-02-25,2023Q1,INVERCAP,448207.72127712006
2023-02-25,2023Q1,QUINENCO,0.0
2023-02-26,2023Q1,ALMENDRAL,542168.985614607
2023-02-26,2023Q1,ANTARCHILE,4859200.28668469
2023-02-26,2023Q1,IAM,609416.6529766434
2023-02-26,2023Q1,INVERCAP,448207.72127712006
2023-02-26,2023Q1,QUINENCO,0.0
2023-02-27,2023Q1,ALMENDRAL,543829.533809445
2023-02-27,2023Q1,ANTARCHILE,4914269.129891305
2023-02-27,2023Q1,IAM,609109.022157372
2023-02-27,2023Q1,INVERCAP,448012.8483548256
2023-02-27,2023Q1,QUINENCO,0.0
2023-02-28,2023Q1,ALMENDRAL,541338.711517188
2023-02-28,2023Q1,ANTARCHILE,4900521.135863896
2023-02-28,2023Q1,IAM,609109.022157372
2023-02-28,2023Q1,INVERCAP,447428.2295879424
2023-02-28,2023Q1,QUINENCO,0.0
2023-03-01,2023Q1,ALMENDRAL,541338.711517188
2023-03-01,2023Q1,ANTARCHILE,4848148.385403242
2023-03-01,2023Q1,IAM,618337.9467355141
2023-03-01,2023Q1,INVERCAP,467493.6448201891
2023-03-01,2023Q1,QUINENCO,0.0
2023-03-02,2023Q1,ALMENDRAL,566412.9892592417
2023-03-02,2023Q1,ANTARCHILE,4893685.572398681
2023-03-02,2023Q1,IAM,634765.4324846069
2023-03-02,2023Q1,INVERCAP,466720.64889508806
2023-03-02,2023Q1,QUINENCO,0.0
2023-03-03,2023Q1,ALMENDRAL,556283.64527073
2023-03-03,2023Q1,ANTARCHILE,4863909.774773573
2023-03-03,2023Q1,IAM,624490.563120942
2023-03-03,2023Q1,INVERCAP,468994.16632185597
2023-03-03,2023Q1,QUINENCO,0.0
2023-03-04,2023Q1,ALMENDRAL,556283.64527073
2023-03-04,2023Q1,ANTARCHILE,4863909.774773573
2023-03-04,2023Q1,IAM,624490.563120942
2023-03-04,2023Q1,INVERCAP,468994.16632185597
2023-03-04,2023Q1,QUINENCO,0.0
2023-03-05,2023Q1,ALMENDRAL,556283.64527073
2023-03-05,2023Q1,ANTARCHILE,4863909.774773573
2023-03-05,2023Q1,IAM,624490.563120942
2023-03-05,2023Q1,INVERCAP,468994.16632185597
2023-03-05,2023Q1,QUINENCO,0.0
2023-03-06,2023Q1,ALMENDRAL,553111.9982185895
2023-03-06,2023Q1,ANTARCHILE,4848194.505661431
2023-03-06,2023Q1,IAM,638087.8453327378
2023-03-06,2023Q1,INVERCAP,458678.89296840574
2023-03-06,2023Q1,QUINENCO,0.0
2023-03-07,2023Q1,ALMENDRAL,546320.356101702
2023-03-07,2023Q1,ANTARCHILE,4831459.5275530005
2023-03-07,2023Q1,IAM,646240.0620434299
2023-03-07,2023Q1,INVERCAP,459185.5625663712
2023-03-07,2023Q1,QUINENCO,0.0
2023-03-08,2023Q1,ALMENDRAL,556283.64527073
2023-03-08,2023Q1,ANTARCHILE,4826280.49095562
2023-03-08,2023Q1,IAM,663313.5725129927
2023-03-08,2023Q1,INVERCAP,461199.24943008006
2023-03-08,2023Q1,QUINENCO,0.0
2023-03-09,2023Q1,ALMENDRAL,557944.193465568
2023-03-09,2023Q1,ANTARCHILE,4820062.627060246
2023-03-09,2023Q1,IAM,698321.959746078
2023-03-09,2023Q1,INVERCAP,466032.0979029811
2023-03-09,2023Q1,QUINENCO,0.0
2023-03-10,2023Q1,ALMENDRAL,539678.16332235
2023-03-10,2023Q1,ANTARCHILE,4811610.885107719
2023-03-10,2023Q1,IAM,693092.2358184642
2023-03-10,2023Q1,INVERCAP,468864.25104032643
2023-03-10,2023Q1,QUINENCO,0.0
2023-03-11,2023Q1,ALMENDRAL,539678.16332235
2023-03-11,2023Q1,ANTARCHILE,4811610.885107719
2023-03-11,2023Q1,IAM,693092.2358184642
2023-03-11,2023Q1,INVERCAP,468864.25104032643
2023-03-11,2023Q1,QUINENCO,0.0
2023-03-12,2023Q1,ALMENDRAL,539678.16332235
2023-03-12,2023Q1,ANTARCHILE,4811610.885107719
2023-03-12,2023Q1,IAM,693092.2358184642
2023-03-12,2023Q1,INVERCAP,468864.25104032643
2023-03-12,2023Q1,QUINENCO,0.0
2023-03-13,2023Q1,ALMENDRAL,552165.4857475318
2023-03-13,2023Q1,ANTARCHILE,4754202.027068449
2023-03-13,2023Q1,IAM,706935.6226856773
2023-03-13,2023Q1,INVERCAP,457821.45211031043
2023-03-13,2023Q1,QUINENCO,0.0
2023-03-14,2023Q1,ALMENDRAL,560435.015757825
2023-03-14,2023Q1,ANTARCHILE,4661350.956411703
2023-03-14,2023Q1,IAM,714626.3931674622
2023-03-14,2023Q1,INVERCAP,453469.2901790688
2023-03-14,2023Q1,QUINENCO,0.0
2023-03-15,2023Q1,ALMENDRAL,546967.9698976888
2023-03-15,2023Q1,ANTARCHILE,4541503.643212342
2023-03-15,2023Q1,IAM,696383.8855846681
2023-03-15,2023Q1,INVERCAP,439756.7322136195
2023-03-15,2023Q1,QUINENCO,0.0
2023-03-16,2023Q1,ALMENDRAL,531856.981324663
2023-03-16,2023Q1,ANTARCHILE,4675696.106528624
2023-03-16,2023Q1,IAM,698321.959746078
2023-03-16,2023Q1,INVERCAP,432624.38325764454
2023-03-16,2023Q1,QUINENCO,0.0
2023-03-17,2023Q1,ALMENDRAL,518091.036789456
2023-03-17,2023Q1,ANTARCHILE,4609528.50320224
2023-03-17,2023Q1,IAM,712165.346613291
2023-03-17,2023Q1,INVERCAP,414169.91751636483
2023-03-17,2023Q1,QUINENCO,0.0
2023-03-18,2023Q1,ALMENDRAL,518091.036789456
2023-03-18,2023Q1,ANTARCHILE,4609528.50320224
2023-03-18,2023Q1,IAM,712165.346613291
2023-03-18,2023Q1,INVERCAP,414169.91751636483
2023-03-18,2023Q1,QUINENCO,0.0
2023-03-19,2023Q1,ALMENDRAL,518091.036789456
2023-03-19,2023Q1,ANTARCHILE,4609528.50320224
2023-03-19,2023Q1,IAM,712165.346613291
2023-03-19,2023Q1,INVERCAP,414169.91751636483
2023-03-19,2023Q1,QUINENCO,0.0
2023-03-20,2023Q1,ALMENDRAL,526410.3832455943
2023-03-20,2023Q1,ANTARCHILE,4623121.149112023
2023-03-20,2023Q1,IAM,706997.1488495314
2023-03-20,2023Q1,INVERCAP,413130.59526412806
2023-03-20,2023Q1,QUINENCO,0.0
2023-03-21,2023Q1,ALMENDRAL,544825.8627263478
2023-03-21,2023Q1,ANTARCHILE,4729493.7704592375
2023-03-21,2023Q1,IAM,729638.7771479065
2023-03-21,2023Q1,INVERCAP,435216.19312416
2023-03-21,2023Q1,QUINENCO,0.0
2023-03-22,2023Q1,ALMENDRAL,554623.097075892
2023-03-22,2023Q1,ANTARCHILE,4761926.978355098
2023-03-22,2023Q1,IAM,724470.579384147
2023-03-22,2023Q1,INVERCAP,441711.95720064
2023-03-22,2023Q1,QUINENCO,0.0
2023-03-23,2023Q1,ALMENDRAL,530545.148250741
2023-03-23,2023Q1,ANTARCHILE,4768336.845847958
2023-03-23,2023Q1,IAM,718010.3321794476
2023-03-23,2023Q1,INVERCAP,435346.10840568965
2023-03-23,2023Q1,QUINENCO,0.0
2023-03-24,2023Q1,ALMENDRAL,531209.3675286762
2023-03-24,2023Q1,ANTARCHILE,4665483.041329623
2023-03-24,2023Q1,IAM,724747.4471214913
2023-03-24,2023Q1,INVERCAP,426511.86926167685
2023-03-24,2023Q1,QUINENCO,0.0
2023-03-25,2023Q1,ALMENDRAL,531209.3675286762
2023-03-25,2023Q1,ANTARCHILE,4665483.041329623
2023-03-25,2023Q1,IAM,724747.4471214913
2023-03-25,2023Q1,INVERCAP,426511.86926167685
2023-03-25,2023Q1,QUINENCO,0.0
2023-03-26,2023Q1,ALMENDRAL,531209.3675286762
2023-03-26,2023Q1,ANTARCHILE,4665483.041329623
2023-03-26,2023Q1,IAM,724747.4471214913
2023-03-26,2023Q1,INVERCAP,426511.86926167685
2023-03-26,2023Q1,QUINENCO,0.0
2023-03-27,2023Q1,ALMENDRAL,537137.5245842478
2023-03-27,2023Q1,ANTARCHILE,4575569.141595042
2023-03-27,2023Q1,IAM,718317.962998719
2023-03-27,2023Q1,INVERCAP,428720.42904768005
2023-03-27,2023Q1,QUINENCO,0.0
2023-03-28,2023Q1,ALMENDRAL,536373.6724146224
2023-03-28,2023Q1,ANTARCHILE,4517958.626434912
2023-03-28,2023Q1,IAM,707550.88432422
2023-03-28,2023Q1,INVERCAP,426122.123417088
2023-03-28,2023Q1,QUINENCO,0.0
2023-03-29,2023Q1,ALMENDRAL,531392.0278301083
2023-03-29,2023Q1,ANTARCHILE,4556187.883899505
2023-03-29,2023Q1,IAM,701429.0310207191
2023-03-29,2023Q1,INVERCAP,430896.5100133008
2023-03-29,2023Q1,QUINENCO,0.0
2023-03-30,2023Q1,ALMENDRAL,534530.4639183522
2023-03-30,2023Q1,ANTARCHILE,4577690.837472221
2023-03-30,2023Q1,IAM,707550.88432422
2023-03-30,2023Q1,INVERCAP,429357.0139271751
2023-03-30,2023Q1,QUINENCO,0.0
2023-03-31,2023Q1,ALMENDRAL,520581.85908171296
2023-03-31,2023Q1,ANTARCHILE,4624066.860550106
2023-03-31,2023Q1,IAM,693092.2358184642
2023-03-31,2023Q1,INVERCAP,429305.0478145632
2023-03-31,2023Q1,QUINENCO,0.0
2023-04-01,2023Q2,ALMENDRAL,520581.85908171296
2023-04-01,2023Q2,ANTARCHILE,4624066.860550106
2023-04-01,2023Q2,IAM,693092.2358184642
2023-04-01,2023Q2,INVERCAP,429305.0478145632
2023-04-01,2023Q2,QUINENCO,0.0
2023-04-02,2023Q2,ALMENDRAL,520581.85908171296
2023-04-02,2023Q2,ANTARCHILE,4624066.860550106
2023-04-02,2023Q2,IAM,693092.2358184642
2023-04-02,2023Q2,INVERCAP,429305.0478145632
2023-04-02,2023Q2,QUINENCO,0.0
2023-04-03,2023Q2,ALMENDRAL,542617.3336272133
2023-04-03,2023Q2,ANTARCHILE,4538456.505850603
2023-04-03,2023Q2,IAM,709427.4323217756
2023-04-03,2023Q2,INVERCAP,422224.6649712
2023-04-03,2023Q2,QUINENCO,0.0
2023-04-04,2023Q2,ALMENDRAL,537685.5054885444
2023-04-04,2023Q2,ANTARCHILE,4507471.709225562
2023-04-04,2023Q2,IAM,695245.651553364
2023-04-04,2023Q2,INVERCAP,403386.949149408
2023-04-04,2023Q2,QUINENCO,0.0
2023-04-05,2023Q2,ALMENDRAL,547980.90429654
2023-04-05,2023Q2,ANTARCHILE,4532756.578443958
2023-04-05,2023Q2,IAM,712688.3190060523
2023-04-05,2023Q2,INVERCAP,409233.13681824005
2023-04-05,2023Q2,QUINENCO,0.0
2023-04-06,2023Q2,ALMENDRAL,561265.289855244
2023-04-06,2023Q2,ANTARCHILE,4558112.783608361
2023-04-06,2023Q2,IAM,722409.4528950286
2023-04-06,2023Q2,INVERCAP,410629.7260946832
2023-04-06,2023Q2,QUINENCO,0.0
2023-04-07,2023Q2,ALMENDRAL,561265.289855244
2023-04-07,2023Q2,ANTARCHILE,4558112.783608361
2023-04-07,2023Q2,IAM,722409.4528950286
2023-04-07,2023Q2,INVERCAP,410629.7260946832
2023-04-07,2023Q2,QUINENCO,0.0
2023-04-08,2023Q2,ALMENDRAL,561265.289855244
2023-04-08,2023Q2,ANTARCHILE,4558112.783608361
2023-04-08,2023Q2,IAM,722409.4528950286
2023-04-08,2023Q2,INVERCAP,410629.7260946832
2023-04-08,2023Q2,QUINENCO,0.0
2023-04-09,2023Q2,ALMENDRAL,561265.289855244
2023-04-09,2023Q2,ANTARCHILE,4558112.783608361
2023-04-09,2023Q2,IAM,722409.4528950286
2023-04-09,2023Q2,INVERCAP,410629.7260946832
2023-04-09,2023Q2,QUINENCO,0.0
2023-04-10,2023Q2,ALMENDRAL,551418.2390598546
2023-04-10,2023Q2,ANTARCHILE,4543147.61421791
2023-04-10,2023Q2,IAM,729054.2785912908
2023-04-10,2023Q2,INVERCAP,413650.25639024645
2023-04-10,2023Q2,QUINENCO,0.0
2023-04-11,2023Q2,ALMENDRAL,538847.889224931
2023-04-11,2023Q2,ANTARCHILE,4534054.0730779525
2023-04-11,2023Q2,IAM,712288.3989409995
2023-04-11,2023Q2,INVERCAP,430993.946474448
2023-04-11,2023Q2,QUINENCO,0.0
2023-04-12,2023Q2,ALMENDRAL,540574.8593475625
2023-04-12,2023Q2,ANTARCHILE,4631185.190968914
2023-04-12,2023Q2,IAM,722932.42528779
2023-04-12,2023Q2,INVERCAP,437489.710550928
2023-04-12,2023Q2,QUINENCO,0.0
2023-04-13,2023Q2,ALMENDRAL,544859.0736902445
2023-04-13,2023Q2,ANTARCHILE,4704708.561971288
2023-04-13,2023Q2,IAM,730315.5649503036
2023-04-13,2023Q2,INVERCAP,430993.946474448
2023-04-13,2023Q2,QUINENCO,0.0
2023-04-14,2023Q2,ALMENDRAL,540525.0429017174
2023-04-14,2023Q2,ANTARCHILE,4759127.42962736
2023-04-14,2023Q2,IAM,738313.96625136
2023-04-14,2023Q2,INVERCAP,430993.946474448
2023-04-14,2023Q2,QUINENCO,0.0
2023-04-15,2023Q2,ALMENDRAL,540525.0429017174
2023-04-15,2023Q2,ANTARCHILE,4759127.42962736
2023-04-15,2023Q2,IAM,738313.96625136
2023-04-15,2023Q2,INVERCAP,430993.946474448
2023-04-15,2023Q2,QUINENCO,0.0
2023-04-16,2023Q2,ALMENDRAL,540525.0429017174
2023-04-16,2023Q2,ANTARCHILE,4759127.42962736
2023-04-16,2023Q2,IAM,738313.96625136
2023-04-16,2023Q2,INVERCAP,430993.946474448
2023-04-16,2023Q2,QUINENCO,0.0
2023-04-17,2023Q2,ALMENDRAL,540192.9332627498
2023-04-17,2023Q2,ANTARCHILE,4816103.342656343
2023-04-17,2023Q2,IAM,762955.1948749991
2023-04-17,2023Q2,INVERCAP,436580.30358022085
2023-04-17,2023Q2,QUINENCO,0.0
2023-04-18,2023Q2,ALMENDRAL,539794.4016959886
2023-04-18,2023Q2,ANTARCHILE,4777122.508309793
2023-04-18,2023Q2,IAM,772153.356371214
2023-04-18,2023Q2,INVERCAP,434566.616716512
2023-04-18,2023Q2,QUINENCO,0.0
2023-04-19,2023Q2,ALMENDRAL,547765.033031211
2023-04-19,2023Q2,ANTARCHILE,4743472.365777582
2023-04-19,2023Q2,IAM,761109.4099593707
2023-04-19,2023Q2,INVERCAP,418976.78293296
2023-04-19,2023Q2,QUINENCO,0.0
2023-04-20,2023Q2,ALMENDRAL,556283.64527073
2023-04-20,2023Q2,ANTARCHILE,4647760.389478917
2023-04-20,2023Q2,IAM,767108.210935163
2023-04-20,2023Q2,INVERCAP,405595.5089354112
2023-04-20,2023Q2,QUINENCO,0.0
2023-04-21,2023Q2,ALMENDRAL,537120.9191022995
2023-04-21,2023Q2,ANTARCHILE,4606271.034503087
2023-04-21,2023Q2,IAM,769077.0481784999
2023-04-21,2023Q2,INVERCAP,389200.20040637575
2023-04-21,2023Q2,QUINENCO,0.0
2023-04-22,2023Q2,ALMENDRAL,537120.9191022995
2023-04-22,2023Q2,ANTARCHILE,4606271.034503087
2023-04-22,2023Q2,IAM,769077.0481784999
2023-04-22,2023Q2,INVERCAP,389200.20040637575
2023-04-22,2023Q2,QUINENCO,0.0
2023-04-23,2023Q2,ALMENDRAL,537120.9191022995
2023-04-23,2023Q2,ANTARCHILE,4606271.034503087
2023-04-23,2023Q2,IAM,769077.0481784999
2023-04-23,2023Q2,INVERCAP,389200.20040637575
2023-04-23,2023Q2,QUINENCO,0.0
2023-04-24,2023Q2,ALMENDRAL,543829.533809445
2023-04-24,2023Q2,ANTARCHILE,4555499.089110348
2023-04-24,2023Q2,IAM,762924.431793072
2023-04-24,2023Q2,INVERCAP,393643.30303468806
2023-04-24,2023Q2,QUINENCO,0.0
2023-04-25,2023Q2,ALMENDRAL,546320.356101702
2023-04-25,2023Q2,ANTARCHILE,4614676.399070677
2023-04-25,2023Q2,IAM,765600.8199207332
2023-04-25,2023Q2,INVERCAP,376819.2740766048
2023-04-25,2023Q2,QUINENCO,0.0
2023-04-26,2023Q2,ALMENDRAL,555154.4724982401
2023-04-26,2023Q2,ANTARCHILE,4628996.694589816
2023-04-26,2023Q2,IAM,753664.7441330028
2023-04-26,2023Q2,INVERCAP,386433.00490979524
2023-04-26,2023Q2,QUINENCO,0.0
2023-04-27,2023Q2,ALMENDRAL,564586.38624492
2023-04-27,2023Q2,ANTARCHILE,4671783.544199639
2023-04-27,2023Q2,IAM,768769.4173592286
2023-04-27,2023Q2,INVERCAP,378703.04565878405
2023-04-27,2023Q2,QUINENCO,0.0
2023-04-28,2023Q2,ALMENDRAL,557612.0838266003
2023-04-28,2023Q2,ANTARCHILE,4643113.185629396
2023-04-28,2023Q2,IAM,750619.1990222159
2023-04-28,2023Q2,INVERCAP,367075.62796188483
2023-04-28,2023Q2,QUINENCO,0.0
2023-04-29,2023Q2,ALMENDRAL,557612.0838266003
2023-04-29,2023Q2,ANTARCHILE,4643113.185629396
2023-04-29,2023Q2,IAM,750619.1990222159
2023-04-29,2023Q2,INVERCAP,367075.62796188483
2023-04-29,2023Q2,QUINENCO,0.0
2023-04-30,2023Q2,ALMENDRAL,557612.0838266003
2023-04-30,2023Q2,ANTARCHILE,4643113.185629396
2023-04-30,2023Q2,IAM,750619.1990222159
2023-04-30,2023Q2,INVERCAP,367075.62796188483
2023-04-30,2023Q2,QUINENCO,0.0
2023-05-01,2023Q2,ALMENDRAL,557612.0838266003
2023-05-01,2023Q2,ANTARCHILE,4643113.185629396
2023-05-01,2023Q2,IAM,750619.1990222159
2023-05-01,2023Q2,INVERCAP,367075.62796188483
2023-05-01,2023Q2,QUINENCO,0.0
2023-05-02,2023Q2,ALMENDRAL,543563.846098271
2023-05-02,2023Q2,ANTARCHILE,4592093.651602656
2023-05-02,2023Q2,IAM,732161.3498659319
2023-05-02,2023Q2,INVERCAP,363113.21187523205
2023-05-02,2023Q2,QUINENCO,0.0
2023-05-03,2023Q2,ALMENDRAL,543680.0844719096
2023-05-03,2023Q2,ANTARCHILE,4567887.958062777
2023-05-03,2023Q2,IAM,729085.041673218
2023-05-03,2023Q2,INVERCAP,363113.21187523205
2023-05-03,2023Q2,QUINENCO,0.0
2023-05-04,2023Q2,ALMENDRAL,558625.0182254516
2023-05-04,2023Q2,ANTARCHILE,4555319.504611727
2023-05-04,2023Q2,IAM,738006.3354320886
2023-05-04,2023Q2,INVERCAP,364996.98345741123
2023-05-04,2023Q2,QUINENCO,0.0
2023-05-05,2023Q2,ALMENDRAL,564453.5423893329
2023-05-05,2023Q2,ANTARCHILE,4631473.729800168
2023-05-05,2023Q2,IAM,773014.7226651738
2023-05-05,2023Q2,INVERCAP,377878.08362107107
2023-05-05,2023Q2,QUINENCO,0.0
2023-05-06,2023Q2,ALMENDRAL,564453.5423893329
2023-05-06,2023Q2,ANTARCHILE,4631473.729800168
2023-05-06,2023Q2,IAM,773014.7226651738
2023-05-06,2023Q2,INVERCAP,377878.08362107107
2023-05-06,2023Q2,QUINENCO,0.0
2023-05-07,2023Q2,ALMENDRAL,564453.5423893329
2023-05-07,2023Q2,ANTARCHILE,4631473.729800168
2023-05-07,2023Q2,IAM,773014.7226651738
2023-05-07,2023Q2,INVERCAP,377878.08362107107
2023-05-07,2023Q2,QUINENCO,0.0
2023-05-08,2023Q2,ALMENDRAL,577870.7718036239
2023-05-08,2023Q2,ANTARCHILE,4566202.9000965515
2023-05-08,2023Q2,IAM,830603.2120327799
2023-05-08,2023Q2,INVERCAP,391434.74324868486
2023-05-08,2023Q2,QUINENCO,0.0
2023-05-09,2023Q2,ALMENDRAL,544659.807906864
2023-05-09,2023Q2,ANTARCHILE,4524545.0393241
2023-05-09,2023Q2,IAM,790611.205527498
2023-05-09,2023Q2,INVERCAP,378053.469251136
2023-05-09,2023Q2,QUINENCO,0.0
2023-05-10,2023Q2,ALMENDRAL,543032.4706759227
2023-05-10,2023Q2,ANTARCHILE,4542304.948471394
2023-05-10,2023Q2,IAM,781382.2809493559
2023-05-10,2023Q2,INVERCAP,378053.469251136
2023-05-10,2023Q2,QUINENCO,0.0
2023-05-11,2023Q2,ALMENDRAL,539678.16332235
2023-05-11,2023Q2,ANTARCHILE,4532067.7836548025
2023-05-11,2023Q2,IAM,790303.5747082265
2023-05-11,2023Q2,INVERCAP,372122.8366493098
2023-05-11,2023Q2,QUINENCO,0.0
2023-05-12,2023Q2,ALMENDRAL,539678.16332235
2023-05-12,2023Q2,ANTARCHILE,4546523.502028027
2023-05-12,2023Q2,IAM,799840.1301056399
2023-05-12,2023Q2,INVERCAP,374156.010805248
2023-05-12,2023Q2,QUINENCO,0.0
2023-05-13,2023Q2,ALMENDRAL,539678.16332235
2023-05-13,2023Q2,ANTARCHILE,4546523.502028027
2023-05-13,2023Q2,IAM,799840.1301056399
2023-05-13,2023Q2,INVERCAP,374156.010805248
2023-05-13,2023Q2,QUINENCO,0.0
2023-05-14,2023Q2,ALMENDRAL,539678.16332235
2023-05-14,2023Q2,ANTARCHILE,4546523.502028027
2023-05-14,2023Q2,IAM,799840.1301056399
2023-05-14,2023Q2,INVERCAP,374156.010805248
2023-05-14,2023Q2,QUINENCO,0.0
2023-05-15,2023Q2,ALMENDRAL,520581.85908171296
2023-05-15,2023Q2,ANTARCHILE,4499564.957699892
2023-05-15,2023Q2,IAM,814606.4094306672
2023-05-15,2023Q2,INVERCAP,382061.3556863242
2023-05-15,2023Q2,QUINENCO,0.0
2023-05-16,2023Q2,ALMENDRAL,514769.94039978
2023-05-16,2023Q2,ANTARCHILE,4524188.9614107935
2023-05-16,2023Q2,IAM,815221.6710692099
2023-05-16,2023Q2,INVERCAP,371557.705174656
2023-05-16,2023Q2,QUINENCO,0.0
2023-05-17,2023Q2,ALMENDRAL,503146.103035914
2023-05-17,2023Q2,ANTARCHILE,4590482.506412875
2023-05-17,2023Q2,IAM,798301.976009283
2023-05-17,2023Q2,INVERCAP,374870.54485366086
2023-05-17,2023Q2,QUINENCO,0.0
2023-05-18,2023Q2,ALMENDRAL,499825.00664623803
2023-05-18,2023Q2,ANTARCHILE,4745824.061128965
2023-05-18,2023Q2,IAM,793995.1445394834
2023-05-18,2023Q2,INVERCAP,378703.04565878405
2023-05-18,2023Q2,QUINENCO,0.0
2023-05-19,2023Q2,ALMENDRAL,512611.22774649056
2023-05-19,2023Q2,ANTARCHILE,4885303.91355853
2023-05-19,2023Q2,IAM,799840.1301056399
2023-05-19,2023Q2,INVERCAP,385198.809735264
2023-05-19,2023Q2,QUINENCO,0.0
2023-05-20,2023Q2,ALMENDRAL,512611.22774649056
2023-05-20,2023Q2,ANTARCHILE,4885303.91355853
2023-05-20,2023Q2,IAM,799840.1301056399
2023-05-20,2023Q2,INVERCAP,385198.809735264
2023-05-20,2023Q2,QUINENCO,0.0
2023-05-21,2023Q2,ALMENDRAL,512611.22774649056
2023-05-21,2023Q2,ANTARCHILE,4885303.91355853
2023-05-21,2023Q2,IAM,799840.1301056399
2023-05-21,2023Q2,INVERCAP,385198.809735264
2023-05-21,2023Q2,QUINENCO,0.0
2023-05-22,2023Q2,ALMENDRAL,519751.58498429396
2023-05-22,2023Q2,ANTARCHILE,5007500.843132278
2023-05-22,2023Q2,IAM,805961.9834091408
2023-05-22,2023Q2,INVERCAP,382600.50410467206
2023-05-22,2023Q2,QUINENCO,0.0
2023-05-23,2023Q2,ALMENDRAL,538017.615127512
2023-05-23,2023Q2,ANTARCHILE,5031960.033947223
2023-05-23,2023Q2,IAM,828480.5593798073
2023-05-23,2023Q2,INVERCAP,376754.31643584
2023-05-23,2023Q2,QUINENCO,0.0
2023-05-24,2023Q2,ALMENDRAL,538017.615127512
2023-05-24,2023Q2,ANTARCHILE,5063684.040337002
2023-05-24,2023Q2,IAM,809099.817765709
2023-05-24,2023Q2,INVERCAP,374740.6295721312
2023-05-24,2023Q2,QUINENCO,0.0
2023-05-25,2023Q2,ALMENDRAL,532023.0361441468
2023-05-25,2023Q2,ANTARCHILE,5060223.762865173
2023-05-25,2023Q2,IAM,811776.2058933702
2023-05-25,2023Q2,INVERCAP,368309.82313641603
2023-05-25,2023Q2,QUINENCO,0.0
2023-05-26,2023Q2,ALMENDRAL,528652.1233086257
2023-05-26,2023Q2,ANTARCHILE,5065259.1318636555
2023-05-26,2023Q2,IAM,818205.6900161427
2023-05-26,2023Q2,INVERCAP,376754.31643584
2023-05-26,2023Q2,QUINENCO,0.0
2023-05-27,2023Q2,ALMENDRAL,528652.1233086257
2023-05-27,2023Q2,ANTARCHILE,5065259.1318636555
2023-05-27,2023Q2,IAM,818205.6900161427
2023-05-27,2023Q2,INVERCAP,376754.31643584
2023-05-27,2023Q2,QUINENCO,0.0
2023-05-28,2023Q2,ALMENDRAL,528652.1233086257
2023-05-28,2023Q2,ANTARCHILE,5065259.1318636555
2023-05-28,2023Q2,IAM,818205.6900161427
2023-05-28,2023Q2,INVERCAP,376754.31643584
2023-05-28,2023Q2,QUINENCO,0.0
2023-05-29,2023Q2,ALMENDRAL,514769.94039978
2023-05-29,2023Q2,ANTARCHILE,5006418.713133226
2023-05-29,2023Q2,IAM,809222.8700934178
2023-05-29,2023Q2,INVERCAP,383899.656919968
2023-05-29,2023Q2,QUINENCO,0.0
2023-05-30,2023Q2,ALMENDRAL,516430.488594618
2023-05-30,2023Q2,ANTARCHILE,4922136.599906508
2023-05-30,2023Q2,IAM,848322.7472228126
2023-05-30,2023Q2,INVERCAP,374156.010805248
2023-05-30,2023Q2,QUINENCO,0.0
2023-05-31,2023Q2,ALMENDRAL,504806.651230752
2023-05-31,2023Q2,ANTARCHILE,4836241.262513014
2023-05-31,2023Q2,IAM,812145.3628764959
2023-05-31,2023Q2,INVERCAP,370258.55235936
2023-05-31,2023Q2,QUINENCO,0.0
2023-06-01,2023Q2,ALMENDRAL,514769.94039978
2023-06-01,2023Q2,ANTARCHILE,4837909.469899578
2023-06-01,2023Q2,IAM,819682.3179486453
2023-06-01,2023Q2,INVERCAP,377728.68104731204
2023-06-01,2023Q2,QUINENCO,0.0
2023-06-02,2023Q2,ALMENDRAL,528884.600055903
2023-06-02,2023Q2,ANTARCHILE,4958501.901504743
2023-06-02,2023Q2,IAM,830603.2120327799
2023-06-02,2023Q2,INVERCAP,401438.219926464
2023-06-02,2023Q2,QUINENCO,0.0
2023-06-03,2023Q2,ALMENDRAL,528884.600055903
2023-06-03,2023Q2,ANTARCHILE,4958501.901504743
2023-06-03,2023Q2,IAM,830603.2120327799
2023-06-03,2023Q2,INVERCAP,401438.219926464
2023-06-03,2023Q2,QUINENCO,0.0
2023-06-04,2023Q2,ALMENDRAL,528884.600055903
2023-06-04,2023Q2,ANTARCHILE,4958501.901504743
2023-06-04,2023Q2,IAM,830603.2120327799
2023-06-04,2023Q2,INVERCAP,401438.219926464
2023-06-04,2023Q2,QUINENCO,0.0
2023-06-05,2023Q2,ALMENDRAL,518921.31088687497
2023-06-05,2023Q2,ANTARCHILE,4867588.647509158
2023-06-05,2023Q2,IAM,830603.2120327799
2023-06-05,2023Q2,INVERCAP,398190.33788822405
2023-06-05,2023Q2,QUINENCO,0.0
2023-06-06,2023Q2,ALMENDRAL,522242.40727655095
2023-06-06,2023Q2,ANTARCHILE,4882010.664723056
2023-06-06,2023Q2,IAM,824912.041876259
2023-06-06,2023Q2,INVERCAP,399177.69402784895
2023-06-06,2023Q2,QUINENCO,0.0
2023-06-07,2023Q2,ALMENDRAL,511448.844010104
2023-06-07,2023Q2,ANTARCHILE,4823740.211380611
2023-06-07,2023Q2,IAM,824450.595647352
2023-06-07,2023Q2,INVERCAP,396241.60866528
2023-06-07,2023Q2,QUINENCO,0.0
2023-06-08,2023Q2,ALMENDRAL,506467.19942559
2023-06-08,2023Q2,ANTARCHILE,4834025.162360705
2023-06-08,2023Q2,IAM,830603.2120327799
2023-06-08,2023Q2,INVERCAP,406634.831187648
2023-06-08,2023Q2,QUINENCO,0.0
2023-06-09,2023Q2,ALMENDRAL,504856.4676765971
2023-06-09,2023Q2,ANTARCHILE,4856543.39344891
2023-06-09,2023Q2,IAM,845984.7529963499
2023-06-09,2023Q2,INVERCAP,405199.2673267459
2023-06-09,2023Q2,QUINENCO,0.0
2023-06-10,2023Q2,ALMENDRAL,504856.4676765971
2023-06-10,2023Q2,ANTARCHILE,4856543.39344891
2023-06-10,2023Q2,IAM,845984.7529963499
2023-06-10,2023Q2,INVERCAP,405199.2673267459
2023-06-10,2023Q2,QUINENCO,0.0
2023-06-11,2023Q2,ALMENDRAL,504856.4676765971
2023-06-11,2023Q2,ANTARCHILE,4856543.39344891
2023-06-11,2023Q2,IAM,845984.7529963499
2023-06-11,2023Q2,INVERCAP,405199.2673267459
2023-06-11,2023Q2,QUINENCO,0.0
2023-06-12,2023Q2,ALMENDRAL,510352.88220151095
2023-06-12,2023Q2,ANTARCHILE,4873287.097755535
2023-06-12,2023Q2,IAM,849061.0611890639
2023-06-12,2023Q2,INVERCAP,400366.4188538448
2023-06-12,2023Q2,QUINENCO,0.0
2023-06-13,2023Q2,ALMENDRAL,518091.036789456
2023-06-13,2023Q2,ANTARCHILE,4835880.014538773
2023-06-13,2023Q2,IAM,845984.7529963499
2023-06-13,2023Q2,INVERCAP,405335.67837235203
2023-06-13,2023Q2,QUINENCO,0.0
2023-06-14,2023Q2,ALMENDRAL,513375.079916116
2023-06-14,2023Q2,ANTARCHILE,4841023.13423643
2023-06-14,2023Q2,IAM,891821.7450677885
2023-06-14,2023Q2,INVERCAP,417028.053710016
2023-06-14,2023Q2,QUINENCO,0.0
2023-06-15,2023Q2,ALMENDRAL,519602.13564675854
2023-06-15,2023Q2,ANTARCHILE,4837869.121519053
2023-06-15,2023Q2,IAM,861673.9247791914
2023-06-15,2023Q2,INVERCAP,413780.17167177604
2023-06-15,2023Q2,QUINENCO,0.0
2023-06-16,2023Q2,ALMENDRAL,520581.85908171296
2023-06-16,2023Q2,ANTARCHILE,4826500.013544557
2023-06-16,2023Q2,IAM,858597.6165864774
2023-06-16,2023Q2,INVERCAP,409557.925022064
2023-06-16,2023Q2,QUINENCO,0.0
2023-06-17,2023Q2,ALMENDRAL,520581.85908171296
2023-06-17,2023Q2,ANTARCHILE,4826500.013544557
2023-06-17,2023Q2,IAM,858597.6165864774
2023-06-17,2023Q2,INVERCAP,409557.925022064
2023-06-17,2023Q2,QUINENCO,0.0
2023-06-18,2023Q2,ALMENDRAL,520581.85908171296
2023-06-18,2023Q2,ANTARCHILE,4826500.013544557
2023-06-18,2023Q2,IAM,858597.6165864774
2023-06-18,2023Q2,INVERCAP,409557.925022064
2023-06-18,2023Q2,QUINENCO,0.0
2023-06-19,2023Q2,ALMENDRAL,513109.392204942
2023-06-19,2023Q2,ANTARCHILE,4836739.394101548
2023-06-19,2023Q2,IAM,858074.644193716
2023-06-19,2023Q2,INVERCAP,405010.890168528
2023-06-19,2023Q2,QUINENCO,0.0
2023-06-20,2023Q2,ALMENDRAL,514786.54588172835
2023-06-20,2023Q2,ANTARCHILE,5022720.609467967
2023-06-20,2023Q2,IAM,872317.9511259819
2023-06-20,2023Q2,INVERCAP,401438.219926464
2023-06-20,2023Q2,QUINENCO,0.0
2023-06-21,2023Q2,ALMENDRAL,514786.54588172835
2023-06-21,2023Q2,ANTARCHILE,5022720.609467967
2023-06-21,2023Q2,IAM,872317.9511259819
2023-06-21,2023Q2,INVERCAP,401438.219926464
2023-06-21,2023Q2,QUINENCO,0.0
2023-06-22,2023Q2,ALMENDRAL,519751.58498429396
2023-06-22,2023Q2,ANTARCHILE,5089204.680907266
2023-06-22,2023Q2,IAM,882900.451308918
2023-06-22,2023Q2,INVERCAP,396176.6510245152
2023-06-22,2023Q2,QUINENCO,0.0
2023-06-23,2023Q2,ALMENDRAL,522242.40727655095
2023-06-23,2023Q2,ANTARCHILE,4930661.5160553465
2023-06-23,2023Q2,IAM,863519.7096948198
2023-06-23,2023Q2,INVERCAP,395786.90517992637
2023-06-23,2023Q2,QUINENCO,0.0
2023-06-24,2023Q2,ALMENDRAL,522242.40727655095
2023-06-24,2023Q2,ANTARCHILE,4930661.5160553465
2023-06-24,2023Q2,IAM,863519.7096948198
2023-06-24,2023Q2,INVERCAP,395786.90517992637
2023-06-24,2023Q2,QUINENCO,0.0
2023-06-25,2023Q2,ALMENDRAL,522242.40727655095
2023-06-25,2023Q2,ANTARCHILE,4930661.5160553465
2023-06-25,2023Q2,IAM,863519.7096948198
2023-06-25,2023Q2,INVERCAP,395786.90517992637
2023-06-25,2023Q2,QUINENCO,0.0
2023-06-26,2023Q2,ALMENDRAL,522242.40727655095
2023-06-26,2023Q2,ANTARCHILE,4930661.5160553465
2023-06-26,2023Q2,IAM,863519.7096948198
2023-06-26,2023Q2,INVERCAP,395786.90517992637
2023-06-26,2023Q2,QUINENCO,0.0
2023-06-27,2023Q2,ALMENDRAL,520581.85908171296
2023-06-27,2023Q2,ANTARCHILE,4798178.347086287
2023-06-27,2023Q2,IAM,848568.8518782296
2023-06-27,2023Q2,INVERCAP,396241.60866528
2023-06-27,2023Q2,QUINENCO,0.0
2023-06-28,2023Q2,ALMENDRAL,526410.3832455943
2023-06-28,2023Q2,ANTARCHILE,4858225.497094602
2023-06-28,2023Q2,IAM,870564.4554561349
2023-06-28,2023Q2,INVERCAP,381775.5420669591
2023-06-28,2023Q2,QUINENCO,0.0
2023-06-29,2023Q2,ALMENDRAL,533866.2446404169
2023-06-29,2023Q2,ANTARCHILE,4927291.400122894
2023-06-29,2023Q2,IAM,846600.0146348927
2023-06-29,2023Q2,INVERCAP,389745.84458880004
2023-06-29,2023Q2,QUINENCO,0.0
2023-06-30,2023Q2,ALMENDRAL,535560.0037991517
2023-06-30,2023Q2,ANTARCHILE,4930661.5160553465
2023-06-30,2023Q2,IAM,855213.6775744921
2023-06-30,2023Q2,INVERCAP,385711.9750973059
2023-06-30,2023Q2,QUINENCO,0.0
2023-07-01,2023Q3,ALMENDRAL,535560.0037991517
2023-07-01,2023Q3,ANTARCHILE,4930661.5160553465
2023-07-01,2023Q3,IAM,855213.6775744921
2023-07-01,2023Q3,INVERCAP,385711.9750973059
2023-07-01,2023Q3,QUINENCO,0.0
2023-07-02,2023Q3,ALMENDRAL,535560.0037991517
2023-07-02,2023Q3,ANTARCHILE,4930661.5160553465
2023-07-02,2023Q3,IAM,855213.6775744921
2023-07-02,2023Q3,INVERCAP,385711.9750973059
2023-07-02,2023Q3,QUINENCO,0.0
2023-07-03,2023Q3,ALMENDRAL,535875.507956171
2023-07-03,2023Q3,ANTARCHILE,4965524.161743106
2023-07-03,2023Q3,IAM,841216.4752976432
2023-07-03,2023Q3,INVERCAP,386497.96255056
2023-07-03,2023Q3,QUINENCO,0.0
2023-07-04,2023Q3,ALMENDRAL,536357.066932674
2023-07-04,2023Q3,ANTARCHILE,4916996.48651103
2023-07-04,2023Q3,IAM,845984.7529963499
2023-07-04,2023Q3,INVERCAP,384438.8053383159
2023-07-04,2023Q3,QUINENCO,0.0
2023-07-05,2023Q3,ALMENDRAL,538017.615127512
2023-07-05,2023Q3,ANTARCHILE,4861259.340013943
2023-07-05,2023Q3,IAM,845984.7529963499
2023-07-05,2023Q3,INVERCAP,381749.5590106531
2023-07-05,2023Q3,QUINENCO,0.0
2023-07-06,2023Q3,ALMENDRAL,538017.615127512
2023-07-06,2023Q3,ANTARCHILE,4824831.806157992
2023-07-06,2023Q3,IAM,830603.2120327799
2023-07-06,2023Q3,INVERCAP,373506.4343976
2023-07-06,2023Q3,QUINENCO,0.0
2023-07-07,2023Q3,ALMENDRAL,539296.2372375372
2023-07-07,2023Q3,ANTARCHILE,4960436.025265236
2023-07-07,2023Q3,IAM,849061.0611890639
2023-07-07,2023Q3,INVERCAP,381301.351289376
2023-07-07,2023Q3,QUINENCO,0.0
2023-07-08,2023Q3,ALMENDRAL,539296.2372375372
2023-07-08,2023Q3,ANTARCHILE,4960436.025265236
2023-07-08,2023Q3,IAM,849061.0611890639
2023-07-08,2023Q3,INVERCAP,381301.351289376
2023-07-08,2023Q3,QUINENCO,0.0
2023-07-09,2023Q3,ALMENDRAL,539296.2372375372
2023-07-09,2023Q3,ANTARCHILE,4960436.025265236
2023-07-09,2023Q3,IAM,849061.0611890639
2023-07-09,2023Q3,INVERCAP,381301.351289376
2023-07-09,2023Q3,QUINENCO,0.0
2023-07-10,2023Q3,ALMENDRAL,539296.2372375372
2023-07-10,2023Q3,ANTARCHILE,4863774.507864419
2023-07-10,2023Q3,IAM,845984.7529963499
2023-07-10,2023Q3,INVERCAP,381366.3089301408
2023-07-10,2023Q3,QUINENCO,0.0
2023-07-11,2023Q3,ALMENDRAL,551135.9458667322
2023-07-11,2023Q3,ANTARCHILE,4897911.101466436
2023-07-11,2023Q3,IAM,845984.7529963499
2023-07-11,2023Q3,INVERCAP,394292.87944233604
2023-07-11,2023Q3,QUINENCO,0.0
2023-07-12,2023Q3,ALMENDRAL,540508.437419769
2023-07-12,2023Q3,ANTARCHILE,4954190.232088201
2023-07-12,2023Q3,IAM,858289.9857672061
2023-07-12,2023Q3,INVERCAP,407290.9033593725
2023-07-12,2023Q3,QUINENCO,0.0
2023-07-13,2023Q3,ALMENDRAL,541338.711517188
2023-07-13,2023Q3,ANTARCHILE,4969454.778285213
2023-07-13,2023Q3,IAM,855182.9144925649
2023-07-13,2023Q3,INVERCAP,413513.8453446403
2023-07-13,2023Q3,QUINENCO,0.0
2023-07-14,2023Q3,ALMENDRAL,550587.9649624355
2023-07-14,2023Q3,ANTARCHILE,4994078.781996114
2023-07-14,2023Q3,IAM,870287.5877187905
2023-07-14,2023Q3,INVERCAP,409233.13681824005
2023-07-14,2023Q3,QUINENCO,0.0
2023-07-15,2023Q3,ALMENDRAL,550587.9649624355
2023-07-15,2023Q3,ANTARCHILE,4994078.781996114
2023-07-15,2023Q3,IAM,870287.5877187905
2023-07-15,2023Q3,INVERCAP,409233.13681824005
2023-07-15,2023Q3,QUINENCO,0.0
2023-07-16,2023Q3,ALMENDRAL,550587.9649624355
2023-07-16,2023Q3,ANTARCHILE,4994078.781996114
2023-07-16,2023Q3,IAM,870287.5877187905
2023-07-16,2023Q3,INVERCAP,409233.13681824005
2023-07-16,2023Q3,QUINENCO,0.0
2023-07-17,2023Q3,ALMENDRAL,555868.5082220205
2023-07-17,2023Q3,ANTARCHILE,5128486.609947339
2023-07-17,2023Q3,IAM,858289.9857672061
2023-07-17,2023Q3,INVERCAP,408583.560410592
2023-07-17,2023Q3,QUINENCO,0.0
2023-07-18,2023Q3,ALMENDRAL,555469.9766552594
2023-07-18,2023Q3,ANTARCHILE,5207758.192373299
2023-07-18,2023Q3,IAM,873671.5267307761
2023-07-18,2023Q3,INVERCAP,405855.3394984704
2023-07-18,2023Q3,QUINENCO,0.0
2023-07-19,2023Q3,ALMENDRAL,552962.5488810539
2023-07-19,2023Q3,ANTARCHILE,5270442.02042699
2023-07-19,2023Q3,IAM,864442.602152634
2023-07-19,2023Q3,INVERCAP,414104.9598756
2023-07-19,2023Q3,QUINENCO,0.0
2023-07-20,2023Q3,ALMENDRAL,549242.9209246169
2023-07-20,2023Q3,ANTARCHILE,5297493.984769524
2023-07-20,2023Q3,IAM,871856.5048970748
2023-07-20,2023Q3,INVERCAP,411506.654245008
2023-07-20,2023Q3,QUINENCO,0.0
2023-07-21,2023Q3,ALMENDRAL,548329.619417456
2023-07-21,2023Q3,ANTARCHILE,5338814.8339487305
2023-07-21,2023Q3,IAM,869057.0644417049
2023-07-21,2023Q3,INVERCAP,415728.90089472
2023-07-21,2023Q3,QUINENCO,0.0
2023-07-22,2023Q3,ALMENDRAL,548329.619417456
2023-07-22,2023Q3,ANTARCHILE,5338814.8339487305
2023-07-22,2023Q3,IAM,869057.0644417049
2023-07-22,2023Q3,INVERCAP,415728.90089472
2023-07-22,2023Q3,QUINENCO,0.0
2023-07-23,2023Q3,ALMENDRAL,548329.619417456
2023-07-23,2023Q3,ANTARCHILE,5338814.8339487305
2023-07-23,2023Q3,IAM,869057.0644417049
2023-07-23,2023Q3,INVERCAP,415728.90089472
2023-07-23,2023Q3,QUINENCO,0.0
2023-07-24,2023Q3,ALMENDRAL,561165.6569635536
2023-07-24,2023Q3,ANTARCHILE,5372690.303747654
2023-07-24,2023Q3,IAM,870595.218538062
2023-07-24,2023Q3,INVERCAP,430019.581862976
2023-07-24,2023Q3,QUINENCO,0.0
2023-07-25,2023Q3,ALMENDRAL,559604.741660406
2023-07-25,2023Q3,ANTARCHILE,5264210.862089217
2023-07-25,2023Q3,IAM,873210.080501869
2023-07-25,2023Q3,INVERCAP,441055.88502891554
2023-07-25,2023Q3,QUINENCO,0.0
2023-07-26,2023Q3,ALMENDRAL,552547.4118323445
2023-07-26,2023Q3,ANTARCHILE,5219581.699763535
2023-07-26,2023Q3,IAM,873671.5267307761
2023-07-26,2023Q3,INVERCAP,438464.0751624
2023-07-26,2023Q3,QUINENCO,0.0
2023-07-27,2023Q3,ALMENDRAL,554523.4641842017
2023-07-27,2023Q3,ANTARCHILE,5131866.190658121
2023-07-27,2023Q3,IAM,873671.5267307761
2023-07-27,2023Q3,INVERCAP,420925.512155904
2023-07-27,2023Q3,QUINENCO,0.0
2023-07-28,2023Q3,ALMENDRAL,564071.6163045202
2023-07-28,2023Q3,ANTARCHILE,5055263.647039998
2023-07-28,2023Q3,IAM,889791.3816605974
2023-07-28,2023Q3,INVERCAP,411506.654245008
2023-07-28,2023Q3,QUINENCO,0.0
2023-07-29,2023Q3,ALMENDRAL,564071.6163045202
2023-07-29,2023Q3,ANTARCHILE,5055263.647039998
2023-07-29,2023Q3,IAM,889791.3816605974
2023-07-29,2023Q3,INVERCAP,411506.654245008
2023-07-29,2023Q3,QUINENCO,0.0
2023-07-30,2023Q3,ALMENDRAL,564071.6163045202
2023-07-30,2023Q3,ANTARCHILE,5055263.647039998
2023-07-30,2023Q3,IAM,889791.3816605974
2023-07-30,2023Q3,INVERCAP,411506.654245008
2023-07-30,2023Q3,QUINENCO,0.0
2023-07-31,2023Q3,ALMENDRAL,559936.8512993735
2023-07-31,2023Q3,ANTARCHILE,5324312.256737186
2023-07-31,2023Q3,IAM,904434.608657916
2023-07-31,2023Q3,INVERCAP,415728.90089472
2023-07-31,2023Q3,QUINENCO,0.0
2023-08-01,2023Q3,ALMENDRAL,571544.0831812912
2023-08-01,2023Q3,ANTARCHILE,5546207.5009516245
2023-08-01,2023Q3,IAM,910587.225043344
2023-08-01,2023Q3,INVERCAP,433917.04030886403
2023-08-01,2023Q3,QUINENCO,0.0
2023-08-02,2023Q3,ALMENDRAL,568173.1703457701
2023-08-02,2023Q3,ANTARCHILE,5404261.555250302
2023-08-02,2023Q3,IAM,907172.5229494313
2023-08-02,2023Q3,INVERCAP,433001.1375740803
2023-08-02,2023Q3,QUINENCO,0.0
2023-08-03,2023Q3,ALMENDRAL,563490.424436327
2023-08-03,2023Q3,ANTARCHILE,5368340.277364354
2023-08-03,2023Q3,IAM,898281.992272488
2023-08-03,2023Q3,INVERCAP,427746.06443620805
2023-08-03,2023Q3,QUINENCO,0.0
2023-08-04,2023Q3,ALMENDRAL,556167.4068970913
2023-08-04,2023Q3,ANTARCHILE,5402920.894678654
2023-08-04,2023Q3,IAM,885976.759501632
2023-08-04,2023Q3,INVERCAP,427746.06443620805
2023-08-04,2023Q3,QUINENCO,0.0
2023-08-05,2023Q3,ALMENDRAL,556167.4068970913
2023-08-05,2023Q3,ANTARCHILE,5402920.894678654
2023-08-05,2023Q3,IAM,885976.759501632
2023-08-05,2023Q3,INVERCAP,427746.06443620805
2023-08-05,2023Q3,QUINENCO,0.0
2023-08-06,2023Q3,ALMENDRAL,556167.4068970913
2023-08-06,2023Q3,ANTARCHILE,5402920.894678654
2023-08-06,2023Q3,IAM,885976.759501632
2023-08-06,2023Q3,INVERCAP,427746.06443620805
2023-08-06,2023Q3,QUINENCO,0.0
2023-08-07,2023Q3,ALMENDRAL,549824.1127928102
2023-08-07,2023Q3,ANTARCHILE,5395154.856431347
2023-08-07,2023Q3,IAM,901358.300465202
2023-08-07,2023Q3,INVERCAP,415728.90089472
2023-08-07,2023Q3,QUINENCO,0.0
2023-08-08,2023Q3,ALMENDRAL,548993.8386953912
2023-08-08,2023Q3,ANTARCHILE,5336950.3282472845
2023-08-08,2023Q3,IAM,888437.8060558032
2023-08-08,2023Q3,INVERCAP,402087.796334112
2023-08-08,2023Q3,QUINENCO,0.0
2023-08-09,2023Q3,ALMENDRAL,566246.934439758
2023-08-09,2023Q3,ANTARCHILE,5456037.149621444
2023-08-09,2023Q3,IAM,916739.841428772
2023-08-09,2023Q3,INVERCAP,410207.501429712
2023-08-09,2023Q3,QUINENCO,0.0
2023-08-10,2023Q3,ALMENDRAL,564586.38624492
2023-08-10,2023Q3,ANTARCHILE,5465869.900526142
2023-08-10,2023Q3,IAM,910587.225043344
2023-08-10,2023Q3,INVERCAP,410285.4505986298
2023-08-10,2023Q3,QUINENCO,0.0
2023-08-11,2023Q3,ALMENDRAL,561265.289855244
2023-08-11,2023Q3,ANTARCHILE,5449280.067176877
2023-08-11,2023Q3,IAM,910587.225043344
2023-08-11,2023Q3,INVERCAP,411785.9721002967
2023-08-11,2023Q3,QUINENCO,0.0
2023-08-12,2023Q3,ALMENDRAL,561265.289855244
2023-08-12,2023Q3,ANTARCHILE,5449280.067176877
2023-08-12,2023Q3,IAM,910587.225043344
2023-08-12,2023Q3,INVERCAP,411785.9721002967
2023-08-12,2023Q3,QUINENCO,0.0
2023-08-13,2023Q3,ALMENDRAL,561265.289855244
2023-08-13,2023Q3,ANTARCHILE,5449280.067176877
2023-08-13,2023Q3,IAM,910587.225043344
2023-08-13,2023Q3,INVERCAP,411785.9721002967
2023-08-13,2023Q3,QUINENCO,0.0
2023-08-14,2023Q3,ALMENDRAL,563789.3231113977
2023-08-14,2023Q3,ANTARCHILE,5416795.568961895
2023-08-14,2023Q3,IAM,916647.5521829906
2023-08-14,2023Q3,INVERCAP,403114.1270581959
2023-08-14,2023Q3,QUINENCO,0.0
2023-08-15,2023Q3,ALMENDRAL,563789.3231113977
2023-08-15,2023Q3,ANTARCHILE,5416795.568961895
2023-08-15,2023Q3,IAM,916647.5521829906
2023-08-15,2023Q3,INVERCAP,403114.1270581959
2023-08-15,2023Q3,QUINENCO,0.0
2023-08-16,2023Q3,ALMENDRAL,554855.5738231693
2023-08-16,2023Q3,ANTARCHILE,5409067.6633547135
2023-08-16,2023Q3,IAM,916739.841428772
2023-08-16,2023Q3,INVERCAP,394877.49820921925
2023-08-16,2023Q3,QUINENCO,0.0
2023-08-17,2023Q3,ALMENDRAL,539213.2098277953
2023-08-17,2023Q3,ANTARCHILE,5350506.31867721
2023-08-17,2023Q3,IAM,918247.2324432019
2023-08-17,2023Q3,INVERCAP,389680.8869480352
2023-08-17,2023Q3,QUINENCO,0.0
2023-08-18,2023Q3,ALMENDRAL,541322.1060352395
2023-08-18,2023Q3,ANTARCHILE,5297493.984769524
2023-08-18,2023Q3,IAM,916739.841428772
2023-08-18,2023Q3,INVERCAP,392896.29016589286
2023-08-18,2023Q3,QUINENCO,0.0
2023-08-19,2023Q3,ALMENDRAL,541322.1060352395
2023-08-19,2023Q3,ANTARCHILE,5297493.984769524
2023-08-19,2023Q3,IAM,916739.841428772
2023-08-19,2023Q3,INVERCAP,392896.29016589286
2023-08-19,2023Q3,QUINENCO,0.0
2023-08-20,2023Q3,ALMENDRAL,541322.1060352395
2023-08-20,2023Q3,ANTARCHILE,5297493.984769524
2023-08-20,2023Q3,IAM,916739.841428772
2023-08-20,2023Q3,INVERCAP,392896.29016589286
2023-08-20,2023Q3,QUINENCO,0.0
2023-08-21,2023Q3,ALMENDRAL,541820.270493691
2023-08-21,2023Q3,ANTARCHILE,5144599.457005127
2023-08-21,2023Q3,IAM,910894.8558626154
2023-08-21,2023Q3,INVERCAP,383444.9534346144
2023-08-21,2023Q3,QUINENCO,0.0
2023-08-22,2023Q3,ALMENDRAL,546818.5205601534
2023-08-22,2023Q3,ANTARCHILE,5235861.403112689
2023-08-22,2023Q3,IAM,910587.225043344
2023-08-22,2023Q3,INVERCAP,389745.84458880004
2023-08-22,2023Q3,QUINENCO,0.0
2023-08-23,2023Q3,ALMENDRAL,549176.4989968233
2023-08-23,2023Q3,ANTARCHILE,5239182.444466421
2023-08-23,2023Q3,IAM,908064.6523253185
2023-08-23,2023Q3,INVERCAP,399489.49070352
2023-08-23,2023Q3,QUINENCO,0.0
2023-08-24,2023Q3,ALMENDRAL,541986.3253131747
2023-08-24,2023Q3,ANTARCHILE,5097285.573343819
2023-08-24,2023Q3,IAM,915201.687332415
2023-08-24,2023Q3,INVERCAP,387797.11536585604
2023-08-24,2023Q3,QUINENCO,0.0
2023-08-25,2023Q3,ALMENDRAL,531707.5319871275
2023-08-25,2023Q3,ANTARCHILE,5074247.001281437
2023-08-25,2023Q3,IAM,910587.225043344
2023-08-25,2023Q3,INVERCAP,387147.53895820805
2023-08-25,2023Q3,QUINENCO,0.0
2023-08-26,2023Q3,ALMENDRAL,531707.5319871275
2023-08-26,2023Q3,ANTARCHILE,5074247.001281437
2023-08-26,2023Q3,IAM,910587.225043344
2023-08-26,2023Q3,INVERCAP,387147.53895820805
2023-08-26,2023Q3,QUINENCO,0.0
2023-08-27,2023Q3,ALMENDRAL,531707.5319871275
2023-08-27,2023Q3,ANTARCHILE,5074247.001281437
2023-08-27,2023Q3,IAM,910587.225043344
2023-08-27,2023Q3,INVERCAP,387147.53895820805
2023-08-27,2023Q3,QUINENCO,0.0
2023-08-28,2023Q3,ALMENDRAL,528220.3807779677
2023-08-28,2023Q3,ANTARCHILE,5094977.043930089
2023-08-28,2023Q3,IAM,886284.3903209035
2023-08-28,2023Q3,INVERCAP,387907.5433551562
2023-08-28,2023Q3,QUINENCO,0.0
2023-08-29,2023Q3,ALMENDRAL,524517.358303479
2023-08-29,2023Q3,ANTARCHILE,5172472.736652015
2023-08-29,2023Q3,IAM,900743.0388266592
2023-08-29,2023Q3,INVERCAP,389096.268181152
2023-08-29,2023Q3,QUINENCO,0.0
2023-08-30,2023Q3,ALMENDRAL,521644.6099264093
2023-08-30,2023Q3,ANTARCHILE,5215694.815394225
2023-08-30,2023Q3,IAM,892437.0067063314
2023-08-30,2023Q3,INVERCAP,394877.49820921925
2023-08-30,2023Q3,QUINENCO,0.0
2023-08-31,2023Q3,ALMENDRAL,530528.5427687926
2023-08-31,2023Q3,ANTARCHILE,5106937.399353032
2023-08-31,2023Q3,IAM,895174.9209978469
2023-08-31,2023Q3,INVERCAP,389745.84458880004
2023-08-31,2023Q3,QUINENCO,0.0
2023-09-01,2023Q3,ALMENDRAL,524583.7802312726
2023-09-01,2023Q3,ANTARCHILE,5003868.968779889
2023-09-01,2023Q3,IAM,882931.2143908452
2023-09-01,2023Q3,INVERCAP,394871.0024451427
2023-09-01,2023Q3,QUINENCO,0.0
2023-09-02,2023Q3,ALMENDRAL,524583.7802312726
2023-09-02,2023Q3,ANTARCHILE,5003868.968779889
2023-09-02,2023Q3,IAM,882931.2143908452
2023-09-02,2023Q3,INVERCAP,394871.0024451427
2023-09-02,2023Q3,QUINENCO,0.0
2023-09-03,2023Q3,ALMENDRAL,524583.7802312726
2023-09-03,2023Q3,ANTARCHILE,5003868.968779889
2023-09-03,2023Q3,IAM,882931.2143908452
2023-09-03,2023Q3,INVERCAP,394871.0024451427
2023-09-03,2023Q3,QUINENCO,0.0
2023-09-04,2023Q3,ALMENDRAL,523056.07589202165
2023-09-04,2023Q3,ANTARCHILE,4958904.701492967
2023-09-04,2023Q3,IAM,887391.8612702803
2023-09-04,2023Q3,INVERCAP,387017.62367667846
2023-09-04,2023Q3,QUINENCO,0.0
2023-09-05,2023Q3,ALMENDRAL,509987.5615986465
2023-09-05,2023Q3,ANTARCHILE,4889084.21528054
2023-09-05,2023Q3,IAM,879824.143116204
2023-09-05,2023Q3,INVERCAP,380651.774881728
2023-09-05,2023Q3,QUINENCO,0.0
2023-09-06,2023Q3,ALMENDRAL,514454.43624276074
2023-09-06,2023Q3,ANTARCHILE,4969333.131326911
2023-09-06,2023Q3,IAM,876747.83492349
2023-09-06,2023Q3,INVERCAP,381366.3089301408
2023-09-06,2023Q3,QUINENCO,0.0
2023-09-07,2023Q3,ALMENDRAL,514769.94039978
2023-09-07,2023Q3,ANTARCHILE,4901399.910036657
2023-09-07,2023Q3,IAM,876747.83492349
2023-09-07,2023Q3,INVERCAP,379027.833862608
2023-09-07,2023Q3,QUINENCO,0.0
2023-09-08,2023Q3,ALMENDRAL,515135.2610026443
2023-09-08,2023Q3,ANTARCHILE,4906231.972409021
2023-09-08,2023Q3,IAM,869487.7475886849
2023-09-08,2023Q3,INVERCAP,373571.3920383648
2023-09-08,2023Q3,QUINENCO,0.0
2023-09-09,2023Q3,ALMENDRAL,515135.2610026443
2023-09-09,2023Q3,ANTARCHILE,4906231.972409021
2023-09-09,2023Q3,IAM,869487.7475886849
2023-09-09,2023Q3,INVERCAP,373571.3920383648
2023-09-09,2023Q3,QUINENCO,0.0
2023-09-10,2023Q3,ALMENDRAL,515135.2610026443
2023-09-10,2023Q3,ANTARCHILE,4906231.972409021
2023-09-10,2023Q3,IAM,869487.7475886849
2023-09-10,2023Q3,INVERCAP,373571.3920383648
2023-09-10,2023Q3,QUINENCO,0.0
2023-09-11,2023Q3,ALMENDRAL,531657.7155412824
2023-09-11,2023Q3,ANTARCHILE,4916240.237421581
2023-09-11,2023Q3,IAM,868534.0920489436
2023-09-11,2023Q3,INVERCAP,370908.128767008
2023-09-11,2023Q3,QUINENCO,0.0
2023-09-12,2023Q3,ALMENDRAL,547150.630199121
2023-09-12,2023Q3,ANTARCHILE,4949954.827951907
2023-09-12,2023Q3,IAM,879824.143116204
2023-09-12,2023Q3,INVERCAP,370258.55235936
2023-09-12,2023Q3,QUINENCO,0.0
2023-09-13,2023Q3,ALMENDRAL,531375.42234816
2023-09-13,2023Q3,ANTARCHILE,5035736.642768566
2023-09-13,2023Q3,IAM,881362.297212561
2023-09-13,2023Q3,INVERCAP,369673.93359247677
2023-09-13,2023Q3,QUINENCO,0.0
2023-09-14,2023Q3,ALMENDRAL,524168.643182563
2023-09-14,2023Q3,ANTARCHILE,5012054.794358484
2023-09-14,2023Q3,IAM,884469.3684872021
2023-09-14,2023Q3,INVERCAP,381236.3936486112
2023-09-14,2023Q3,QUINENCO,0.0
2023-09-15,2023Q3,ALMENDRAL,531375.42234816
2023-09-15,2023Q3,ANTARCHILE,4969404.96512636
2023-09-15,2023Q3,IAM,882900.451308918
2023-09-15,2023Q3,INVERCAP,383899.656919968
2023-09-15,2023Q3,QUINENCO,0.0
2023-09-16,2023Q3,ALMENDRAL,531375.42234816
2023-09-16,2023Q3,ANTARCHILE,4969404.96512636
2023-09-16,2023Q3,IAM,882900.451308918
2023-09-16,2023Q3,INVERCAP,383899.656919968
2023-09-16,2023Q3,QUINENCO,0.0
2023-09-17,2023Q3,ALMENDRAL,531375.42234816
2023-09-17,2023Q3,ANTARCHILE,4969404.96512636
2023-09-17,2023Q3,IAM,882900.451308918
2023-09-17,2023Q3,INVERCAP,383899.656919968
2023-09-17,2023Q3,QUINENCO,0.0
2023-09-18,2023Q3,ALMENDRAL,531375.42234816
2023-09-18,2023Q3,ANTARCHILE,4969404.96512636
2023-09-18,2023Q3,IAM,882900.451308918
2023-09-18,2023Q3,INVERCAP,383899.656919968
2023-09-18,2023Q3,QUINENCO,0.0
2023-09-19,2023Q3,ALMENDRAL,531375.42234816
2023-09-19,2023Q3,ANTARCHILE,4969404.96512636
2023-09-19,2023Q3,IAM,882900.451308918
2023-09-19,2023Q3,INVERCAP,383899.656919968
2023-09-19,2023Q3,QUINENCO,0.0
2023-09-20,2023Q3,ALMENDRAL,528768.3616822644
2023-09-20,2023Q3,ANTARCHILE,5125451.289867732
2023-09-20,2023Q3,IAM,875209.680827133
2023-09-20,2023Q3,INVERCAP,386407.02185348934
2023-09-20,2023Q3,QUINENCO,0.0
2023-09-21,2023Q3,ALMENDRAL,514935.9952192638
2023-09-21,2023Q3,ANTARCHILE,5163470.902593402
2023-09-21,2023Q3,IAM,858289.9857672061
2023-09-21,2023Q3,INVERCAP,381821.0124154944
2023-09-21,2023Q3,QUINENCO,0.0
2023-09-22,2023Q3,ALMENDRAL,519751.58498429396
2023-09-22,2023Q3,ANTARCHILE,5070637.421096451
2023-09-22,2023Q3,IAM,885976.759501632
2023-09-22,2023Q3,INVERCAP,380781.6901632576
2023-09-22,2023Q3,QUINENCO,0.0
2023-09-23,2023Q3,ALMENDRAL,519751.58498429396
2023-09-23,2023Q3,ANTARCHILE,5070637.421096451
2023-09-23,2023Q3,IAM,885976.759501632
2023-09-23,2023Q3,INVERCAP,380781.6901632576
2023-09-23,2023Q3,QUINENCO,0.0
2023-09-24,2023Q3,ALMENDRAL,519751.58498429396
2023-09-24,2023Q3,ANTARCHILE,5070637.421096451
2023-09-24,2023Q3,IAM,885976.759501632
2023-09-24,2023Q3,INVERCAP,380781.6901632576
2023-09-24,2023Q3,QUINENCO,0.0
2023-09-25,2023Q3,ALMENDRAL,509721.8738874725
2023-09-25,2023Q3,ANTARCHILE,4970890.770457172
2023-09-25,2023Q3,IAM,876747.83492349
2023-09-25,2023Q3,INVERCAP,368309.82313641603
2023-09-25,2023Q3,QUINENCO,0.0
2023-09-26,2023Q3,ALMENDRAL,498164.4584513999
2023-09-26,2023Q3,ANTARCHILE,5120212.975333168
2023-09-26,2023Q3,IAM,858259.2226852789
2023-09-26,2023Q3,INVERCAP,376104.740028192
2023-09-26,2023Q3,QUINENCO,0.0
2023-09-27,2023Q3,ALMENDRAL,489861.71747721
2023-09-27,2023Q3,ANTARCHILE,5202944.835230959
2023-09-27,2023Q3,IAM,845984.7529963499
2023-09-27,2023Q3,INVERCAP,365386.729302
2023-09-27,2023Q3,QUINENCO,0.0
2023-09-28,2023Q3,ALMENDRAL,503644.26749436534
2023-09-28,2023Q3,ANTARCHILE,5102875.807837697
2023-09-28,2023Q3,IAM,838293.982514565
2023-09-28,2023Q3,INVERCAP,366361.093913472
2023-09-28,2023Q3,QUINENCO,0.0
2023-09-29,2023Q3,ALMENDRAL,496503.91025656194
2023-09-29,2023Q3,ANTARCHILE,5198001.706748849
2023-09-29,2023Q3,IAM,824358.3064015707
2023-09-29,2023Q3,INVERCAP,374350.8837275424
2023-09-29,2023Q3,QUINENCO,0.0
2023-09-30,2023Q3,ALMENDRAL,496503.91025656194
2023-09-30,2023Q3,ANTARCHILE,5198001.706748849
2023-09-30,2023Q3,IAM,824358.3064015707
2023-09-30,2023Q3,INVERCAP,374350.8837275424
2023-09-30,2023Q3,QUINENCO,0.0
2023-10-01,2023Q4,ALMENDRAL,496503.91025656194
2023-10-01,2023Q4,ANTARCHILE,5198001.706748849
2023-10-01,2023Q4,IAM,824358.3064015707
2023-10-01,2023Q4,INVERCAP,374350.8837275424
2023-10-01,2023Q4,QUINENCO,0.0
2023-10-02,2023Q4,ALMENDRAL,485477.87024283764
2023-10-02,2023Q4,ANTARCHILE,5184970.231647153
2023-10-02,2023Q4,IAM,830541.6858689258
2023-10-02,2023Q4,INVERCAP,365971.34806888324
2023-10-02,2023Q4,QUINENCO,0.0
2023-10-03,2023Q4,ALMENDRAL,484880.07289269596
2023-10-03,2023Q4,ANTARCHILE,5190966.89064822
2023-10-03,2023Q4,IAM,810914.8395994104
2023-10-03,2023Q4,INVERCAP,359215.75342934404
2023-10-03,2023Q4,QUINENCO,0.0
2023-10-04,2023Q4,ALMENDRAL,487271.2622932627
2023-10-04,2023Q4,ANTARCHILE,5229793.115457279
2023-10-04,2023Q4,IAM,797071.4527321975
2023-10-04,2023Q4,INVERCAP,356604.45627059904
2023-10-04,2023Q4,QUINENCO,0.0
2023-10-05,2023Q4,ALMENDRAL,474534.8576388552
2023-10-05,2023Q4,ANTARCHILE,5152192.694738416
2023-10-05,2023Q4,IAM,787873.2912359826
2023-10-05,2023Q4,INVERCAP,349446.1242583181
2023-10-05,2023Q4,QUINENCO,0.0
2023-10-06,2023Q4,ALMENDRAL,476461.09354486736
2023-10-06,2023Q4,ANTARCHILE,5075118.334889748
2023-10-06,2023Q4,IAM,805992.746491068
2023-10-06,2023Q4,INVERCAP,337779.73197696
2023-10-06,2023Q4,QUINENCO,0.0
2023-10-07,2023Q4,ALMENDRAL,476461.09354486736
2023-10-07,2023Q4,ANTARCHILE,5075118.334889748
2023-10-07,2023Q4,IAM,805992.746491068
2023-10-07,2023Q4,INVERCAP,337779.73197696
2023-10-07,2023Q4,QUINENCO,0.0
2023-10-08,2023Q4,ALMENDRAL,476461.09354486736
2023-10-08,2023Q4,ANTARCHILE,5075118.334889748
2023-10-08,2023Q4,IAM,805992.746491068
2023-10-08,2023Q4,INVERCAP,337779.73197696
2023-10-08,2023Q4,QUINENCO,0.0
2023-10-09,2023Q4,ALMENDRAL,476461.09354486736
2023-10-09,2023Q4,ANTARCHILE,5075118.334889748
2023-10-09,2023Q4,IAM,805992.746491068
2023-10-09,2023Q4,INVERCAP,337779.73197696
2023-10-09,2023Q4,QUINENCO,0.0
2023-10-10,2023Q4,ALMENDRAL,483385.5795173418
2023-10-10,2023Q4,ANTARCHILE,5197353.260340217
2023-10-10,2023Q4,IAM,799532.4992863686
2023-10-10,2023Q4,INVERCAP,342261.8091897312
2023-10-10,2023Q4,QUINENCO,0.0
2023-10-11,2023Q4,ALMENDRAL,481558.97650302
2023-10-11,2023Q4,ANTARCHILE,5205526.530056548
2023-10-11,2023Q4,IAM,805377.4848525252
2023-10-11,2023Q4,INVERCAP,334531.84993872
2023-10-11,2023Q4,QUINENCO,0.0
2023-10-12,2023Q4,ALMENDRAL,481558.97650302
2023-10-12,2023Q4,ANTARCHILE,5218143.130761137
2023-10-12,2023Q4,IAM,819528.5025390096
2023-10-12,2023Q4,INVERCAP,336012.8841481575
2023-10-12,2023Q4,QUINENCO,0.0
2023-10-13,2023Q4,ALMENDRAL,478071.82529386017
2023-10-13,2023Q4,ANTARCHILE,5282276.297410832
2023-10-13,2023Q4,IAM,825681.1189244374
2023-10-13,2023Q4,INVERCAP,337701.78280804225
2023-10-13,2023Q4,QUINENCO,0.0
2023-10-14,2023Q4,ALMENDRAL,478071.82529386017
2023-10-14,2023Q4,ANTARCHILE,5282276.297410832
2023-10-14,2023Q4,IAM,825681.1189244374
2023-10-14,2023Q4,INVERCAP,337701.78280804225
2023-10-14,2023Q4,QUINENCO,0.0
2023-10-15,2023Q4,ALMENDRAL,478071.82529386017
2023-10-15,2023Q4,ANTARCHILE,5282276.297410832
2023-10-15,2023Q4,IAM,825681.1189244374
2023-10-15,2023Q4,INVERCAP,337701.78280804225
2023-10-15,2023Q4,QUINENCO,0.0
2023-10-16,2023Q4,ALMENDRAL,481558.97650302
2023-10-16,2023Q4,ANTARCHILE,5446080.536018043
2023-10-16,2023Q4,IAM,822758.6261413592
2023-10-16,2023Q4,INVERCAP,343586.9450613331
2023-10-16,2023Q4,QUINENCO,0.0
2023-10-17,2023Q4,ALMENDRAL,477407.606015925
2023-10-17,2023Q4,ANTARCHILE,5373708.226475282
2023-10-17,2023Q4,IAM,827526.903840066
2023-10-17,2023Q4,INVERCAP,346808.8440432672
2023-10-17,2023Q4,QUINENCO,0.0
2023-10-18,2023Q4,ALMENDRAL,481725.03132250375
2023-10-18,2023Q4,ANTARCHILE,5322943.666883876
2023-10-18,2023Q4,IAM,824173.7279100078
2023-10-18,2023Q4,INVERCAP,341008.12672297057
2023-10-18,2023Q4,QUINENCO,0.0
2023-10-19,2023Q4,ALMENDRAL,479284.02547609195
2023-10-19,2023Q4,ANTARCHILE,5369550.994251243
2023-10-19,2023Q4,IAM,821989.5490931808
2023-10-19,2023Q4,INVERCAP,333817.31589030725
2023-10-19,2023Q4,QUINENCO,0.0
2023-10-20,2023Q4,ALMENDRAL,481558.97650302
2023-10-20,2023Q4,ANTARCHILE,5339192.1939225
2023-10-20,2023Q4,IAM,830603.2120327799
2023-10-20,2023Q4,INVERCAP,334486.37959018466
2023-10-20,2023Q4,QUINENCO,0.0
2023-10-21,2023Q4,ALMENDRAL,481558.97650302
2023-10-21,2023Q4,ANTARCHILE,5339192.1939225
2023-10-21,2023Q4,IAM,830603.2120327799
2023-10-21,2023Q4,INVERCAP,334486.37959018466
2023-10-21,2023Q4,QUINENCO,0.0
2023-10-22,2023Q4,ALMENDRAL,481558.97650302
2023-10-22,2023Q4,ANTARCHILE,5339192.1939225
2023-10-22,2023Q4,IAM,830603.2120327799
2023-10-22,2023Q4,INVERCAP,334486.37959018466
2023-10-22,2023Q4,QUINENCO,0.0
2023-10-23,2023Q4,ALMENDRAL,479898.428308182
2023-10-23,2023Q4,ANTARCHILE,5184499.085615041
2023-10-23,2023Q4,IAM,820943.6043076582
2023-10-23,2023Q4,INVERCAP,316668.49872840004
2023-10-23,2023Q4,QUINENCO,0.0
2023-10-24,2023Q4,ALMENDRAL,482273.0122268004
2023-10-24,2023Q4,ANTARCHILE,5062862.656650947
2023-10-24,2023Q4,IAM,799840.1301056399
2023-10-24,2023Q4,INVERCAP,320176.2113296992
2023-10-24,2023Q4,QUINENCO,0.0
2023-10-25,2023Q4,ALMENDRAL,484215.8536147608
2023-10-25,2023Q4,ANTARCHILE,5124038.056916501
2023-10-25,2023Q4,IAM,813683.516972853
2023-10-25,2023Q4,INVERCAP,323813.839212528
2023-10-25,2023Q4,QUINENCO,0.0
2023-10-26,2023Q4,ALMENDRAL,489861.71747721
2023-10-26,2023Q4,ANTARCHILE,5204489.17991882
2023-10-26,2023Q4,IAM,809069.054683782
2023-10-26,2023Q4,INVERCAP,323489.051008704
2023-10-26,2023Q4,QUINENCO,0.0
2023-10-27,2023Q4,ALMENDRAL,489861.71747721
2023-10-27,2023Q4,ANTARCHILE,5204489.17991882
2023-10-27,2023Q4,IAM,809069.054683782
2023-10-27,2023Q4,INVERCAP,323489.051008704
2023-10-27,2023Q4,QUINENCO,0.0
2023-10-28,2023Q4,ALMENDRAL,489861.71747721
2023-10-28,2023Q4,ANTARCHILE,5204489.17991882
2023-10-28,2023Q4,IAM,809069.054683782
2023-10-28,2023Q4,INVERCAP,323489.051008704
2023-10-28,2023Q4,QUINENCO,0.0
2023-10-29,2023Q4,ALMENDRAL,489861.71747721
2023-10-29,2023Q4,ANTARCHILE,5204489.17991882
2023-10-29,2023Q4,IAM,809069.054683782
2023-10-29,2023Q4,INVERCAP,323489.051008704
2023-10-29,2023Q4,QUINENCO,0.0
2023-10-30,2023Q4,ALMENDRAL,493498.3180239052
2023-10-30,2023Q4,ANTARCHILE,4999882.767201265
2023-10-30,2023Q4,IAM,799840.1301056399
2023-10-30,2023Q4,INVERCAP,321540.32178576005
2023-10-30,2023Q4,QUINENCO,0.0
2023-10-31,2023Q4,ALMENDRAL,500721.7026714505
2023-10-31,2023Q4,ANTARCHILE,4915797.690869561
2023-10-31,2023Q4,IAM,802916.4382983539
2023-10-31,2023Q4,INVERCAP,317772.77862140164
2023-10-31,2023Q4,QUINENCO,0.0
2023-11-01,2023Q4,ALMENDRAL,500721.7026714505
2023-11-01,2023Q4,ANTARCHILE,4915797.690869561
2023-11-01,2023Q4,IAM,802916.4382983539
2023-11-01,2023Q4,INVERCAP,317772.77862140164
2023-11-01,2023Q4,QUINENCO,0.0
2023-11-02,2023Q4,ALMENDRAL,509522.6081040919
2023-11-02,2023Q4,ANTARCHILE,5013719.49758943
2023-11-02,2023Q4,IAM,812145.3628764959
2023-11-02,2023Q4,INVERCAP,331089.0949781856
2023-11-02,2023Q4,QUINENCO,0.0
2023-11-03,2023Q4,ALMENDRAL,526277.5393900073
2023-11-03,2023Q4,ANTARCHILE,5334000.549481208
2023-11-03,2023Q4,IAM,824266.0171557891
2023-11-03,2023Q4,INVERCAP,340105.2155163399
2023-11-03,2023Q4,QUINENCO,0.0
2023-11-04,2023Q4,ALMENDRAL,526277.5393900073
2023-11-04,2023Q4,ANTARCHILE,5334000.549481208
2023-11-04,2023Q4,IAM,824266.0171557891
2023-11-04,2023Q4,INVERCAP,340105.2155163399
2023-11-04,2023Q4,QUINENCO,0.0
2023-11-05,2023Q4,ALMENDRAL,526277.5393900073
2023-11-05,2023Q4,ANTARCHILE,5334000.549481208
2023-11-05,2023Q4,IAM,824266.0171557891
2023-11-05,2023Q4,INVERCAP,340105.2155163399
2023-11-05,2023Q4,QUINENCO,0.0
2023-11-06,2023Q4,ALMENDRAL,533567.3459653461
2023-11-06,2023Q4,ANTARCHILE,5317656.277770592
2023-11-06,2023Q4,IAM,824266.0171557891
2023-11-06,2023Q4,INVERCAP,336318.185059752
2023-11-06,2023Q4,QUINENCO,0.0
2023-11-07,2023Q4,ALMENDRAL,506433.9884616932
2023-11-07,2023Q4,ANTARCHILE,5409611.313384704
2023-11-07,2023Q4,IAM,826911.6422015233
2023-11-07,2023Q4,INVERCAP,345444.7335872064
2023-11-07,2023Q4,QUINENCO,0.0
2023-11-08,2023Q4,ALMENDRAL,506467.19942559
2023-11-08,2023Q4,ANTARCHILE,5409408.367848625
2023-11-08,2023Q4,IAM,824450.595647352
2023-11-08,2023Q4,INVERCAP,352719.98935286404
2023-11-08,2023Q4,QUINENCO,0.0
2023-11-09,2023Q4,ALMENDRAL,500107.2998393604
2023-11-09,2023Q4,ANTARCHILE,5288731.683345147
2023-11-09,2023Q4,IAM,815375.4864788457
2023-11-09,2023Q4,INVERCAP,356455.05369684
2023-11-09,2023Q4,QUINENCO,0.0
2023-11-10,2023Q4,ALMENDRAL,501219.86712990195
2023-11-10,2023Q4,ANTARCHILE,5274175.600074084
2023-11-10,2023Q4,IAM,836755.8284182079
2023-11-10,2023Q4,INVERCAP,356123.7697289395
2023-11-10,2023Q4,QUINENCO,0.0
2023-11-11,2023Q4,ALMENDRAL,501219.86712990195
2023-11-11,2023Q4,ANTARCHILE,5274175.600074084
2023-11-11,2023Q4,IAM,836755.8284182079
2023-11-11,2023Q4,INVERCAP,356123.7697289395
2023-11-11,2023Q4,QUINENCO,0.0
2023-11-12,2023Q4,ALMENDRAL,501219.86712990195
2023-11-12,2023Q4,ANTARCHILE,5274175.600074084
2023-11-12,2023Q4,IAM,836755.8284182079
2023-11-12,2023Q4,INVERCAP,356123.7697289395
2023-11-12,2023Q4,QUINENCO,0.0
2023-11-13,2023Q4,ALMENDRAL,506301.1446061062
2023-11-13,2023Q4,ANTARCHILE,5357461.863195413
2023-11-13,2023Q4,IAM,839832.136610922
2023-11-13,2023Q4,INVERCAP,356487.53251722245
2023-11-13,2023Q4,QUINENCO,0.0
2023-11-14,2023Q4,ALMENDRAL,503428.3962290364
2023-11-14,2023Q4,ANTARCHILE,5350625.011314979
2023-11-14,2023Q4,IAM,839832.136610922
2023-11-14,2023Q4,INVERCAP,368309.82313641603
2023-11-14,2023Q4,QUINENCO,0.0
2023-11-15,2023Q4,ALMENDRAL,506433.9884616932
2023-11-15,2023Q4,ANTARCHILE,5447991.29874108
2023-11-15,2023Q4,IAM,849061.0611890639
2023-11-15,2023Q4,INVERCAP,370258.55235936
2023-11-15,2023Q4,QUINENCO,0.0
2023-11-16,2023Q4,ALMENDRAL,509788.29581526597
2023-11-16,2023Q4,ANTARCHILE,5453382.625289523
2023-11-16,2023Q4,IAM,858136.1703575703
2023-11-16,2023Q4,INVERCAP,370258.55235936
2023-11-16,2023Q4,QUINENCO,0.0
2023-11-17,2023Q4,ALMENDRAL,509771.6903333176
2023-11-17,2023Q4,ANTARCHILE,5387418.826442701
2023-11-17,2023Q4,IAM,867518.910345348
2023-11-17,2023Q4,INVERCAP,375708.4984195267
2023-11-17,2023Q4,QUINENCO,0.0
2023-11-18,2023Q4,ALMENDRAL,509771.6903333176
2023-11-18,2023Q4,ANTARCHILE,5387418.826442701
2023-11-18,2023Q4,IAM,867518.910345348
2023-11-18,2023Q4,INVERCAP,375708.4984195267
2023-11-18,2023Q4,QUINENCO,0.0
2023-11-19,2023Q4,ALMENDRAL,509771.6903333176
2023-11-19,2023Q4,ANTARCHILE,5387418.826442701
2023-11-19,2023Q4,IAM,867518.910345348
2023-11-19,2023Q4,INVERCAP,375708.4984195267
2023-11-19,2023Q4,QUINENCO,0.0
2023-11-20,2023Q4,ALMENDRAL,506799.30906455754
2023-11-20,2023Q4,ANTARCHILE,5466804.670025629
2023-11-20,2023Q4,IAM,865949.9931670639
2023-11-20,2023Q4,INVERCAP,381171.43600784644
2023-11-20,2023Q4,QUINENCO,0.0
2023-11-21,2023Q4,ALMENDRAL,513092.7867229936
2023-11-21,2023Q4,ANTARCHILE,5421954.663895678
2023-11-21,2023Q4,IAM,856444.2008515776
2023-11-21,2023Q4,INVERCAP,381223.40212045825
2023-11-21,2023Q4,QUINENCO,0.0
2023-11-22,2023Q4,ALMENDRAL,507513.34478833794
2023-11-22,2023Q4,ANTARCHILE,5481921.253906349
2023-11-22,2023Q4,IAM,852106.6062998509
2023-11-22,2023Q4,INVERCAP,382782.38549881347
2023-11-22,2023Q4,QUINENCO,0.0
2023-11-23,2023Q4,ALMENDRAL,503245.73592760426
2023-11-23,2023Q4,ANTARCHILE,5473320.0724772625
2023-11-23,2023Q4,IAM,854998.3360010021
2023-11-23,2023Q4,INVERCAP,387550.27633094974
2023-11-23,2023Q4,QUINENCO,0.0
2023-11-24,2023Q4,ALMENDRAL,506450.5939436416
2023-11-24,2023Q4,ANTARCHILE,5383337.293263767
2023-11-24,2023Q4,IAM,845984.7529963499
2023-11-24,2023Q4,INVERCAP,395072.3711315136
2023-11-24,2023Q4,QUINENCO,0.0
2023-11-25,2023Q4,ALMENDRAL,506450.5939436416
2023-11-25,2023Q4,ANTARCHILE,5383337.293263767
2023-11-25,2023Q4,IAM,845984.7529963499
2023-11-25,2023Q4,INVERCAP,395072.3711315136
2023-11-25,2023Q4,QUINENCO,0.0
2023-11-26,2023Q4,ALMENDRAL,506450.5939436416
2023-11-26,2023Q4,ANTARCHILE,5383337.293263767
2023-11-26,2023Q4,IAM,845984.7529963499
2023-11-26,2023Q4,INVERCAP,395072.3711315136
2023-11-26,2023Q4,QUINENCO,0.0
2023-11-27,2023Q4,ALMENDRAL,496503.91025656194
2023-11-27,2023Q4,ANTARCHILE,5405281.007119842
2023-11-27,2023Q4,IAM,849122.5873529182
2023-11-27,2023Q4,INVERCAP,397865.54968440003
2023-11-27,2023Q4,QUINENCO,0.0
2023-11-28,2023Q4,ALMENDRAL,493913.4550726147
2023-11-28,2023Q4,ANTARCHILE,5444675.290684876
2023-11-28,2023Q4,IAM,837986.3516952936
2023-11-28,2023Q4,INVERCAP,391304.8279671552
2023-11-28,2023Q4,QUINENCO,0.0
2023-11-29,2023Q4,ALMENDRAL,496188.40609954274
2023-11-29,2023Q4,ANTARCHILE,5429632.756344006
2023-11-29,2023Q4,IAM,827373.0884304303
2023-11-29,2023Q4,INVERCAP,392987.23086296354
2023-11-29,2023Q4,QUINENCO,0.0
2023-11-30,2023Q4,ALMENDRAL,482389.250600439
2023-11-30,2023Q4,ANTARCHILE,5349360.101770082
2023-11-30,2023Q4,IAM,821405.0505365651
2023-11-30,2023Q4,INVERCAP,389745.84458880004
2023-11-30,2023Q4,QUINENCO,0.0
2023-12-01,2023Q4,ALMENDRAL,486656.8594611726
2023-12-01,2023Q4,ANTARCHILE,5391714.247096311
2023-12-01,2023Q4,IAM,842262.4200831661
2023-12-01,2023Q4,INVERCAP,398839.91429587203
2023-12-01,2023Q4,QUINENCO,0.0
2023-12-02,2023Q4,ALMENDRAL,486656.8594611726
2023-12-02,2023Q4,ANTARCHILE,5391714.247096311
2023-12-02,2023Q4,IAM,842262.4200831661
2023-12-02,2023Q4,INVERCAP,398839.91429587203
2023-12-02,2023Q4,QUINENCO,0.0
2023-12-03,2023Q4,ALMENDRAL,486656.8594611726
2023-12-03,2023Q4,ANTARCHILE,5391714.247096311
2023-12-03,2023Q4,IAM,842262.4200831661
2023-12-03,2023Q4,INVERCAP,398839.91429587203
2023-12-03,2023Q4,QUINENCO,0.0
2023-12-04,2023Q4,ALMENDRAL,474916.78372366796
2023-12-04,2023Q4,ANTARCHILE,5264996.930692277
2023-12-04,2023Q4,IAM,842600.8139843645
2023-12-04,2023Q4,INVERCAP,394877.49820921925
2023-12-04,2023Q4,QUINENCO,0.0
2023-12-05,2023Q4,ALMENDRAL,478038.61432996346
2023-12-05,2023Q4,ANTARCHILE,5323716.818534631
2023-12-05,2023Q4,IAM,845953.9899144229
2023-12-05,2023Q4,INVERCAP,392863.8113455104
2023-12-05,2023Q4,QUINENCO,0.0
2023-12-06,2023Q4,ALMENDRAL,486723.28138896613
2023-12-06,2023Q4,ANTARCHILE,5389386.651362519
2023-12-06,2023Q4,IAM,844754.2297192644
2023-12-06,2023Q4,INVERCAP,394292.87944233604
2023-12-06,2023Q4,QUINENCO,0.0
2023-12-07,2023Q4,ALMENDRAL,483219.52469785797
2023-12-07,2023Q4,ANTARCHILE,5416602.758402577
2023-12-07,2023Q4,IAM,857367.0933093918
2023-12-07,2023Q4,INVERCAP,395494.5957964848
2023-12-07,2023Q4,QUINENCO,0.0
2023-12-08,2023Q4,ALMENDRAL,483219.52469785797
2023-12-08,2023Q4,ANTARCHILE,5416602.758402577
2023-12-08,2023Q4,IAM,857367.0933093918
2023-12-08,2023Q4,INVERCAP,395494.5957964848
2023-12-08,2023Q4,QUINENCO,0.0
2023-12-09,2023Q4,ALMENDRAL,483219.52469785797
2023-12-09,2023Q4,ANTARCHILE,5416602.758402577
2023-12-09,2023Q4,IAM,857367.0933093918
2023-12-09,2023Q4,INVERCAP,395494.5957964848
2023-12-09,2023Q4,QUINENCO,0.0
2023-12-10,2023Q4,ALMENDRAL,483219.52469785797
2023-12-10,2023Q4,ANTARCHILE,5416602.758402577
2023-12-10,2023Q4,IAM,857367.0933093918
2023-12-10,2023Q4,INVERCAP,395494.5957964848
2023-12-10,2023Q4,QUINENCO,0.0
2023-12-11,2023Q4,ALMENDRAL,494013.087964305
2023-12-11,2023Q4,ANTARCHILE,5242846.406054465
2023-12-11,2023Q4,IAM,851522.1077432352
2023-12-11,2023Q4,INVERCAP,398515.126092048
2023-12-11,2023Q4,QUINENCO,0.0
2023-12-12,2023Q4,ALMENDRAL,491522.265672048
2023-12-12,2023Q4,ANTARCHILE,5249167.777913261
2023-12-12,2023Q4,IAM,845677.1221770785
2023-12-12,2023Q4,INVERCAP,413780.17167177604
2023-12-12,2023Q4,QUINENCO,0.0
2023-12-13,2023Q4,ALMENDRAL,506467.19942559
2023-12-13,2023Q4,ANTARCHILE,5342284.57619889
2023-12-13,2023Q4,IAM,852137.369381778
2023-12-13,2023Q4,INVERCAP,420210.9781074912
2023-12-13,2023Q4,QUINENCO,0.0
2023-12-14,2023Q4,ALMENDRAL,501485.554841076
2023-12-14,2023Q4,ANTARCHILE,5443028.365358775
2023-12-14,2023Q4,IAM,885976.759501632
2023-12-14,2023Q4,INVERCAP,425342.6317279104
2023-12-14,2023Q4,QUINENCO,0.0
2023-12-15,2023Q4,ALMENDRAL,517260.762692037
2023-12-15,2023Q4,ANTARCHILE,5427857.175748364
2023-12-15,2023Q4,IAM,868257.2243115994
2023-12-15,2023Q4,INVERCAP,424822.97060179204
2023-12-15,2023Q4,QUINENCO,0.0
2023-12-16,2023Q4,ALMENDRAL,517260.762692037
2023-12-16,2023Q4,ANTARCHILE,5427857.175748364
2023-12-16,2023Q4,IAM,868257.2243115994
2023-12-16,2023Q4,INVERCAP,424822.97060179204
2023-12-16,2023Q4,QUINENCO,0.0
2023-12-17,2023Q4,ALMENDRAL,517260.762692037
2023-12-17,2023Q4,ANTARCHILE,5427857.175748364
2023-12-17,2023Q4,IAM,868257.2243115994
2023-12-17,2023Q4,INVERCAP,424822.97060179204
2023-12-17,2023Q4,QUINENCO,0.0
2023-12-18,2023Q4,ALMENDRAL,517260.762692037
2023-12-18,2023Q4,ANTARCHILE,5304234.216634429
2023-12-18,2023Q4,IAM,865673.1254297196
2023-12-18,2023Q4,INVERCAP,422224.6649712
2023-12-18,2023Q4,QUINENCO,0.0
2023-12-19,2023Q4,ALMENDRAL,514769.94039978
2023-12-19,2023Q4,ANTARCHILE,5232534.144009497
2023-12-19,2023Q4,IAM,852137.369381778
2023-12-19,2023Q4,INVERCAP,419548.4101716902
2023-12-19,2023Q4,QUINENCO,0.0
2023-12-20,2023Q4,ALMENDRAL,514769.94039978
2023-12-20,2023Q4,ANTARCHILE,5187011.900961715
2023-12-20,2023Q4,IAM,856075.0438684517
2023-12-20,2023Q4,INVERCAP,420919.01639182755
2023-12-20,2023Q4,QUINENCO,0.0
2023-12-21,2023Q4,ALMENDRAL,514753.3349178316
2023-12-21,2023Q4,ANTARCHILE,5231365.854480128
2023-12-21,2023Q4,IAM,882869.6882269909
2023-12-21,2023Q4,INVERCAP,428720.42904768005
2023-12-21,2023Q4,QUINENCO,0.0
2023-12-22,2023Q4,ALMENDRAL,521943.5086014801
2023-12-22,2023Q4,ANTARCHILE,5181376.421553186
2023-12-22,2023Q4,IAM,892129.37588706
2023-12-22,2023Q4,INVERCAP,435216.19312416
2023-12-22,2023Q4,QUINENCO,0.0
2023-12-23,2023Q4,ALMENDRAL,521943.5086014801
2023-12-23,2023Q4,ANTARCHILE,5181376.421553186
2023-12-23,2023Q4,IAM,892129.37588706
2023-12-23,2023Q4,INVERCAP,435216.19312416
2023-12-23,2023Q4,QUINENCO,0.0
2023-12-24,2023Q4,ALMENDRAL,521943.5086014801
2023-12-24,2023Q4,ANTARCHILE,5181376.421553186
2023-12-24,2023Q4,IAM,892129.37588706
2023-12-24,2023Q4,INVERCAP,435216.19312416
2023-12-24,2023Q4,QUINENCO,0.0
2023-12-25,2023Q4,ALMENDRAL,521943.5086014801
2023-12-25,2023Q4,ANTARCHILE,5181376.421553186
2023-12-25,2023Q4,IAM,892129.37588706
2023-12-25,2023Q4,INVERCAP,435216.19312416
2023-12-25,2023Q4,QUINENCO,0.0
2023-12-26,2023Q4,ALMENDRAL,516347.46118487604
2023-12-26,2023Q4,ANTARCHILE,5292305.346630411
2023-12-26,2023Q4,IAM,885976.759501632
2023-12-26,2023Q4,INVERCAP,454703.4853536
2023-12-26,2023Q4,QUINENCO,0.0
2023-12-27,2023Q4,ALMENDRAL,531375.42234816
2023-12-27,2023Q4,ANTARCHILE,5343870.00784741
2023-12-27,2023Q4,IAM,889022.3046124189
2023-12-27,2023Q4,INVERCAP,463147.97865302407
2023-12-27,2023Q4,QUINENCO,0.0
2023-12-28,2023Q4,ALMENDRAL,539678.16332235
2023-12-28,2023Q4,ANTARCHILE,5354659.54889219
2023-12-28,2023Q4,IAM,882900.451308918
2023-12-28,2023Q4,INVERCAP,461134.29178931523
2023-12-28,2023Q4,QUINENCO,0.0
2023-12-29,2023Q4,ALMENDRAL,535144.8667504422
2023-12-29,2023Q4,ANTARCHILE,5316879.537182459
2023-12-29,2023Q4,IAM,875517.3116464044
2023-12-29,2023Q4,INVERCAP,467695.01350656
2023-12-29,2023Q4,QUINENCO,0.0
2023-12-30,2023Q4,ALMENDRAL,535144.8667504422
2023-12-30,2023Q4,ANTARCHILE,5316879.537182459
2023-12-30,2023Q4,IAM,875517.3116464044
2023-12-30,2023Q4,INVERCAP,467695.01350656
2023-12-30,2023Q4,QUINENCO,0.0
2023-12-31,2023Q4,ALMENDRAL,535144.8667504422
2023-12-31,2023Q4,ANTARCHILE,5316879.537182459
2023-12-31,2023Q4,IAM,875517.3116464044
2023-12-31,2023Q4,INVERCAP,467695.01350656
2023-12-31,2023Q4,QUINENCO,0.0
2024-01-01,2024Q1,ALMENDRAL,535144.8667504422
2024-01-01,2024Q1,ANTARCHILE,5316879.537182459
2024-01-01,2024Q1,IAM,875517.3116464044
2024-01-01,2024Q1,INVERCAP,467695.01350656
2024-01-01,2024Q1,QUINENCO,0.0
2024-01-02,2024Q1,ALMENDRAL,544161.6434484125
2024-01-02,2024Q1,ANTARCHILE,5373893.582851566
2024-01-02,2024Q1,IAM,882900.451308918
2024-01-02,2024Q1,INVERCAP,482830.14380475844
2024-01-02,2024Q1,QUINENCO,0.0
2024-01-03,2024Q1,ALMENDRAL,548346.2248994043
2024-01-03,2024Q1,ANTARCHILE,5268127.582372194
2024-01-03,2024Q1,IAM,882900.451308918
2024-01-03,2024Q1,INVERCAP,494912.2649870112
2024-01-03,2024Q1,QUINENCO,0.0
2024-01-04,2024Q1,ALMENDRAL,553195.0256283314
2024-01-04,2024Q1,ANTARCHILE,5179058.427361127
2024-01-04,2024Q1,IAM,882900.451308918
2024-01-04,2024Q1,INVERCAP,492054.12879336
2024-01-04,2024Q1,QUINENCO,0.0
2024-01-05,2024Q1,ALMENDRAL,547980.90429654
2024-01-05,2024Q1,ANTARCHILE,5121411.445466185
2024-01-05,2024Q1,IAM,882869.6882269909
2024-01-05,2024Q1,INVERCAP,492963.5357640672
2024-01-05,2024Q1,QUINENCO,0.0
2024-01-06,2024Q1,ALMENDRAL,547980.90429654
2024-01-06,2024Q1,ANTARCHILE,5121411.445466185
2024-01-06,2024Q1,IAM,882869.6882269909
2024-01-06,2024Q1,INVERCAP,492963.5357640672
2024-01-06,2024Q1,QUINENCO,0.0
2024-01-07,2024Q1,ALMENDRAL,547980.90429654
2024-01-07,2024Q1,ANTARCHILE,5121411.445466185
2024-01-07,2024Q1,IAM,882869.6882269909
2024-01-07,2024Q1,INVERCAP,492963.5357640672
2024-01-07,2024Q1,QUINENCO,0.0
2024-01-08,2024Q1,ALMENDRAL,530213.0386117734
2024-01-08,2024Q1,ANTARCHILE,5089702.812495801
2024-01-08,2024Q1,IAM,879639.5646246412
2024-01-08,2024Q1,INVERCAP,483089.97436781763
2024-01-08,2024Q1,QUINENCO,0.0
2024-01-09,2024Q1,ALMENDRAL,525928.8242690912
2024-01-09,2024Q1,ANTARCHILE,5165499.482610669
2024-01-09,2024Q1,IAM,882900.451308918
2024-01-09,2024Q1,INVERCAP,464122.343264496
2024-01-09,2024Q1,QUINENCO,0.0
2024-01-10,2024Q1,ALMENDRAL,519502.50275506824
2024-01-10,2024Q1,ANTARCHILE,5139270.980931186
2024-01-10,2024Q1,IAM,876717.0718415629
2024-01-10,2024Q1,INVERCAP,455872.7228873664
2024-01-10,2024Q1,QUINENCO,0.0
2024-01-11,2024Q1,ALMENDRAL,514471.04172470915
2024-01-11,2024Q1,ANTARCHILE,5166496.621131276
2024-01-11,2024Q1,IAM,872071.8464705647
2024-01-11,2024Q1,INVERCAP,470942.8955448001
2024-01-11,2024Q1,QUINENCO,0.0
2024-01-12,2024Q1,ALMENDRAL,518472.96287426876
2024-01-12,2024Q1,ANTARCHILE,5081489.194398947
2024-01-12,2024Q1,IAM,870595.218538062
2024-01-12,2024Q1,INVERCAP,461056.34262039745
2024-01-12,2024Q1,QUINENCO,0.0
2024-01-13,2024Q1,ALMENDRAL,518472.96287426876
2024-01-13,2024Q1,ANTARCHILE,5081489.194398947
2024-01-13,2024Q1,IAM,870595.218538062
2024-01-13,2024Q1,INVERCAP,461056.34262039745
2024-01-13,2024Q1,QUINENCO,0.0
2024-01-14,2024Q1,ALMENDRAL,518472.96287426876
2024-01-14,2024Q1,ANTARCHILE,5081489.194398947
2024-01-14,2024Q1,IAM,870595.218538062
2024-01-14,2024Q1,INVERCAP,461056.34262039745
2024-01-14,2024Q1,QUINENCO,0.0
2024-01-15,2024Q1,ALMENDRAL,521461.94962497713
2024-01-15,2024Q1,ANTARCHILE,5096922.246392583
2024-01-15,2024Q1,IAM,876717.0718415629
2024-01-15,2024Q1,INVERCAP,451371.1583823658
2024-01-15,2024Q1,QUINENCO,0.0
2024-01-16,2024Q1,ALMENDRAL,523072.68137397
2024-01-16,2024Q1,ANTARCHILE,5067207.890463412
2024-01-16,2024Q1,IAM,879824.143116204
2024-01-16,2024Q1,INVERCAP,440412.80438534403
2024-01-16,2024Q1,QUINENCO,0.0
2024-01-17,2024Q1,ALMENDRAL,506483.80490753835
2024-01-17,2024Q1,ANTARCHILE,5009933.098481307
2024-01-17,2024Q1,IAM,870072.2461453006
2024-01-17,2024Q1,INVERCAP,417352.84191384003
2024-01-17,2024Q1,QUINENCO,0.0
2024-01-18,2024Q1,ALMENDRAL,508958.021717847
2024-01-18,2024Q1,ANTARCHILE,4988826.502820721
2024-01-18,2024Q1,IAM,861212.4785502843
2024-01-18,2024Q1,INVERCAP,407804.0687214144
2024-01-18,2024Q1,QUINENCO,0.0
2024-01-19,2024Q1,ALMENDRAL,507612.97768002824
2024-01-19,2024Q1,ANTARCHILE,4851983.396818232
2024-01-19,2024Q1,IAM,842939.207885563
2024-01-19,2024Q1,INVERCAP,411831.442448832
2024-01-19,2024Q1,QUINENCO,0.0
2024-01-20,2024Q1,ALMENDRAL,507612.97768002824
2024-01-20,2024Q1,ANTARCHILE,4851983.396818232
2024-01-20,2024Q1,IAM,842939.207885563
2024-01-20,2024Q1,INVERCAP,411831.442448832
2024-01-20,2024Q1,QUINENCO,0.0
2024-01-21,2024Q1,ALMENDRAL,507612.97768002824
2024-01-21,2024Q1,ANTARCHILE,4851983.396818232
2024-01-21,2024Q1,IAM,842939.207885563
2024-01-21,2024Q1,INVERCAP,411831.442448832
2024-01-21,2024Q1,QUINENCO,0.0
2024-01-22,2024Q1,ALMENDRAL,509190.4984651243
2024-01-22,2024Q1,ANTARCHILE,5009039.279179073
2024-01-22,2024Q1,IAM,850999.1353504738
2024-01-22,2024Q1,INVERCAP,423523.817786496
2024-01-22,2024Q1,QUINENCO,0.0
2024-01-23,2024Q1,ALMENDRAL,505254.9992433582
2024-01-23,2024Q1,ANTARCHILE,5012797.697023892
2024-01-23,2024Q1,IAM,867518.910345348
2024-01-23,2024Q1,INVERCAP,438334.15988087043
2024-01-23,2024Q1,QUINENCO,0.0
2024-01-24,2024Q1,ALMENDRAL,509273.52587486623
2024-01-24,2024Q1,ANTARCHILE,5130033.170375601
2024-01-24,2024Q1,IAM,876747.83492349
2024-01-24,2024Q1,INVERCAP,461199.24943008006
2024-01-24,2024Q1,QUINENCO,0.0
2024-01-25,2024Q1,ALMENDRAL,522325.4346862929
2024-01-25,2024Q1,ANTARCHILE,5014988.272379986
2024-01-25,2024Q1,IAM,869672.3260802478
2024-01-25,2024Q1,INVERCAP,456437.85436202015
2024-01-25,2024Q1,QUINENCO,0.0
2024-01-26,2024Q1,ALMENDRAL,523072.68137397
2024-01-26,2024Q1,ANTARCHILE,5128496.074725669
2024-01-26,2024Q1,IAM,873548.4744030673
2024-01-26,2024Q1,INVERCAP,457801.96481808095
2024-01-26,2024Q1,QUINENCO,0.0
2024-01-27,2024Q1,ALMENDRAL,523072.68137397
2024-01-27,2024Q1,ANTARCHILE,5128496.074725669
2024-01-27,2024Q1,IAM,873548.4744030673
2024-01-27,2024Q1,INVERCAP,457801.96481808095
2024-01-27,2024Q1,QUINENCO,0.0
2024-01-28,2024Q1,ALMENDRAL,523072.68137397
2024-01-28,2024Q1,ANTARCHILE,5128496.074725669
2024-01-28,2024Q1,IAM,873548.4744030673
2024-01-28,2024Q1,INVERCAP,457801.96481808095
2024-01-28,2024Q1,QUINENCO,0.0
2024-01-29,2024Q1,ALMENDRAL,515600.21449719893
2024-01-29,2024Q1,ANTARCHILE,5131866.190658121
2024-01-29,2024Q1,IAM,873671.5267307761
2024-01-29,2024Q1,INVERCAP,451052.8659426183
2024-01-29,2024Q1,QUINENCO,0.0
2024-01-30,2024Q1,ALMENDRAL,507463.52834249276
2024-01-30,2024Q1,ANTARCHILE,5013988.918118978
2024-01-30,2024Q1,IAM,867518.910345348
2024-01-30,2024Q1,INVERCAP,438464.0751624
2024-01-30,2024Q1,QUINENCO,0.0
2024-01-31,2024Q1,ALMENDRAL,504308.48677230056
2024-01-31,2024Q1,ANTARCHILE,4908182.75800413
2024-01-31,2024Q1,IAM,867518.910345348
2024-01-31,2024Q1,INVERCAP,436320.4730171616
2024-01-31,2024Q1,QUINENCO,0.0
2024-02-01,2024Q1,ALMENDRAL,515102.0500387476
2024-02-01,2024Q1,ANTARCHILE,4989282.138670033
2024-02-01,2024Q1,IAM,861643.1616972642
2024-02-01,2024Q1,INVERCAP,449376.9588108864
2024-02-01,2024Q1,QUINENCO,0.0
2024-02-02,2024Q1,ALMENDRAL,522259.01275849936
2024-02-02,2024Q1,ANTARCHILE,4972471.032044758
2024-02-02,2024Q1,IAM,858289.9857672061
2024-02-02,2024Q1,INVERCAP,442361.533608288
2024-02-02,2024Q1,QUINENCO,0.0
2024-02-03,2024Q1,ALMENDRAL,522259.01275849936
2024-02-03,2024Q1,ANTARCHILE,4972471.032044758
2024-02-03,2024Q1,IAM,858289.9857672061
2024-02-03,2024Q1,INVERCAP,442361.533608288
2024-02-03,2024Q1,QUINENCO,0.0
2024-02-04,2024Q1,ALMENDRAL,522259.01275849936
2024-02-04,2024Q1,ANTARCHILE,4972471.032044758
2024-02-04,2024Q1,IAM,858289.9857672061
2024-02-04,2024Q1,INVERCAP,442361.533608288
2024-02-04,2024Q1,QUINENCO,0.0
2024-02-05,2024Q1,ALMENDRAL,517177.7352822951
2024-02-05,2024Q1,ANTARCHILE,5036886.175086266
2024-02-05,2024Q1,IAM,849983.9536468782
2024-02-05,2024Q1,INVERCAP,441646.9995598752
2024-02-05,2024Q1,QUINENCO,0.0
2024-02-06,2024Q1,ALMENDRAL,522773.7826988991
2024-02-06,2024Q1,ANTARCHILE,4969909.743936094
2024-02-06,2024Q1,IAM,852137.369381778
2024-02-06,2024Q1,INVERCAP,444959.83923888
2024-02-06,2024Q1,QUINENCO,0.0
2024-02-07,2024Q1,ALMENDRAL,519751.58498429396
2024-02-07,2024Q1,ANTARCHILE,4964897.73597507
2024-02-07,2024Q1,IAM,867211.2795260765
2024-02-07,2024Q1,INVERCAP,448207.72127712006
2024-02-07,2024Q1,QUINENCO,0.0
2024-02-08,2024Q1,ALMENDRAL,509638.84647773055
2024-02-08,2024Q1,ANTARCHILE,4915676.04391126
2024-02-08,2024Q1,IAM,867518.910345348
2024-02-08,2024Q1,INVERCAP,448233.7043334259
2024-02-08,2024Q1,QUINENCO,0.0
2024-02-09,2024Q1,ALMENDRAL,521495.16058887384
2024-02-09,2024Q1,ANTARCHILE,4974679.746395733
2024-02-09,2024Q1,IAM,876686.3087596358
2024-02-09,2024Q1,INVERCAP,444959.83923888
2024-02-09,2024Q1,QUINENCO,0.0
2024-02-10,2024Q1,ALMENDRAL,521495.16058887384
2024-02-10,2024Q1,ANTARCHILE,4974679.746395733
2024-02-10,2024Q1,IAM,876686.3087596358
2024-02-10,2024Q1,INVERCAP,444959.83923888
2024-02-10,2024Q1,QUINENCO,0.0
2024-02-11,2024Q1,ALMENDRAL,521495.16058887384
2024-02-11,2024Q1,ANTARCHILE,4974679.746395733
2024-02-11,2024Q1,IAM,876686.3087596358
2024-02-11,2024Q1,INVERCAP,444959.83923888
2024-02-11,2024Q1,QUINENCO,0.0
2024-02-12,2024Q1,ALMENDRAL,527423.3176444455
2024-02-12,2024Q1,ANTARCHILE,5061772.83174217
2024-02-12,2024Q1,IAM,885976.759501632
2024-02-12,2024Q1,INVERCAP,449422.42915942176
2024-02-12,2024Q1,QUINENCO,0.0
2024-02-13,2024Q1,ALMENDRAL,518589.2012479074
2024-02-13,2024Q1,ANTARCHILE,5002520.922406907
2024-02-13,2024Q1,IAM,887361.0981883532
2024-02-13,2024Q1,INVERCAP,451455.60331536003
2024-02-13,2024Q1,QUINENCO,0.0
2024-02-14,2024Q1,ALMENDRAL,522973.0484822797
2024-02-14,2024Q1,ANTARCHILE,4939979.886608577
2024-02-14,2024Q1,IAM,887207.2827787176
2024-02-14,2024Q1,INVERCAP,454709.98111767654
2024-02-14,2024Q1,QUINENCO,0.0
2024-02-15,2024Q1,ALMENDRAL,519751.58498429396
2024-02-15,2024Q1,ANTARCHILE,4987779.912231298
2024-02-15,2024Q1,IAM,887514.9135979889
2024-02-15,2024Q1,INVERCAP,454638.5277128352
2024-02-15,2024Q1,QUINENCO,0.0
2024-02-16,2024Q1,ALMENDRAL,527157.6299332714
2024-02-16,2024Q1,ANTARCHILE,5073304.845980617
2024-02-16,2024Q1,IAM,901358.300465202
2024-02-16,2024Q1,INVERCAP,466265.94540973444
2024-02-16,2024Q1,QUINENCO,0.0
2024-02-17,2024Q1,ALMENDRAL,527157.6299332714
2024-02-17,2024Q1,ANTARCHILE,5073304.845980617
2024-02-17,2024Q1,IAM,901358.300465202
2024-02-17,2024Q1,INVERCAP,466265.94540973444
2024-02-17,2024Q1,QUINENCO,0.0
2024-02-18,2024Q1,ALMENDRAL,527157.6299332714
2024-02-18,2024Q1,ANTARCHILE,5073304.845980617
2024-02-18,2024Q1,IAM,901358.300465202
2024-02-18,2024Q1,INVERCAP,466265.94540973444
2024-02-18,2024Q1,QUINENCO,0.0
2024-02-19,2024Q1,ALMENDRAL,524600.3857132209
2024-02-19,2024Q1,ANTARCHILE,5178924.911139048
2024-02-19,2024Q1,IAM,895205.684079774
2024-02-19,2024Q1,INVERCAP,463018.0633714944
2024-02-19,2024Q1,QUINENCO,0.0
2024-02-20,2024Q1,ALMENDRAL,517260.762692037
2024-02-20,2024Q1,ANTARCHILE,5213933.492147749
2024-02-20,2024Q1,IAM,870595.218538062
2024-02-20,2024Q1,INVERCAP,441582.0419191104
2024-02-20,2024Q1,QUINENCO,0.0
2024-02-21,2024Q1,ALMENDRAL,513092.7867229936
2024-02-21,2024Q1,ANTARCHILE,5072023.463346153
2024-02-21,2024Q1,IAM,882900.451308918
2024-02-21,2024Q1,INVERCAP,446129.0767726464
2024-02-21,2024Q1,QUINENCO,0.0
2024-02-22,2024Q1,ALMENDRAL,511648.1097934845
2024-02-22,2024Q1,ANTARCHILE,5025604.137567211
2024-02-22,2024Q1,IAM,879516.5122969325
2024-02-22,2024Q1,INVERCAP,443777.61017696065
2024-02-22,2024Q1,QUINENCO,0.0
2024-02-23,2024Q1,ALMENDRAL,519950.8507676745
2024-02-23,2024Q1,ANTARCHILE,4932130.334043093
2024-02-23,2024Q1,IAM,870656.7447019162
2024-02-23,2024Q1,INVERCAP,439308.52449234243
2024-02-23,2024Q1,QUINENCO,0.0
2024-02-24,2024Q1,ALMENDRAL,519950.8507676745
2024-02-24,2024Q1,ANTARCHILE,4932130.334043093
2024-02-24,2024Q1,IAM,870656.7447019162
2024-02-24,2024Q1,INVERCAP,439308.52449234243
2024-02-24,2024Q1,QUINENCO,0.0
2024-02-25,2024Q1,ALMENDRAL,519950.8507676745
2024-02-25,2024Q1,ANTARCHILE,4932130.334043093
2024-02-25,2024Q1,IAM,870656.7447019162
2024-02-25,2024Q1,INVERCAP,439308.52449234243
2024-02-25,2024Q1,QUINENCO,0.0
2024-02-26,2024Q1,ALMENDRAL,512461.77840895514
2024-02-26,2024Q1,ANTARCHILE,4990912.213416473
2024-02-26,2024Q1,IAM,870595.218538062
2024-02-26,2024Q1,INVERCAP,419632.85510468454
2024-02-26,2024Q1,QUINENCO,0.0
2024-02-27,2024Q1,ALMENDRAL,516297.64473903086
2024-02-27,2024Q1,ANTARCHILE,5113484.287223589
2024-02-27,2024Q1,IAM,876132.5732849473
2024-02-27,2024Q1,INVERCAP,426122.123417088
2024-02-27,2024Q1,QUINENCO,0.0
2024-02-28,2024Q1,ALMENDRAL,527522.9505361358
2024-02-28,2024Q1,ANTARCHILE,5175515.374151252
2024-02-28,2024Q1,IAM,888837.7261208561
2024-02-28,2024Q1,INVERCAP,417028.053710016
2024-02-28,2024Q1,QUINENCO,0.0
2024-02-29,2024Q1,ALMENDRAL,522425.0675779832
2024-02-29,2024Q1,ANTARCHILE,5138529.555426047
2024-02-29,2024Q1,IAM,873671.5267307761
2024-02-29,2024Q1,INVERCAP,430604.20062985923
2024-02-29,2024Q1,QUINENCO,0.0
2024-03-01,2024Q1,ALMENDRAL,516646.359859947
2024-03-01,2024Q1,ANTARCHILE,5129338.603708781
2024-03-01,2024Q1,IAM,879824.143116204
2024-03-01,2024Q1,INVERCAP,428707.4375195271
2024-03-01,2024Q1,QUINENCO,0.0
2024-03-02,2024Q1,ALMENDRAL,516646.359859947
2024-03-02,2024Q1,ANTARCHILE,5129338.603708781
2024-03-02,2024Q1,IAM,879824.143116204
2024-03-02,2024Q1,INVERCAP,428707.4375195271
2024-03-02,2024Q1,QUINENCO,0.0
2024-03-03,2024Q1,ALMENDRAL,516646.359859947
2024-03-03,2024Q1,ANTARCHILE,5129338.603708781
2024-03-03,2024Q1,IAM,879824.143116204
2024-03-03,2024Q1,INVERCAP,428707.4375195271
2024-03-03,2024Q1,QUINENCO,0.0
2024-03-04,2024Q1,ALMENDRAL,508127.747620428
2024-03-04,2024Q1,ANTARCHILE,5198205.25410166
2024-03-04,2024Q1,IAM,856782.5947527761
2024-03-04,2024Q1,INVERCAP,430922.4930696067
2024-03-04,2024Q1,QUINENCO,0.0
2024-03-05,2024Q1,ALMENDRAL,512428.56744505843
2024-03-05,2024Q1,ANTARCHILE,5094394.659443243
2024-03-05,2024Q1,IAM,867518.910345348
2024-03-05,2024Q1,INVERCAP,425147.758805616
2024-03-05,2024Q1,QUINENCO,0.0
2024-03-06,2024Q1,ALMENDRAL,522474.88402382826
2024-03-06,2024Q1,ANTARCHILE,5197633.0729732765
2024-03-06,2024Q1,IAM,859797.3767816358
2024-03-06,2024Q1,INVERCAP,435989.1890492611
2024-03-06,2024Q1,QUINENCO,0.0
2024-03-07,2024Q1,ALMENDRAL,515400.94871381845
2024-03-07,2024Q1,ANTARCHILE,5244875.86141527
2024-03-07,2024Q1,IAM,853675.5234781349
2024-03-07,2024Q1,INVERCAP,438139.28695857606
2024-03-07,2024Q1,QUINENCO,0.0
2024-03-08,2024Q1,ALMENDRAL,516430.488594618
2024-03-08,2024Q1,ANTARCHILE,5249432.903725414
2024-03-08,2024Q1,IAM,861304.7677960658
2024-03-08,2024Q1,INVERCAP,428980.2596107392
2024-03-08,2024Q1,QUINENCO,0.0
2024-03-09,2024Q1,ALMENDRAL,516430.488594618
2024-03-09,2024Q1,ANTARCHILE,5249432.903725414
2024-03-09,2024Q1,IAM,861304.7677960658
2024-03-09,2024Q1,INVERCAP,428980.2596107392
2024-03-09,2024Q1,QUINENCO,0.0
2024-03-10,2024Q1,ALMENDRAL,516430.488594618
2024-03-10,2024Q1,ANTARCHILE,5249432.903725414
2024-03-10,2024Q1,IAM,861304.7677960658
2024-03-10,2024Q1,INVERCAP,428980.2596107392
2024-03-10,2024Q1,QUINENCO,0.0
2024-03-11,2024Q1,ALMENDRAL,511448.844010104
2024-03-11,2024Q1,ANTARCHILE,5246480.359383851
2024-03-11,2024Q1,IAM,856751.831670849
2024-03-11,2024Q1,INVERCAP,420925.512155904
2024-03-11,2024Q1,QUINENCO,0.0
2024-03-12,2024Q1,ALMENDRAL,515932.3241361666
2024-03-12,2024Q1,ANTARCHILE,5410166.6439334275
2024-03-12,2024Q1,IAM,850599.215285421
2024-03-12,2024Q1,INVERCAP,428584.0180020739
2024-03-12,2024Q1,QUINENCO,0.0
2024-03-13,2024Q1,ALMENDRAL,522076.35245706723
2024-03-13,2024Q1,ANTARCHILE,5424959.373899898
2024-03-13,2024Q1,IAM,852906.4464299565
2024-03-13,2024Q1,INVERCAP,435865.76953180804
2024-03-13,2024Q1,QUINENCO,0.0
2024-03-14,2024Q1,ALMENDRAL,519170.3931161007
2024-03-14,2024Q1,ANTARCHILE,5582946.469622961
2024-03-14,2024Q1,IAM,855213.6775744921
2024-03-14,2024Q1,INVERCAP,431351.2134986544
2024-03-14,2024Q1,QUINENCO,0.0
2024-03-15,2024Q1,ALMENDRAL,521412.133179132
2024-03-15,2024Q1,ANTARCHILE,5563317.623293423
2024-03-15,2024Q1,IAM,865673.1254297196
2024-03-15,2024Q1,INVERCAP,416300.52813345025
2024-03-15,2024Q1,QUINENCO,0.0
2024-03-16,2024Q1,ALMENDRAL,521412.133179132
2024-03-16,2024Q1,ANTARCHILE,5563317.623293423
2024-03-16,2024Q1,IAM,865673.1254297196
2024-03-16,2024Q1,INVERCAP,416300.52813345025
2024-03-16,2024Q1,QUINENCO,0.0
2024-03-17,2024Q1,ALMENDRAL,521412.133179132
2024-03-17,2024Q1,ANTARCHILE,5563317.623293423
2024-03-17,2024Q1,IAM,865673.1254297196
2024-03-17,2024Q1,INVERCAP,416300.52813345025
2024-03-17,2024Q1,QUINENCO,0.0
2024-03-18,2024Q1,ALMENDRAL,517360.3955837272
2024-03-18,2024Q1,ANTARCHILE,5432771.223296997
2024-03-18,2024Q1,IAM,861366.29395992
2024-03-18,2024Q1,INVERCAP,422224.6649712
2024-03-18,2024Q1,QUINENCO,0.0
2024-03-19,2024Q1,ALMENDRAL,514404.6197969156
2024-03-19,2024Q1,ANTARCHILE,5487904.82361012
2024-03-19,2024Q1,IAM,875117.3915813516
2024-03-19,2024Q1,INVERCAP,424498.182397968
2024-03-19,2024Q1,QUINENCO,0.0
2024-03-20,2024Q1,ALMENDRAL,518091.036789456
2024-03-20,2024Q1,ANTARCHILE,5679193.181008374
2024-03-20,2024Q1,IAM,879793.3800342769
2024-03-20,2024Q1,INVERCAP,452624.84084912646
2024-03-20,2024Q1,QUINENCO,0.0
2024-03-21,2024Q1,ALMENDRAL,514769.94039978
2024-03-21,2024Q1,ANTARCHILE,5644291.114265271
2024-03-21,2024Q1,IAM,870902.8493573335
2024-03-21,2024Q1,INVERCAP,454638.5277128352
2024-03-21,2024Q1,QUINENCO,0.0
2024-03-22,2024Q1,ALMENDRAL,509788.29581526597
2024-03-22,2024Q1,ANTARCHILE,5741695.534331495
2024-03-22,2024Q1,IAM,860289.58609247
2024-03-22,2024Q1,INVERCAP,444277.7840108496
2024-03-22,2024Q1,QUINENCO,0.0
2024-03-23,2024Q1,ALMENDRAL,509788.29581526597
2024-03-23,2024Q1,ANTARCHILE,5741695.534331495
2024-03-23,2024Q1,IAM,860289.58609247
2024-03-23,2024Q1,INVERCAP,444277.7840108496
2024-03-23,2024Q1,QUINENCO,0.0
2024-03-24,2024Q1,ALMENDRAL,509788.29581526597
2024-03-24,2024Q1,ANTARCHILE,5741695.534331495
2024-03-24,2024Q1,IAM,860289.58609247
2024-03-24,2024Q1,INVERCAP,444277.7840108496
2024-03-24,2024Q1,QUINENCO,0.0
2024-03-25,2024Q1,ALMENDRAL,519369.6588994812
2024-03-25,2024Q1,ANTARCHILE,5683960.606637576
2024-03-25,2024Q1,IAM,848599.614960157
2024-03-25,2024Q1,INVERCAP,451975.2644414784
2024-03-25,2024Q1,QUINENCO,0.0
2024-03-26,2024Q1,ALMENDRAL,529548.8193338382
2024-03-26,2024Q1,ANTARCHILE,5747158.815042734
2024-03-26,2024Q1,IAM,858259.2226852789
2024-03-26,2024Q1,INVERCAP,446908.568461824
2024-03-26,2024Q1,QUINENCO,0.0
2024-03-27,2024Q1,ALMENDRAL,539711.3742862467
2024-03-27,2024Q1,ANTARCHILE,5738468.399399451
2024-03-27,2024Q1,IAM,873671.5267307761
2024-03-27,2024Q1,INVERCAP,438464.0751624
2024-03-27,2024Q1,QUINENCO,0.0
2024-03-28,2024Q1,ALMENDRAL,541488.1608547234
2024-03-28,2024Q1,ANTARCHILE,5793844.79577574
2024-03-28,2024Q1,IAM,879824.143116204
2024-03-28,2024Q1,INVERCAP,437073.9816500333
2024-03-28,2024Q1,QUINENCO,0.0
2024-03-29,2024Q1,ALMENDRAL,541488.1608547234
2024-03-29,2024Q1,ANTARCHILE,5793844.79577574
2024-03-29,2024Q1,IAM,879824.143116204
2024-03-29,2024Q1,INVERCAP,437073.9816500333
2024-03-29,2024Q1,QUINENCO,0.0
2024-03-30,2024Q1,ALMENDRAL,541488.1608547234
2024-03-30,2024Q1,ANTARCHILE,5793844.79577574
2024-03-30,2024Q1,IAM,879824.143116204
2024-03-30,2024Q1,INVERCAP,437073.9816500333
2024-03-30,2024Q1,QUINENCO,0.0
2024-03-31,2024Q1,ALMENDRAL,541488.1608547234
2024-03-31,2024Q1,ANTARCHILE,5793844.79577574
2024-03-31,2024Q1,IAM,879824.143116204
2024-03-31,2024Q1,INVERCAP,437073.9816500333
2024-03-31,2024Q1,QUINENCO,0.0
2024-04-01,2024Q2,ALMENDRAL,557562.2673807552
2024-04-01,2024Q2,ANTARCHILE,5622435.037099781
2024-04-01,2024Q2,IAM,872133.372634419
2024-04-01,2024Q2,INVERCAP,448012.8483548256
2024-04-01,2024Q2,QUINENCO,0.0
2024-04-02,2024Q2,ALMENDRAL,567857.6661887508
2024-04-02,2024Q2,ANTARCHILE,5641578.170939648
2024-04-02,2024Q2,IAM,872133.372634419
2024-04-02,2024Q2,INVERCAP,453274.41725677444
2024-04-02,2024Q2,QUINENCO,0.0
2024-04-03,2024Q2,ALMENDRAL,583184.5260271056
2024-04-03,2024Q2,ANTARCHILE,5657499.889743488
2024-04-03,2024Q2,IAM,873610.0005669217
2024-04-03,2024Q2,INVERCAP,459900.096614784
2024-04-03,2024Q2,QUINENCO,0.0
2024-04-04,2024Q2,ALMENDRAL,585509.2934998787
2024-04-04,2024Q2,ANTARCHILE,5681838.172180264
2024-04-04,2024Q2,IAM,859212.8782250202
2024-04-04,2024Q2,INVERCAP,448857.29768476804
2024-04-04,2024Q2,QUINENCO,0.0
2024-04-05,2024Q2,ALMENDRAL,577405.8183090693
2024-04-05,2024Q2,ANTARCHILE,5600425.827557064
2024-04-05,2024Q2,IAM,856751.831670849
2024-04-05,2024Q2,INVERCAP,448025.83988297853
2024-04-05,2024Q2,QUINENCO,0.0
2024-04-06,2024Q2,ALMENDRAL,577405.8183090693
2024-04-06,2024Q2,ANTARCHILE,5600425.827557064
2024-04-06,2024Q2,IAM,856751.831670849
2024-04-06,2024Q2,INVERCAP,448025.83988297853
2024-04-06,2024Q2,QUINENCO,0.0
2024-04-07,2024Q2,ALMENDRAL,577405.8183090693
2024-04-07,2024Q2,ANTARCHILE,5600425.827557064
2024-04-07,2024Q2,IAM,856751.831670849
2024-04-07,2024Q2,INVERCAP,448025.83988297853
2024-04-07,2024Q2,QUINENCO,0.0
2024-04-08,2024Q2,ALMENDRAL,596967.0760442609
2024-04-08,2024Q2,ANTARCHILE,5829520.700768089
2024-04-08,2024Q2,IAM,846292.3838156215
2024-04-08,2024Q2,INVERCAP,457171.87570266245
2024-04-08,2024Q2,QUINENCO,0.0
2024-04-09,2024Q2,ALMENDRAL,606000.4582241797
2024-04-09,2024Q2,ANTARCHILE,5917680.663057526
2024-04-09,2024Q2,IAM,852137.369381778
2024-04-09,2024Q2,INVERCAP,461783.8681969632
2024-04-09,2024Q2,QUINENCO,0.0
2024-04-10,2024Q2,ALMENDRAL,607744.0338287596
2024-04-10,2024Q2,ANTARCHILE,5870471.575774857
2024-04-10,2024Q2,IAM,862904.448056277
2024-04-10,2024Q2,INVERCAP,463083.02101225924
2024-04-10,2024Q2,QUINENCO,0.0
2024-04-11,2024Q2,ALMENDRAL,607760.639310708
2024-04-11,2024Q2,ANTARCHILE,5933338.303737743
2024-04-11,2024Q2,IAM,867518.910345348
2024-04-11,2024Q2,INVERCAP,464447.13146832003
2024-04-11,2024Q2,QUINENCO,0.0
2024-04-12,2024Q2,ALMENDRAL,597797.35014168
2024-04-12,2024Q2,ANTARCHILE,5760317.038781965
2024-04-12,2024Q2,IAM,867488.1472634209
2024-04-12,2024Q2,INVERCAP,460458.73232536134
2024-04-12,2024Q2,QUINENCO,0.0
2024-04-13,2024Q2,ALMENDRAL,597797.35014168
2024-04-13,2024Q2,ANTARCHILE,5760317.038781965
2024-04-13,2024Q2,IAM,867488.1472634209
2024-04-13,2024Q2,INVERCAP,460458.73232536134
2024-04-13,2024Q2,QUINENCO,0.0
2024-04-14,2024Q2,ALMENDRAL,597797.35014168
2024-04-14,2024Q2,ANTARCHILE,5760317.038781965
2024-04-14,2024Q2,IAM,867488.1472634209
2024-04-14,2024Q2,INVERCAP,460458.73232536134
2024-04-14,2024Q2,QUINENCO,0.0
2024-04-15,2024Q2,ALMENDRAL,596967.0760442609
2024-04-15,2024Q2,ANTARCHILE,5760791.809333041
2024-04-15,2024Q2,IAM,855213.6775744921
2024-04-15,2024Q2,INVERCAP,457366.7486249568
2024-04-15,2024Q2,QUINENCO,0.0
2024-04-16,2024Q2,ALMENDRAL,581191.8681932999
2024-04-16,2024Q2,ANTARCHILE,5690256.522081859
2024-04-16,2024Q2,IAM,852106.6062998509
2024-04-16,2024Q2,INVERCAP,456002.638168896
2024-04-16,2024Q2,QUINENCO,0.0
2024-04-17,2024Q2,ALMENDRAL,572723.0723996261
2024-04-17,2024Q2,ANTARCHILE,5754655.244015445
2024-04-17,2024Q2,IAM,841493.3430349876
2024-04-17,2024Q2,INVERCAP,457951.36739184
2024-04-17,2024Q2,QUINENCO,0.0
2024-04-18,2024Q2,ALMENDRAL,573785.8232443226
2024-04-18,2024Q2,ANTARCHILE,5761672.470956279
2024-04-18,2024Q2,IAM,841462.5799530603
2024-04-18,2024Q2,INVERCAP,449539.35291279847
2024-04-18,2024Q2,QUINENCO,0.0
2024-04-19,2024Q2,ALMENDRAL,581690.0326517514
2024-04-19,2024Q2,ANTARCHILE,5740764.268987626
2024-04-19,2024Q2,IAM,815283.1972330642
2024-04-19,2024Q2,INVERCAP,446518.82261723524
2024-04-19,2024Q2,QUINENCO,0.0
2024-04-20,2024Q2,ALMENDRAL,581690.0326517514
2024-04-20,2024Q2,ANTARCHILE,5740764.268987626
2024-04-20,2024Q2,IAM,815283.1972330642
2024-04-20,2024Q2,INVERCAP,446518.82261723524
2024-04-20,2024Q2,QUINENCO,0.0
2024-04-21,2024Q2,ALMENDRAL,581690.0326517514
2024-04-21,2024Q2,ANTARCHILE,5740764.268987626
2024-04-21,2024Q2,IAM,815283.1972330642
2024-04-21,2024Q2,INVERCAP,446518.82261723524
2024-04-21,2024Q2,QUINENCO,0.0
2024-04-22,2024Q2,ALMENDRAL,569568.0308294339
2024-04-22,2024Q2,ANTARCHILE,5747157.097155776
2024-04-22,2024Q2,IAM,841370.290707279
2024-04-22,2024Q2,INVERCAP,448207.72127712006
2024-04-22,2024Q2,QUINENCO,0.0
2024-04-23,2024Q2,ALMENDRAL,572889.1272191099
2024-04-23,2024Q2,ANTARCHILE,5810246.455191591
2024-04-23,2024Q2,IAM,825404.2511870933
2024-04-23,2024Q2,INVERCAP,446908.568461824
2024-04-23,2024Q2,QUINENCO,0.0
2024-04-24,2024Q2,ALMENDRAL,580311.7776500358
2024-04-24,2024Q2,ANTARCHILE,5660978.494955247
2024-04-24,2024Q2,IAM,818605.6100811955
2024-04-24,2024Q2,INVERCAP,449500.3783283395
2024-04-24,2024Q2,QUINENCO,0.0
2024-04-25,2024Q2,ALMENDRAL,532205.696445579
2024-04-25,2024Q2,ANTARCHILE,5490464.032741789
2024-04-25,2024Q2,IAM,830572.4489508528
2024-04-25,2024Q2,INVERCAP,448850.8019206915
2024-04-25,2024Q2,QUINENCO,0.0
2024-04-26,2024Q2,ALMENDRAL,531375.42234816
2024-04-26,2024Q2,ANTARCHILE,5586987.791184775
2024-04-26,2024Q2,IAM,824450.595647352
2024-04-26,2024Q2,INVERCAP,446181.04288525827
2024-04-26,2024Q2,QUINENCO,0.0
2024-04-27,2024Q2,ALMENDRAL,531375.42234816
2024-04-27,2024Q2,ANTARCHILE,5586987.791184775
2024-04-27,2024Q2,IAM,824450.595647352
2024-04-27,2024Q2,INVERCAP,446181.04288525827
2024-04-27,2024Q2,QUINENCO,0.0
2024-04-28,2024Q2,ALMENDRAL,531375.42234816
2024-04-28,2024Q2,ANTARCHILE,5586987.791184775
2024-04-28,2024Q2,IAM,824450.595647352
2024-04-28,2024Q2,INVERCAP,446181.04288525827
2024-04-28,2024Q2,QUINENCO,0.0
2024-04-29,2024Q2,ALMENDRAL,545490.082004283
2024-04-29,2024Q2,ANTARCHILE,5838577.586428189
2024-04-29,2024Q2,IAM,833679.5202254939
2024-04-29,2024Q2,INVERCAP,454378.697149776
2024-04-29,2024Q2,QUINENCO,0.0
2024-04-30,2024Q2,ALMENDRAL,547980.90429654
2024-04-30,2024Q2,ANTARCHILE,5638646.908658547
2024-04-30,2024Q2,IAM,842908.444803636
2024-04-30,2024Q2,INVERCAP,445901.7250299696
2024-04-30,2024Q2,QUINENCO,0.0
2024-05-01,2024Q2,ALMENDRAL,547980.90429654
2024-05-01,2024Q2,ANTARCHILE,5638646.908658547
2024-05-01,2024Q2,IAM,842908.444803636
2024-05-01,2024Q2,INVERCAP,445901.7250299696
2024-05-01,2024Q2,QUINENCO,0.0
2024-05-02,2024Q2,ALMENDRAL,541704.0321200523
2024-05-02,2024Q2,ANTARCHILE,5596044.676844875
2024-05-02,2024Q2,IAM,851768.2123986523
2024-05-02,2024Q2,INVERCAP,448207.72127712006
2024-05-02,2024Q2,QUINENCO,0.0
2024-05-03,2024Q2,ALMENDRAL,542716.9665189035
2024-05-03,2024Q2,ANTARCHILE,5645292.684266677
2024-05-03,2024Q2,IAM,865365.4946104483
2024-05-03,2024Q2,INVERCAP,447298.3143064128
2024-05-03,2024Q2,QUINENCO,0.0
2024-05-04,2024Q2,ALMENDRAL,542716.9665189035
2024-05-04,2024Q2,ANTARCHILE,5645292.684266677
2024-05-04,2024Q2,IAM,865365.4946104483
2024-05-04,2024Q2,INVERCAP,447298.3143064128
2024-05-04,2024Q2,QUINENCO,0.0
2024-05-05,2024Q2,ALMENDRAL,542716.9665189035
2024-05-05,2024Q2,ANTARCHILE,5645292.684266677
2024-05-05,2024Q2,IAM,865365.4946104483
2024-05-05,2024Q2,INVERCAP,447298.3143064128
2024-05-05,2024Q2,QUINENCO,0.0
2024-05-06,2024Q2,ALMENDRAL,530511.9372868442
2024-05-06,2024Q2,ANTARCHILE,5558093.943598121
2024-05-06,2024Q2,IAM,855275.2037383462
2024-05-06,2024Q2,INVERCAP,448207.72127712006
2024-05-06,2024Q2,QUINENCO,0.0
2024-05-07,2024Q2,ALMENDRAL,516430.488594618
2024-05-07,2024Q2,ANTARCHILE,5715015.759901798
2024-05-07,2024Q2,IAM,858289.9857672061
2024-05-07,2024Q2,INVERCAP,460874.46122625604
2024-05-07,2024Q2,QUINENCO,0.0
2024-05-08,2024Q2,ALMENDRAL,513707.18955508363
2024-05-08,2024Q2,ANTARCHILE,5779039.646710407
2024-05-08,2024Q2,IAM,861366.29395992
2024-05-08,2024Q2,INVERCAP,459250.520207136
2024-05-08,2024Q2,QUINENCO,0.0
2024-05-09,2024Q2,ALMENDRAL,509788.29581526597
2024-05-09,2024Q2,ANTARCHILE,5879392.918217527
2024-05-09,2024Q2,IAM,867518.910345348
2024-05-09,2024Q2,INVERCAP,464447.13146832003
2024-05-09,2024Q2,QUINENCO,0.0
2024-05-10,2024Q2,ALMENDRAL,510153.6164181303
2024-05-10,2024Q2,ANTARCHILE,5921825.905654442
2024-05-10,2024Q2,IAM,870902.8493573335
2024-05-10,2024Q2,INVERCAP,461588.99527466885
2024-05-10,2024Q2,QUINENCO,0.0
2024-05-11,2024Q2,ALMENDRAL,510153.6164181303
2024-05-11,2024Q2,ANTARCHILE,5921825.905654442
2024-05-11,2024Q2,IAM,870902.8493573335
2024-05-11,2024Q2,INVERCAP,461588.99527466885
2024-05-11,2024Q2,QUINENCO,0.0
2024-05-12,2024Q2,ALMENDRAL,510153.6164181303
2024-05-12,2024Q2,ANTARCHILE,5921825.905654442
2024-05-12,2024Q2,IAM,870902.8493573335
2024-05-12,2024Q2,INVERCAP,461588.99527466885
2024-05-12,2024Q2,QUINENCO,0.0
2024-05-13,2024Q2,ALMENDRAL,510618.56991268496
2024-05-13,2024Q2,ANTARCHILE,5961326.153649991
2024-05-13,2024Q2,IAM,830572.4489508528
2024-05-13,2024Q2,INVERCAP,449182.085888592
2024-05-13,2024Q2,QUINENCO,0.0
2024-05-14,2024Q2,ALMENDRAL,511448.844010104
2024-05-14,2024Q2,ANTARCHILE,5992988.666362189
2024-05-14,2024Q2,IAM,824450.595647352
2024-05-14,2024Q2,INVERCAP,446908.568461824
2024-05-14,2024Q2,QUINENCO,0.0
2024-05-15,2024Q2,ALMENDRAL,516978.46949891455
2024-05-15,2024Q2,ANTARCHILE,6044852.206532308
2024-05-15,2024Q2,IAM,824019.912500372
2024-05-15,2024Q2,INVERCAP,445024.7968796448
2024-05-15,2024Q2,QUINENCO,0.0
2024-05-16,2024Q2,ALMENDRAL,511581.687865691
2024-05-16,2024Q2,ANTARCHILE,5971974.379599677
2024-05-16,2024Q2,IAM,824450.595647352
2024-05-16,2024Q2,INVERCAP,440737.592589168
2024-05-16,2024Q2,QUINENCO,0.0
2024-05-17,2024Q2,ALMENDRAL,505802.9801476548
2024-05-17,2024Q2,ANTARCHILE,6112168.603596257
2024-05-17,2024Q2,IAM,826234.854399126
2024-05-17,2024Q2,INVERCAP,433273.9596652925
2024-05-17,2024Q2,QUINENCO,0.0
2024-05-18,2024Q2,ALMENDRAL,505802.9801476548
2024-05-18,2024Q2,ANTARCHILE,6112168.603596257
2024-05-18,2024Q2,IAM,826234.854399126
2024-05-18,2024Q2,INVERCAP,433273.9596652925
2024-05-18,2024Q2,QUINENCO,0.0
2024-05-19,2024Q2,ALMENDRAL,505802.9801476548
2024-05-19,2024Q2,ANTARCHILE,6112168.603596257
2024-05-19,2024Q2,IAM,826234.854399126
2024-05-19,2024Q2,INVERCAP,433273.9596652925
2024-05-19,2024Q2,QUINENCO,0.0
2024-05-20,2024Q2,ALMENDRAL,508958.021717847
2024-05-20,2024Q2,ANTARCHILE,6055414.393315023
2024-05-20,2024Q2,IAM,837801.7732037307
2024-05-20,2024Q2,INVERCAP,432942.675697392
2024-05-20,2024Q2,QUINENCO,0.0
2024-05-21,2024Q2,ALMENDRAL,508958.021717847
2024-05-21,2024Q2,ANTARCHILE,6055414.393315023
2024-05-21,2024Q2,IAM,837801.7732037307
2024-05-21,2024Q2,INVERCAP,432942.675697392
2024-05-21,2024Q2,QUINENCO,0.0
2024-05-22,2024Q2,ALMENDRAL,510817.8356960655
2024-05-22,2024Q2,ANTARCHILE,6247756.710703974
2024-05-22,2024Q2,IAM,839832.136610922
2024-05-22,2024Q2,INVERCAP,427811.0220769728
2024-05-22,2024Q2,QUINENCO,0.0
2024-05-23,2024Q2,ALMENDRAL,510220.0383459238
2024-05-23,2024Q2,ANTARCHILE,6287089.191483033
2024-05-23,2024Q2,IAM,842939.207885563
2024-05-23,2024Q2,INVERCAP,424952.88588332164
2024-05-23,2024Q2,QUINENCO,0.0
2024-05-24,2024Q2,ALMENDRAL,501817.6644800436
2024-05-24,2024Q2,ANTARCHILE,6289077.55988318
2024-05-24,2024Q2,IAM,849061.0611890639
2024-05-24,2024Q2,INVERCAP,434131.4005233879
2024-05-24,2024Q2,QUINENCO,0.0
2024-05-25,2024Q2,ALMENDRAL,501817.6644800436
2024-05-25,2024Q2,ANTARCHILE,6289077.55988318
2024-05-25,2024Q2,IAM,849061.0611890639
2024-05-25,2024Q2,INVERCAP,434131.4005233879
2024-05-25,2024Q2,QUINENCO,0.0
2024-05-26,2024Q2,ALMENDRAL,501817.6644800436
2024-05-26,2024Q2,ANTARCHILE,6289077.55988318
2024-05-26,2024Q2,IAM,849061.0611890639
2024-05-26,2024Q2,INVERCAP,434131.4005233879
2024-05-26,2024Q2,QUINENCO,0.0
2024-05-27,2024Q2,ALMENDRAL,504972.70605023584
2024-05-27,2024Q2,ANTARCHILE,6401810.974144532
2024-05-27,2024Q2,IAM,849061.0611890639
2024-05-27,2024Q2,INVERCAP,437489.710550928
2024-05-27,2024Q2,QUINENCO,0.0
2024-05-28,2024Q2,ALMENDRAL,502315.82893849496
2024-05-28,2024Q2,ANTARCHILE,6335827.438779214
2024-05-28,2024Q2,IAM,836755.8284182079
2024-05-28,2024Q2,INVERCAP,427746.06443620805
2024-05-28,2024Q2,QUINENCO,0.0
2024-05-29,2024Q2,ALMENDRAL,489861.71747721
2024-05-29,2024Q2,ANTARCHILE,6190564.694459913
2024-05-29,2024Q2,IAM,836755.8284182079
2024-05-29,2024Q2,INVERCAP,419041.7405737248
2024-05-29,2024Q2,QUINENCO,0.0
2024-05-30,2024Q2,ALMENDRAL,492850.7042279184
2024-05-30,2024Q2,ANTARCHILE,6160556.681620199
2024-05-30,2024Q2,IAM,836755.8284182079
2024-05-30,2024Q2,INVERCAP,414040.0022348352
2024-05-30,2024Q2,QUINENCO,0.0
2024-05-31,2024Q2,ALMENDRAL,490691.991574629
2024-05-31,2024Q2,ANTARCHILE,6242305.178893165
2024-05-31,2024Q2,IAM,836755.8284182079
2024-05-31,2024Q2,INVERCAP,401438.219926464
2024-05-31,2024Q2,QUINENCO,0.0
2024-06-01,2024Q2,ALMENDRAL,490691.991574629
2024-06-01,2024Q2,ANTARCHILE,6242305.178893165
2024-06-01,2024Q2,IAM,836755.8284182079
2024-06-01,2024Q2,INVERCAP,401438.219926464
2024-06-01,2024Q2,QUINENCO,0.0
2024-06-02,2024Q2,ALMENDRAL,490691.991574629
2024-06-02,2024Q2,ANTARCHILE,6242305.178893165
2024-06-02,2024Q2,IAM,836755.8284182079
2024-06-02,2024Q2,INVERCAP,401438.219926464
2024-06-02,2024Q2,QUINENCO,0.0
2024-06-03,2024Q2,ALMENDRAL,483833.927529948
2024-06-03,2024Q2,ANTARCHILE,6209324.6964483475
2024-06-03,2024Q2,IAM,836755.8284182079
2024-06-03,2024Q2,INVERCAP,399164.702499696
2024-06-03,2024Q2,QUINENCO,0.0
2024-06-04,2024Q2,ALMENDRAL,485610.7140984247
2024-06-04,2024Q2,ANTARCHILE,6299826.150730707
2024-06-04,2024Q2,IAM,836755.8284182079
2024-06-04,2024Q2,INVERCAP,406310.042983824
2024-06-04,2024Q2,QUINENCO,0.0
2024-06-05,2024Q2,ALMENDRAL,481392.92168353614
2024-06-05,2024Q2,ANTARCHILE,6335174.50890814
2024-06-05,2024Q2,IAM,836755.8284182079
2024-06-05,2024Q2,INVERCAP,407414.3228768256
2024-06-05,2024Q2,QUINENCO,0.0
2024-06-06,2024Q2,ALMENDRAL,488865.3885603072
2024-06-06,2024Q2,ANTARCHILE,6281150.401640584
2024-06-06,2024Q2,IAM,836725.0653362809
2024-06-06,2024Q2,INVERCAP,407998.9416437088
2024-06-06,2024Q2,QUINENCO,0.0
2024-06-07,2024Q2,ALMENDRAL,497334.184353981
2024-06-07,2024Q2,ANTARCHILE,6178387.497241761
2024-06-07,2024Q2,IAM,827526.903840066
2024-06-07,2024Q2,INVERCAP,413812.6504921584
2024-06-07,2024Q2,QUINENCO,0.0
2024-06-08,2024Q2,ALMENDRAL,497334.184353981
2024-06-08,2024Q2,ANTARCHILE,6178387.497241761
2024-06-08,2024Q2,IAM,827526.903840066
2024-06-08,2024Q2,INVERCAP,413812.6504921584
2024-06-08,2024Q2,QUINENCO,0.0
2024-06-09,2024Q2,ALMENDRAL,497334.184353981
2024-06-09,2024Q2,ANTARCHILE,6178387.497241761
2024-06-09,2024Q2,IAM,827526.903840066
2024-06-09,2024Q2,INVERCAP,413812.6504921584
2024-06-09,2024Q2,QUINENCO,0.0
2024-06-10,2024Q2,ALMENDRAL,491024.1012135966
2024-06-10,2024Q2,ANTARCHILE,6149250.733228598
2024-06-10,2024Q2,IAM,818297.9792619239
2024-06-10,2024Q2,INVERCAP,417534.7233079815
2024-06-10,2024Q2,QUINENCO,0.0
2024-06-11,2024Q2,ALMENDRAL,483501.8178909804
2024-06-11,2024Q2,ANTARCHILE,6041994.993791056
2024-06-11,2024Q2,IAM,809069.054683782
2024-06-11,2024Q2,INVERCAP,405985.25478
2024-06-11,2024Q2,QUINENCO,0.0
2024-06-12,2024Q2,ALMENDRAL,484730.6235551606
2024-06-12,2024Q2,ANTARCHILE,5974614.14872899
2024-06-12,2024Q2,IAM,809069.054683782
2024-06-12,2024Q2,INVERCAP,397540.76148057607
2024-06-12,2024Q2,QUINENCO,0.0
2024-06-13,2024Q2,ALMENDRAL,483219.52469785797
2024-06-13,2024Q2,ANTARCHILE,5915011.02243296
2024-06-13,2024Q2,IAM,799840.1301056399
2024-06-13,2024Q2,INVERCAP,397605.71912134084
2024-06-13,2024Q2,QUINENCO,0.0
2024-06-14,2024Q2,ALMENDRAL,485012.9167482831
2024-06-14,2024Q2,ANTARCHILE,6053835.917996096
2024-06-14,2024Q2,IAM,802516.5182333011
2024-06-14,2024Q2,INVERCAP,392993.72662704
2024-06-14,2024Q2,QUINENCO,0.0
2024-06-15,2024Q2,ALMENDRAL,485012.9167482831
2024-06-15,2024Q2,ANTARCHILE,6053835.917996096
2024-06-15,2024Q2,IAM,802516.5182333011
2024-06-15,2024Q2,INVERCAP,392993.72662704
2024-06-15,2024Q2,QUINENCO,0.0
2024-06-16,2024Q2,ALMENDRAL,485012.9167482831
2024-06-16,2024Q2,ANTARCHILE,6053835.917996096
2024-06-16,2024Q2,IAM,802516.5182333011
2024-06-16,2024Q2,INVERCAP,392993.72662704
2024-06-16,2024Q2,QUINENCO,0.0
2024-06-17,2024Q2,ALMENDRAL,484531.35777178
2024-06-17,2024Q2,ANTARCHILE,6040627.022154532
2024-06-17,2024Q2,IAM,799532.4992863686
2024-06-17,2024Q2,INVERCAP,390408.412524601
2024-06-17,2024Q2,QUINENCO,0.0
2024-06-18,2024Q2,ALMENDRAL,481558.97650302
2024-06-18,2024Q2,ANTARCHILE,6110051.150454831
2024-06-18,2024Q2,IAM,799840.1301056399
2024-06-18,2024Q2,INVERCAP,397605.71912134084
2024-06-18,2024Q2,QUINENCO,0.0
2024-06-19,2024Q2,ALMENDRAL,481558.97650302
2024-06-19,2024Q2,ANTARCHILE,6155062.276580073
2024-06-19,2024Q2,IAM,799840.1301056399
2024-06-19,2024Q2,INVERCAP,402737.37274176005
2024-06-19,2024Q2,QUINENCO,0.0
2024-06-20,2024Q2,ALMENDRAL,481558.97650302
2024-06-20,2024Q2,ANTARCHILE,6155062.276580073
2024-06-20,2024Q2,IAM,799840.1301056399
2024-06-20,2024Q2,INVERCAP,402737.37274176005
2024-06-20,2024Q2,QUINENCO,0.0
2024-06-21,2024Q2,ALMENDRAL,472425.96143141104
2024-06-21,2024Q2,ANTARCHILE,6001172.276200385
2024-06-21,2024Q2,IAM,799840.1301056399
2024-06-21,2024Q2,INVERCAP,399424.53306275525
2024-06-21,2024Q2,QUINENCO,0.0
2024-06-22,2024Q2,ALMENDRAL,472425.96143141104
2024-06-22,2024Q2,ANTARCHILE,6001172.276200385
2024-06-22,2024Q2,IAM,799840.1301056399
2024-06-22,2024Q2,INVERCAP,399424.53306275525
2024-06-22,2024Q2,QUINENCO,0.0
2024-06-23,2024Q2,ALMENDRAL,472425.96143141104
2024-06-23,2024Q2,ANTARCHILE,6001172.276200385
2024-06-23,2024Q2,IAM,799840.1301056399
2024-06-23,2024Q2,INVERCAP,399424.53306275525
2024-06-23,2024Q2,QUINENCO,0.0
2024-06-24,2024Q2,ALMENDRAL,470997.88998385036
2024-06-24,2024Q2,ANTARCHILE,5989941.665763852
2024-06-24,2024Q2,IAM,799747.8408598587
2024-06-24,2024Q2,INVERCAP,386179.6701108125
2024-06-24,2024Q2,QUINENCO,0.0
2024-06-25,2024Q2,ALMENDRAL,463292.946359802
2024-06-25,2024Q2,ANTARCHILE,5912675.302317701
2024-06-25,2024Q2,IAM,796763.8219129259
2024-06-25,2024Q2,INVERCAP,376104.740028192
2024-06-25,2024Q2,QUINENCO,0.0
2024-06-26,2024Q2,ALMENDRAL,464953.49455463997
2024-06-26,2024Q2,ANTARCHILE,5953272.315151563
2024-06-26,2024Q2,IAM,799594.0254502229
2024-06-26,2024Q2,INVERCAP,381950.927697024
2024-06-26,2024Q2,QUINENCO,0.0
2024-06-27,2024Q2,ALMENDRAL,465617.71383257513
2024-06-27,2024Q2,ANTARCHILE,5927399.891385389
2024-06-27,2024Q2,IAM,795656.3509635489
2024-06-27,2024Q2,INVERCAP,382600.50410467206
2024-06-27,2024Q2,QUINENCO,0.0
2024-06-28,2024Q2,ALMENDRAL,462794.7819013506
2024-06-28,2024Q2,ANTARCHILE,5952412.935588788
2024-06-28,2024Q2,IAM,790611.205527498
2024-06-28,2024Q2,INVERCAP,383925.63997627393
2024-06-28,2024Q2,QUINENCO,0.0
2024-06-29,2024Q2,ALMENDRAL,462794.7819013506
2024-06-29,2024Q2,ANTARCHILE,5952412.935588788
2024-06-29,2024Q2,IAM,790611.205527498
2024-06-29,2024Q2,INVERCAP,383925.63997627393
2024-06-29,2024Q2,QUINENCO,0.0
2024-06-30,2024Q2,ALMENDRAL,462794.7819013506
2024-06-30,2024Q2,ANTARCHILE,5952412.935588788
2024-06-30,2024Q2,IAM,790611.205527498
2024-06-30,2024Q2,INVERCAP,383925.63997627393
2024-06-30,2024Q2,QUINENCO,0.0
2024-07-01,2024Q3,ALMENDRAL,461466.3433454802
2024-07-01,2024Q3,ANTARCHILE,5784270.162371957
2024-07-01,2024Q3,IAM,793687.513720212
2024-07-01,2024Q3,INVERCAP,393058.68426780484
2024-07-01,2024Q3,QUINENCO,0.0
2024-07-02,2024Q3,ALMENDRAL,451669.108995936
2024-07-02,2024Q3,ANTARCHILE,5788865.148577176
2024-07-02,2024Q3,IAM,784489.3522239971
2024-07-02,2024Q3,INVERCAP,389960.2048033239
2024-07-02,2024Q3,QUINENCO,0.0
2024-07-03,2024Q3,ALMENDRAL,460569.6473202676
2024-07-03,2024Q3,ANTARCHILE,5928242.420368502
2024-07-03,2024Q3,IAM,787596.4234986382
2024-07-03,2024Q3,INVERCAP,398060.4226066944
2024-07-03,2024Q3,QUINENCO,0.0
2024-07-04,2024Q3,ALMENDRAL,461981.11328587995
2024-07-04,2024Q3,ANTARCHILE,5875676.257531798
2024-07-04,2024Q3,IAM,789073.051431141
2024-07-04,2024Q3,INVERCAP,405920.29713923525
2024-07-04,2024Q3,QUINENCO,0.0
2024-07-05,2024Q3,ALMENDRAL,458029.0085821656
2024-07-05,2024Q3,ANTARCHILE,5957670.3164434135
2024-07-05,2024Q3,IAM,795410.2463081318
2024-07-05,2024Q3,INVERCAP,397865.54968440003
2024-07-05,2024Q3,QUINENCO,0.0
2024-07-06,2024Q3,ALMENDRAL,458029.0085821656
2024-07-06,2024Q3,ANTARCHILE,5957670.3164434135
2024-07-06,2024Q3,IAM,795410.2463081318
2024-07-06,2024Q3,INVERCAP,397865.54968440003
2024-07-06,2024Q3,QUINENCO,0.0
2024-07-07,2024Q3,ALMENDRAL,458029.0085821656
2024-07-07,2024Q3,ANTARCHILE,5957670.3164434135
2024-07-07,2024Q3,IAM,795410.2463081318
2024-07-07,2024Q3,INVERCAP,397865.54968440003
2024-07-07,2024Q3,QUINENCO,0.0
2024-07-08,2024Q3,ALMENDRAL,463259.7353959052
2024-07-08,2024Q3,ANTARCHILE,5895247.234702719
2024-07-08,2024Q3,IAM,797132.9788960516
2024-07-08,2024Q3,INVERCAP,398645.04137357767
2024-07-08,2024Q3,QUINENCO,0.0
2024-07-09,2024Q3,ALMENDRAL,456650.75358045
2024-07-09,2024Q3,ANTARCHILE,5757503.730558501
2024-07-09,2024Q3,IAM,799840.1301056399
2024-07-09,2024Q3,INVERCAP,395592.032257632
2024-07-09,2024Q3,QUINENCO,0.0
2024-07-10,2024Q3,ALMENDRAL,453246.6297810321
2024-07-10,2024Q3,ANTARCHILE,5724633.146171554
2024-07-10,2024Q3,IAM,809069.054683782
2024-07-10,2024Q3,INVERCAP,389486.0140257408
2024-07-10,2024Q3,QUINENCO,0.0
2024-07-11,2024Q3,ALMENDRAL,458643.4114142556
2024-07-11,2024Q3,ANTARCHILE,5718254.76409762
2024-07-11,2024Q3,IAM,832602.8123580441
2024-07-11,2024Q3,INVERCAP,389486.0140257408
2024-07-11,2024Q3,QUINENCO,0.0
2024-07-12,2024Q3,ALMENDRAL,466447.9879299942
2024-07-12,2024Q3,ANTARCHILE,5645019.382091415
2024-07-12,2024Q3,IAM,836755.8284182079
2024-07-12,2024Q3,INVERCAP,382015.88533778884
2024-07-12,2024Q3,QUINENCO,0.0
2024-07-13,2024Q3,ALMENDRAL,466447.9879299942
2024-07-13,2024Q3,ANTARCHILE,5645019.382091415
2024-07-13,2024Q3,IAM,836755.8284182079
2024-07-13,2024Q3,INVERCAP,382015.88533778884
2024-07-13,2024Q3,QUINENCO,0.0
2024-07-14,2024Q3,ALMENDRAL,466447.9879299942
2024-07-14,2024Q3,ANTARCHILE,5645019.382091415
2024-07-14,2024Q3,IAM,836755.8284182079
2024-07-14,2024Q3,INVERCAP,382015.88533778884
2024-07-14,2024Q3,QUINENCO,0.0
2024-07-15,2024Q3,ALMENDRAL,472010.8243827015
2024-07-15,2024Q3,ANTARCHILE,5758985.842988647
2024-07-15,2024Q3,IAM,836786.5915001351
2024-07-15,2024Q3,INVERCAP,385621.0344002352
2024-07-15,2024Q3,QUINENCO,0.0
2024-07-16,2024Q3,ALMENDRAL,472010.8243827015
2024-07-16,2024Q3,ANTARCHILE,5758985.842988647
2024-07-16,2024Q3,IAM,836786.5915001351
2024-07-16,2024Q3,INVERCAP,385621.0344002352
2024-07-16,2024Q3,QUINENCO,0.0
2024-07-17,2024Q3,ALMENDRAL,469935.139139154
2024-07-17,2024Q3,ANTARCHILE,5756104.393866399
2024-07-17,2024Q3,IAM,838355.5086784193
2024-07-17,2024Q3,INVERCAP,379995.70271000353
2024-07-17,2024Q3,QUINENCO,0.0
2024-07-18,2024Q3,ALMENDRAL,468606.7005832836
2024-07-18,2024Q3,ANTARCHILE,5692786.7542433385
2024-07-18,2024Q3,IAM,845984.7529963499
2024-07-18,2024Q3,INVERCAP,376689.3587950752
2024-07-18,2024Q3,QUINENCO,0.0
2024-07-19,2024Q3,ALMENDRAL,464289.27527670475
2024-07-19,2024Q3,ANTARCHILE,5642187.746128022
2024-07-19,2024Q3,IAM,849368.6920083355
2024-07-19,2024Q3,INVERCAP,378923.9016373843
2024-07-19,2024Q3,QUINENCO,0.0
2024-07-20,2024Q3,ALMENDRAL,464289.27527670475
2024-07-20,2024Q3,ANTARCHILE,5642187.746128022
2024-07-20,2024Q3,IAM,849368.6920083355
2024-07-20,2024Q3,INVERCAP,378923.9016373843
2024-07-20,2024Q3,QUINENCO,0.0
2024-07-21,2024Q3,ALMENDRAL,464289.27527670475
2024-07-21,2024Q3,ANTARCHILE,5642187.746128022
2024-07-21,2024Q3,IAM,849368.6920083355
2024-07-21,2024Q3,INVERCAP,378923.9016373843
2024-07-21,2024Q3,QUINENCO,0.0
2024-07-22,2024Q3,ALMENDRAL,461466.3433454802
2024-07-22,2024Q3,ANTARCHILE,5782278.6509062275
2024-07-22,2024Q3,IAM,852137.369381778
2024-07-22,2024Q3,INVERCAP,373506.4343976
2024-07-22,2024Q3,QUINENCO,0.0
2024-07-23,2024Q3,ALMENDRAL,456650.75358045
2024-07-23,2024Q3,ANTARCHILE,5723078.4613618255
2024-07-23,2024Q3,IAM,852106.6062998509
2024-07-23,2024Q3,INVERCAP,362463.635467584
2024-07-23,2024Q3,QUINENCO,0.0
2024-07-24,2024Q3,ALMENDRAL,455886.9014108245
2024-07-24,2024Q3,ANTARCHILE,5607767.7673556255
2024-07-24,2024Q3,IAM,852137.369381778
2024-07-24,2024Q3,INVERCAP,357267.02420640003
2024-07-24,2024Q3,QUINENCO,0.0
2024-07-25,2024Q3,ALMENDRAL,450639.56911513646
2024-07-25,2024Q3,ANTARCHILE,5502671.2382186
2024-07-25,2024Q3,IAM,850599.215285421
2024-07-25,2024Q3,INVERCAP,344275.49605344003
2024-07-25,2024Q3,QUINENCO,0.0
2024-07-26,2024Q3,ALMENDRAL,450739.2020068267
2024-07-26,2024Q3,ANTARCHILE,5437501.511992956
2024-07-26,2024Q3,IAM,849891.6644010966
2024-07-26,2024Q3,INVERCAP,355422.2272086797
2024-07-26,2024Q3,QUINENCO,0.0
2024-07-27,2024Q3,ALMENDRAL,450739.2020068267
2024-07-27,2024Q3,ANTARCHILE,5437501.511992956
2024-07-27,2024Q3,IAM,849891.6644010966
2024-07-27,2024Q3,INVERCAP,355422.2272086797
2024-07-27,2024Q3,QUINENCO,0.0
2024-07-28,2024Q3,ALMENDRAL,450739.2020068267
2024-07-28,2024Q3,ANTARCHILE,5437501.511992956
2024-07-28,2024Q3,IAM,849891.6644010966
2024-07-28,2024Q3,INVERCAP,355422.2272086797
2024-07-28,2024Q3,QUINENCO,0.0
2024-07-29,2024Q3,ALMENDRAL,448348.01260626
2024-07-29,2024Q3,ANTARCHILE,5518378.880802714
2024-07-29,2024Q3,IAM,853675.5234781349
2024-07-29,2024Q3,INVERCAP,357202.0665656352
2024-07-29,2024Q3,QUINENCO,0.0
2024-07-30,2024Q3,ALMENDRAL,440775.9128377987
2024-07-30,2024Q3,ANTARCHILE,5564692.980731279
2024-07-30,2024Q3,IAM,853675.5234781349
2024-07-30,2024Q3,INVERCAP,344275.49605344003
2024-07-30,2024Q3,QUINENCO,0.0
2024-07-31,2024Q3,ALMENDRAL,439812.79488479265
2024-07-31,2024Q3,ANTARCHILE,5406635.408005686
2024-07-31,2024Q3,IAM,861058.6631406485
2024-07-31,2024Q3,INVERCAP,344925.072461088
2024-07-31,2024Q3,QUINENCO,0.0
2024-08-01,2024Q3,ALMENDRAL,436441.88204927155
2024-08-01,2024Q3,ANTARCHILE,5319335.563859156
2024-08-01,2024Q3,IAM,856751.831670849
2024-08-01,2024Q3,INVERCAP,341027.6140152
2024-08-01,2024Q3,QUINENCO,0.0
2024-08-02,2024Q3,ALMENDRAL,429251.708365623
2024-08-02,2024Q3,ANTARCHILE,5193737.0329340305
2024-08-02,2024Q3,IAM,852106.6062998509
2024-08-02,2024Q3,INVERCAP,337584.85905466566
2024-08-02,2024Q3,QUINENCO,0.0
2024-08-03,2024Q3,ALMENDRAL,429251.708365623
2024-08-03,2024Q3,ANTARCHILE,5193737.0329340305
2024-08-03,2024Q3,IAM,852106.6062998509
2024-08-03,2024Q3,INVERCAP,337584.85905466566
2024-08-03,2024Q3,QUINENCO,0.0
2024-08-04,2024Q3,ALMENDRAL,429251.708365623
2024-08-04,2024Q3,ANTARCHILE,5193737.0329340305
2024-08-04,2024Q3,IAM,852106.6062998509
2024-08-04,2024Q3,INVERCAP,337584.85905466566
2024-08-04,2024Q3,QUINENCO,0.0
2024-08-05,2024Q3,ALMENDRAL,416897.2297960283
2024-08-05,2024Q3,ANTARCHILE,4951186.413827576
2024-08-05,2024Q3,IAM,824450.595647352
2024-08-05,2024Q3,INVERCAP,333602.9556757834
2024-08-05,2024Q3,QUINENCO,0.0
2024-08-06,2024Q3,ALMENDRAL,436657.75331460044
2024-08-06,2024Q3,ANTARCHILE,5096384.641767059
2024-08-06,2024Q3,IAM,838293.982514565
2024-08-06,2024Q3,INVERCAP,338513.75331760227
2024-08-06,2024Q3,QUINENCO,0.0
2024-08-07,2024Q3,ALMENDRAL,445026.916216584
2024-08-07,2024Q3,ANTARCHILE,4941111.966529886
2024-08-07,2024Q3,IAM,836755.8284182079
2024-08-07,2024Q3,INVERCAP,354967.5237233261
2024-08-07,2024Q3,QUINENCO,0.0
2024-08-08,2024Q3,ALMENDRAL,455006.8108675603
2024-08-08,2024Q3,ANTARCHILE,5037773.483930703
2024-08-08,2024Q3,IAM,825527.3035148019
2024-08-08,2024Q3,INVERCAP,351420.836537568
2024-08-08,2024Q3,QUINENCO,0.0
2024-08-09,2024Q3,ALMENDRAL,464953.49455463997
2024-08-09,2024Q3,ANTARCHILE,5063223.166045055
2024-08-09,2024Q3,IAM,821681.9182739095
2024-08-09,2024Q3,INVERCAP,346159.2676356192
2024-08-09,2024Q3,QUINENCO,0.0
2024-08-10,2024Q3,ALMENDRAL,464953.49455463997
2024-08-10,2024Q3,ANTARCHILE,5063223.166045055
2024-08-10,2024Q3,IAM,821681.9182739095
2024-08-10,2024Q3,INVERCAP,346159.2676356192
2024-08-10,2024Q3,QUINENCO,0.0
2024-08-11,2024Q3,ALMENDRAL,464953.49455463997
2024-08-11,2024Q3,ANTARCHILE,5063223.166045055
2024-08-11,2024Q3,IAM,821681.9182739095
2024-08-11,2024Q3,INVERCAP,346159.2676356192
2024-08-11,2024Q3,QUINENCO,0.0
2024-08-12,2024Q3,ALMENDRAL,456650.75358045
2024-08-12,2024Q3,ANTARCHILE,5046965.912808236
2024-08-12,2024Q3,IAM,821374.287454638
2024-08-12,2024Q3,INVERCAP,339988.2917629632
2024-08-12,2024Q3,QUINENCO,0.0
2024-08-13,2024Q3,ALMENDRAL,450174.6156205818
2024-08-13,2024Q3,ANTARCHILE,5075656.076278674
2024-08-13,2024Q3,IAM,834910.0435025796
2024-08-13,2024Q3,INVERCAP,339598.5459183744
2024-08-13,2024Q3,QUINENCO,0.0
2024-08-14,2024Q3,ALMENDRAL,464123.220457221
2024-08-14,2024Q3,ANTARCHILE,5098069.699733286
2024-08-14,2024Q3,IAM,833679.5202254939
2024-08-14,2024Q3,INVERCAP,342437.1948197962
2024-08-14,2024Q3,QUINENCO,0.0
2024-08-15,2024Q3,ALMENDRAL,464123.220457221
2024-08-15,2024Q3,ANTARCHILE,5098069.699733286
2024-08-15,2024Q3,IAM,833679.5202254939
2024-08-15,2024Q3,INVERCAP,342437.1948197962
2024-08-15,2024Q3,QUINENCO,0.0
2024-08-16,2024Q3,ALMENDRAL,459938.63900622923
2024-08-16,2024Q3,ANTARCHILE,5163627.2983995555
2024-08-16,2024Q3,IAM,821374.287454638
2024-08-16,2024Q3,INVERCAP,350056.7260815072
2024-08-16,2024Q3,QUINENCO,0.0
2024-08-17,2024Q3,ALMENDRAL,459938.63900622923
2024-08-17,2024Q3,ANTARCHILE,5163627.2983995555
2024-08-17,2024Q3,IAM,821374.287454638
2024-08-17,2024Q3,INVERCAP,350056.7260815072
2024-08-17,2024Q3,QUINENCO,0.0
2024-08-18,2024Q3,ALMENDRAL,459938.63900622923
2024-08-18,2024Q3,ANTARCHILE,5163627.2983995555
2024-08-18,2024Q3,IAM,821374.287454638
2024-08-18,2024Q3,INVERCAP,350056.7260815072
2024-08-18,2024Q3,QUINENCO,0.0
2024-08-19,2024Q3,ALMENDRAL,467460.92232884536
2024-08-19,2024Q3,ANTARCHILE,5213738.069176406
2024-08-19,2024Q3,IAM,837278.8008109694
2024-08-19,2024Q3,INVERCAP,356292.659594928
2024-08-19,2024Q3,QUINENCO,0.0
2024-08-20,2024Q3,ALMENDRAL,466846.5194967553
2024-08-20,2024Q3,ANTARCHILE,5269346.130932213
2024-08-20,2024Q3,IAM,838663.1394976906
2024-08-20,2024Q3,INVERCAP,362008.93198223045
2024-08-20,2024Q3,QUINENCO,0.0
2024-08-21,2024Q3,ALMENDRAL,472143.66823828855
2024-08-21,2024Q3,ANTARCHILE,5140857.287923243
2024-08-21,2024Q3,IAM,852137.369381778
2024-08-21,2024Q3,INVERCAP,376747.8206717635
2024-08-21,2024Q3,QUINENCO,0.0
2024-08-22,2024Q3,ALMENDRAL,468888.99377640605
2024-08-22,2024Q3,ANTARCHILE,5054719.395193275
2024-08-22,2024Q3,IAM,853060.2618395922
2024-08-22,2024Q3,INVERCAP,373376.5191160704
2024-08-22,2024Q3,QUINENCO,0.0
2024-08-23,2024Q3,ALMENDRAL,469752.4788377218
2024-08-23,2024Q3,ANTARCHILE,4998407.3019923195
2024-08-23,2024Q3,IAM,858597.6165864774
2024-08-23,2024Q3,INVERCAP,370258.55235936
2024-08-23,2024Q3,QUINENCO,0.0
2024-08-24,2024Q3,ALMENDRAL,469752.4788377218
2024-08-24,2024Q3,ANTARCHILE,4998407.3019923195
2024-08-24,2024Q3,IAM,858597.6165864774
2024-08-24,2024Q3,INVERCAP,370258.55235936
2024-08-24,2024Q3,QUINENCO,0.0
2024-08-25,2024Q3,ALMENDRAL,469752.4788377218
2024-08-25,2024Q3,ANTARCHILE,4998407.3019923195
2024-08-25,2024Q3,IAM,858597.6165864774
2024-08-25,2024Q3,INVERCAP,370258.55235936
2024-08-25,2024Q3,QUINENCO,0.0
2024-08-26,2024Q3,ALMENDRAL,468274.590944316
2024-08-26,2024Q3,ANTARCHILE,4942728.145017196
2024-08-26,2024Q3,IAM,855521.3083937634
2024-08-26,2024Q3,INVERCAP,375000.4601351904
2024-08-26,2024Q3,QUINENCO,0.0
2024-08-27,2024Q3,ALMENDRAL,465003.31100048515
2024-08-27,2024Q3,ANTARCHILE,4882530.69658884
2024-08-27,2024Q3,IAM,851983.5539721423
2024-08-27,2024Q3,INVERCAP,373519.42592575296
2024-08-27,2024Q3,QUINENCO,0.0
2024-08-28,2024Q3,ALMENDRAL,465601.10835062683
2024-08-28,2024Q3,ANTARCHILE,4925950.739551246
2024-08-28,2024Q3,IAM,840139.7674301934
2024-08-28,2024Q3,INVERCAP,369349.1453886528
2024-08-28,2024Q3,QUINENCO,0.0
2024-08-29,2024Q3,ALMENDRAL,468108.5361248322
2024-08-29,2024Q3,ANTARCHILE,4994342.619393048
2024-08-29,2024Q3,IAM,839370.690382015
2024-08-29,2024Q3,INVERCAP,368634.61134024005
2024-08-29,2024Q3,QUINENCO,0.0
2024-08-30,2024Q3,ALMENDRAL,464953.49455463997
2024-08-30,2024Q3,ANTARCHILE,4951804.526469099
2024-08-30,2024Q3,IAM,852137.369381778
2024-08-30,2024Q3,INVERCAP,363762.78828288004
2024-08-30,2024Q3,QUINENCO,0.0
2024-08-31,2024Q3,ALMENDRAL,464953.49455463997
2024-08-31,2024Q3,ANTARCHILE,4951804.526469099
2024-08-31,2024Q3,IAM,852137.369381778
2024-08-31,2024Q3,INVERCAP,363762.78828288004
2024-08-31,2024Q3,QUINENCO,0.0
2024-09-01,2024Q3,ALMENDRAL,464953.49455463997
2024-09-01,2024Q3,ANTARCHILE,4951804.526469099
2024-09-01,2024Q3,IAM,852137.369381778
2024-09-01,2024Q3,INVERCAP,363762.78828288004
2024-09-01,2024Q3,QUINENCO,0.0
2024-09-02,2024Q3,ALMENDRAL,468091.9306428838
2024-09-02,2024Q3,ANTARCHILE,4960137.146312116
2024-09-02,2024Q3,IAM,851214.4769239636
2024-09-02,2024Q3,INVERCAP,355701.5450639683
2024-09-02,2024Q3,QUINENCO,0.0
2024-09-03,2024Q3,ALMENDRAL,469835.5062474637
2024-09-03,2024Q3,ANTARCHILE,4871834.323385615
2024-09-03,2024Q3,IAM,830633.9751147071
2024-09-03,2024Q3,INVERCAP,345431.74205905345
2024-09-03,2024Q3,QUINENCO,0.0
2024-09-04,2024Q3,ALMENDRAL,469935.139139154
2024-09-04,2024Q3,ANTARCHILE,4864961.434242111
2024-09-04,2024Q3,IAM,842908.444803636
2024-09-04,2024Q3,INVERCAP,338136.99900116643
2024-09-04,2024Q3,QUINENCO,0.0
2024-09-05,2024Q3,ALMENDRAL,481558.97650302
2024-09-05,2024Q3,ANTARCHILE,4825442.1199265
2024-09-05,2024Q3,IAM,836202.0929435194
2024-09-05,2024Q3,INVERCAP,338104.52018078405
2024-09-05,2024Q3,QUINENCO,0.0
2024-09-06,2024Q3,ALMENDRAL,478022.008848015
2024-09-06,2024Q3,ANTARCHILE,4758637.887473618
2024-09-06,2024Q3,IAM,836140.5667796652
2024-09-06,2024Q3,INVERCAP,336811.8631295645
2024-09-06,2024Q3,QUINENCO,0.0
2024-09-07,2024Q3,ALMENDRAL,478022.008848015
2024-09-07,2024Q3,ANTARCHILE,4758637.887473618
2024-09-07,2024Q3,IAM,836140.5667796652
2024-09-07,2024Q3,INVERCAP,336811.8631295645
2024-09-07,2024Q3,QUINENCO,0.0
2024-09-08,2024Q3,ALMENDRAL,478022.008848015
2024-09-08,2024Q3,ANTARCHILE,4758637.887473618
2024-09-08,2024Q3,IAM,836140.5667796652
2024-09-08,2024Q3,INVERCAP,336811.8631295645
2024-09-08,2024Q3,QUINENCO,0.0
2024-09-09,2024Q3,ALMENDRAL,476560.72643655766
2024-09-09,2024Q3,ANTARCHILE,4755782.753709362
2024-09-09,2024Q3,IAM,833648.7571435669
2024-09-09,2024Q3,INVERCAP,338240.9312263901
2024-09-09,2024Q3,QUINENCO,0.0
2024-09-10,2024Q3,ALMENDRAL,467211.84009961964
2024-09-10,2024Q3,ANTARCHILE,4803497.358381898
2024-09-10,2024Q3,IAM,817528.9022137454
2024-09-10,2024Q3,INVERCAP,332128.41723042243
2024-09-10,2024Q3,QUINENCO,0.0
2024-09-11,2024Q3,ALMENDRAL,484880.07289269596
2024-09-11,2024Q3,ANTARCHILE,4917430.118119804
2024-09-11,2024Q3,IAM,819836.1333582809
2024-09-11,2024Q3,INVERCAP,339078.884792256
2024-09-11,2024Q3,QUINENCO,0.0
2024-09-12,2024Q3,ALMENDRAL,499825.00664623803
2024-09-12,2024Q3,ANTARCHILE,4933533.5003992645
2024-09-12,2024Q3,IAM,836232.8560254466
2024-09-12,2024Q3,INVERCAP,344275.49605344003
2024-09-12,2024Q3,QUINENCO,0.0
2024-09-13,2024Q3,ALMENDRAL,503860.13875969435
2024-09-13,2024Q3,ANTARCHILE,4924308.847522674
2024-09-13,2024Q3,IAM,849061.0611890639
2024-09-13,2024Q3,INVERCAP,337779.73197696
2024-09-13,2024Q3,QUINENCO,0.0
2024-09-14,2024Q3,ALMENDRAL,503860.13875969435
2024-09-14,2024Q3,ANTARCHILE,4924308.847522674
2024-09-14,2024Q3,IAM,849061.0611890639
2024-09-14,2024Q3,INVERCAP,337779.73197696
2024-09-14,2024Q3,QUINENCO,0.0
2024-09-15,2024Q3,ALMENDRAL,503860.13875969435
2024-09-15,2024Q3,ANTARCHILE,4924308.847522674
2024-09-15,2024Q3,IAM,849061.0611890639
2024-09-15,2024Q3,INVERCAP,337779.73197696
2024-09-15,2024Q3,QUINENCO,0.0
2024-09-16,2024Q3,ALMENDRAL,506317.75008805457
2024-09-16,2024Q3,ANTARCHILE,4885953.700364026
2024-09-16,2024Q3,IAM,845953.9899144229
2024-09-16,2024Q3,INVERCAP,337454.943773136
2024-09-16,2024Q3,QUINENCO,0.0
2024-09-17,2024Q3,ALMENDRAL,506467.19942559
2024-09-17,2024Q3,ANTARCHILE,4863501.274070858
2024-09-17,2024Q3,IAM,858289.9857672061
2024-09-17,2024Q3,INVERCAP,331089.0949781856
2024-09-17,2024Q3,QUINENCO,0.0
2024-09-18,2024Q3,ALMENDRAL,506467.19942559
2024-09-18,2024Q3,ANTARCHILE,4863501.274070858
2024-09-18,2024Q3,IAM,858289.9857672061
2024-09-18,2024Q3,INVERCAP,331089.0949781856
2024-09-18,2024Q3,QUINENCO,0.0
2024-09-19,2024Q3,ALMENDRAL,506467.19942559
2024-09-19,2024Q3,ANTARCHILE,4863501.274070858
2024-09-19,2024Q3,IAM,858289.9857672061
2024-09-19,2024Q3,INVERCAP,331089.0949781856
2024-09-19,2024Q3,QUINENCO,0.0
2024-09-20,2024Q3,ALMENDRAL,506467.19942559
2024-09-20,2024Q3,ANTARCHILE,4863501.274070858
2024-09-20,2024Q3,IAM,858289.9857672061
2024-09-20,2024Q3,INVERCAP,331089.0949781856
2024-09-20,2024Q3,QUINENCO,0.0
2024-09-21,2024Q3,ALMENDRAL,506467.19942559
2024-09-21,2024Q3,ANTARCHILE,4863501.274070858
2024-09-21,2024Q3,IAM,858289.9857672061
2024-09-21,2024Q3,INVERCAP,331089.0949781856
2024-09-21,2024Q3,QUINENCO,0.0
2024-09-22,2024Q3,ALMENDRAL,506467.19942559
2024-09-22,2024Q3,ANTARCHILE,4863501.274070858
2024-09-22,2024Q3,IAM,858289.9857672061
2024-09-22,2024Q3,INVERCAP,331089.0949781856
2024-09-22,2024Q3,QUINENCO,0.0
2024-09-23,2024Q3,ALMENDRAL,519419.47534532635
2024-09-23,2024Q3,ANTARCHILE,5033755.660169751
2024-09-23,2024Q3,IAM,861366.29395992
2024-09-23,2024Q3,INVERCAP,328620.7046291232
2024-09-23,2024Q3,QUINENCO,0.0
2024-09-24,2024Q3,ALMENDRAL,524733.229568808
2024-09-24,2024Q3,ANTARCHILE,5199686.7647150755
2024-09-24,2024Q3,IAM,839832.136610922
2024-09-24,2024Q3,INVERCAP,357916.600614048
2024-09-24,2024Q3,QUINENCO,0.0
2024-09-25,2024Q3,ALMENDRAL,513657.3731092385
2024-09-25,2024Q3,ANTARCHILE,5153808.873225725
2024-09-25,2024Q3,IAM,840785.7921506633
2024-09-25,2024Q3,INVERCAP,367653.7509646915
2024-09-25,2024Q3,QUINENCO,0.0
2024-09-26,2024Q3,ALMENDRAL,507131.41870352515
2024-09-26,2024Q3,ANTARCHILE,5194543.645017419
2024-09-26,2024Q3,IAM,838755.428743472
2024-09-26,2024Q3,INVERCAP,389680.8869480352
2024-09-26,2024Q3,QUINENCO,0.0
2024-09-27,2024Q3,ALMENDRAL,510220.0383459238
2024-09-27,2024Q3,ANTARCHILE,5080779.391076135
2024-09-27,2024Q3,IAM,849061.0611890639
2024-09-27,2024Q3,INVERCAP,389745.84458880004
2024-09-27,2024Q3,QUINENCO,0.0
2024-09-28,2024Q3,ALMENDRAL,510220.0383459238
2024-09-28,2024Q3,ANTARCHILE,5080779.391076135
2024-09-28,2024Q3,IAM,849061.0611890639
2024-09-28,2024Q3,INVERCAP,389745.84458880004
2024-09-28,2024Q3,QUINENCO,0.0
2024-09-29,2024Q3,ALMENDRAL,510220.0383459238
2024-09-29,2024Q3,ANTARCHILE,5080779.391076135
2024-09-29,2024Q3,IAM,849061.0611890639
2024-09-29,2024Q3,INVERCAP,389745.84458880004
2024-09-29,2024Q3,QUINENCO,0.0
2024-09-30,2024Q3,ALMENDRAL,522906.62655448617
2024-09-30,2024Q3,ANTARCHILE,4977389.322329143
2024-09-30,2024Q3,IAM,855213.6775744921
2024-09-30,2024Q3,INVERCAP,391694.573811744
2024-09-30,2024Q3,QUINENCO,0.0
2024-10-01,2024Q4,ALMENDRAL,514935.9952192638
2024-10-01,2024Q4,ANTARCHILE,4995437.907071095
2024-10-01,2024Q4,IAM,855213.6775744921
2024-10-01,2024Q4,INVERCAP,389096.268181152
2024-10-01,2024Q4,QUINENCO,0.0
2024-10-02,2024Q4,ALMENDRAL,503677.4784582621
2024-10-02,2024Q4,ANTARCHILE,4950733.286427
2024-10-02,2024Q4,IAM,849983.9536468782
2024-10-02,2024Q4,INVERCAP,388381.7341327392
2024-10-02,2024Q4,QUINENCO,0.0
2024-10-03,2024Q4,ALMENDRAL,499592.5298989606
2024-10-03,2024Q4,ANTARCHILE,4957794.177158928
2024-10-03,2024Q4,IAM,840908.8444783719
2024-10-03,2024Q4,INVERCAP,383250.08051232004
2024-10-03,2024Q4,QUINENCO,0.0
2024-10-04,2024Q4,ALMENDRAL,503677.4784582621
2024-10-04,2024Q4,ANTARCHILE,5087021.491352505
2024-10-04,2024Q4,IAM,833710.2833074211
2024-10-04,2024Q4,INVERCAP,386497.96255056
2024-10-04,2024Q4,QUINENCO,0.0
2024-10-05,2024Q4,ALMENDRAL,503677.4784582621
2024-10-05,2024Q4,ANTARCHILE,5087021.491352505
2024-10-05,2024Q4,IAM,833710.2833074211
2024-10-05,2024Q4,INVERCAP,386497.96255056
2024-10-05,2024Q4,QUINENCO,0.0
2024-10-06,2024Q4,ALMENDRAL,503677.4784582621
2024-10-06,2024Q4,ANTARCHILE,5087021.491352505
2024-10-06,2024Q4,IAM,833710.2833074211
2024-10-06,2024Q4,INVERCAP,386497.96255056
2024-10-06,2024Q4,QUINENCO,0.0
2024-10-07,2024Q4,ALMENDRAL,507297.473523009
2024-10-07,2024Q4,ANTARCHILE,5179889.412588915
2024-10-07,2024Q4,IAM,830603.2120327799
2024-10-07,2024Q4,INVERCAP,397540.76148057607
2024-10-07,2024Q4,QUINENCO,0.0
2024-10-08,2024Q4,ALMENDRAL,498994.732548819
2024-10-08,2024Q4,ANTARCHILE,5178777.2743312055
2024-10-08,2024Q4,IAM,833371.8894062225
2024-10-08,2024Q4,INVERCAP,389745.84458880004
2024-10-08,2024Q4,QUINENCO,0.0
2024-10-09,2024Q4,ALMENDRAL,499808.4011642896
2024-10-09,2024Q4,ANTARCHILE,5166886.536967311
2024-10-09,2024Q4,IAM,829680.3195749657
2024-10-09,2024Q4,INVERCAP,396046.7357429856
2024-10-09,2024Q4,QUINENCO,0.0
2024-10-10,2024Q4,ALMENDRAL,498164.4584513999
2024-10-10,2024Q4,ANTARCHILE,5073474.724974218
2024-10-10,2024Q4,IAM,827834.5346593374
2024-10-10,2024Q4,INVERCAP,394942.455849984
2024-10-10,2024Q4,QUINENCO,0.0
2024-10-11,2024Q4,ALMENDRAL,495524.1868216075
2024-10-11,2024Q4,ANTARCHILE,5153039.655202328
2024-10-11,2024Q4,IAM,823343.1246979749
2024-10-11,2024Q4,INVERCAP,396170.1552604387
2024-10-11,2024Q4,QUINENCO,0.0
2024-10-12,2024Q4,ALMENDRAL,495524.1868216075
2024-10-12,2024Q4,ANTARCHILE,5153039.655202328
2024-10-12,2024Q4,IAM,823343.1246979749
2024-10-12,2024Q4,INVERCAP,396170.1552604387
2024-10-12,2024Q4,QUINENCO,0.0
2024-10-13,2024Q4,ALMENDRAL,495524.1868216075
2024-10-13,2024Q4,ANTARCHILE,5153039.655202328
2024-10-13,2024Q4,IAM,823343.1246979749
2024-10-13,2024Q4,INVERCAP,396170.1552604387
2024-10-13,2024Q4,QUINENCO,0.0
2024-10-14,2024Q4,ALMENDRAL,503278.9468915011
2024-10-14,2024Q4,ANTARCHILE,5198524.813298513
2024-10-14,2024Q4,IAM,829372.6887556945
2024-10-14,2024Q4,INVERCAP,395592.032257632
2024-10-14,2024Q4,QUINENCO,0.0
2024-10-15,2024Q4,ALMENDRAL,498330.51327088376
2024-10-15,2024Q4,ANTARCHILE,5228867.810736121
2024-10-15,2024Q4,IAM,833218.073996587
2024-10-15,2024Q4,INVERCAP,388907.8910229341
2024-10-15,2024Q4,QUINENCO,0.0
2024-10-16,2024Q4,ALMENDRAL,503146.103035914
2024-10-16,2024Q4,ANTARCHILE,5113674.95042421
2024-10-16,2024Q4,IAM,827526.903840066
2024-10-16,2024Q4,INVERCAP,386497.96255056
2024-10-16,2024Q4,QUINENCO,0.0
2024-10-17,2024Q4,ALMENDRAL,518622.4122118041
2024-10-17,2024Q4,ANTARCHILE,5115360.008390437
2024-10-17,2024Q4,IAM,834971.569666434
2024-10-17,2024Q4,INVERCAP,378638.0880180192
2024-10-17,2024Q4,QUINENCO,0.0
2024-10-18,2024Q4,ALMENDRAL,524716.6240868596
2024-10-18,2024Q4,ANTARCHILE,5137876.212483289
2024-10-18,2024Q4,IAM,842323.9462470203
2024-10-18,2024Q4,INVERCAP,382847.34313957824
2024-10-18,2024Q4,QUINENCO,0.0
2024-10-19,2024Q4,ALMENDRAL,524716.6240868596
2024-10-19,2024Q4,ANTARCHILE,5137876.212483289
2024-10-19,2024Q4,IAM,842323.9462470203
2024-10-19,2024Q4,INVERCAP,382847.34313957824
2024-10-19,2024Q4,QUINENCO,0.0
2024-10-20,2024Q4,ALMENDRAL,524716.6240868596
2024-10-20,2024Q4,ANTARCHILE,5137876.212483289
2024-10-20,2024Q4,IAM,842323.9462470203
2024-10-20,2024Q4,INVERCAP,382847.34313957824
2024-10-20,2024Q4,QUINENCO,0.0
2024-10-21,2024Q4,ALMENDRAL,526842.1257762522
2024-10-21,2024Q4,ANTARCHILE,5148669.446428736
2024-10-21,2024Q4,IAM,855213.6775744921
2024-10-21,2024Q4,INVERCAP,389745.84458880004
2024-10-21,2024Q4,QUINENCO,0.0
2024-10-22,2024Q4,ALMENDRAL,526061.6681246784
2024-10-22,2024Q4,ANTARCHILE,5094376.468466718
2024-10-22,2024Q4,IAM,864442.602152634
2024-10-22,2024Q4,INVERCAP,386907.1956873783
2024-10-22,2024Q4,QUINENCO,0.0
2024-10-23,2024Q4,ALMENDRAL,523637.2677602149
2024-10-23,2024Q4,ANTARCHILE,5116589.362125648
2024-10-23,2024Q4,IAM,870625.9816199892
2024-10-23,2024Q4,INVERCAP,381626.1394932
2024-10-23,2024Q4,QUINENCO,0.0
2024-10-24,2024Q4,ALMENDRAL,523753.5061338536
2024-10-24,2024Q4,ANTARCHILE,5196843.259487905
2024-10-24,2024Q4,IAM,882869.6882269909
2024-10-24,2024Q4,INVERCAP,380651.774881728
2024-10-24,2024Q4,QUINENCO,0.0
2024-10-25,2024Q4,ALMENDRAL,527655.7943917228
2024-10-25,2024Q4,ANTARCHILE,5238237.230881779
2024-10-25,2024Q4,IAM,885669.1286823605
2024-10-25,2024Q4,INVERCAP,387147.53895820805
2024-10-25,2024Q4,QUINENCO,0.0
2024-10-26,2024Q4,ALMENDRAL,527655.7943917228
2024-10-26,2024Q4,ANTARCHILE,5238237.230881779
2024-10-26,2024Q4,IAM,885669.1286823605
2024-10-26,2024Q4,INVERCAP,387147.53895820805
2024-10-26,2024Q4,QUINENCO,0.0
2024-10-27,2024Q4,ALMENDRAL,527655.7943917228
2024-10-27,2024Q4,ANTARCHILE,5238237.230881779
2024-10-27,2024Q4,IAM,885669.1286823605
2024-10-27,2024Q4,INVERCAP,387147.53895820805
2024-10-27,2024Q4,QUINENCO,0.0
2024-10-28,2024Q4,ALMENDRAL,525148.3666175175
2024-10-28,2024Q4,ANTARCHILE,5156123.3112805225
2024-10-28,2024Q4,IAM,885976.759501632
2024-10-28,2024Q4,INVERCAP,383250.08051232004
2024-10-28,2024Q4,QUINENCO,0.0
2024-10-29,2024Q4,ALMENDRAL,524733.229568808
2024-10-29,2024Q4,ANTARCHILE,5056293.146323066
2024-10-29,2024Q4,IAM,864442.602152634
2024-10-29,2024Q4,INVERCAP,383250.08051232004
2024-10-29,2024Q4,QUINENCO,0.0
2024-10-30,2024Q4,ALMENDRAL,519585.5301648102
2024-10-30,2024Q4,ANTARCHILE,5012306.951236689
2024-10-30,2024Q4,IAM,844877.2820469729
2024-10-30,2024Q4,INVERCAP,374805.58721289603
2024-10-30,2024Q4,QUINENCO,0.0
2024-10-31,2024Q4,ALMENDRAL,519585.5301648102
2024-10-31,2024Q4,ANTARCHILE,5012306.951236689
2024-10-31,2024Q4,IAM,844877.2820469729
2024-10-31,2024Q4,INVERCAP,374805.58721289603
2024-10-31,2024Q4,QUINENCO,0.0
2024-11-01,2024Q4,ALMENDRAL,519585.5301648102
2024-11-01,2024Q4,ANTARCHILE,5012306.951236689
2024-11-01,2024Q4,IAM,844877.2820469729
2024-11-01,2024Q4,INVERCAP,374805.58721289603
2024-11-01,2024Q4,QUINENCO,0.0
2024-11-02,2024Q4,ALMENDRAL,519585.5301648102
2024-11-02,2024Q4,ANTARCHILE,5012306.951236689
2024-11-02,2024Q4,IAM,844877.2820469729
2024-11-02,2024Q4,INVERCAP,374805.58721289603
2024-11-02,2024Q4,QUINENCO,0.0
2024-11-03,2024Q4,ALMENDRAL,519585.5301648102
2024-11-03,2024Q4,ANTARCHILE,5012306.951236689
2024-11-03,2024Q4,IAM,844877.2820469729
2024-11-03,2024Q4,INVERCAP,374805.58721289603
2024-11-03,2024Q4,QUINENCO,0.0
2024-11-04,2024Q4,ALMENDRAL,510535.5425029431
2024-11-04,2024Q4,ANTARCHILE,5107921.516958047
2024-11-04,2024Q4,IAM,843216.0756229074
2024-11-04,2024Q4,INVERCAP,378657.57531024865
2024-11-04,2024Q4,QUINENCO,0.0
2024-11-05,2024Q4,ALMENDRAL,509638.84647773055
2024-11-05,2024Q4,ANTARCHILE,4991359.328212694
2024-11-05,2024Q4,IAM,836755.8284182079
2024-11-05,2024Q4,INVERCAP,370258.55235936
2024-11-05,2024Q4,QUINENCO,0.0
2024-11-06,2024Q4,ALMENDRAL,509804.9012972143
2024-11-06,2024Q4,ANTARCHILE,5115545.364766722
2024-11-06,2024Q4,IAM,836755.8284182079
2024-11-06,2024Q4,INVERCAP,376104.740028192
2024-11-06,2024Q4,QUINENCO,0.0
2024-11-07,2024Q4,ALMENDRAL,511963.61395050376
2024-11-07,2024Q4,ANTARCHILE,5093432.097425497
2024-11-07,2024Q4,IAM,832172.1292110641
2024-11-07,2024Q4,INVERCAP,389615.9293072704
2024-11-07,2024Q4,QUINENCO,0.0
2024-11-08,2024Q4,ALMENDRAL,523902.95547138894
2024-11-08,2024Q4,ANTARCHILE,5008511.877912014
2024-11-08,2024Q4,IAM,836755.8284182079
2024-11-08,2024Q4,INVERCAP,379677.410270256
2024-11-08,2024Q4,QUINENCO,0.0
2024-11-09,2024Q4,ALMENDRAL,523902.95547138894
2024-11-09,2024Q4,ANTARCHILE,5008511.877912014
2024-11-09,2024Q4,IAM,836755.8284182079
2024-11-09,2024Q4,INVERCAP,379677.410270256
2024-11-09,2024Q4,QUINENCO,0.0
2024-11-10,2024Q4,ALMENDRAL,523902.95547138894
2024-11-10,2024Q4,ANTARCHILE,5008511.877912014
2024-11-10,2024Q4,IAM,836755.8284182079
2024-11-10,2024Q4,INVERCAP,379677.410270256
2024-11-10,2024Q4,QUINENCO,0.0
2024-11-11,2024Q4,ALMENDRAL,516098.3789556504
2024-11-11,2024Q4,ANTARCHILE,5016523.289052921
2024-11-11,2024Q4,IAM,834202.4926182554
2024-11-11,2024Q4,INVERCAP,369024.3571848288
2024-11-11,2024Q4,QUINENCO,0.0
2024-11-12,2024Q4,ALMENDRAL,512362.1455172649
2024-11-12,2024Q4,ANTARCHILE,5001430.941553197
2024-11-12,2024Q4,IAM,833679.5202254939
2024-11-12,2024Q4,INVERCAP,361164.482652288
2024-11-12,2024Q4,QUINENCO,0.0
2024-11-13,2024Q4,ALMENDRAL,506467.19942559
2024-11-13,2024Q4,ANTARCHILE,4969722.3085828135
2024-11-13,2024Q4,IAM,830910.8428520515
2024-11-13,2024Q4,INVERCAP,359553.53316132096
2024-11-13,2024Q4,QUINENCO,0.0
2024-11-14,2024Q4,ALMENDRAL,504806.651230752
2024-11-14,2024Q4,ANTARCHILE,4918414.837541549
2024-11-14,2024Q4,IAM,827526.903840066
2024-11-14,2024Q4,INVERCAP,357267.02420640003
2024-11-14,2024Q4,QUINENCO,0.0
2024-11-15,2024Q4,ALMENDRAL,505105.54990582285
2024-11-15,2024Q4,ANTARCHILE,5033695.643652436
2024-11-15,2024Q4,IAM,821374.287454638
2024-11-15,2024Q4,INVERCAP,350121.683722272
2024-11-15,2024Q4,QUINENCO,0.0
2024-11-16,2024Q4,ALMENDRAL,505105.54990582285
2024-11-16,2024Q4,ANTARCHILE,5033695.643652436
2024-11-16,2024Q4,IAM,821374.287454638
2024-11-16,2024Q4,INVERCAP,350121.683722272
2024-11-16,2024Q4,QUINENCO,0.0
2024-11-17,2024Q4,ALMENDRAL,505105.54990582285
2024-11-17,2024Q4,ANTARCHILE,5033695.643652436
2024-11-17,2024Q4,IAM,821374.287454638
2024-11-17,2024Q4,INVERCAP,350121.683722272
2024-11-17,2024Q4,QUINENCO,0.0
2024-11-18,2024Q4,ALMENDRAL,504806.651230752
2024-11-18,2024Q4,ANTARCHILE,4979250.271893323
2024-11-18,2024Q4,IAM,845523.306767443
2024-11-18,2024Q4,INVERCAP,354675.2143398845
2024-11-18,2024Q4,QUINENCO,0.0
2024-11-19,2024Q4,ALMENDRAL,509389.7642485049
2024-11-19,2024Q4,ANTARCHILE,5009779.364287349
2024-11-19,2024Q4,IAM,907510.9168506301
2024-11-19,2024Q4,INVERCAP,356487.53251722245
2024-11-19,2024Q4,QUINENCO,0.0
2024-11-20,2024Q4,ALMENDRAL,504009.5880972297
2024-11-20,2024Q4,ANTARCHILE,5029846.325688107
2024-11-20,2024Q4,IAM,914278.7948746007
2024-11-20,2024Q4,INVERCAP,357975.0624907363
2024-11-20,2024Q4,QUINENCO,0.0
2024-11-21,2024Q4,ALMENDRAL,509157.2875012275
2024-11-21,2024Q4,ANTARCHILE,4997295.16373461
2024-11-21,2024Q4,IAM,918277.9955251289
2024-11-21,2024Q4,INVERCAP,355643.08318728
2024-11-21,2024Q4,QUINENCO,0.0
2024-11-22,2024Q4,ALMENDRAL,503146.103035914
2024-11-22,2024Q4,ANTARCHILE,5038244.561581113
2024-11-22,2024Q4,IAM,916739.841428772
2024-11-22,2024Q4,INVERCAP,355967.871391104
2024-11-22,2024Q4,QUINENCO,0.0
2024-11-23,2024Q4,ALMENDRAL,503146.103035914
2024-11-23,2024Q4,ANTARCHILE,5038244.561581113
2024-11-23,2024Q4,IAM,916739.841428772
2024-11-23,2024Q4,INVERCAP,355967.871391104
2024-11-23,2024Q4,QUINENCO,0.0
2024-11-24,2024Q4,ALMENDRAL,503146.103035914
2024-11-24,2024Q4,ANTARCHILE,5038244.561581113
2024-11-24,2024Q4,IAM,916739.841428772
2024-11-24,2024Q4,INVERCAP,355967.871391104
2024-11-24,2024Q4,QUINENCO,0.0
2024-11-25,2024Q4,ALMENDRAL,494843.36206172395
2024-11-25,2024Q4,ANTARCHILE,5021497.902953954
2024-11-25,2024Q4,IAM,936920.4231729759
2024-11-25,2024Q4,INVERCAP,348822.530906976
2024-11-25,2024Q4,QUINENCO,0.0
2024-11-26,2024Q4,ALMENDRAL,487570.1609683335
2024-11-26,2024Q4,ANTARCHILE,5083988.387013298
2024-11-26,2024Q4,IAM,916739.841428772
2024-11-26,2024Q4,INVERCAP,350706.3024891552
2024-11-26,2024Q4,QUINENCO,0.0
2024-11-27,2024Q4,ALMENDRAL,483385.5795173418
2024-11-27,2024Q4,ANTARCHILE,5040301.070880042
2024-11-27,2024Q4,IAM,908095.4154072456
2024-11-27,2024Q4,INVERCAP,348497.742703152
2024-11-27,2024Q4,QUINENCO,0.0
2024-11-28,2024Q4,ALMENDRAL,487354.2897030046
2024-11-28,2024Q4,ANTARCHILE,5017867.642525235
2024-11-28,2024Q4,IAM,907695.4953421928
2024-11-28,2024Q4,INVERCAP,347523.37809168
2024-11-28,2024Q4,QUINENCO,0.0
2024-11-29,2024Q4,ALMENDRAL,482953.83698668395
2024-11-29,2024Q4,ANTARCHILE,5003951.881281337
2024-11-29,2024Q4,IAM,905972.7627542729
2024-11-29,2024Q4,INVERCAP,346549.01348020806
2024-11-29,2024Q4,QUINENCO,0.0
2024-11-30,2024Q4,ALMENDRAL,482953.83698668395
2024-11-30,2024Q4,ANTARCHILE,5003951.881281337
2024-11-30,2024Q4,IAM,905972.7627542729
2024-11-30,2024Q4,INVERCAP,346549.01348020806
2024-11-30,2024Q4,QUINENCO,0.0
2024-12-01,2024Q4,ALMENDRAL,482953.83698668395
2024-12-01,2024Q4,ANTARCHILE,5003951.881281337
2024-12-01,2024Q4,IAM,905972.7627542729
2024-12-01,2024Q4,INVERCAP,346549.01348020806
2024-12-01,2024Q4,QUINENCO,0.0
2024-12-02,2024Q4,ALMENDRAL,492634.8329625894
2024-12-02,2024Q4,ANTARCHILE,5151817.550505046
2024-12-02,2024Q4,IAM,908433.8093084441
2024-12-02,2024Q4,INVERCAP,349796.89551844803
2024-12-02,2024Q4,QUINENCO,0.0
2024-12-03,2024Q4,ALMENDRAL,494013.087964305
2024-12-03,2024Q4,ANTARCHILE,5125470.356187793
2024-12-03,2024Q4,IAM,913663.533236058
2024-12-03,2024Q4,INVERCAP,349212.2767515648
2024-12-03,2024Q4,QUINENCO,0.0
2024-12-04,2024Q4,ALMENDRAL,494013.087964305
2024-12-04,2024Q4,ANTARCHILE,5124796.3330013035
2024-12-04,2024Q4,IAM,905849.7104265643
2024-12-04,2024Q4,INVERCAP,350154.16254265443
2024-12-04,2024Q4,QUINENCO,0.0
2024-12-05,2024Q4,ALMENDRAL,490691.991574629
2024-12-05,2024Q4,ANTARCHILE,5103274.313108525
2024-12-05,2024Q4,IAM,901358.300465202
2024-12-05,2024Q4,INVERCAP,346873.801684032
2024-12-05,2024Q4,QUINENCO,0.0
2024-12-06,2024Q4,ALMENDRAL,494843.36206172395
2024-12-06,2024Q4,ANTARCHILE,5047952.711206975
2024-12-06,2024Q4,IAM,897389.8628966009
2024-12-06,2024Q4,INVERCAP,346120.29305116035
2024-12-06,2024Q4,QUINENCO,0.0
2024-12-07,2024Q4,ALMENDRAL,494843.36206172395
2024-12-07,2024Q4,ANTARCHILE,5047952.711206975
2024-12-07,2024Q4,IAM,897389.8628966009
2024-12-07,2024Q4,INVERCAP,346120.29305116035
2024-12-07,2024Q4,QUINENCO,0.0
2024-12-08,2024Q4,ALMENDRAL,494843.36206172395
2024-12-08,2024Q4,ANTARCHILE,5047952.711206975
2024-12-08,2024Q4,IAM,897389.8628966009
2024-12-08,2024Q4,INVERCAP,346120.29305116035
2024-12-08,2024Q4,QUINENCO,0.0
2024-12-09,2024Q4,ALMENDRAL,495690.24164109136
2024-12-09,2024Q4,ANTARCHILE,4987882.200161202
2024-12-09,2024Q4,IAM,890283.5909714315
2024-12-09,2024Q4,INVERCAP,357267.02420640003
2024-12-09,2024Q4,QUINENCO,0.0
2024-12-10,2024Q4,ALMENDRAL,490642.1751287838
2024-12-10,2024Q4,ANTARCHILE,4993084.666177742
2024-12-10,2024Q4,IAM,889053.0676943461
2024-12-10,2024Q4,INVERCAP,359800.37219622725
2024-12-10,2024Q4,QUINENCO,0.0
2024-12-11,2024Q4,ALMENDRAL,491306.39440671896
2024-12-11,2024Q4,ANTARCHILE,5032894.80344671
2024-12-11,2024Q4,IAM,889053.0676943461
2024-12-11,2024Q4,INVERCAP,355318.294983456
2024-12-11,2024Q4,QUINENCO,0.0
2024-12-12,2024Q4,ALMENDRAL,494826.7565797756
2024-12-12,2024Q4,ANTARCHILE,5122942.769238454
2024-12-12,2024Q4,IAM,888591.621465439
2024-12-12,2024Q4,INVERCAP,350771.26012992
2024-12-12,2024Q4,QUINENCO,0.0
2024-12-13,2024Q4,ALMENDRAL,497051.89116085856
2024-12-13,2024Q4,ANTARCHILE,5062899.312130806
2024-12-13,2024Q4,IAM,886592.0211401748
2024-12-13,2024Q4,INVERCAP,344405.4113349696
2024-12-13,2024Q4,QUINENCO,0.0
2024-12-14,2024Q4,ALMENDRAL,497051.89116085856
2024-12-14,2024Q4,ANTARCHILE,5062899.312130806
2024-12-14,2024Q4,IAM,886592.0211401748
2024-12-14,2024Q4,INVERCAP,344405.4113349696
2024-12-14,2024Q4,QUINENCO,0.0
2024-12-15,2024Q4,ALMENDRAL,497051.89116085856
2024-12-15,2024Q4,ANTARCHILE,5062899.312130806
2024-12-15,2024Q4,IAM,886592.0211401748
2024-12-15,2024Q4,INVERCAP,344405.4113349696
2024-12-15,2024Q4,QUINENCO,0.0
2024-12-16,2024Q4,ALMENDRAL,490293.46000786783
2024-12-16,2024Q4,ANTARCHILE,5075548.325579501
2024-12-16,2024Q4,IAM,896743.838176131
2024-12-16,2024Q4,INVERCAP,342976.343238144
2024-12-16,2024Q4,QUINENCO,0.0
2024-12-17,2024Q4,ALMENDRAL,489861.71747721
2024-12-17,2024Q4,ANTARCHILE,5059188.491704442
2024-12-17,2024Q4,IAM,896128.5765375883
2024-12-17,2024Q4,INVERCAP,337779.73197696
2024-12-17,2024Q4,QUINENCO,0.0
2024-12-18,2024Q4,ALMENDRAL,490326.6709717646
2024-12-18,2024Q4,ANTARCHILE,4987271.14781256
2024-12-18,2024Q4,IAM,892129.37588706
2024-12-18,2024Q4,INVERCAP,341092.5716559648
2024-12-18,2024Q4,QUINENCO,0.0
2024-12-19,2024Q4,ALMENDRAL,490359.88193566137
2024-12-19,2024Q4,ANTARCHILE,4960288.062948943
2024-12-19,2024Q4,IAM,897359.0998146738
2024-12-19,2024Q4,INVERCAP,339929.82988627494
2024-12-19,2024Q4,QUINENCO,0.0
2024-12-20,2024Q4,ALMENDRAL,494511.2524227564
2024-12-20,2024Q4,ANTARCHILE,4917173.6665242035
2024-12-20,2024Q4,IAM,902896.4545615589
2024-12-20,2024Q4,INVERCAP,335233.3924589799
2024-12-20,2024Q4,QUINENCO,0.0
2024-12-21,2024Q4,ALMENDRAL,494511.2524227564
2024-12-21,2024Q4,ANTARCHILE,4917173.6665242035
2024-12-21,2024Q4,IAM,902896.4545615589
2024-12-21,2024Q4,INVERCAP,335233.3924589799
2024-12-21,2024Q4,QUINENCO,0.0
2024-12-22,2024Q4,ALMENDRAL,494511.2524227564
2024-12-22,2024Q4,ANTARCHILE,4917173.6665242035
2024-12-22,2024Q4,IAM,902896.4545615589
2024-12-22,2024Q4,INVERCAP,335233.3924589799
2024-12-22,2024Q4,QUINENCO,0.0
2024-12-23,2024Q4,ALMENDRAL,485046.1277121798
2024-12-23,2024Q4,ANTARCHILE,4924017.40635253
2024-12-23,2024Q4,IAM,910033.4895686555
2024-12-23,2024Q4,INVERCAP,335246.3839871328
2024-12-23,2024Q4,QUINENCO,0.0
2024-12-24,2024Q4,ALMENDRAL,484016.58783138025
2024-12-24,2024Q4,ANTARCHILE,4953168.993950002
2024-12-24,2024Q4,IAM,907510.9168506301
2024-12-24,2024Q4,INVERCAP,334025.18034075457
2024-12-24,2024Q4,QUINENCO,0.0
2024-12-25,2024Q4,ALMENDRAL,484016.58783138025
2024-12-25,2024Q4,ANTARCHILE,4953168.993950002
2024-12-25,2024Q4,IAM,907510.9168506301
2024-12-25,2024Q4,INVERCAP,334025.18034075457
2024-12-25,2024Q4,QUINENCO,0.0
2024-12-26,2024Q4,ALMENDRAL,486540.62108753395
2024-12-26,2024Q4,ANTARCHILE,4965429.705486333
2024-12-26,2024Q4,IAM,906034.2889181272
2024-12-26,2024Q4,INVERCAP,337779.73197696
2024-12-26,2024Q4,QUINENCO,0.0
2024-12-27,2024Q4,ALMENDRAL,488201.169282372
2024-12-27,2024Q4,ANTARCHILE,5030129.092641699
2024-12-27,2024Q4,IAM,916739.841428772
2024-12-27,2024Q4,INVERCAP,342073.43203151337
2024-12-27,2024Q4,QUINENCO,0.0
2024-12-28,2024Q4,ALMENDRAL,488201.169282372
2024-12-28,2024Q4,ANTARCHILE,5030129.092641699
2024-12-28,2024Q4,IAM,916739.841428772
2024-12-28,2024Q4,INVERCAP,342073.43203151337
2024-12-28,2024Q4,QUINENCO,0.0
2024-12-29,2024Q4,ALMENDRAL,488201.169282372
2024-12-29,2024Q4,ANTARCHILE,5030129.092641699
2024-12-29,2024Q4,IAM,916739.841428772
2024-12-29,2024Q4,INVERCAP,342073.43203151337
2024-12-29,2024Q4,QUINENCO,0.0
2024-12-30,2024Q4,ALMENDRAL,490326.6709717646
2024-12-30,2024Q4,ANTARCHILE,5026181.625519929
2024-12-30,2024Q4,IAM,921354.3037178429
2024-12-30,2024Q4,INVERCAP,341677.19042284804
2024-12-30,2024Q4,QUINENCO,0.0
2024-12-31,2024Q4,ALMENDRAL,490326.6709717646
2024-12-31,2024Q4,ANTARCHILE,5026181.625519929
2024-12-31,2024Q4,IAM,921354.3037178429
2024-12-31,2024Q4,INVERCAP,341677.19042284804
2024-12-31,2024Q4,QUINENCO,0.0
2025-01-01,2025Q1,ALMENDRAL,490326.6709717646
2025-01-01,2025Q1,ANTARCHILE,5026181.625519929
2025-01-01,2025Q1,IAM,921354.3037178429
2025-01-01,2025Q1,INVERCAP,341677.19042284804
2025-01-01,2025Q1,QUINENCO,0.0
2025-01-02,2025Q1,ALMENDRAL,489861.71747721
2025-01-02,2025Q1,ANTARCHILE,4951843.518052702
2025-01-02,2025Q1,IAM,919816.149621486
2025-01-02,2025Q1,INVERCAP,335187.9221104445
2025-01-02,2025Q1,QUINENCO,0.0
2025-01-03,2025Q1,ALMENDRAL,481592.18746691674
2025-01-03,2025Q1,ANTARCHILE,4969293.658289924
2025-01-03,2025Q1,IAM,922892.4578142001
2025-01-03,2025Q1,INVERCAP,334934.5873114618
2025-01-03,2025Q1,QUINENCO,0.0
2025-01-04,2025Q1,ALMENDRAL,481592.18746691674
2025-01-04,2025Q1,ANTARCHILE,4969293.658289924
2025-01-04,2025Q1,IAM,922892.4578142001
2025-01-04,2025Q1,INVERCAP,334934.5873114618
2025-01-04,2025Q1,QUINENCO,0.0
2025-01-05,2025Q1,ALMENDRAL,481592.18746691674
2025-01-05,2025Q1,ANTARCHILE,4969293.658289924
2025-01-05,2025Q1,IAM,922892.4578142001
2025-01-05,2025Q1,INVERCAP,334934.5873114618
2025-01-05,2025Q1,QUINENCO,0.0
2025-01-06,2025Q1,ALMENDRAL,484763.83451905736
2025-01-06,2025Q1,ANTARCHILE,5098335.616107215
2025-01-06,2025Q1,IAM,902896.4545615589
2025-01-06,2025Q1,INVERCAP,334772.19320954976
2025-01-06,2025Q1,QUINENCO,0.0
2025-01-07,2025Q1,ALMENDRAL,481575.58198496833
2025-01-07,2025Q1,ANTARCHILE,5131897.812840449
2025-01-07,2025Q1,IAM,895205.684079774
2025-01-07,2025Q1,INVERCAP,333882.273531072
2025-01-07,2025Q1,QUINENCO,0.0
2025-01-08,2025Q1,ALMENDRAL,486009.24566518585
2025-01-08,2025Q1,ANTARCHILE,5046198.773761834
2025-01-08,2025Q1,IAM,896928.4166676938
2025-01-08,2025Q1,INVERCAP,331173.53991117986
2025-01-08,2025Q1,QUINENCO,0.0
2025-01-09,2025Q1,ALMENDRAL,485643.9250623215
2025-01-09,2025Q1,ANTARCHILE,5142691.785366029
2025-01-09,2025Q1,IAM,895205.684079774
2025-01-09,2025Q1,INVERCAP,332258.33251195203
2025-01-09,2025Q1,QUINENCO,0.0
2025-01-10,2025Q1,ALMENDRAL,485112.5496399733
2025-01-10,2025Q1,ANTARCHILE,5203612.949776382
2025-01-10,2025Q1,IAM,895174.9209978469
2025-01-10,2025Q1,INVERCAP,334038.1718689075
2025-01-10,2025Q1,QUINENCO,0.0
2025-01-11,2025Q1,ALMENDRAL,485112.5496399733
2025-01-11,2025Q1,ANTARCHILE,5203612.949776382
2025-01-11,2025Q1,IAM,895174.9209978469
2025-01-11,2025Q1,INVERCAP,334038.1718689075
2025-01-11,2025Q1,QUINENCO,0.0
2025-01-12,2025Q1,ALMENDRAL,485112.5496399733
2025-01-12,2025Q1,ANTARCHILE,5203612.949776382
2025-01-12,2025Q1,IAM,895174.9209978469
2025-01-12,2025Q1,INVERCAP,334038.1718689075
2025-01-12,2025Q1,QUINENCO,0.0
2025-01-13,2025Q1,ALMENDRAL,484298.8810245027
2025-01-13,2025Q1,ANTARCHILE,5126266.026332587
2025-01-13,2025Q1,IAM,891729.4558220071
2025-01-13,2025Q1,INVERCAP,334012.1888126016
2025-01-13,2025Q1,QUINENCO,0.0
2025-01-14,2025Q1,ALMENDRAL,484182.642650864
2025-01-14,2025Q1,ANTARCHILE,5259221.01153219
2025-01-14,2025Q1,IAM,890591.221790703
2025-01-14,2025Q1,INVERCAP,337909.6472584896
2025-01-14,2025Q1,QUINENCO,0.0
2025-01-15,2025Q1,ALMENDRAL,488201.169282372
2025-01-15,2025Q1,ANTARCHILE,5363285.103465674
2025-01-15,2025Q1,IAM,892129.37588706
2025-01-15,2025Q1,INVERCAP,341677.19042284804
2025-01-15,2025Q1,QUINENCO,0.0
2025-01-16,2025Q1,ALMENDRAL,489695.66265772615
2025-01-16,2025Q1,ANTARCHILE,5553973.53919893
2025-01-16,2025Q1,IAM,915816.9489709577
2025-01-16,2025Q1,INVERCAP,348172.95449932804
2025-01-16,2025Q1,QUINENCO,0.0
2025-01-17,2025Q1,ALMENDRAL,489778.6900674681
2025-01-17,2025Q1,ANTARCHILE,5527101.761171749
2025-01-17,2025Q1,IAM,907510.9168506301
2025-01-17,2025Q1,INVERCAP,350446.471926096
2025-01-17,2025Q1,QUINENCO,0.0
2025-01-18,2025Q1,ALMENDRAL,489778.6900674681
2025-01-18,2025Q1,ANTARCHILE,5527101.761171749
2025-01-18,2025Q1,IAM,907510.9168506301
2025-01-18,2025Q1,INVERCAP,350446.471926096
2025-01-18,2025Q1,QUINENCO,0.0
2025-01-19,2025Q1,ALMENDRAL,489778.6900674681
2025-01-19,2025Q1,ANTARCHILE,5527101.761171749
2025-01-19,2025Q1,IAM,907510.9168506301
2025-01-19,2025Q1,INVERCAP,350446.471926096
2025-01-19,2025Q1,QUINENCO,0.0
2025-01-20,2025Q1,ALMENDRAL,486557.2265694823
2025-01-20,2025Q1,ANTARCHILE,5490697.038518172
2025-01-20,2025Q1,IAM,922892.4578142001
2025-01-20,2025Q1,INVERCAP,350121.683722272
2025-01-20,2025Q1,QUINENCO,0.0
2025-01-21,2025Q1,ALMENDRAL,486125.4840388245
2025-01-21,2025Q1,ANTARCHILE,5418679.879563536
2025-01-21,2025Q1,IAM,931813.7515730704
2025-01-21,2025Q1,INVERCAP,347302.5221130797
2025-01-21,2025Q1,QUINENCO,0.0
2025-01-22,2025Q1,ALMENDRAL,491173.550551132
2025-01-22,2025Q1,ANTARCHILE,5527676.707875619
2025-01-22,2025Q1,IAM,950579.231548626
2025-01-22,2025Q1,INVERCAP,346613.9711209728
2025-01-22,2025Q1,QUINENCO,0.0
2025-01-23,2025Q1,ALMENDRAL,496503.91025656194
2025-01-23,2025Q1,ANTARCHILE,5600953.967404257
2025-01-23,2025Q1,IAM,950579.231548626
2025-01-23,2025Q1,INVERCAP,346003.3692977837
2025-01-23,2025Q1,QUINENCO,0.0
2025-01-24,2025Q1,ALMENDRAL,496503.91025656194
2025-01-24,2025Q1,ANTARCHILE,5612895.256507137
2025-01-24,2025Q1,IAM,944795.7721463237
2025-01-24,2025Q1,INVERCAP,349082.3614700352
2025-01-24,2025Q1,QUINENCO,0.0
2025-01-25,2025Q1,ALMENDRAL,496503.91025656194
2025-01-25,2025Q1,ANTARCHILE,5612895.256507137
2025-01-25,2025Q1,IAM,944795.7721463237
2025-01-25,2025Q1,INVERCAP,349082.3614700352
2025-01-25,2025Q1,QUINENCO,0.0
2025-01-26,2025Q1,ALMENDRAL,496503.91025656194
2025-01-26,2025Q1,ANTARCHILE,5612895.256507137
2025-01-26,2025Q1,IAM,944795.7721463237
2025-01-26,2025Q1,INVERCAP,349082.3614700352
2025-01-26,2025Q1,QUINENCO,0.0
2025-01-27,2025Q1,ALMENDRAL,502747.57146915287
2025-01-27,2025Q1,ANTARCHILE,5570764.84092401
2025-01-27,2025Q1,IAM,932429.0132116135
2025-01-27,2025Q1,INVERCAP,346873.801684032
2025-01-27,2025Q1,QUINENCO,0.0
2025-01-28,2025Q1,ALMENDRAL,506450.5939436416
2025-01-28,2025Q1,ANTARCHILE,5512882.68949393
2025-01-28,2025Q1,IAM,935197.690585056
2025-01-28,2025Q1,INVERCAP,350634.8490843139
2025-01-28,2025Q1,QUINENCO,0.0
2025-01-29,2025Q1,ALMENDRAL,503146.103035914
2025-01-29,2025Q1,ANTARCHILE,5462623.647292392
2025-01-29,2025Q1,IAM,941350.306970484
2025-01-29,2025Q1,INVERCAP,350771.26012992
2025-01-29,2025Q1,QUINENCO,0.0
2025-01-30,2025Q1,ALMENDRAL,507795.6379814604
2025-01-30,2025Q1,ANTARCHILE,5529054.951252305
2025-01-30,2025Q1,IAM,964422.6184158389
2025-01-30,2025Q1,INVERCAP,354019.14216816
2025-01-30,2025Q1,QUINENCO,0.0
2025-01-31,2025Q1,ALMENDRAL,514587.2800983478
2025-01-31,2025Q1,ANTARCHILE,5424228.890333353
2025-01-31,2025Q1,IAM,964422.6184158389
2025-01-31,2025Q1,INVERCAP,353304.6081197472
2025-01-31,2025Q1,QUINENCO,0.0
2025-02-01,2025Q1,ALMENDRAL,514587.2800983478
2025-02-01,2025Q1,ANTARCHILE,5424228.890333353
2025-02-01,2025Q1,IAM,964422.6184158389
2025-02-01,2025Q1,INVERCAP,353304.6081197472
2025-02-01,2025Q1,QUINENCO,0.0
2025-02-02,2025Q1,ALMENDRAL,514587.2800983478
2025-02-02,2025Q1,ANTARCHILE,5424228.890333353
2025-02-02,2025Q1,IAM,964422.6184158389
2025-02-02,2025Q1,INVERCAP,353304.6081197472
2025-02-02,2025Q1,QUINENCO,0.0
2025-02-03,2025Q1,ALMENDRAL,506467.19942559
2025-02-03,2025Q1,ANTARCHILE,5369631.1247771485
2025-02-03,2025Q1,IAM,972051.8627337697
2025-02-03,2025Q1,INVERCAP,348510.73423130496
2025-02-03,2025Q1,QUINENCO,0.0
2025-02-04,2025Q1,ALMENDRAL,514769.94039978
2025-02-04,2025Q1,ANTARCHILE,5495672.9408344235
2025-02-04,2025Q1,IAM,971928.8104060611
2025-02-04,2025Q1,INVERCAP,344275.49605344003
2025-02-04,2025Q1,QUINENCO,0.0
2025-02-05,2025Q1,ALMENDRAL,514603.88558029616
2025-02-05,2025Q1,ANTARCHILE,5566086.890235698
2025-02-05,2025Q1,IAM,993647.546246622
2025-02-05,2025Q1,INVERCAP,337773.2362128835
2025-02-05,2025Q1,QUINENCO,0.0
2025-02-06,2025Q1,ALMENDRAL,509788.29581526597
2025-02-06,2025Q1,ANTARCHILE,5600579.561751021
2025-02-06,2025Q1,IAM,993647.546246622
2025-02-06,2025Q1,INVERCAP,341677.19042284804
2025-02-06,2025Q1,QUINENCO,0.0
2025-02-07,2025Q1,ALMENDRAL,505022.5224960809
2025-02-07,2025Q1,ANTARCHILE,5453509.562672105
2025-02-07,2025Q1,IAM,1012074.6323209788
2025-02-07,2025Q1,INVERCAP,344275.49605344003
2025-02-07,2025Q1,QUINENCO,0.0
2025-02-08,2025Q1,ALMENDRAL,505022.5224960809
2025-02-08,2025Q1,ANTARCHILE,5453509.562672105
2025-02-08,2025Q1,IAM,1012074.6323209788
2025-02-08,2025Q1,INVERCAP,344275.49605344003
2025-02-08,2025Q1,QUINENCO,0.0
2025-02-09,2025Q1,ALMENDRAL,505022.5224960809
2025-02-09,2025Q1,ANTARCHILE,5453509.562672105
2025-02-09,2025Q1,IAM,1012074.6323209788
2025-02-09,2025Q1,INVERCAP,344275.49605344003
2025-02-09,2025Q1,QUINENCO,0.0
2025-02-10,2025Q1,ALMENDRAL,514753.3349178316
2025-02-10,2025Q1,ANTARCHILE,5377895.294612988
2025-02-10,2025Q1,IAM,1033670.3158338311
2025-02-10,2025Q1,INVERCAP,337130.15556931205
2025-02-10,2025Q1,QUINENCO,0.0
2025-02-11,2025Q1,ALMENDRAL,509024.4436456405
2025-02-11,2025Q1,ANTARCHILE,5395147.470630014
2025-02-11,2025Q1,IAM,1041822.5325445232
2025-02-11,2025Q1,INVERCAP,331283.96790047997
2025-02-11,2025Q1,QUINENCO,0.0
2025-02-12,2025Q1,ALMENDRAL,504026.1935791781
2025-02-12,2025Q1,ANTARCHILE,5498941.9532889025
2025-02-12,2025Q1,IAM,1030532.4814772628
2025-02-12,2025Q1,INVERCAP,329660.02688136
2025-02-12,2025Q1,QUINENCO,0.0
2025-02-13,2025Q1,ALMENDRAL,505636.925328171
2025-02-13,2025Q1,ANTARCHILE,5535607.611000525
2025-02-13,2025Q1,IAM,1024410.6281737619
2025-02-13,2025Q1,INVERCAP,334531.84993872
2025-02-13,2025Q1,QUINENCO,0.0
2025-02-14,2025Q1,ALMENDRAL,503976.37713333295
2025-02-14,2025Q1,ANTARCHILE,5541880.458115686
2025-02-14,2025Q1,IAM,1015181.70359562
2025-02-14,2025Q1,INVERCAP,336350.6638801344
2025-02-14,2025Q1,QUINENCO,0.0
2025-02-15,2025Q1,ALMENDRAL,503976.37713333295
2025-02-15,2025Q1,ANTARCHILE,5541880.458115686
2025-02-15,2025Q1,IAM,1015181.70359562
2025-02-15,2025Q1,INVERCAP,336350.6638801344
2025-02-15,2025Q1,QUINENCO,0.0
2025-02-16,2025Q1,ALMENDRAL,503976.37713333295
2025-02-16,2025Q1,ANTARCHILE,5541880.458115686
2025-02-16,2025Q1,IAM,1015181.70359562
2025-02-16,2025Q1,INVERCAP,336350.6638801344
2025-02-16,2025Q1,QUINENCO,0.0
2025-02-17,2025Q1,ALMENDRAL,498828.67772933515
2025-02-17,2025Q1,ANTARCHILE,5530616.885099962
2025-02-17,2025Q1,IAM,1005952.7790174779
2025-02-17,2025Q1,INVERCAP,334557.8329950259
2025-02-17,2025Q1,QUINENCO,0.0
2025-02-18,2025Q1,ALMENDRAL,494843.36206172395
2025-02-18,2025Q1,ANTARCHILE,5460923.8177235
2025-02-18,2025Q1,IAM,1007490.9331138349
2025-02-18,2025Q1,INVERCAP,335181.426346368
2025-02-18,2025Q1,QUINENCO,0.0
2025-02-19,2025Q1,ALMENDRAL,497334.184353981
2025-02-19,2025Q1,ANTARCHILE,5452154.13049779
2025-02-19,2025Q1,IAM,1005922.0159355509
2025-02-19,2025Q1,INVERCAP,334947.57883961475
2025-02-19,2025Q1,QUINENCO,0.0
2025-02-20,2025Q1,ALMENDRAL,501817.6644800436
2025-02-20,2025Q1,ANTARCHILE,5502413.1726993285
2025-02-20,2025Q1,IAM,990909.6319551066
2025-02-20,2025Q1,INVERCAP,337448.44800905953
2025-02-20,2025Q1,QUINENCO,0.0
2025-02-21,2025Q1,ALMENDRAL,498031.6145958129
2025-02-21,2025Q1,ANTARCHILE,5492800.9564905055
2025-02-21,2025Q1,IAM,993862.8878201119
2025-02-21,2025Q1,INVERCAP,335856.9858103219
2025-02-21,2025Q1,QUINENCO,0.0
2025-02-22,2025Q1,ALMENDRAL,498031.6145958129
2025-02-22,2025Q1,ANTARCHILE,5492800.9564905055
2025-02-22,2025Q1,IAM,993862.8878201119
2025-02-22,2025Q1,INVERCAP,335856.9858103219
2025-02-22,2025Q1,QUINENCO,0.0
2025-02-23,2025Q1,ALMENDRAL,498031.6145958129
2025-02-23,2025Q1,ANTARCHILE,5492800.9564905055
2025-02-23,2025Q1,IAM,993862.8878201119
2025-02-23,2025Q1,INVERCAP,335856.9858103219
2025-02-23,2025Q1,QUINENCO,0.0
2025-02-24,2025Q1,ALMENDRAL,489861.71747721
2025-02-24,2025Q1,ANTARCHILE,5502495.948437373
2025-02-24,2025Q1,IAM,987494.929861194
2025-02-24,2025Q1,INVERCAP,334460.3965338787
2025-02-24,2025Q1,QUINENCO,0.0
2025-02-25,2025Q1,ALMENDRAL,489413.3694646037
2025-02-25,2025Q1,ANTARCHILE,5461391.202473245
2025-02-25,2025Q1,IAM,984418.62166848
2025-02-25,2025Q1,INVERCAP,335272.3670434387
2025-02-25,2025Q1,QUINENCO,0.0
2025-02-26,2025Q1,ALMENDRAL,508127.747620428
2025-02-26,2025Q1,ANTARCHILE,5499541.1883554105
2025-02-26,2025Q1,IAM,981649.9442950375
2025-02-26,2025Q1,INVERCAP,342326.766830496
2025-02-26,2025Q1,QUINENCO,0.0
2025-02-27,2025Q1,ALMENDRAL,496669.9650760458
2025-02-27,2025Q1,ANTARCHILE,5574583.275286144
2025-02-27,2025Q1,IAM,987494.929861194
2025-02-27,2025Q1,INVERCAP,345431.74205905345
2025-02-27,2025Q1,QUINENCO,0.0
2025-02-28,2025Q1,ALMENDRAL,505304.8156892034
2025-02-28,2025Q1,ANTARCHILE,5599207.278997044
2025-02-28,2025Q1,IAM,972113.388897624
2025-02-28,2025Q1,INVERCAP,345899.43707256
2025-02-28,2025Q1,QUINENCO,0.0
2025-03-01,2025Q1,ALMENDRAL,505304.8156892034
2025-03-01,2025Q1,ANTARCHILE,5599207.278997044
2025-03-01,2025Q1,IAM,972113.388897624
2025-03-01,2025Q1,INVERCAP,345899.43707256
2025-03-01,2025Q1,QUINENCO,0.0
2025-03-02,2025Q1,ALMENDRAL,505304.8156892034
2025-03-02,2025Q1,ANTARCHILE,5599207.278997044
2025-03-02,2025Q1,IAM,972113.388897624
2025-03-02,2025Q1,INVERCAP,345899.43707256
2025-03-02,2025Q1,QUINENCO,0.0
2025-03-03,2025Q1,ALMENDRAL,501485.554841076
2025-03-03,2025Q1,ANTARCHILE,5634141.758484254
2025-03-03,2025Q1,IAM,978573.6361023234
2025-03-03,2025Q1,INVERCAP,343463.52554388
2025-03-03,2025Q1,QUINENCO,0.0
2025-03-04,2025Q1,ALMENDRAL,494843.36206172395
2025-03-04,2025Q1,ANTARCHILE,5586241.797435432
2025-03-04,2025Q1,IAM,996693.0913574088
2025-03-04,2025Q1,INVERCAP,337779.73197696
2025-03-04,2025Q1,QUINENCO,0.0
2025-03-05,2025Q1,ALMENDRAL,492933.7316376603
2025-03-05,2025Q1,ANTARCHILE,5546774.5120190745
2025-03-05,2025Q1,IAM,996385.4605381375
2025-03-05,2025Q1,INVERCAP,338429.308384608
2025-03-05,2025Q1,QUINENCO,0.0
2025-03-06,2025Q1,ALMENDRAL,498164.4584513999
2025-03-06,2025Q1,ANTARCHILE,5578297.788613174
2025-03-06,2025Q1,IAM,1002845.7077428369
2025-03-06,2025Q1,INVERCAP,340962.65637443523
2025-03-06,2025Q1,QUINENCO,0.0
2025-03-07,2025Q1,ALMENDRAL,503478.21267488156
2025-03-07,2025Q1,ANTARCHILE,5484624.732453642
2025-03-07,2025Q1,IAM,993616.7831646949
2025-03-07,2025Q1,INVERCAP,341027.6140152
2025-03-07,2025Q1,QUINENCO,0.0
2025-03-08,2025Q1,ALMENDRAL,503478.21267488156
2025-03-08,2025Q1,ANTARCHILE,5484624.732453642
2025-03-08,2025Q1,IAM,993616.7831646949
2025-03-08,2025Q1,INVERCAP,341027.6140152
2025-03-08,2025Q1,QUINENCO,0.0
2025-03-09,2025Q1,ALMENDRAL,503478.21267488156
2025-03-09,2025Q1,ANTARCHILE,5484624.732453642
2025-03-09,2025Q1,IAM,993616.7831646949
2025-03-09,2025Q1,INVERCAP,341027.6140152
2025-03-09,2025Q1,QUINENCO,0.0
2025-03-10,2025Q1,ALMENDRAL,496503.91025656194
2025-03-10,2025Q1,ANTARCHILE,5517145.147568349
2025-03-10,2025Q1,IAM,1008721.4563909206
2025-03-10,2025Q1,INVERCAP,332583.12071577605
2025-03-10,2025Q1,QUINENCO,0.0
2025-03-11,2025Q1,ALMENDRAL,489861.71747721
2025-03-11,2025Q1,ANTARCHILE,5574607.511667139
2025-03-11,2025Q1,IAM,993647.546246622
2025-03-11,2025Q1,INVERCAP,335181.426346368
2025-03-11,2025Q1,QUINENCO,0.0
2025-03-12,2025Q1,ALMENDRAL,493016.7590474021
2025-03-12,2025Q1,ANTARCHILE,5615541.5360942455
2025-03-12,2025Q1,IAM,998908.0332561629
2025-03-12,2025Q1,INVERCAP,335915.4476870102
2025-03-12,2025Q1,QUINENCO,0.0
2025-03-13,2025Q1,ALMENDRAL,496321.2499551298
2025-03-13,2025Q1,ANTARCHILE,5788994.646390138
2025-03-13,2025Q1,IAM,1001953.5783669497
2025-03-13,2025Q1,INVERCAP,345243.36490083556
2025-03-13,2025Q1,QUINENCO,0.0
2025-03-14,2025Q1,ALMENDRAL,493697.5838072857
2025-03-14,2025Q1,ANTARCHILE,5902118.698667602
2025-03-14,2025Q1,IAM,1003768.6002006511
2025-03-14,2025Q1,INVERCAP,351745.62474139204
2025-03-14,2025Q1,QUINENCO,0.0
2025-03-15,2025Q1,ALMENDRAL,493697.5838072857
2025-03-15,2025Q1,ANTARCHILE,5902118.698667602
2025-03-15,2025Q1,IAM,1003768.6002006511
2025-03-15,2025Q1,INVERCAP,351745.62474139204
2025-03-15,2025Q1,QUINENCO,0.0
2025-03-16,2025Q1,ALMENDRAL,493697.5838072857
2025-03-16,2025Q1,ANTARCHILE,5902118.698667602
2025-03-16,2025Q1,IAM,1003768.6002006511
2025-03-16,2025Q1,INVERCAP,351745.62474139204
2025-03-16,2025Q1,QUINENCO,0.0
2025-03-17,2025Q1,ALMENDRAL,493780.61121702765
2025-03-17,2025Q1,ANTARCHILE,5905181.69090212
2025-03-17,2025Q1,IAM,1019180.9042461482
2025-03-17,2025Q1,INVERCAP,351115.5356259735
2025-03-17,2025Q1,QUINENCO,0.0
2025-03-18,2025Q1,ALMENDRAL,489878.3229591584
2025-03-18,2025Q1,ANTARCHILE,5778144.952064638
2025-03-18,2025Q1,IAM,1027486.936366476
2025-03-18,2025Q1,INVERCAP,348172.95449932804
2025-03-18,2025Q1,QUINENCO,0.0
2025-03-19,2025Q1,ALMENDRAL,493847.0331448212
2025-03-19,2025Q1,ANTARCHILE,5603548.956672246
2025-03-19,2025Q1,IAM,1049820.9338455796
2025-03-19,2025Q1,INVERCAP,344275.49605344003
2025-03-19,2025Q1,QUINENCO,0.0
2025-03-20,2025Q1,ALMENDRAL,489031.443379791
2025-03-20,2025Q1,ANTARCHILE,5502413.1726993285
2025-03-20,2025Q1,IAM,1052097.401908188
2025-03-20,2025Q1,INVERCAP,341027.6140152
2025-03-20,2025Q1,QUINENCO,0.0
2025-03-21,2025Q1,ALMENDRAL,483385.5795173418
2025-03-21,2025Q1,ANTARCHILE,5499557.248373295
2025-03-21,2025Q1,IAM,1036961.965600035
2025-03-21,2025Q1,INVERCAP,341027.6140152
2025-03-21,2025Q1,QUINENCO,0.0
2025-03-22,2025Q1,ALMENDRAL,483385.5795173418
2025-03-22,2025Q1,ANTARCHILE,5499557.248373295
2025-03-22,2025Q1,IAM,1036961.965600035
2025-03-22,2025Q1,INVERCAP,341027.6140152
2025-03-22,2025Q1,QUINENCO,0.0
2025-03-23,2025Q1,ALMENDRAL,483385.5795173418
2025-03-23,2025Q1,ANTARCHILE,5499557.248373295
2025-03-23,2025Q1,IAM,1036961.965600035
2025-03-23,2025Q1,INVERCAP,341027.6140152
2025-03-23,2025Q1,QUINENCO,0.0
2025-03-24,2025Q1,ALMENDRAL,484880.07289269596
2025-03-24,2025Q1,ANTARCHILE,5593376.239853769
2025-03-24,2025Q1,IAM,1055142.9470189747
2025-03-24,2025Q1,INVERCAP,342651.55503432004
2025-03-24,2025Q1,QUINENCO,0.0
2025-03-25,2025Q1,ALMENDRAL,487370.895184953
2025-03-25,2025Q1,ANTARCHILE,5545797.178398663
2025-03-25,2025Q1,IAM,1076400.2366306286
2025-03-25,2025Q1,INVERCAP,338318.8803953079
2025-03-25,2025Q1,QUINENCO,0.0
2025-03-26,2025Q1,ALMENDRAL,484066.4042772254
2025-03-26,2025Q1,ANTARCHILE,5469260.130467184
2025-03-26,2025Q1,IAM,1073323.9284379145
2025-03-26,2025Q1,INVERCAP,331283.96790047997
2025-03-26,2025Q1,QUINENCO,0.0
2025-03-27,2025Q1,ALMENDRAL,481558.97650302
2025-03-27,2025Q1,ANTARCHILE,5471891.466106636
2025-03-27,2025Q1,IAM,1082829.7207534008
2025-03-27,2025Q1,INVERCAP,333687.40060877765
2025-03-27,2025Q1,QUINENCO,0.0
2025-03-28,2025Q1,ALMENDRAL,483219.52469785797
2025-03-28,2025Q1,ANTARCHILE,5494978.374167604
2025-03-28,2025Q1,IAM,1076400.2366306286
2025-03-28,2025Q1,INVERCAP,336415.62152089924
2025-03-28,2025Q1,QUINENCO,0.0
2025-03-29,2025Q1,ALMENDRAL,483219.52469785797
2025-03-29,2025Q1,ANTARCHILE,5494978.374167604
2025-03-29,2025Q1,IAM,1076400.2366306286
2025-03-29,2025Q1,INVERCAP,336415.62152089924
2025-03-29,2025Q1,QUINENCO,0.0
2025-03-30,2025Q1,ALMENDRAL,483219.52469785797
2025-03-30,2025Q1,ANTARCHILE,5494978.374167604
2025-03-30,2025Q1,IAM,1076400.2366306286
2025-03-30,2025Q1,INVERCAP,336415.62152089924
2025-03-30,2025Q1,QUINENCO,0.0
2025-03-31,2025Q1,ALMENDRAL,483219.52469785797
2025-03-31,2025Q1,ANTARCHILE,5417243.8873915775
2025-03-31,2025Q1,IAM,1052774.1897105852
2025-03-31,2025Q1,INVERCAP,334531.84993872
2025-03-31,2025Q1,QUINENCO,0.0
2025-04-01,2025Q2,ALMENDRAL,483219.52469785797
2025-04-01,2025Q2,ANTARCHILE,5412889.790617514
2025-04-01,2025Q2,IAM,1061172.5110766941
2025-04-01,2025Q2,INVERCAP,336772.88854510564
2025-04-01,2025Q2,QUINENCO,0.0
2025-04-02,2025Q2,ALMENDRAL,483219.52469785797
2025-04-02,2025Q2,ANTARCHILE,5411844.31609832
2025-04-02,2025Q2,IAM,1061326.3264863298
2025-04-02,2025Q2,INVERCAP,334843.64661439107
2025-04-02,2025Q2,QUINENCO,0.0
2025-04-03,2025Q2,ALMENDRAL,483219.52469785797
2025-04-03,2025Q2,ANTARCHILE,5449260.503003373
2025-04-03,2025Q2,IAM,1073631.559257186
2025-04-03,2025Q2,INVERCAP,333882.273531072
2025-04-03,2025Q2,QUINENCO,0.0
2025-04-04,2025Q2,ALMENDRAL,472093.8517924434
2025-04-04,2025Q2,ANTARCHILE,5302843.742903927
2025-04-04,2025Q2,IAM,1049021.093715474
2025-04-04,2025Q2,INVERCAP,325911.97100923106
2025-04-04,2025Q2,QUINENCO,0.0
2025-04-05,2025Q2,ALMENDRAL,472093.8517924434
2025-04-05,2025Q2,ANTARCHILE,5302843.742903927
2025-04-05,2025Q2,IAM,1049021.093715474
2025-04-05,2025Q2,INVERCAP,325911.97100923106
2025-04-05,2025Q2,QUINENCO,0.0
2025-04-06,2025Q2,ALMENDRAL,472093.8517924434
2025-04-06,2025Q2,ANTARCHILE,5302843.742903927
2025-04-06,2025Q2,IAM,1049021.093715474
2025-04-06,2025Q2,INVERCAP,325911.97100923106
2025-04-06,2025Q2,QUINENCO,0.0
2025-04-07,2025Q2,ALMENDRAL,450008.560801098
2025-04-07,2025Q2,ANTARCHILE,5136480.431928451
2025-04-07,2025Q2,IAM,1030532.4814772628
2025-04-07,2025Q2,INVERCAP,315824.04939845763
2025-04-07,2025Q2,QUINENCO,0.0
2025-04-08,2025Q2,ALMENDRAL,451669.108995936
2025-04-08,2025Q2,ANTARCHILE,5007405.511531968
2025-04-08,2025Q2,IAM,1024410.6281737619
2025-04-08,2025Q2,INVERCAP,291010.23062630405
2025-04-08,2025Q2,QUINENCO,0.0
2025-04-09,2025Q2,ALMENDRAL,464953.49455463997
2025-04-09,2025Q2,ANTARCHILE,5133895.646018925
2025-04-09,2025Q2,IAM,1015181.70359562
2025-04-09,2025Q2,INVERCAP,298675.2322365504
2025-04-09,2025Q2,QUINENCO,0.0
2025-04-10,2025Q2,ALMENDRAL,469935.139139154
2025-04-10,2025Q2,ANTARCHILE,5134064.151815548
2025-04-10,2025Q2,IAM,1030563.24455919
2025-04-10,2025Q2,INVERCAP,287632.4333065344
2025-04-10,2025Q2,QUINENCO,0.0
2025-04-11,2025Q2,ALMENDRAL,461798.4529844478
2025-04-11,2025Q2,ANTARCHILE,5215724.273817797
2025-04-11,2025Q2,IAM,1021334.3199810479
2025-04-11,2025Q2,INVERCAP,292601.6928250416
2025-04-11,2025Q2,QUINENCO,0.0
2025-04-12,2025Q2,ALMENDRAL,461798.4529844478
2025-04-12,2025Q2,ANTARCHILE,5215724.273817797
2025-04-12,2025Q2,IAM,1021334.3199810479
2025-04-12,2025Q2,INVERCAP,292601.6928250416
2025-04-12,2025Q2,QUINENCO,0.0
2025-04-13,2025Q2,ALMENDRAL,461798.4529844478
2025-04-13,2025Q2,ANTARCHILE,5215724.273817797
2025-04-13,2025Q2,IAM,1021334.3199810479
2025-04-13,2025Q2,INVERCAP,292601.6928250416
2025-04-13,2025Q2,QUINENCO,0.0
2025-04-14,2025Q2,ALMENDRAL,470267.2487781216
2025-04-14,2025Q2,ANTARCHILE,5198404.506737074
2025-04-14,2025Q2,IAM,1030563.24455919
2025-04-14,2025Q2,INVERCAP,292523.7436561239
2025-04-14,2025Q2,QUINENCO,0.0
2025-04-15,2025Q2,ALMENDRAL,477092.10185890575
2025-04-15,2025Q2,ANTARCHILE,5290541.94440694
2025-04-15,2025Q2,IAM,1039792.1691373319
2025-04-15,2025Q2,INVERCAP,295849.5748632816
2025-04-15,2025Q2,QUINENCO,0.0
2025-04-16,2025Q2,ALMENDRAL,476577.33191850595
2025-04-16,2025Q2,ANTARCHILE,5306327.381413216
2025-04-16,2025Q2,IAM,1061787.772715237
2025-04-16,2025Q2,INVERCAP,296076.92660595843
2025-04-16,2025Q2,QUINENCO,0.0
2025-04-17,2025Q2,ALMENDRAL,483485.21240903204
2025-04-17,2025Q2,ANTARCHILE,5414703.744579972
2025-04-17,2025Q2,IAM,1097442.1846687924
2025-04-17,2025Q2,INVERCAP,304631.8478946826
2025-04-17,2025Q2,QUINENCO,0.0
2025-04-18,2025Q2,ALMENDRAL,483485.21240903204
2025-04-18,2025Q2,ANTARCHILE,5414703.744579972
2025-04-18,2025Q2,IAM,1097442.1846687924
2025-04-18,2025Q2,INVERCAP,304631.8478946826
2025-04-18,2025Q2,QUINENCO,0.0
2025-04-19,2025Q2,ALMENDRAL,483485.21240903204
2025-04-19,2025Q2,ANTARCHILE,5414703.744579972
2025-04-19,2025Q2,IAM,1097442.1846687924
2025-04-19,2025Q2,INVERCAP,304631.8478946826
2025-04-19,2025Q2,QUINENCO,0.0
2025-04-20,2025Q2,ALMENDRAL,483485.21240903204
2025-04-20,2025Q2,ANTARCHILE,5414703.744579972
2025-04-20,2025Q2,IAM,1097442.1846687924
2025-04-20,2025Q2,INVERCAP,304631.8478946826
2025-04-20,2025Q2,QUINENCO,0.0
2025-04-21,2025Q2,ALMENDRAL,488234.3802462687
2025-04-21,2025Q2,ANTARCHILE,5343331.52787835
2025-04-21,2025Q2,IAM,1076707.8674499001
2025-04-21,2025Q2,INVERCAP,311699.2392098928
2025-04-21,2025Q2,QUINENCO,0.0
2025-04-22,2025Q2,ALMENDRAL,492286.1178416735
2025-04-22,2025Q2,ANTARCHILE,5339296.114957604
2025-04-22,2025Q2,IAM,1082860.483835328
2025-04-22,2025Q2,INVERCAP,307574.42902132805
2025-04-22,2025Q2,QUINENCO,0.0
2025-04-23,2025Q2,ALMENDRAL,486374.56626805017
2025-04-23,2025Q2,ANTARCHILE,5427304.42203008
2025-04-23,2025Q2,IAM,1073631.559257186
2025-04-23,2025Q2,INVERCAP,312439.7563146115
2025-04-23,2025Q2,QUINENCO,0.0
2025-04-24,2025Q2,ALMENDRAL,489695.66265772615
2025-04-24,2025Q2,ANTARCHILE,5404730.228415265
2025-04-24,2025Q2,IAM,1098242.0247988978
2025-04-24,2025Q2,INVERCAP,315038.0619452035
2025-04-24,2025Q2,QUINENCO,0.0
2025-04-25,2025Q2,ALMENDRAL,458477.3565947718
2025-04-25,2025Q2,ANTARCHILE,5371358.610100894
2025-04-25,2025Q2,IAM,1107470.9493770401
2025-04-25,2025Q2,INVERCAP,313868.8244114371
2025-04-25,2025Q2,QUINENCO,0.0
2025-04-26,2025Q2,ALMENDRAL,458477.3565947718
2025-04-26,2025Q2,ANTARCHILE,5371358.610100894
2025-04-26,2025Q2,IAM,1107470.9493770401
2025-04-26,2025Q2,INVERCAP,313868.8244114371
2025-04-26,2025Q2,QUINENCO,0.0
2025-04-27,2025Q2,ALMENDRAL,458477.3565947718
2025-04-27,2025Q2,ANTARCHILE,5371358.610100894
2025-04-27,2025Q2,IAM,1107470.9493770401
2025-04-27,2025Q2,INVERCAP,313868.8244114371
2025-04-27,2025Q2,QUINENCO,0.0
2025-04-28,2025Q2,ALMENDRAL,457929.3756904752
2025-04-28,2025Q2,ANTARCHILE,5397077.901489844
2025-04-28,2025Q2,IAM,1092397.0392327413
2025-04-28,2025Q2,INVERCAP,317577.9056991072
2025-04-28,2025Q2,QUINENCO,0.0
2025-04-29,2025Q2,ALMENDRAL,452831.4927323226
2025-04-29,2025Q2,ANTARCHILE,5393616.146857746
2025-04-29,2025Q2,IAM,1092089.40841347
2025-04-29,2025Q2,INVERCAP,319825.44006956933
2025-04-29,2025Q2,QUINENCO,0.0
2025-04-30,2025Q2,ALMENDRAL,454990.205385612
2025-04-30,2025Q2,ANTARCHILE,5402024.586109215
2025-04-30,2025Q2,IAM,1076400.2366306286
2025-04-30,2025Q2,INVERCAP,316343.710524576
2025-04-30,2025Q2,QUINENCO,0.0
2025-05-01,2025Q2,ALMENDRAL,454990.205385612
2025-05-01,2025Q2,ANTARCHILE,5402024.586109215
2025-05-01,2025Q2,IAM,1076400.2366306286
2025-05-01,2025Q2,INVERCAP,316343.710524576
2025-05-01,2025Q2,QUINENCO,0.0
2025-05-02,2025Q2,ALMENDRAL,464953.49455463997
2025-05-02,2025Q2,ANTARCHILE,5402041.436688878
2025-05-02,2025Q2,IAM,1075323.5287631787
2025-05-02,2025Q2,INVERCAP,321527.3302576071
2025-05-02,2025Q2,QUINENCO,0.0
2025-05-03,2025Q2,ALMENDRAL,464953.49455463997
2025-05-03,2025Q2,ANTARCHILE,5402041.436688878
2025-05-03,2025Q2,IAM,1075323.5287631787
2025-05-03,2025Q2,INVERCAP,321527.3302576071
2025-05-03,2025Q2,QUINENCO,0.0
2025-05-04,2025Q2,ALMENDRAL,464953.49455463997
2025-05-04,2025Q2,ANTARCHILE,5402041.436688878
2025-05-04,2025Q2,IAM,1075323.5287631787
2025-05-04,2025Q2,INVERCAP,321527.3302576071
2025-05-04,2025Q2,QUINENCO,0.0
2025-05-05,2025Q2,ALMENDRAL,464405.5136503434
2025-05-05,2025Q2,ANTARCHILE,5208618.775569535
2025-05-05,2025Q2,IAM,1073631.559257186
2025-05-05,2025Q2,INVERCAP,322677.080499144
2025-05-05,2025Q2,QUINENCO,0.0
2025-05-06,2025Q2,ALMENDRAL,451486.4486945038
2025-05-06,2025Q2,ANTARCHILE,5239553.759035721
2025-05-06,2025Q2,IAM,1061326.3264863298
2025-05-06,2025Q2,INVERCAP,320241.168970464
2025-05-06,2025Q2,QUINENCO,0.0
2025-05-07,2025Q2,ALMENDRAL,453047.36399765156
2025-05-07,2025Q2,ANTARCHILE,5306322.07458888
2025-05-07,2025Q2,IAM,1089013.100220756
2025-05-07,2025Q2,INVERCAP,319916.38076664
2025-05-07,2025Q2,QUINENCO,0.0
2025-05-08,2025Q2,ALMENDRAL,448348.01260626
2025-05-08,2025Q2,ANTARCHILE,5288438.302742884
2025-05-08,2025Q2,IAM,1079937.9910522497
2025-05-08,2025Q2,INVERCAP,314843.1890229091
2025-05-08,2025Q2,QUINENCO,0.0
2025-05-09,2025Q2,ALMENDRAL,451669.108995936
2025-05-09,2025Q2,ANTARCHILE,5365182.298219504
2025-05-09,2025Q2,IAM,1082860.483835328
2025-05-09,2025Q2,INVERCAP,314394.981301632
2025-05-09,2025Q2,QUINENCO,0.0
2025-05-10,2025Q2,ALMENDRAL,451669.108995936
2025-05-10,2025Q2,ANTARCHILE,5365182.298219504
2025-05-10,2025Q2,IAM,1082860.483835328
2025-05-10,2025Q2,INVERCAP,314394.981301632
2025-05-10,2025Q2,QUINENCO,0.0
2025-05-11,2025Q2,ALMENDRAL,451669.108995936
2025-05-11,2025Q2,ANTARCHILE,5365182.298219504
2025-05-11,2025Q2,IAM,1082860.483835328
2025-05-11,2025Q2,INVERCAP,314394.981301632
2025-05-11,2025Q2,QUINENCO,0.0
2025-05-12,2025Q2,ALMENDRAL,455969.92882056645
2025-05-12,2025Q2,ANTARCHILE,5479353.731648168
2025-05-12,2025Q2,IAM,1067478.942871758
2025-05-12,2025Q2,INVERCAP,318292.43974752
2025-05-12,2025Q2,QUINENCO,0.0
2025-05-13,2025Q2,ALMENDRAL,459589.9238853132
2025-05-13,2025Q2,ANTARCHILE,5491035.803579962
2025-05-13,2025Q2,IAM,1071785.7743415576
2025-05-13,2025Q2,INVERCAP,321209.0378178595
2025-05-13,2025Q2,QUINENCO,0.0
2025-05-14,2025Q2,ALMENDRAL,468274.590944316
2025-05-14,2025Q2,ANTARCHILE,5721904.419136323
2025-05-14,2025Q2,IAM,1104394.641184326
2025-05-14,2025Q2,INVERCAP,329666.5226454365
2025-05-14,2025Q2,QUINENCO,0.0
2025-05-15,2025Q2,ALMENDRAL,467294.8675093616
2025-05-15,2025Q2,ANTARCHILE,5684799.907773349
2025-05-15,2025Q2,IAM,1101318.3329916121
2025-05-15,2025Q2,INVERCAP,331810.1247906749
2025-05-15,2025Q2,QUINENCO,0.0
2025-05-16,2025Q2,ALMENDRAL,465401.84256724623
2025-05-16,2025Q2,ANTARCHILE,5805982.109666695
2025-05-16,2025Q2,IAM,1099441.7849940564
2025-05-16,2025Q2,INVERCAP,331966.0231285104
2025-05-16,2025Q2,QUINENCO,0.0
2025-05-17,2025Q2,ALMENDRAL,465401.84256724623
2025-05-17,2025Q2,ANTARCHILE,5805982.109666695
2025-05-17,2025Q2,IAM,1099441.7849940564
2025-05-17,2025Q2,INVERCAP,331966.0231285104
2025-05-17,2025Q2,QUINENCO,0.0
2025-05-18,2025Q2,ALMENDRAL,465401.84256724623
2025-05-18,2025Q2,ANTARCHILE,5805982.109666695
2025-05-18,2025Q2,IAM,1099441.7849940564
2025-05-18,2025Q2,INVERCAP,331966.0231285104
2025-05-18,2025Q2,QUINENCO,0.0
2025-05-19,2025Q2,ALMENDRAL,465302.20967555593
2025-05-19,2025Q2,ANTARCHILE,5716205.968889945
2025-05-19,2025Q2,IAM,1079784.175642614
2025-05-19,2025Q2,INVERCAP,332583.12071577605
2025-05-19,2025Q2,QUINENCO,0.0
2025-05-20,2025Q2,ALMENDRAL,465435.053531143
2025-05-20,2025Q2,ANTARCHILE,5728821.281179317
2025-05-20,2025Q2,IAM,1090520.4912351856
2025-05-20,2025Q2,INVERCAP,332907.9089196
2025-05-20,2025Q2,QUINENCO,0.0
2025-05-21,2025Q2,ALMENDRAL,465435.053531143
2025-05-21,2025Q2,ANTARCHILE,5728821.281179317
2025-05-21,2025Q2,IAM,1090520.4912351856
2025-05-21,2025Q2,INVERCAP,332907.9089196
2025-05-21,2025Q2,QUINENCO,0.0
2025-05-22,2025Q2,ALMENDRAL,464123.220457221
2025-05-22,2025Q2,ANTARCHILE,5653730.858249998
2025-05-22,2025Q2,IAM,1092089.40841347
2025-05-22,2025Q2,INVERCAP,334135.60833005473
2025-05-22,2025Q2,QUINENCO,0.0
2025-05-23,2025Q2,ALMENDRAL,459905.42804233247
2025-05-23,2025Q2,ANTARCHILE,5729320.889928119
2025-05-23,2025Q2,IAM,1084860.0841605922
2025-05-23,2025Q2,INVERCAP,335642.62559579813
2025-05-23,2025Q2,QUINENCO,0.0
2025-05-24,2025Q2,ALMENDRAL,459905.42804233247
2025-05-24,2025Q2,ANTARCHILE,5729320.889928119
2025-05-24,2025Q2,IAM,1084860.0841605922
2025-05-24,2025Q2,INVERCAP,335642.62559579813
2025-05-24,2025Q2,QUINENCO,0.0
2025-05-25,2025Q2,ALMENDRAL,459905.42804233247
2025-05-25,2025Q2,ANTARCHILE,5729320.889928119
2025-05-25,2025Q2,IAM,1084860.0841605922
2025-05-25,2025Q2,INVERCAP,335642.62559579813
2025-05-25,2025Q2,QUINENCO,0.0
2025-05-26,2025Q2,ALMENDRAL,463508.817625131
2025-05-26,2025Q2,ANTARCHILE,5715663.607275172
2025-05-26,2025Q2,IAM,1082860.483835328
2025-05-26,2025Q2,INVERCAP,338786.5754088144
2025-05-26,2025Q2,QUINENCO,0.0
2025-05-27,2025Q2,ALMENDRAL,465667.5302784203
2025-05-27,2025Q2,ANTARCHILE,5729575.12578332
2025-05-27,2025Q2,IAM,1089013.100220756
2025-05-27,2025Q2,INVERCAP,338689.13894766726
2025-05-27,2025Q2,QUINENCO,0.0
2025-05-28,2025Q2,ALMENDRAL,463126.8915403182
2025-05-28,2025Q2,ANTARCHILE,5645753.886848548
2025-05-28,2025Q2,IAM,1069939.9894259293
2025-05-28,2025Q2,INVERCAP,335818.01122586307
2025-05-28,2025Q2,QUINENCO,0.0
2025-05-29,2025Q2,ALMENDRAL,459141.57587270695
2025-05-29,2025Q2,ANTARCHILE,5638171.12600053
2025-05-29,2025Q2,IAM,1064402.634679044
2025-05-29,2025Q2,INVERCAP,338299.3931030784
2025-05-29,2025Q2,QUINENCO,0.0
2025-05-30,2025Q2,ALMENDRAL,458643.4114142556
2025-05-30,2025Q2,ANTARCHILE,5402041.436688878
2025-05-30,2025Q2,IAM,1073631.559257186
2025-05-30,2025Q2,INVERCAP,328036.08586224
2025-05-30,2025Q2,QUINENCO,0.0
2025-05-31,2025Q2,ALMENDRAL,458643.4114142556
2025-05-31,2025Q2,ANTARCHILE,5402041.436688878
2025-05-31,2025Q2,IAM,1073631.559257186
2025-05-31,2025Q2,INVERCAP,328036.08586224
2025-05-31,2025Q2,QUINENCO,0.0
2025-06-01,2025Q2,ALMENDRAL,458643.4114142556
2025-06-01,2025Q2,ANTARCHILE,5402041.436688878
2025-06-01,2025Q2,IAM,1073631.559257186
2025-06-01,2025Q2,INVERCAP,328036.08586224
2025-06-01,2025Q2,QUINENCO,0.0
2025-06-02,2025Q2,ALMENDRAL,459805.79515064217
2025-06-02,2025Q2,ANTARCHILE,5325247.6280534025
2025-06-02,2025Q2,IAM,1064371.871597117
2025-06-02,2025Q2,INVERCAP,326671.9754061792
2025-06-02,2025Q2,QUINENCO,0.0
2025-06-03,2025Q2,ALMENDRAL,469287.5253431672
2025-06-03,2025Q2,ANTARCHILE,5324471.762808805
2025-06-03,2025Q2,IAM,1055173.710100902
2025-06-03,2025Q2,INVERCAP,325704.10655878374
2025-06-03,2025Q2,QUINENCO,0.0
2025-06-04,2025Q2,ALMENDRAL,473256.23552883
2025-06-04,2025Q2,ANTARCHILE,5294680.403019253
2025-06-04,2025Q2,IAM,1055173.710100902
2025-06-04,2025Q2,INVERCAP,337325.0284916064
2025-06-04,2025Q2,QUINENCO,0.0
2025-06-05,2025Q2,ALMENDRAL,465617.71383257513
2025-06-05,2025Q2,ANTARCHILE,5359146.83637988
2025-06-05,2025Q2,IAM,1045914.0224408328
2025-06-05,2025Q2,INVERCAP,340637.8681706112
2025-06-05,2025Q2,QUINENCO,0.0
2025-06-06,2025Q2,ALMENDRAL,470848.4406463149
2025-06-06,2025Q2,ANTARCHILE,5386386.3728391
2025-06-06,2025Q2,IAM,1045944.78552276
2025-06-06,2025Q2,INVERCAP,339793.41884066886
2025-06-06,2025Q2,QUINENCO,0.0
2025-06-07,2025Q2,ALMENDRAL,470848.4406463149
2025-06-07,2025Q2,ANTARCHILE,5386386.3728391
2025-06-07,2025Q2,IAM,1045944.78552276
2025-06-07,2025Q2,INVERCAP,339793.41884066886
2025-06-07,2025Q2,QUINENCO,0.0
2025-06-08,2025Q2,ALMENDRAL,470848.4406463149
2025-06-08,2025Q2,ANTARCHILE,5386386.3728391
2025-06-08,2025Q2,IAM,1045944.78552276
2025-06-08,2025Q2,INVERCAP,339793.41884066886
2025-06-08,2025Q2,QUINENCO,0.0
2025-06-09,2025Q2,ALMENDRAL,479715.7680067498
2025-06-09,2025Q2,ANTARCHILE,5361628.303071033
2025-06-09,2025Q2,IAM,1009029.087210192
2025-06-09,2025Q2,INVERCAP,337916.1430225661
2025-06-09,2025Q2,QUINENCO,0.0
2025-06-10,2025Q2,ALMENDRAL,493747.4002531309
2025-06-10,2025Q2,ANTARCHILE,5385593.657014839
2025-06-10,2025Q2,IAM,1018873.2734268768
2025-06-10,2025Q2,INVERCAP,336954.76993924705
2025-06-10,2025Q2,QUINENCO,0.0
2025-06-11,2025Q2,ALMENDRAL,489147.68175342964
2025-06-11,2025Q2,ANTARCHILE,5385792.909650253
2025-06-11,2025Q2,IAM,1030624.7707230442
2025-06-11,2025Q2,INVERCAP,329984.815085184
2025-06-11,2025Q2,QUINENCO,0.0
2025-06-12,2025Q2,ALMENDRAL,486108.87855687615
2025-06-12,2025Q2,ANTARCHILE,5417302.289985225
2025-06-12,2025Q2,IAM,1030563.24455919
2025-06-12,2025Q2,INVERCAP,325801.54301993095
2025-06-12,2025Q2,QUINENCO,0.0
2025-06-13,2025Q2,ALMENDRAL,486241.7224124631
2025-06-13,2025Q2,ANTARCHILE,5395816.186992169
2025-06-13,2025Q2,IAM,1025948.7822701191
2025-06-13,2025Q2,INVERCAP,321982.03374296066
2025-06-13,2025Q2,QUINENCO,0.0
2025-06-14,2025Q2,ALMENDRAL,486241.7224124631
2025-06-14,2025Q2,ANTARCHILE,5395816.186992169
2025-06-14,2025Q2,IAM,1025948.7822701191
2025-06-14,2025Q2,INVERCAP,321982.03374296066
2025-06-14,2025Q2,QUINENCO,0.0
2025-06-15,2025Q2,ALMENDRAL,486241.7224124631
2025-06-15,2025Q2,ANTARCHILE,5395816.186992169
2025-06-15,2025Q2,IAM,1025948.7822701191
2025-06-15,2025Q2,INVERCAP,321982.03374296066
2025-06-15,2025Q2,QUINENCO,0.0
2025-06-16,2025Q2,ALMENDRAL,484049.798795277
2025-06-16,2025Q2,ANTARCHILE,5345630.816840384
2025-06-16,2025Q2,IAM,1024410.6281737619
2025-06-16,2025Q2,INVERCAP,323781.3603921456
2025-06-16,2025Q2,QUINENCO,0.0
2025-06-17,2025Q2,ALMENDRAL,484880.07289269596
2025-06-17,2025Q2,ANTARCHILE,5255638.074995118
2025-06-17,2025Q2,IAM,1021611.1877183921
2025-06-17,2025Q2,INVERCAP,319994.3299355578
2025-06-17,2025Q2,QUINENCO,0.0
2025-06-18,2025Q2,ALMENDRAL,487071.9965098821
2025-06-18,2025Q2,ANTARCHILE,5166773.342680398
2025-06-18,2025Q2,IAM,1015181.70359562
2025-06-18,2025Q2,INVERCAP,320208.69015008165
2025-06-18,2025Q2,QUINENCO,0.0
2025-06-19,2025Q2,ALMENDRAL,482555.3054199228
2025-06-19,2025Q2,ANTARCHILE,5137091.949330418
2025-06-19,2025Q2,IAM,1015181.70359562
2025-06-19,2025Q2,INVERCAP,307736.82312323997
2025-06-19,2025Q2,QUINENCO,0.0
2025-06-20,2025Q2,ALMENDRAL,482555.3054199228
2025-06-20,2025Q2,ANTARCHILE,5137091.949330418
2025-06-20,2025Q2,IAM,1015181.70359562
2025-06-20,2025Q2,INVERCAP,307736.82312323997
2025-06-20,2025Q2,QUINENCO,0.0
2025-06-21,2025Q2,ALMENDRAL,482555.3054199228
2025-06-21,2025Q2,ANTARCHILE,5137091.949330418
2025-06-21,2025Q2,IAM,1015181.70359562
2025-06-21,2025Q2,INVERCAP,307736.82312323997
2025-06-21,2025Q2,QUINENCO,0.0
2025-06-22,2025Q2,ALMENDRAL,482555.3054199228
2025-06-22,2025Q2,ANTARCHILE,5137091.949330418
2025-06-22,2025Q2,IAM,1015181.70359562
2025-06-22,2025Q2,INVERCAP,307736.82312323997
2025-06-22,2025Q2,QUINENCO,0.0
2025-06-23,2025Q2,ALMENDRAL,486540.62108753395
2025-06-23,2025Q2,ANTARCHILE,5153634.18526123
2025-06-23,2025Q2,IAM,1009029.087210192
2025-06-23,2025Q2,INVERCAP,301396.95738459553
2025-06-23,2025Q2,QUINENCO,0.0
2025-06-24,2025Q2,ALMENDRAL,480728.702405601
2025-06-24,2025Q2,ANTARCHILE,5383315.135859767
2025-06-24,2025Q2,IAM,1033639.552751904
2025-06-24,2025Q2,INVERCAP,307899.217225152
2025-06-24,2025Q2,QUINENCO,0.0
2025-06-25,2025Q2,ALMENDRAL,487985.298017043
2025-06-25,2025Q2,ANTARCHILE,5269707.707196377
2025-06-25,2025Q2,IAM,1033639.552751904
2025-06-25,2025Q2,INVERCAP,307899.217225152
2025-06-25,2025Q2,QUINENCO,0.0
2025-06-26,2025Q2,ALMENDRAL,491356.21085256414
2025-06-26,2025Q2,ANTARCHILE,5367026.397204024
2025-06-26,2025Q2,IAM,1025025.8898123048
2025-06-26,2025Q2,INVERCAP,312530.69701168226
2025-06-26,2025Q2,QUINENCO,0.0
2025-06-27,2025Q2,ALMENDRAL,491024.1012135966
2025-06-27,2025Q2,ANTARCHILE,5368867.353122962
2025-06-27,2025Q2,IAM,1045944.78552276
2025-06-27,2025Q2,INVERCAP,310497.522855744
2025-06-27,2025Q2,QUINENCO,0.0
2025-06-28,2025Q2,ALMENDRAL,491024.1012135966
2025-06-28,2025Q2,ANTARCHILE,5368867.353122962
2025-06-28,2025Q2,IAM,1045944.78552276
2025-06-28,2025Q2,INVERCAP,310497.522855744
2025-06-28,2025Q2,QUINENCO,0.0
2025-06-29,2025Q2,ALMENDRAL,491024.1012135966
2025-06-29,2025Q2,ANTARCHILE,5368867.353122962
2025-06-29,2025Q2,IAM,1045944.78552276
2025-06-29,2025Q2,INVERCAP,310497.522855744
2025-06-29,2025Q2,QUINENCO,0.0
2025-06-30,2025Q2,ALMENDRAL,498264.09134309023
2025-06-30,2025Q2,ANTARCHILE,5281562.527660547
2025-06-30,2025Q2,IAM,1045944.78552276
2025-06-30,2025Q2,INVERCAP,311699.2392098928
2025-06-30,2025Q2,QUINENCO,0.0
2025-07-01,2025Q3,ALMENDRAL,497599.87206515507
2025-07-01,2025Q3,ANTARCHILE,5276891.962773567
2025-07-01,2025Q3,IAM,1030563.24455919
2025-07-01,2025Q3,INVERCAP,310828.8068236445
2025-07-01,2025Q3,QUINENCO,0.0
2025-07-02,2025Q3,ALMENDRAL,500904.36297288263
2025-07-02,2025Q3,ANTARCHILE,5343009.014360963
2025-07-02,2025Q3,IAM,1036408.2301253466
2025-07-02,2025Q3,INVERCAP,317967.651543696
2025-07-02,2025Q3,QUINENCO,0.0
2025-07-03,2025Q3,ALMENDRAL,511465.4494920524
2025-07-03,2025Q3,ANTARCHILE,5321552.9196265675
2025-07-03,2025Q3,IAM,1032316.7402290369
2025-07-03,2025Q3,INVERCAP,319909.88500256353
2025-07-03,2025Q3,QUINENCO,0.0
2025-07-04,2025Q3,ALMENDRAL,509157.2875012275
2025-07-04,2025Q3,ANTARCHILE,5318111.708474799
2025-07-04,2025Q3,IAM,1032716.6602940897
2025-07-04,2025Q3,INVERCAP,321624.7667187543
2025-07-04,2025Q3,QUINENCO,0.0
2025-07-05,2025Q3,ALMENDRAL,509157.2875012275
2025-07-05,2025Q3,ANTARCHILE,5318111.708474799
2025-07-05,2025Q3,IAM,1032716.6602940897
2025-07-05,2025Q3,INVERCAP,321624.7667187543
2025-07-05,2025Q3,QUINENCO,0.0
2025-07-06,2025Q3,ALMENDRAL,509157.2875012275
2025-07-06,2025Q3,ANTARCHILE,5318111.708474799
2025-07-06,2025Q3,IAM,1032716.6602940897
2025-07-06,2025Q3,INVERCAP,321624.7667187543
2025-07-06,2025Q3,QUINENCO,0.0
2025-07-07,2025Q3,ALMENDRAL,511913.79750465864
2025-07-07,2025Q3,ANTARCHILE,5317816.454040644
2025-07-07,2025Q3,IAM,1039423.0121542063
2025-07-07,2025Q3,INVERCAP,314453.4431783203
2025-07-07,2025Q3,QUINENCO,0.0
2025-07-08,2025Q3,ALMENDRAL,512046.64136024565
2025-07-08,2025Q3,ANTARCHILE,5309363.853144638
2025-07-08,2025Q3,IAM,1033639.552751904
2025-07-08,2025Q3,INVERCAP,314226.0914356435
2025-07-08,2025Q3,QUINENCO,0.0
2025-07-09,2025Q3,ALMENDRAL,511083.52340723964
2025-07-09,2025Q3,ANTARCHILE,5291886.899695983
2025-07-09,2025Q3,IAM,1029947.9829206472
2025-07-09,2025Q3,INVERCAP,305300.91159456
2025-07-09,2025Q3,QUINENCO,0.0
2025-07-10,2025Q3,ALMENDRAL,509788.29581526597
2025-07-10,2025Q3,ANTARCHILE,5250498.648198129
2025-07-10,2025Q3,IAM,1024041.4711906363
2025-07-10,2025Q3,INVERCAP,310620.9423731971
2025-07-10,2025Q3,QUINENCO,0.0
2025-07-11,2025Q3,ALMENDRAL,502315.82893849496
2025-07-11,2025Q3,ANTARCHILE,5181516.998068147
2025-07-11,2025Q3,IAM,1021334.3199810479
2025-07-11,2025Q3,INVERCAP,309445.2090753543
2025-07-11,2025Q3,QUINENCO,0.0
2025-07-12,2025Q3,ALMENDRAL,502315.82893849496
2025-07-12,2025Q3,ANTARCHILE,5181516.998068147
2025-07-12,2025Q3,IAM,1021334.3199810479
2025-07-12,2025Q3,INVERCAP,309445.2090753543
2025-07-12,2025Q3,QUINENCO,0.0
2025-07-13,2025Q3,ALMENDRAL,502315.82893849496
2025-07-13,2025Q3,ANTARCHILE,5181516.998068147
2025-07-13,2025Q3,IAM,1021334.3199810479
2025-07-13,2025Q3,INVERCAP,309445.2090753543
2025-07-13,2025Q3,QUINENCO,0.0
2025-07-14,2025Q3,ALMENDRAL,499825.00664623803
2025-07-14,2025Q3,ANTARCHILE,5196329.532934813
2025-07-14,2025Q3,IAM,1018258.011788334
2025-07-14,2025Q3,INVERCAP,309198.37004044803
2025-07-14,2025Q3,QUINENCO,0.0
2025-07-15,2025Q3,ALMENDRAL,501236.47261185024
2025-07-15,2025Q3,ANTARCHILE,5137331.550346357
2025-07-15,2025Q3,IAM,1021026.6891617766
2025-07-15,2025Q3,INVERCAP,305365.86923532485
2025-07-15,2025Q3,QUINENCO,0.0
2025-07-16,2025Q3,ALMENDRAL,501236.47261185024
2025-07-16,2025Q3,ANTARCHILE,5137331.550346357
2025-07-16,2025Q3,IAM,1021026.6891617766
2025-07-16,2025Q3,INVERCAP,305365.86923532485
2025-07-16,2025Q3,QUINENCO,0.0
2025-07-17,2025Q3,ALMENDRAL,500007.66694767016
2025-07-17,2025Q3,ANTARCHILE,5140789.612077787
2025-07-17,2025Q3,IAM,1003799.3632825782
2025-07-17,2025Q3,INVERCAP,308548.7936328
2025-07-17,2025Q3,QUINENCO,0.0
2025-07-18,2025Q3,ALMENDRAL,501867.48092588875
2025-07-18,2025Q3,ANTARCHILE,5081335.925258317
2025-07-18,2025Q3,IAM,995831.7250634489
2025-07-18,2025Q3,INVERCAP,309523.158244272
2025-07-18,2025Q3,QUINENCO,0.0
2025-07-19,2025Q3,ALMENDRAL,501867.48092588875
2025-07-19,2025Q3,ANTARCHILE,5081335.925258317
2025-07-19,2025Q3,IAM,995831.7250634489
2025-07-19,2025Q3,INVERCAP,309523.158244272
2025-07-19,2025Q3,QUINENCO,0.0
2025-07-20,2025Q3,ALMENDRAL,501867.48092588875
2025-07-20,2025Q3,ANTARCHILE,5081335.925258317
2025-07-20,2025Q3,IAM,995831.7250634489
2025-07-20,2025Q3,INVERCAP,309523.158244272
2025-07-20,2025Q3,QUINENCO,0.0
2025-07-21,2025Q3,ALMENDRAL,514603.88558029616
2025-07-21,2025Q3,ANTARCHILE,5076529.8171539055
2025-07-21,2025Q3,IAM,1002538.0769235654
2025-07-21,2025Q3,INVERCAP,308548.7936328
2025-07-21,2025Q3,QUINENCO,0.0
2025-07-22,2025Q3,ALMENDRAL,509339.94780265976
2025-07-22,2025Q3,ANTARCHILE,5013285.48849056
2025-07-22,2025Q3,IAM,993647.546246622
2025-07-22,2025Q3,INVERCAP,308542.2978687235
2025-07-22,2025Q3,QUINENCO,0.0
2025-07-23,2025Q3,ALMENDRAL,506450.5939436416
2025-07-23,2025Q3,ANTARCHILE,5049933.557042387
2025-07-23,2025Q3,IAM,1002876.470824764
2025-07-23,2025Q3,INVERCAP,306275.276206032
2025-07-23,2025Q3,QUINENCO,0.0
2025-07-24,2025Q3,ALMENDRAL,506965.3638840414
2025-07-24,2025Q3,ANTARCHILE,5122794.533395355
2025-07-24,2025Q3,IAM,1010567.241306549
2025-07-24,2025Q3,INVERCAP,308626.7428017177
2025-07-24,2025Q3,QUINENCO,0.0
2025-07-25,2025Q3,ALMENDRAL,514603.88558029616
2025-07-25,2025Q3,ANTARCHILE,5308186.717053727
2025-07-25,2025Q3,IAM,1015181.70359562
2025-07-25,2025Q3,INVERCAP,309886.92103255494
2025-07-25,2025Q3,QUINENCO,0.0
2025-07-26,2025Q3,ALMENDRAL,514603.88558029616
2025-07-26,2025Q3,ANTARCHILE,5308186.717053727
2025-07-26,2025Q3,IAM,1015181.70359562
2025-07-26,2025Q3,INVERCAP,309886.92103255494
2025-07-26,2025Q3,QUINENCO,0.0
2025-07-27,2025Q3,ALMENDRAL,514603.88558029616
2025-07-27,2025Q3,ANTARCHILE,5308186.717053727
2025-07-27,2025Q3,IAM,1015181.70359562
2025-07-27,2025Q3,INVERCAP,309886.92103255494
2025-07-27,2025Q3,QUINENCO,0.0
2025-07-28,2025Q3,ALMENDRAL,509124.07653733075
2025-07-28,2025Q3,ANTARCHILE,5267723.770277031
2025-07-28,2025Q3,IAM,999800.16263205
2025-07-28,2025Q3,INVERCAP,303111.83910078625
2025-07-28,2025Q3,QUINENCO,0.0
2025-07-29,2025Q3,ALMENDRAL,521246.0783596482
2025-07-29,2025Q3,ANTARCHILE,5254364.816742119
2025-07-29,2025Q3,IAM,995985.5404730845
2025-07-29,2025Q3,INVERCAP,303352.182371616
2025-07-29,2025Q3,QUINENCO,0.0
2025-07-30,2025Q3,ALMENDRAL,524733.229568808
2025-07-30,2025Q3,ANTARCHILE,5304732.3482229635
2025-07-30,2025Q3,IAM,985495.32953593
2025-07-30,2025Q3,INVERCAP,299974.38505184645
2025-07-30,2025Q3,QUINENCO,0.0
2025-07-31,2025Q3,ALMENDRAL,530677.992106328
2025-07-31,2025Q3,ANTARCHILE,5346911.838384812
2025-07-31,2025Q3,IAM,984726.2524877514
2025-07-31,2025Q3,INVERCAP,300753.87674102397
2025-07-31,2025Q3,QUINENCO,0.0
2025-08-01,2025Q3,ALMENDRAL,534547.0694003005
2025-08-01,2025Q3,ANTARCHILE,5301523.352285801
2025-08-01,2025Q3,IAM,984418.62166848
2025-08-01,2025Q3,INVERCAP,303936.8011384992
2025-08-01,2025Q3,QUINENCO,0.0
2025-08-02,2025Q3,ALMENDRAL,534547.0694003005
2025-08-02,2025Q3,ANTARCHILE,5301523.352285801
2025-08-02,2025Q3,IAM,984418.62166848
2025-08-02,2025Q3,INVERCAP,303936.8011384992
2025-08-02,2025Q3,QUINENCO,0.0
2025-08-03,2025Q3,ALMENDRAL,534547.0694003005
2025-08-03,2025Q3,ANTARCHILE,5301523.352285801
2025-08-03,2025Q3,IAM,984418.62166848
2025-08-03,2025Q3,INVERCAP,303936.8011384992
2025-08-03,2025Q3,QUINENCO,0.0
2025-08-04,2025Q3,ALMENDRAL,541338.711517188
2025-08-04,2025Q3,ANTARCHILE,5359035.529543445
2025-08-04,2025Q3,IAM,991340.3151020865
2025-08-04,2025Q3,INVERCAP,304833.21658105345
2025-08-04,2025Q3,QUINENCO,0.0
2025-08-05,2025Q3,ALMENDRAL,531375.42234816
2025-08-05,2025Q3,ANTARCHILE,5286006.047393854
2025-08-05,2025Q3,IAM,997954.3777164215
2025-08-05,2025Q3,INVERCAP,304943.6445703536
2025-08-05,2025Q3,QUINENCO,0.0
2025-08-06,2025Q3,ALMENDRAL,534696.518737836
2025-08-06,2025Q3,ANTARCHILE,5287269.840868523
2025-08-06,2025Q3,IAM,1004414.6249211209
2025-08-06,2025Q3,INVERCAP,306567.5855894736
2025-08-06,2025Q3,QUINENCO,0.0
2025-08-07,2025Q3,ALMENDRAL,538017.615127512
2025-08-07,2025Q3,ANTARCHILE,5507173.762362283
2025-08-07,2025Q3,IAM,1002845.7077428369
2025-08-07,2025Q3,INVERCAP,306600.06440985604
2025-08-07,2025Q3,QUINENCO,0.0
2025-08-08,2025Q3,ALMENDRAL,536340.4614507256
2025-08-08,2025Q3,ANTARCHILE,5596850.276821325
2025-08-08,2025Q3,IAM,1015181.70359562
2025-08-08,2025Q3,INVERCAP,306535.1067690912
2025-08-08,2025Q3,QUINENCO,0.0
2025-08-09,2025Q3,ALMENDRAL,536340.4614507256
2025-08-09,2025Q3,ANTARCHILE,5596850.276821325
2025-08-09,2025Q3,IAM,1015181.70359562
2025-08-09,2025Q3,INVERCAP,306535.1067690912
2025-08-09,2025Q3,QUINENCO,0.0
2025-08-10,2025Q3,ALMENDRAL,536340.4614507256
2025-08-10,2025Q3,ANTARCHILE,5596850.276821325
2025-08-10,2025Q3,IAM,1015181.70359562
2025-08-10,2025Q3,INVERCAP,306535.1067690912
2025-08-10,2025Q3,QUINENCO,0.0
2025-08-11,2025Q3,ALMENDRAL,531375.42234816
2025-08-11,2025Q3,ANTARCHILE,5611727.259686105
2025-08-11,2025Q3,IAM,1013643.5494992629
2025-08-11,2025Q3,INVERCAP,310432.56521497923
2025-08-11,2025Q3,QUINENCO,0.0
2025-08-12,2025Q3,ALMENDRAL,534696.518737836
2025-08-12,2025Q3,ANTARCHILE,5599144.909975925
2025-08-12,2025Q3,IAM,1015181.70359562
2025-08-12,2025Q3,INVERCAP,311796.67567104
2025-08-12,2025Q3,QUINENCO,0.0
2025-08-13,2025Q3,ALMENDRAL,538017.615127512
2025-08-13,2025Q3,ANTARCHILE,5610968.983601303
2025-08-13,2025Q3,IAM,1030563.24455919
2025-08-13,2025Q3,INVERCAP,312121.46387486404
2025-08-13,2025Q3,QUINENCO,0.0
2025-08-14,2025Q3,ALMENDRAL,539013.9440444148
2025-08-14,2025Q3,ANTARCHILE,5595957.934679357
2025-08-14,2025Q3,IAM,1039761.4060554049
2025-08-14,2025Q3,INVERCAP,312835.9979232768
2025-08-14,2025Q3,QUINENCO,0.0
2025-08-15,2025Q3,ALMENDRAL,539013.9440444148
2025-08-15,2025Q3,ANTARCHILE,5595957.934679357
2025-08-15,2025Q3,IAM,1039761.4060554049
2025-08-15,2025Q3,INVERCAP,312835.9979232768
2025-08-15,2025Q3,QUINENCO,0.0
2025-08-16,2025Q3,ALMENDRAL,539013.9440444148
2025-08-16,2025Q3,ANTARCHILE,5595957.934679357
2025-08-16,2025Q3,IAM,1039761.4060554049
2025-08-16,2025Q3,INVERCAP,312835.9979232768
2025-08-16,2025Q3,QUINENCO,0.0
2025-08-17,2025Q3,ALMENDRAL,539013.9440444148
2025-08-17,2025Q3,ANTARCHILE,5595957.934679357
2025-08-17,2025Q3,IAM,1039761.4060554049
2025-08-17,2025Q3,INVERCAP,312835.9979232768
2025-08-17,2025Q3,QUINENCO,0.0
2025-08-18,2025Q3,ALMENDRAL,531375.42234816
2025-08-18,2025Q3,ANTARCHILE,5733667.7376642525
2025-08-18,2025Q3,IAM,1039792.1691373319
2025-08-18,2025Q3,INVERCAP,313160.7861271008
2025-08-18,2025Q3,QUINENCO,0.0
2025-08-19,2025Q3,ALMENDRAL,534198.3542793846
2025-08-19,2025Q3,ANTARCHILE,5791659.1169537725
2025-08-19,2025Q3,IAM,1039792.1691373319
2025-08-19,2025Q3,INVERCAP,311926.5909525696
2025-08-19,2025Q3,QUINENCO,0.0
2025-08-20,2025Q3,ALMENDRAL,520598.4645636614
2025-08-20,2025Q3,ANTARCHILE,5785366.464938415
2025-08-20,2025Q3,IAM,1029486.5366917399
2025-08-20,2025Q3,INVERCAP,312706.0826417472
2025-08-20,2025Q3,QUINENCO,0.0
2025-08-21,2025Q3,ALMENDRAL,531375.42234816
2025-08-21,2025Q3,ANTARCHILE,5807430.65770092
2025-08-21,2025Q3,IAM,1031332.3216073685
2025-08-21,2025Q3,INVERCAP,311413.4255905277
2025-08-21,2025Q3,QUINENCO,0.0
2025-08-22,2025Q3,ALMENDRAL,533135.6034346882
2025-08-22,2025Q3,ANTARCHILE,5997828.940679249
2025-08-22,2025Q3,IAM,1045944.78552276
2025-08-22,2025Q3,INVERCAP,315629.1764761632
2025-08-22,2025Q3,QUINENCO,0.0
2025-08-23,2025Q3,ALMENDRAL,533135.6034346882
2025-08-23,2025Q3,ANTARCHILE,5997828.940679249
2025-08-23,2025Q3,IAM,1045944.78552276
2025-08-23,2025Q3,INVERCAP,315629.1764761632
2025-08-23,2025Q3,QUINENCO,0.0
2025-08-24,2025Q3,ALMENDRAL,533135.6034346882
2025-08-24,2025Q3,ANTARCHILE,5997828.940679249
2025-08-24,2025Q3,IAM,1045944.78552276
2025-08-24,2025Q3,INVERCAP,315629.1764761632
2025-08-24,2025Q3,QUINENCO,0.0
2025-08-25,2025Q3,ALMENDRAL,545490.082004283
2025-08-25,2025Q3,ANTARCHILE,5985768.220358469
2025-08-25,2025Q3,IAM,1053574.0298406908
2025-08-25,2025Q3,INVERCAP,321540.32178576005
2025-08-25,2025Q3,QUINENCO,0.0
2025-08-26,2025Q3,ALMENDRAL,540674.4922392528
2025-08-26,2025Q3,ANTARCHILE,5831294.908166752
2025-08-26,2025Q3,IAM,1039822.9322192591
2025-08-26,2025Q3,INVERCAP,321215.53358193603
2025-08-26,2025Q3,QUINENCO,0.0
2025-08-27,2025Q3,ALMENDRAL,547150.630199121
2025-08-27,2025Q3,ANTARCHILE,5935038.839086653
2025-08-27,2025Q3,IAM,1043391.4497228074
2025-08-27,2025Q3,INVERCAP,323943.7544940576
2025-08-27,2025Q3,QUINENCO,0.0
2025-08-28,2025Q3,ALMENDRAL,547980.90429654
2025-08-28,2025Q3,ANTARCHILE,5991186.119391653
2025-08-28,2025Q3,IAM,1057634.7566550733
2025-08-28,2025Q3,INVERCAP,335116.4687056032
2025-08-28,2025Q3,QUINENCO,0.0
2025-08-29,2025Q3,ALMENDRAL,556615.7549096976
2025-08-29,2025Q3,ANTARCHILE,5952696.167595706
2025-08-29,2025Q3,IAM,1052097.401908188
2025-08-29,2025Q3,INVERCAP,337649.81669543043
2025-08-29,2025Q3,QUINENCO,0.0
2025-08-30,2025Q3,ALMENDRAL,556615.7549096976
2025-08-30,2025Q3,ANTARCHILE,5952696.167595706
2025-08-30,2025Q3,IAM,1052097.401908188
2025-08-30,2025Q3,INVERCAP,337649.81669543043
2025-08-30,2025Q3,QUINENCO,0.0
2025-08-31,2025Q3,ALMENDRAL,556615.7549096976
2025-08-31,2025Q3,ANTARCHILE,5952696.167595706
2025-08-31,2025Q3,IAM,1052097.401908188
2025-08-31,2025Q3,INVERCAP,337649.81669543043
2025-08-31,2025Q3,QUINENCO,0.0
2025-09-01,2025Q3,ALMENDRAL,567758.0332970605
2025-09-01,2025Q3,ANTARCHILE,5998528.488661956
2025-09-01,2025Q3,IAM,1052097.401908188
2025-09-01,2025Q3,INVERCAP,337864.1769099543
2025-09-01,2025Q3,QUINENCO,0.0
2025-09-02,2025Q3,ALMENDRAL,567077.208537177
2025-09-02,2025Q3,ANTARCHILE,6054346.93373682
2025-09-02,2025Q3,IAM,1052097.401908188
2025-09-02,2025Q3,INVERCAP,342261.8091897312
2025-09-02,2025Q3,QUINENCO,0.0
2025-09-03,2025Q3,ALMENDRAL,561016.2076260183
2025-09-03,2025Q3,ANTARCHILE,6101282.718844227
2025-09-03,2025Q3,IAM,1064402.634679044
2025-09-03,2025Q3,INVERCAP,348107.9968585632
2025-09-03,2025Q3,QUINENCO,0.0
2025-09-04,2025Q3,ALMENDRAL,564470.1478712814
2025-09-04,2025Q3,ANTARCHILE,6157265.736088356
2025-09-04,2025Q3,IAM,1076707.8674499001
2025-09-04,2025Q3,INVERCAP,347523.37809168
2025-09-04,2025Q3,QUINENCO,0.0
2025-09-05,2025Q3,ALMENDRAL,558193.2756947937
2025-09-05,2025Q3,ANTARCHILE,6089105.2125176815
2025-09-05,2025Q3,IAM,1092089.40841347
2025-09-05,2025Q3,INVERCAP,348172.95449932804
2025-09-05,2025Q3,QUINENCO,0.0
2025-09-06,2025Q3,ALMENDRAL,558193.2756947937
2025-09-06,2025Q3,ANTARCHILE,6089105.2125176815
2025-09-06,2025Q3,IAM,1092089.40841347
2025-09-06,2025Q3,INVERCAP,348172.95449932804
2025-09-06,2025Q3,QUINENCO,0.0
2025-09-07,2025Q3,ALMENDRAL,558193.2756947937
2025-09-07,2025Q3,ANTARCHILE,6089105.2125176815
2025-09-07,2025Q3,IAM,1092089.40841347
2025-09-07,2025Q3,INVERCAP,348172.95449932804
2025-09-07,2025Q3,QUINENCO,0.0
2025-09-08,2025Q3,ALMENDRAL,552846.3105074153
2025-09-08,2025Q3,ANTARCHILE,6036214.096096558
2025-09-08,2025Q3,IAM,1076707.8674499001
2025-09-08,2025Q3,INVERCAP,344340.4536942048
2025-09-08,2025Q3,QUINENCO,0.0
2025-09-09,2025Q3,ALMENDRAL,551302.0006862159
2025-09-09,2025Q3,ANTARCHILE,5958689.992639586
2025-09-09,2025Q3,IAM,1085936.792028042
2025-09-09,2025Q3,INVERCAP,342326.766830496
2025-09-09,2025Q3,QUINENCO,0.0
2025-09-10,2025Q3,ALMENDRAL,550820.441709713
2025-09-10,2025Q3,ANTARCHILE,5956942.513670596
2025-09-10,2025Q3,IAM,1107163.3185577686
2025-09-10,2025Q3,INVERCAP,344275.49605344003
2025-09-10,2025Q3,QUINENCO,0.0
2025-09-11,2025Q3,ALMENDRAL,571062.5242047881
2025-09-11,2025Q3,ANTARCHILE,6159367.077230253
2025-09-11,2025Q3,IAM,1113623.565762468
2025-09-11,2025Q3,INVERCAP,350706.3024891552
2025-09-11,2025Q3,QUINENCO,0.0
2025-09-12,2025Q3,ALMENDRAL,576093.9852351473
2025-09-12,2025Q3,ANTARCHILE,6004804.342079294
2025-09-12,2025Q3,IAM,1113623.565762468
2025-09-12,2025Q3,INVERCAP,350771.26012992
2025-09-12,2025Q3,QUINENCO,0.0
2025-09-13,2025Q3,ALMENDRAL,576093.9852351473
2025-09-13,2025Q3,ANTARCHILE,6004804.342079294
2025-09-13,2025Q3,IAM,1113623.565762468
2025-09-13,2025Q3,INVERCAP,350771.26012992
2025-09-13,2025Q3,QUINENCO,0.0
2025-09-14,2025Q3,ALMENDRAL,576093.9852351473
2025-09-14,2025Q3,ANTARCHILE,6004804.342079294
2025-09-14,2025Q3,IAM,1113623.565762468
2025-09-14,2025Q3,INVERCAP,350771.26012992
2025-09-14,2025Q3,QUINENCO,0.0
2025-09-15,2025Q3,ALMENDRAL,571095.7351686849
2025-09-15,2025Q3,ANTARCHILE,6068252.354858853
2025-09-15,2025Q3,IAM,1135157.723111466
2025-09-15,2025Q3,INVERCAP,352973.3241518467
2025-09-15,2025Q3,QUINENCO,0.0
2025-09-16,2025Q3,ALMENDRAL,569385.3705280018
2025-09-16,2025Q3,ANTARCHILE,6073741.160366306
2025-09-16,2025Q3,IAM,1132050.6518368248
2025-09-16,2025Q3,INVERCAP,350641.34484839044
2025-09-16,2025Q3,QUINENCO,0.0
2025-09-17,2025Q3,ALMENDRAL,579531.319998462
2025-09-17,2025Q3,ANTARCHILE,5961172.009165823
2025-09-17,2025Q3,IAM,1107563.2386228214
2025-09-17,2025Q3,INVERCAP,350771.26012992
2025-09-17,2025Q3,QUINENCO,0.0
2025-09-18,2025Q3,ALMENDRAL,579531.319998462
2025-09-18,2025Q3,ANTARCHILE,5961172.009165823
2025-09-18,2025Q3,IAM,1107563.2386228214
2025-09-18,2025Q3,INVERCAP,350771.26012992
2025-09-18,2025Q3,QUINENCO,0.0
2025-09-19,2025Q3,ALMENDRAL,579531.319998462
2025-09-19,2025Q3,ANTARCHILE,5961172.009165823
2025-09-19,2025Q3,IAM,1107563.2386228214
2025-09-19,2025Q3,INVERCAP,350771.26012992
2025-09-19,2025Q3,QUINENCO,0.0
2025-09-20,2025Q3,ALMENDRAL,579531.319998462
2025-09-20,2025Q3,ANTARCHILE,5961172.009165823
2025-09-20,2025Q3,IAM,1107563.2386228214
2025-09-20,2025Q3,INVERCAP,350771.26012992
2025-09-20,2025Q3,QUINENCO,0.0
2025-09-21,2025Q3,ALMENDRAL,579531.319998462
2025-09-21,2025Q3,ANTARCHILE,5961172.009165823
2025-09-21,2025Q3,IAM,1107563.2386228214
2025-09-21,2025Q3,INVERCAP,350771.26012992
2025-09-21,2025Q3,QUINENCO,0.0
2025-09-22,2025Q3,ALMENDRAL,574184.3548110836
2025-09-22,2025Q3,ANTARCHILE,5986721.317597884
2025-09-22,2025Q3,IAM,1116699.873955182
2025-09-22,2025Q3,INVERCAP,350764.76436584356
2025-09-22,2025Q3,QUINENCO,0.0
2025-09-23,2025Q3,ALMENDRAL,551302.0006862159
2025-09-23,2025Q3,ANTARCHILE,6043949.800576754
2025-09-23,2025Q3,IAM,1123160.1211598814
2025-09-23,2025Q3,INVERCAP,353044.777556688
2025-09-23,2025Q3,QUINENCO,0.0
2025-09-24,2025Q3,ALMENDRAL,548180.1700799204
2025-09-24,2025Q3,ANTARCHILE,6070105.918621701
2025-09-24,2025Q3,IAM,1122852.49034061
2025-09-24,2025Q3,INVERCAP,352161.35364228673
2025-09-24,2025Q3,QUINENCO,0.0
2025-09-25,2025Q3,ALMENDRAL,551567.6883973901
2025-09-25,2025Q3,ANTARCHILE,6017598.672632144
2025-09-25,2025Q3,IAM,1110547.257569754
2025-09-25,2025Q3,INVERCAP,344275.49605344003
2025-09-25,2025Q3,QUINENCO,0.0
2025-09-26,2025Q3,ALMENDRAL,572872.5217371616
2025-09-26,2025Q3,ANTARCHILE,5926170.8659401005
2025-09-26,2025Q3,IAM,1107470.9493770401
2025-09-26,2025Q3,INVERCAP,345256.3564289885
2025-09-26,2025Q3,QUINENCO,0.0
2025-09-27,2025Q3,ALMENDRAL,572872.5217371616
2025-09-27,2025Q3,ANTARCHILE,5926170.8659401005
2025-09-27,2025Q3,IAM,1107470.9493770401
2025-09-27,2025Q3,INVERCAP,345256.3564289885
2025-09-27,2025Q3,QUINENCO,0.0
2025-09-28,2025Q3,ALMENDRAL,572872.5217371616
2025-09-28,2025Q3,ANTARCHILE,5926170.8659401005
2025-09-28,2025Q3,IAM,1107470.9493770401
2025-09-28,2025Q3,INVERCAP,345256.3564289885
2025-09-28,2025Q3,QUINENCO,0.0
2025-09-29,2025Q3,ALMENDRAL,555121.2615343434
2025-09-29,2025Q3,ANTARCHILE,5938216.2128414875
2025-09-29,2025Q3,IAM,1122852.49034061
2025-09-29,2025Q3,INVERCAP,338487.7702612963
2025-09-29,2025Q3,QUINENCO,0.0
2025-09-30,2025Q3,ALMENDRAL,562925.838050082
2025-09-30,2025Q3,ANTARCHILE,5836865.064233627
2025-09-30,2025Q3,IAM,1122852.49034061
2025-09-30,2025Q3,INVERCAP,340689.834283223
2025-09-30,2025Q3,QUINENCO,0.0
2025-10-01,2025Q4,ALMENDRAL,558143.4592489485
2025-10-01,2025Q4,ANTARCHILE,5722514.732904832
2025-10-01,2025Q4,IAM,1122852.49034061
2025-10-01,2025Q4,INVERCAP,338299.3931030784
2025-10-01,2025Q4,QUINENCO,0.0
2025-10-02,2025Q4,ALMENDRAL,612742.2838952219
2025-10-02,2025Q4,ANTARCHILE,5608529.205687539
2025-10-02,2025Q4,IAM,1116699.873955182
2025-10-02,2025Q4,INVERCAP,337000.24028778245
2025-10-02,2025Q4,QUINENCO,0.0
2025-10-03,2025Q4,ALMENDRAL,631008.31403844
2025-10-03,2025Q4,ANTARCHILE,5563838.24057588
2025-10-03,2025Q4,IAM,1107470.9493770401
2025-10-03,2025Q4,INVERCAP,337591.35481874214
2025-10-03,2025Q4,QUINENCO,0.0
2025-10-04,2025Q4,ALMENDRAL,631008.31403844
2025-10-04,2025Q4,ANTARCHILE,5563838.24057588
2025-10-04,2025Q4,IAM,1107470.9493770401
2025-10-04,2025Q4,INVERCAP,337591.35481874214
2025-10-04,2025Q4,QUINENCO,0.0
2025-10-05,2025Q4,ALMENDRAL,631008.31403844
2025-10-05,2025Q4,ANTARCHILE,5563838.24057588
2025-10-05,2025Q4,IAM,1107470.9493770401
2025-10-05,2025Q4,INVERCAP,337591.35481874214
2025-10-05,2025Q4,QUINENCO,0.0
2025-10-06,2025Q4,ALMENDRAL,664219.2779351999
2025-10-06,2025Q4,ANTARCHILE,5547426.377801567
2025-10-06,2025Q4,IAM,1104394.641184326
2025-10-06,2025Q4,INVERCAP,337825.20232549537
2025-10-06,2025Q4,QUINENCO,0.0
2025-10-07,2025Q4,ALMENDRAL,697679.3240611856
2025-10-07,2025Q4,ANTARCHILE,5674042.590727626
2025-10-07,2025Q4,IAM,1095042.6642784753
2025-10-07,2025Q4,INVERCAP,344275.49605344003
2025-10-07,2025Q4,QUINENCO,0.0
2025-10-08,2025Q4,ALMENDRAL,730641.20572872
2025-10-08,2025Q4,ANTARCHILE,5555437.050362341
2025-10-08,2025Q4,IAM,1092089.40841347
2025-10-08,2025Q4,INVERCAP,349472.107314624
2025-10-08,2025Q4,QUINENCO,0.0
2025-10-09,2025Q4,ALMENDRAL,732301.7539235579
2025-10-09,2025Q4,ANTARCHILE,5398293.222202522
2025-10-09,2025Q4,IAM,1070001.5155897834
2025-10-09,2025Q4,INVERCAP,347523.37809168
2025-10-09,2025Q4,QUINENCO,0.0
2025-10-10,2025Q4,ALMENDRAL,712375.175585502
2025-10-10,2025Q4,ANTARCHILE,5435334.024147513
2025-10-10,2025Q4,IAM,1054896.8423635578
2025-10-10,2025Q4,INVERCAP,343625.91964579205
2025-10-10,2025Q4,QUINENCO,0.0
2025-10-11,2025Q4,ALMENDRAL,712375.175585502
2025-10-11,2025Q4,ANTARCHILE,5435334.024147513
2025-10-11,2025Q4,IAM,1054896.8423635578
2025-10-11,2025Q4,INVERCAP,343625.91964579205
2025-10-11,2025Q4,QUINENCO,0.0
2025-10-12,2025Q4,ALMENDRAL,712375.175585502
2025-10-12,2025Q4,ANTARCHILE,5435334.024147513
2025-10-12,2025Q4,IAM,1054896.8423635578
2025-10-12,2025Q4,INVERCAP,343625.91964579205
2025-10-12,2025Q4,QUINENCO,0.0
2025-10-13,2025Q4,ALMENDRAL,714035.72378034
2025-10-13,2025Q4,ANTARCHILE,5561427.130523909
2025-10-13,2025Q4,IAM,1060095.8032092445
2025-10-13,2025Q4,INVERCAP,346217.7295123075
2025-10-13,2025Q4,QUINENCO,0.0
2025-10-14,2025Q4,ALMENDRAL,747246.6876771
2025-10-14,2025Q4,ANTARCHILE,5601046.071157227
2025-10-14,2025Q4,IAM,1079784.175642614
2025-10-14,2025Q4,INVERCAP,347763.72136250976
2025-10-14,2025Q4,QUINENCO,0.0
2025-10-15,2025Q4,ALMENDRAL,738943.9467029099
2025-10-15,2025Q4,ANTARCHILE,5569683.914558418
2025-10-15,2025Q4,IAM,1106763.3984927158
2025-10-15,2025Q4,INVERCAP,353954.18452739523
2025-10-15,2025Q4,QUINENCO,0.0
2025-10-16,2025Q4,ALMENDRAL,714002.5128164433
2025-10-16,2025Q4,ANTARCHILE,5486368.193013515
2025-10-16,2025Q4,IAM,1101687.4899747376
2025-10-16,2025Q4,INVERCAP,365705.0217417475
2025-10-16,2025Q4,QUINENCO,0.0
2025-10-17,2025Q4,ALMENDRAL,664219.2779351999
2025-10-17,2025Q4,ANTARCHILE,5412515.248200874
2025-10-17,2025Q4,IAM,1085936.792028042
2025-10-17,2025Q4,INVERCAP,365061.941098176
2025-10-17,2025Q4,QUINENCO,0.0
2025-10-18,2025Q4,ALMENDRAL,664219.2779351999
2025-10-18,2025Q4,ANTARCHILE,5412515.248200874
2025-10-18,2025Q4,IAM,1085936.792028042
2025-10-18,2025Q4,INVERCAP,365061.941098176
2025-10-18,2025Q4,QUINENCO,0.0
2025-10-19,2025Q4,ALMENDRAL,664219.2779351999
2025-10-19,2025Q4,ANTARCHILE,5412515.248200874
2025-10-19,2025Q4,IAM,1085936.792028042
2025-10-19,2025Q4,INVERCAP,365061.941098176
2025-10-19,2025Q4,QUINENCO,0.0
2025-10-20,2025Q4,ALMENDRAL,705732.98280615
2025-10-20,2025Q4,ANTARCHILE,5459295.8739357
2025-10-20,2025Q4,IAM,1098242.0247988978
2025-10-20,2025Q4,INVERCAP,364724.1613661991
2025-10-20,2025Q4,QUINENCO,0.0
2025-10-21,2025Q4,ALMENDRAL,730641.20572872
2025-10-21,2025Q4,ANTARCHILE,5504351.591177218
2025-10-21,2025Q4,IAM,1095780.9782447268
2025-10-21,2025Q4,INVERCAP,366036.305709648
2025-10-21,2025Q4,QUINENCO,0.0
2025-10-22,2025Q4,ALMENDRAL,734792.5762158149
2025-10-22,2025Q4,ANTARCHILE,5447919.328178227
2025-10-22,2025Q4,IAM,1087505.7092063262
2025-10-22,2025Q4,INVERCAP,374227.4642100893
2025-10-22,2025Q4,QUINENCO,0.0
2025-10-23,2025Q4,ALMENDRAL,734410.6501310022
2025-10-23,2025Q4,ANTARCHILE,5468259.5917542465
2025-10-23,2025Q4,IAM,1092089.40841347
2025-10-23,2025Q4,INVERCAP,382853.8389036547
2025-10-23,2025Q4,QUINENCO,0.0
2025-10-24,2025Q4,ALMENDRAL,730641.20572872
2025-10-24,2025Q4,ANTARCHILE,5479627.96114861
2025-10-24,2025Q4,IAM,1098242.0247988978
2025-10-24,2025Q4,INVERCAP,390980.03976333124
2025-10-24,2025Q4,QUINENCO,0.0
2025-10-25,2025Q4,ALMENDRAL,730641.20572872
2025-10-25,2025Q4,ANTARCHILE,5479627.96114861
2025-10-25,2025Q4,IAM,1098242.0247988978
2025-10-25,2025Q4,INVERCAP,390980.03976333124
2025-10-25,2025Q4,QUINENCO,0.0
2025-10-26,2025Q4,ALMENDRAL,730641.20572872
2025-10-26,2025Q4,ANTARCHILE,5479627.96114861
2025-10-26,2025Q4,IAM,1098242.0247988978
2025-10-26,2025Q4,INVERCAP,390980.03976333124
2025-10-26,2025Q4,QUINENCO,0.0
2025-10-27,2025Q4,ALMENDRAL,725576.5337344641
2025-10-27,2025Q4,ANTARCHILE,5502806.5079092225
2025-10-27,2025Q4,IAM,1086398.238256949
2025-10-27,2025Q4,INVERCAP,383899.656919968
2025-10-27,2025Q4,QUINENCO,0.0
2025-10-28,2025Q4,ALMENDRAL,741600.8238146508
2025-10-28,2025Q4,ANTARCHILE,5474555.93667027
2025-10-28,2025Q4,IAM,1092089.40841347
2025-10-28,2025Q4,INVERCAP,394747.58292768965
2025-10-28,2025Q4,QUINENCO,0.0
2025-10-29,2025Q4,ALMENDRAL,747246.6876771
2025-10-29,2025Q4,ANTARCHILE,5552984.990113116
2025-10-29,2025Q4,IAM,1104394.641184326
2025-10-29,2025Q4,INVERCAP,402782.8430902953
2025-10-29,2025Q4,QUINENCO,0.0
2025-10-30,2025Q4,ALMENDRAL,745054.7640599138
2025-10-30,2025Q4,ANTARCHILE,5580884.653499696
2025-10-30,2025Q4,IAM,1104394.641184326
2025-10-30,2025Q4,INVERCAP,409233.13681824005
2025-10-30,2025Q4,QUINENCO,0.0
2025-10-31,2025Q4,ALMENDRAL,745054.7640599138
2025-10-31,2025Q4,ANTARCHILE,5580884.653499696
2025-10-31,2025Q4,IAM,1104394.641184326
2025-10-31,2025Q4,INVERCAP,409233.13681824005
2025-10-31,2025Q4,QUINENCO,0.0
2025-11-01,2025Q4,ALMENDRAL,745054.7640599138
2025-11-01,2025Q4,ANTARCHILE,5580884.653499696
2025-11-01,2025Q4,IAM,1104394.641184326
2025-11-01,2025Q4,INVERCAP,409233.13681824005
2025-11-01,2025Q4,QUINENCO,0.0
2025-11-02,2025Q4,ALMENDRAL,745054.7640599138
2025-11-02,2025Q4,ANTARCHILE,5580884.653499696
2025-11-02,2025Q4,IAM,1104394.641184326
2025-11-02,2025Q4,INVERCAP,409233.13681824005
2025-11-02,2025Q4,QUINENCO,0.0
2025-11-03,2025Q4,ALMENDRAL,747246.6876771
2025-11-03,2025Q4,ANTARCHILE,5618787.720946294
2025-11-03,2025Q4,IAM,1099810.941977182
2025-11-03,2025Q4,INVERCAP,412416.0612157152
2025-11-03,2025Q4,QUINENCO,0.0
2025-11-04,2025Q4,ALMENDRAL,755549.42865129
2025-11-04,2025Q4,ANTARCHILE,5545717.958797882
2025-11-04,2025Q4,IAM,1098242.0247988978
2025-11-04,2025Q4,INVERCAP,404361.31376088003
2025-11-04,2025Q4,QUINENCO,0.0
2025-11-05,2025Q4,ALMENDRAL,747246.6876771
2025-11-05,2025Q4,ANTARCHILE,5608579.894189929
2025-11-05,2025Q4,IAM,1092089.40841347
2025-11-05,2025Q4,INVERCAP,405985.25478
2025-11-05,2025Q4,QUINENCO,0.0
2025-11-06,2025Q4,ALMENDRAL,751248.6088266596
2025-11-06,2025Q4,ANTARCHILE,5654386.690459963
2025-11-06,2025Q4,IAM,1095165.716606184
2025-11-06,2025Q4,INVERCAP,406894.6617507072
2025-11-06,2025Q4,QUINENCO,0.0
2025-11-07,2025Q4,ALMENDRAL,764732.2601687443
2025-11-07,2025Q4,ANTARCHILE,5774119.742502353
2025-11-07,2025Q4,IAM,1113592.8026805408
2025-11-07,2025Q4,INVERCAP,411051.9507596544
2025-11-07,2025Q4,QUINENCO,0.0
2025-11-08,2025Q4,ALMENDRAL,764732.2601687443
2025-11-08,2025Q4,ANTARCHILE,5774119.742502353
2025-11-08,2025Q4,IAM,1113592.8026805408
2025-11-08,2025Q4,INVERCAP,411051.9507596544
2025-11-08,2025Q4,QUINENCO,0.0
2025-11-09,2025Q4,ALMENDRAL,764732.2601687443
2025-11-09,2025Q4,ANTARCHILE,5774119.742502353
2025-11-09,2025Q4,IAM,1113592.8026805408
2025-11-09,2025Q4,INVERCAP,411051.9507596544
2025-11-09,2025Q4,QUINENCO,0.0
2025-11-10,2025Q4,ALMENDRAL,796232.859424821
2025-11-10,2025Q4,ANTARCHILE,5688606.059800024
2025-11-10,2025Q4,IAM,1107470.9493770401
2025-11-10,2025Q4,INVERCAP,407563.72545058466
2025-11-10,2025Q4,QUINENCO,0.0
2025-11-11,2025Q4,ALMENDRAL,790354.5188150945
2025-11-11,2025Q4,ANTARCHILE,5691287.947178463
2025-11-11,2025Q4,IAM,1117776.5818226319
2025-11-11,2025Q4,INVERCAP,408706.9799280451
2025-11-11,2025Q4,QUINENCO,0.0
2025-11-12,2025Q4,ALMENDRAL,790354.5188150945
2025-11-12,2025Q4,ANTARCHILE,5691287.947178463
2025-11-12,2025Q4,IAM,1117776.5818226319
2025-11-12,2025Q4,INVERCAP,408706.9799280451
2025-11-12,2025Q4,QUINENCO,0.0
