Date,ID,Holding,IS_HOLDING,Description,Balance2,Value
2017-03-31,ENTEL,ALMENDRAL,-1,Efectivo y equivalentes al efectivo,Cash,78413.667
2017-06-30,ENTEL,ALMENDRAL,-1,Efectivo y equivalentes al efectivo,Cash,108111.629
2017-09-30,ENTEL,ALMENDRAL,-1,Efectivo y equivalentes al efectivo,Cash,137463.202
2017-12-31,ENTEL,ALMENDRAL,-1,Efectivo y equivalentes al efectivo,Cash,145646.465
2018-03-31,ENTEL,ALMENDRAL,-1,Efectivo y equivalentes al efectivo,Cash,49631.282
2018-06-30,ENTEL,ALMENDRAL,-1,Efectivo y equivalentes al efectivo,Cash,32416.123
2018-09-30,ENTEL,ALMENDRAL,-1,Efectivo y equivalentes al efectivo,Cash,9116.118
2018-12-31,ENTEL,ALMENDRAL,-1,Efectivo y equivalentes al efectivo,Cash,72748.25
2019-03-31,ENTEL,ALMENDRAL,-1,Efectivo y equivalentes al efectivo,Cash,34322.867
2019-06-30,ENTEL,ALMENDRAL,-1,Efectivo y equivalentes al efectivo,Cash,25875.342
2019-09-30,ENTEL,ALMENDRAL,-1,Efectivo y equivalentes al efectivo,Cash,34301.08
2019-12-31,ENTEL,ALMENDRAL,-1,Efectivo y equivalentes al efectivo,Cash,447411.76
2020-03-31,ENTEL,ALMENDRAL,-1,Efectivo y equivalentes al efectivo,Cash,299895.779
2020-06-30,ENTEL,ALMENDRAL,-1,Efectivo y equivalentes al efectivo,Cash,340573.742
2020-09-30,ENTEL,ALMENDRAL,-1,Efectivo y equivalentes al efectivo,Cash,302844.254
2020-12-31,ENTEL,ALMENDRAL,-1,Efectivo y equivalentes al efectivo,Cash,202481.237
2021-03-31,ENTEL,ALMENDRAL,-1,Efectivo y equivalentes al efectivo,Cash,50590.505
2021-06-30,ENTEL,ALMENDRAL,-1,Efectivo y equivalentes al efectivo,Cash,106677.794
2021-09-30,ENTEL,ALMENDRAL,-1,Efectivo y equivalentes al efectivo,Cash,115646.353
2021-12-31,ENTEL,ALMENDRAL,-1,Efectivo y equivalentes al efectivo,Cash,108604.768
2022-03-31,ENTEL,ALMENDRAL,-1,Efectivo y equivalentes al efectivo,Cash,111155.436
2022-06-30,ENTEL,ALMENDRAL,-1,Efectivo y equivalentes al efectivo,Cash,211823.319
2022-09-30,ENTEL,ALMENDRAL,-1,Efectivo y equivalentes al efectivo,Cash,273598.994
2022-12-31,ENTEL,ALMENDRAL,-1,Efectivo y equivalentes al efectivo,Cash,186542.396
2023-03-31,ENTEL,ALMENDRAL,-1,Efectivo y equivalentes al efectivo,Cash,101060.417
2023-06-30,ENTEL,ALMENDRAL,-1,Efectivo y equivalentes al efectivo,Cash,85735.115
2023-09-30,ENTEL,ALMENDRAL,-1,Efectivo y equivalentes al efectivo,Cash,206689.544
2023-12-31,ENTEL,ALMENDRAL,-1,Efectivo y equivalentes al efectivo,Cash,530862.387
2024-03-31,ENTEL,ALMENDRAL,-1,Efectivo y equivalentes al efectivo,Cash,284520.869
2024-06-30,ENTEL,ALMENDRAL,-1,Efectivo y equivalentes al efectivo,Cash,87463.977
2024-09-30,ENTEL,ALMENDRAL,-1,Efectivo y equivalentes al efectivo,Cash,219167.097
2024-12-31,ENTEL,ALMENDRAL,-1,Efectivo y equivalentes al efectivo,Cash,79918.872
2025-03-31,ENTEL,ALMENDRAL,-1,Efectivo y equivalentes al efectivo,Cash,180279.971
2025-06-30,ENTEL,ALMENDRAL,-1,Efectivo y equivalentes al efectivo,Cash,272786.952
2025-09-30,ENTEL,ALMENDRAL,-1,Efectivo y equivalentes al efectivo,Cash,239893.333
2017-03-31,ENTEL,ALMENDRAL,-1,Otros activos financieros corrientes,Cash,4994.86
2017-06-30,ENTEL,ALMENDRAL,-1,Otros activos financieros corrientes,Cash,4396.278
2017-09-30,ENTEL,ALMENDRAL,-1,Otros activos financieros corrientes,Cash,3417.881
2017-12-31,ENTEL,ALMENDRAL,-1,Otros activos financieros corrientes,Cash,2118.672
2018-03-31,ENTEL,ALMENDRAL,-1,Otros activos financieros corrientes,Cash,1520.074
2018-06-30,ENTEL,ALMENDRAL,-1,Otros activos financieros corrientes,Cash,9093.351
2018-09-30,ENTEL,ALMENDRAL,-1,Otros activos financieros corrientes,Cash,9713.472
2018-12-31,ENTEL,ALMENDRAL,-1,Otros activos financieros corrientes,Cash,17161.83
2019-03-31,ENTEL,ALMENDRAL,-1,Otros activos financieros corrientes,Cash,11686.201
2019-06-30,ENTEL,ALMENDRAL,-1,Otros activos financieros corrientes,Cash,9321.125
2019-09-30,ENTEL,ALMENDRAL,-1,Otros activos financieros corrientes,Cash,15412.001
2019-12-31,ENTEL,ALMENDRAL,-1,Otros activos financieros corrientes,Cash,162710.301
2020-03-31,ENTEL,ALMENDRAL,-1,Otros activos financieros corrientes,Cash,191399.022
2020-06-30,ENTEL,ALMENDRAL,-1,Otros activos financieros corrientes,Cash,77859.319
2020-09-30,ENTEL,ALMENDRAL,-1,Otros activos financieros corrientes,Cash,249802.41
2020-12-31,ENTEL,ALMENDRAL,-1,Otros activos financieros corrientes,Cash,389290.088
2021-03-31,ENTEL,ALMENDRAL,-1,Otros activos financieros corrientes,Cash,422777.407
2021-06-30,ENTEL,ALMENDRAL,-1,Otros activos financieros corrientes,Cash,426775.643
2021-09-30,ENTEL,ALMENDRAL,-1,Otros activos financieros corrientes,Cash,425585.95
2021-12-31,ENTEL,ALMENDRAL,-1,Otros activos financieros corrientes,Cash,326830.155
2022-03-31,ENTEL,ALMENDRAL,-1,Otros activos financieros corrientes,Cash,264268.312
2022-06-30,ENTEL,ALMENDRAL,-1,Otros activos financieros corrientes,Cash,304154.376
2022-09-30,ENTEL,ALMENDRAL,-1,Otros activos financieros corrientes,Cash,236348.653
2022-12-31,ENTEL,ALMENDRAL,-1,Otros activos financieros corrientes,Cash,167147.402
2023-03-31,ENTEL,ALMENDRAL,-1,Otros activos financieros corrientes,Cash,149790.606
2023-06-30,ENTEL,ALMENDRAL,-1,Otros activos financieros corrientes,Cash,130023.052
2023-09-30,ENTEL,ALMENDRAL,-1,Otros activos financieros corrientes,Cash,178950.703
2023-12-31,ENTEL,ALMENDRAL,-1,Otros activos financieros corrientes,Cash,170887.333
2024-03-31,ENTEL,ALMENDRAL,-1,Otros activos financieros corrientes,Cash,372506.338
2024-06-30,ENTEL,ALMENDRAL,-1,Otros activos financieros corrientes,Cash,393113.669
2024-09-30,ENTEL,ALMENDRAL,-1,Otros activos financieros corrientes,Cash,283375.148
2024-12-31,ENTEL,ALMENDRAL,-1,Otros activos financieros corrientes,Cash,302649.971
2025-03-31,ENTEL,ALMENDRAL,-1,Otros activos financieros corrientes,Cash,166172.419
2025-06-30,ENTEL,ALMENDRAL,-1,Otros activos financieros corrientes,Cash,71962.119
2025-09-30,ENTEL,ALMENDRAL,-1,Otros activos financieros corrientes,Cash,77503.355
2017-03-31,ENTEL,ALMENDRAL,-1,Otros pasivos financieros corrientes,Debt,29050.173
2017-06-30,ENTEL,ALMENDRAL,-1,Otros pasivos financieros corrientes,Debt,26303.631
2017-09-30,ENTEL,ALMENDRAL,-1,Otros pasivos financieros corrientes,Debt,32002.089
2017-12-31,ENTEL,ALMENDRAL,-1,Otros pasivos financieros corrientes,Debt,36540.044
2018-03-31,ENTEL,ALMENDRAL,-1,Otros pasivos financieros corrientes,Debt,38042.867
2018-06-30,ENTEL,ALMENDRAL,-1,Otros pasivos financieros corrientes,Debt,21921.352
2018-09-30,ENTEL,ALMENDRAL,-1,Otros pasivos financieros corrientes,Debt,24628.08
2018-12-31,ENTEL,ALMENDRAL,-1,Otros pasivos financieros corrientes,Debt,20617.883
2019-03-31,ENTEL,ALMENDRAL,-1,Otros pasivos financieros corrientes,Debt,24136.226
2019-06-30,ENTEL,ALMENDRAL,-1,Otros pasivos financieros corrientes,Debt,58721.59
2019-09-30,ENTEL,ALMENDRAL,-1,Otros pasivos financieros corrientes,Debt,36981.888
2019-12-31,ENTEL,ALMENDRAL,-1,Otros pasivos financieros corrientes,Debt,28813.909
2020-03-31,ENTEL,ALMENDRAL,-1,Otros pasivos financieros corrientes,Debt,32167.476
2020-06-30,ENTEL,ALMENDRAL,-1,Otros pasivos financieros corrientes,Debt,25193.122
2020-09-30,ENTEL,ALMENDRAL,-1,Otros pasivos financieros corrientes,Debt,26827.581
2020-12-31,ENTEL,ALMENDRAL,-1,Otros pasivos financieros corrientes,Debt,22733.634
2021-03-31,ENTEL,ALMENDRAL,-1,Otros pasivos financieros corrientes,Debt,26323.27
2021-06-30,ENTEL,ALMENDRAL,-1,Otros pasivos financieros corrientes,Debt,45022.057
2021-09-30,ENTEL,ALMENDRAL,-1,Otros pasivos financieros corrientes,Debt,57986.445
2021-12-31,ENTEL,ALMENDRAL,-1,Otros pasivos financieros corrientes,Debt,196857.268
2022-03-31,ENTEL,ALMENDRAL,-1,Otros pasivos financieros corrientes,Debt,239751.366
2022-06-30,ENTEL,ALMENDRAL,-1,Otros pasivos financieros corrientes,Debt,308663.815
2022-09-30,ENTEL,ALMENDRAL,-1,Otros pasivos financieros corrientes,Debt,332406.72
2022-12-31,ENTEL,ALMENDRAL,-1,Otros pasivos financieros corrientes,Debt,275135.592
2023-03-31,ENTEL,ALMENDRAL,-1,Otros pasivos financieros corrientes,Debt,250897.94
2023-06-30,ENTEL,ALMENDRAL,-1,Otros pasivos financieros corrientes,Debt,295952.116
2023-09-30,ENTEL,ALMENDRAL,-1,Otros pasivos financieros corrientes,Debt,315302.536
2023-12-31,ENTEL,ALMENDRAL,-1,Otros pasivos financieros corrientes,Debt,337854.552
2024-03-31,ENTEL,ALMENDRAL,-1,Otros pasivos financieros corrientes,Debt,333701.865
2024-06-30,ENTEL,ALMENDRAL,-1,Otros pasivos financieros corrientes,Debt,322955.144
2024-09-30,ENTEL,ALMENDRAL,-1,Otros pasivos financieros corrientes,Debt,560843.371
2024-12-31,ENTEL,ALMENDRAL,-1,Otros pasivos financieros corrientes,Debt,384571.911
2025-03-31,ENTEL,ALMENDRAL,-1,Otros pasivos financieros corrientes,Debt,394774.43
2025-06-30,ENTEL,ALMENDRAL,-1,Otros pasivos financieros corrientes,Debt,369910.172
2025-09-30,ENTEL,ALMENDRAL,-1,Otros pasivos financieros corrientes,Debt,78715.864
2017-03-31,ENTEL,ALMENDRAL,-1,Otros pasivos financieros no corrientes,Debt,1568330.906
2017-06-30,ENTEL,ALMENDRAL,-1,Otros pasivos financieros no corrientes,Debt,1666611.597
2017-09-30,ENTEL,ALMENDRAL,-1,Otros pasivos financieros no corrientes,Debt,1620933.312
2017-12-31,ENTEL,ALMENDRAL,-1,Otros pasivos financieros no corrientes,Debt,1590913.982
2018-03-31,ENTEL,ALMENDRAL,-1,Otros pasivos financieros no corrientes,Debt,1611138.421
2018-06-30,ENTEL,ALMENDRAL,-1,Otros pasivos financieros no corrientes,Debt,1673030.145
2018-09-30,ENTEL,ALMENDRAL,-1,Otros pasivos financieros no corrientes,Debt,1697758.279
2018-12-31,ENTEL,ALMENDRAL,-1,Otros pasivos financieros no corrientes,Debt,1794895.669
2019-03-31,ENTEL,ALMENDRAL,-1,Otros pasivos financieros no corrientes,Debt,1765197.29
2019-06-30,ENTEL,ALMENDRAL,-1,Otros pasivos financieros no corrientes,Debt,1774682.486
2019-09-30,ENTEL,ALMENDRAL,-1,Otros pasivos financieros no corrientes,Debt,1869531.038
2019-12-31,ENTEL,ALMENDRAL,-1,Otros pasivos financieros no corrientes,Debt,1969001.93
2020-03-31,ENTEL,ALMENDRAL,-1,Otros pasivos financieros no corrientes,Debt,2105355.769
2020-06-30,ENTEL,ALMENDRAL,-1,Otros pasivos financieros no corrientes,Debt,2051550.699
2020-09-30,ENTEL,ALMENDRAL,-1,Otros pasivos financieros no corrientes,Debt,1989376.053
2020-12-31,ENTEL,ALMENDRAL,-1,Otros pasivos financieros no corrientes,Debt,1856453.965
2021-03-31,ENTEL,ALMENDRAL,-1,Otros pasivos financieros no corrientes,Debt,1880913.018
2021-06-30,ENTEL,ALMENDRAL,-1,Otros pasivos financieros no corrientes,Debt,1869561.331
2021-09-30,ENTEL,ALMENDRAL,-1,Otros pasivos financieros no corrientes,Debt,1983305.336
2021-12-31,ENTEL,ALMENDRAL,-1,Otros pasivos financieros no corrientes,Debt,1935510.606
2022-03-31,ENTEL,ALMENDRAL,-1,Otros pasivos financieros no corrientes,Debt,1895919.144
2022-06-30,ENTEL,ALMENDRAL,-1,Otros pasivos financieros no corrientes,Debt,2200336.464
2022-09-30,ENTEL,ALMENDRAL,-1,Otros pasivos financieros no corrientes,Debt,2271072.794
2022-12-31,ENTEL,ALMENDRAL,-1,Otros pasivos financieros no corrientes,Debt,1945802.091
2023-03-31,ENTEL,ALMENDRAL,-1,Otros pasivos financieros no corrientes,Debt,1867110.035
2023-06-30,ENTEL,ALMENDRAL,-1,Otros pasivos financieros no corrientes,Debt,1864361.282
2023-09-30,ENTEL,ALMENDRAL,-1,Otros pasivos financieros no corrientes,Debt,1981199.358
2023-12-31,ENTEL,ALMENDRAL,-1,Otros pasivos financieros no corrientes,Debt,1775723.807
2024-03-31,ENTEL,ALMENDRAL,-1,Otros pasivos financieros no corrientes,Debt,1910809.618
2024-06-30,ENTEL,ALMENDRAL,-1,Otros pasivos financieros no corrientes,Debt,1831546.077
2024-09-30,ENTEL,ALMENDRAL,-1,Otros pasivos financieros no corrientes,Debt,1529208.304
2024-12-31,ENTEL,ALMENDRAL,-1,Otros pasivos financieros no corrientes,Debt,1633380.992
2025-03-31,ENTEL,ALMENDRAL,-1,Otros pasivos financieros no corrientes,Debt,1597326.427
2025-06-30,ENTEL,ALMENDRAL,-1,Otros pasivos financieros no corrientes,Debt,1662431.01
2025-09-30,ENTEL,ALMENDRAL,-1,Otros pasivos financieros no corrientes,Debt,1613619.651
2017-03-31,AGUAS-A,IAM,-1,Efectivo y equivalentes al efectivo,Cash,52004.635
2017-06-30,AGUAS-A,IAM,-1,Efectivo y equivalentes al efectivo,Cash,4908.739
2017-09-30,AGUAS-A,IAM,-1,Efectivo y equivalentes al efectivo,Cash,5354.753
2017-12-31,AGUAS-A,IAM,-1,Efectivo y equivalentes al efectivo,Cash,18808.34
2018-03-31,AGUAS-A,IAM,-1,Efectivo y equivalentes al efectivo,Cash,23965.53
2018-06-30,AGUAS-A,IAM,-1,Efectivo y equivalentes al efectivo,Cash,38532.566
2018-09-30,AGUAS-A,IAM,-1,Efectivo y equivalentes al efectivo,Cash,33692.601
2018-12-31,AGUAS-A,IAM,-1,Efectivo y equivalentes al efectivo,Cash,39980.474
2019-03-31,AGUAS-A,IAM,-1,Efectivo y equivalentes al efectivo,Cash,28780.952
2019-06-30,AGUAS-A,IAM,-1,Efectivo y equivalentes al efectivo,Cash,18339.024
2019-09-30,AGUAS-A,IAM,-1,Efectivo y equivalentes al efectivo,Cash,28309.357
2019-12-31,AGUAS-A,IAM,-1,Efectivo y equivalentes al efectivo,Cash,72062.758
2020-03-31,AGUAS-A,IAM,-1,Efectivo y equivalentes al efectivo,Cash,130137.043
2020-06-30,AGUAS-A,IAM,-1,Efectivo y equivalentes al efectivo,Cash,167557.116
2020-09-30,AGUAS-A,IAM,-1,Efectivo y equivalentes al efectivo,Cash,181733.18
2020-12-31,AGUAS-A,IAM,-1,Efectivo y equivalentes al efectivo,Cash,174945.586
2021-03-31,AGUAS-A,IAM,-1,Efectivo y equivalentes al efectivo,Cash,181223.157
2021-06-30,AGUAS-A,IAM,-1,Efectivo y equivalentes al efectivo,Cash,136357.669
2021-09-30,AGUAS-A,IAM,-1,Efectivo y equivalentes al efectivo,Cash,184299.57
2021-12-31,AGUAS-A,IAM,-1,Efectivo y equivalentes al efectivo,Cash,163513.314
2022-03-31,AGUAS-A,IAM,-1,Efectivo y equivalentes al efectivo,Cash,129884.484
2022-06-30,AGUAS-A,IAM,-1,Efectivo y equivalentes al efectivo,Cash,146863.788
2022-09-30,AGUAS-A,IAM,-1,Efectivo y equivalentes al efectivo,Cash,163331.481
2022-12-31,AGUAS-A,IAM,-1,Efectivo y equivalentes al efectivo,Cash,179335.341
2023-03-31,AGUAS-A,IAM,-1,Efectivo y equivalentes al efectivo,Cash,193150.086
2023-06-30,AGUAS-A,IAM,-1,Efectivo y equivalentes al efectivo,Cash,165166.19
2023-09-30,AGUAS-A,IAM,-1,Efectivo y equivalentes al efectivo,Cash,146120.233
2023-12-31,AGUAS-A,IAM,-1,Efectivo y equivalentes al efectivo,Cash,109156.681
2024-03-31,AGUAS-A,IAM,-1,Efectivo y equivalentes al efectivo,Cash,93443.367
2024-06-30,AGUAS-A,IAM,-1,Efectivo y equivalentes al efectivo,Cash,107760.188
2024-09-30,AGUAS-A,IAM,-1,Efectivo y equivalentes al efectivo,Cash,74875.013
2024-12-31,AGUAS-A,IAM,-1,Efectivo y equivalentes al efectivo,Cash,108758.431
2025-03-31,AGUAS-A,IAM,-1,Efectivo y equivalentes al efectivo,Cash,181996.263
2025-06-30,AGUAS-A,IAM,-1,Efectivo y equivalentes al efectivo,Cash,186237.788
2017-03-31,AGUAS-A,IAM,-1,Otros activos financieros corrientes,Cash,8189.29
2017-06-30,AGUAS-A,IAM,-1,Otros activos financieros corrientes,Cash,0.0
2017-09-30,AGUAS-A,IAM,-1,Otros activos financieros corrientes,Cash,8003.338
2017-12-31,AGUAS-A,IAM,-1,Otros activos financieros corrientes,Cash,0.0
2018-03-31,AGUAS-A,IAM,-1,Otros activos financieros corrientes,Cash,8047.633
2018-06-30,AGUAS-A,IAM,-1,Otros activos financieros corrientes,Cash,34.709
2018-09-30,AGUAS-A,IAM,-1,Otros activos financieros corrientes,Cash,8157.761
2018-12-31,AGUAS-A,IAM,-1,Otros activos financieros corrientes,Cash,2324.238
2019-03-31,AGUAS-A,IAM,-1,Otros activos financieros corrientes,Cash,8155.274
2019-06-30,AGUAS-A,IAM,-1,Otros activos financieros corrientes,Cash,198.047
2019-09-30,AGUAS-A,IAM,-1,Otros activos financieros corrientes,Cash,5851.96
2019-12-31,AGUAS-A,IAM,-1,Otros activos financieros corrientes,Cash,0.0
2020-03-31,AGUAS-A,IAM,-1,Otros activos financieros corrientes,Cash,5216.887
2020-06-30,AGUAS-A,IAM,-1,Otros activos financieros corrientes,Cash,91.942
2020-09-30,AGUAS-A,IAM,-1,Otros activos financieros corrientes,Cash,5219.587
2020-12-31,AGUAS-A,IAM,-1,Otros activos financieros corrientes,Cash,0.0
2021-03-31,AGUAS-A,IAM,-1,Otros activos financieros corrientes,Cash,5344.65
2021-06-30,AGUAS-A,IAM,-1,Otros activos financieros corrientes,Cash,18.587
2021-09-30,AGUAS-A,IAM,-1,Otros activos financieros corrientes,Cash,5804.888
2021-12-31,AGUAS-A,IAM,-1,Otros activos financieros corrientes,Cash,0.0
2022-03-31,AGUAS-A,IAM,-1,Otros activos financieros corrientes,Cash,5769.021
2022-06-30,AGUAS-A,IAM,-1,Otros activos financieros corrientes,Cash,0.0
2022-09-30,AGUAS-A,IAM,-1,Otros activos financieros corrientes,Cash,6235.969
2022-12-31,AGUAS-A,IAM,-1,Otros activos financieros corrientes,Cash,0.0
2023-03-31,AGUAS-A,IAM,-1,Otros activos financieros corrientes,Cash,6467.402
2023-06-30,AGUAS-A,IAM,-1,Otros activos financieros corrientes,Cash,0.0
2023-09-30,AGUAS-A,IAM,-1,Otros activos financieros corrientes,Cash,6581.562
2023-12-31,AGUAS-A,IAM,-1,Otros activos financieros corrientes,Cash,0.0
2024-03-31,AGUAS-A,IAM,-1,Otros activos financieros corrientes,Cash,6745.327
2024-06-30,AGUAS-A,IAM,-1,Otros activos financieros corrientes,Cash,0.0
2024-09-30,AGUAS-A,IAM,-1,Otros activos financieros corrientes,Cash,6893.234
2024-12-31,AGUAS-A,IAM,-1,Otros activos financieros corrientes,Cash,0.0
2025-03-31,AGUAS-A,IAM,-1,Otros activos financieros corrientes,Cash,7072.303
2025-06-30,AGUAS-A,IAM,-1,Otros activos financieros corrientes,Cash,0.0
2017-03-31,AGUAS-A,IAM,-1,Otros pasivos financieros corrientes,Debt,44846.393
2017-06-30,AGUAS-A,IAM,-1,Otros pasivos financieros corrientes,Debt,46552.731
2017-09-30,AGUAS-A,IAM,-1,Otros pasivos financieros corrientes,Debt,56329.055
2017-12-31,AGUAS-A,IAM,-1,Otros pasivos financieros corrientes,Debt,63045.352
2018-03-31,AGUAS-A,IAM,-1,Otros pasivos financieros corrientes,Debt,109953.766
2018-06-30,AGUAS-A,IAM,-1,Otros pasivos financieros corrientes,Debt,76993.427
2018-09-30,AGUAS-A,IAM,-1,Otros pasivos financieros corrientes,Debt,64302.142
2018-12-31,AGUAS-A,IAM,-1,Otros pasivos financieros corrientes,Debt,33963.316
2019-03-31,AGUAS-A,IAM,-1,Otros pasivos financieros corrientes,Debt,67100.602
2019-06-30,AGUAS-A,IAM,-1,Otros pasivos financieros corrientes,Debt,50321.522
2019-09-30,AGUAS-A,IAM,-1,Otros pasivos financieros corrientes,Debt,41605.859
2019-12-31,AGUAS-A,IAM,-1,Otros pasivos financieros corrientes,Debt,37882.348
2020-03-31,AGUAS-A,IAM,-1,Otros pasivos financieros corrientes,Debt,103477.305
2020-06-30,AGUAS-A,IAM,-1,Otros pasivos financieros corrientes,Debt,105139.592
2020-09-30,AGUAS-A,IAM,-1,Otros pasivos financieros corrientes,Debt,67664.433
2020-12-31,AGUAS-A,IAM,-1,Otros pasivos financieros corrientes,Debt,71064.294
2021-03-31,AGUAS-A,IAM,-1,Otros pasivos financieros corrientes,Debt,82356.36
2021-06-30,AGUAS-A,IAM,-1,Otros pasivos financieros corrientes,Debt,86362.167
2021-09-30,AGUAS-A,IAM,-1,Otros pasivos financieros corrientes,Debt,84829.34
2021-12-31,AGUAS-A,IAM,-1,Otros pasivos financieros corrientes,Debt,69023.789
2022-03-31,AGUAS-A,IAM,-1,Otros pasivos financieros corrientes,Debt,72684.423
2022-06-30,AGUAS-A,IAM,-1,Otros pasivos financieros corrientes,Debt,67316.176
2022-09-30,AGUAS-A,IAM,-1,Otros pasivos financieros corrientes,Debt,80711.737
2022-12-31,AGUAS-A,IAM,-1,Otros pasivos financieros corrientes,Debt,74347.139
2023-03-31,AGUAS-A,IAM,-1,Otros pasivos financieros corrientes,Debt,74090.885
2023-06-30,AGUAS-A,IAM,-1,Otros pasivos financieros corrientes,Debt,120516.426
2023-09-30,AGUAS-A,IAM,-1,Otros pasivos financieros corrientes,Debt,160304.321
2023-12-31,AGUAS-A,IAM,-1,Otros pasivos financieros corrientes,Debt,155416.801
2024-03-31,AGUAS-A,IAM,-1,Otros pasivos financieros corrientes,Debt,156721.04
2024-06-30,AGUAS-A,IAM,-1,Otros pasivos financieros corrientes,Debt,89471.87
2024-09-30,AGUAS-A,IAM,-1,Otros pasivos financieros corrientes,Debt,89431.188
2024-12-31,AGUAS-A,IAM,-1,Otros pasivos financieros corrientes,Debt,116332.739
2025-03-31,AGUAS-A,IAM,-1,Otros pasivos financieros corrientes,Debt,73843.803
2025-06-30,AGUAS-A,IAM,-1,Otros pasivos financieros corrientes,Debt,63019.644
2017-03-31,AGUAS-A,IAM,-1,Otros pasivos financieros no corrientes,Debt,814819.113
2017-06-30,AGUAS-A,IAM,-1,Otros pasivos financieros no corrientes,Debt,825118.598
2017-09-30,AGUAS-A,IAM,-1,Otros pasivos financieros no corrientes,Debt,813401.324
2017-12-31,AGUAS-A,IAM,-1,Otros pasivos financieros no corrientes,Debt,802978.167
2018-03-31,AGUAS-A,IAM,-1,Otros pasivos financieros no corrientes,Debt,787600.316
2018-06-30,AGUAS-A,IAM,-1,Otros pasivos financieros no corrientes,Debt,886872.928
2018-09-30,AGUAS-A,IAM,-1,Otros pasivos financieros no corrientes,Debt,908316.622
2018-12-31,AGUAS-A,IAM,-1,Otros pasivos financieros no corrientes,Debt,912513.179
2019-03-31,AGUAS-A,IAM,-1,Otros pasivos financieros no corrientes,Debt,909570.455
2019-06-30,AGUAS-A,IAM,-1,Otros pasivos financieros no corrientes,Debt,983450.63
2019-09-30,AGUAS-A,IAM,-1,Otros pasivos financieros no corrientes,Debt,987332.229
2019-12-31,AGUAS-A,IAM,-1,Otros pasivos financieros no corrientes,Debt,1004897.476
2020-03-31,AGUAS-A,IAM,-1,Otros pasivos financieros no corrientes,Debt,1037081.254
2020-06-30,AGUAS-A,IAM,-1,Otros pasivos financieros no corrientes,Debt,1046937.07
2020-09-30,AGUAS-A,IAM,-1,Otros pasivos financieros no corrientes,Debt,996936.46
2020-12-31,AGUAS-A,IAM,-1,Otros pasivos financieros no corrientes,Debt,998729.962
2021-03-31,AGUAS-A,IAM,-1,Otros pasivos financieros no corrientes,Debt,997392.675
2021-06-30,AGUAS-A,IAM,-1,Otros pasivos financieros no corrientes,Debt,995703.695
2021-09-30,AGUAS-A,IAM,-1,Otros pasivos financieros no corrientes,Debt,1024525.488
2021-12-31,AGUAS-A,IAM,-1,Otros pasivos financieros no corrientes,Debt,1084075.622
2022-03-31,AGUAS-A,IAM,-1,Otros pasivos financieros no corrientes,Debt,1090683.383
2022-06-30,AGUAS-A,IAM,-1,Otros pasivos financieros no corrientes,Debt,1119961.249
2022-09-30,AGUAS-A,IAM,-1,Otros pasivos financieros no corrientes,Debt,1156847.481
2022-12-31,AGUAS-A,IAM,-1,Otros pasivos financieros no corrientes,Debt,1222905.987
2023-03-31,AGUAS-A,IAM,-1,Otros pasivos financieros no corrientes,Debt,1219520.564
2023-06-30,AGUAS-A,IAM,-1,Otros pasivos financieros no corrientes,Debt,1173262.137
2023-09-30,AGUAS-A,IAM,-1,Otros pasivos financieros no corrientes,Debt,1113280.882
2023-12-31,AGUAS-A,IAM,-1,Otros pasivos financieros no corrientes,Debt,1125060.897
2024-03-31,AGUAS-A,IAM,-1,Otros pasivos financieros no corrientes,Debt,1121628.277
2024-06-30,AGUAS-A,IAM,-1,Otros pasivos financieros no corrientes,Debt,1254574.719
2024-09-30,AGUAS-A,IAM,-1,Otros pasivos financieros no corrientes,Debt,1230124.282
2024-12-31,AGUAS-A,IAM,-1,Otros pasivos financieros no corrientes,Debt,1205884.299
2025-03-31,AGUAS-A,IAM,-1,Otros pasivos financieros no corrientes,Debt,1358226.848
2025-06-30,AGUAS-A,IAM,-1,Otros pasivos financieros no corrientes,Debt,1366818.363
2021-09-30,NUTRAVALOR,ANTARCHILE,-1,Efectivo y equivalentes al efectivo,Cash,42.125
2017-03-31,NUTRAVALOR,ANTARCHILE,-1,Efectivo y equivalentes al efectivo,Cash,28688.53938
2017-06-30,NUTRAVALOR,ANTARCHILE,-1,Efectivo y equivalentes al efectivo,Cash,22254.67476
2017-09-30,NUTRAVALOR,ANTARCHILE,-1,Efectivo y equivalentes al efectivo,Cash,37944.796700000006
2017-12-31,NUTRAVALOR,ANTARCHILE,-1,Efectivo y equivalentes al efectivo,Cash,17292.60376
2018-03-31,NUTRAVALOR,ANTARCHILE,-1,Efectivo y equivalentes al efectivo,Cash,15708.31278
2018-06-30,NUTRAVALOR,ANTARCHILE,-1,Efectivo y equivalentes al efectivo,Cash,11998.738100000002
2018-09-30,NUTRAVALOR,ANTARCHILE,-1,Efectivo y equivalentes al efectivo,Cash,16101.5715
2018-12-31,NUTRAVALOR,ANTARCHILE,-1,Efectivo y equivalentes al efectivo,Cash,16378.629670000002
2019-03-31,NUTRAVALOR,ANTARCHILE,-1,Efectivo y equivalentes al efectivo,Cash,8173.08
2019-06-30,NUTRAVALOR,ANTARCHILE,-1,Efectivo y equivalentes al efectivo,Cash,19505.1834
2019-09-30,NUTRAVALOR,ANTARCHILE,-1,Efectivo y equivalentes al efectivo,Cash,11150.073199999999
2019-12-31,NUTRAVALOR,ANTARCHILE,-1,Efectivo y equivalentes al efectivo,Cash,15983.268300000002
2020-03-31,NUTRAVALOR,ANTARCHILE,-1,Efectivo y equivalentes al efectivo,Cash,31594.0716
2020-06-30,NUTRAVALOR,ANTARCHILE,-1,Efectivo y equivalentes al efectivo,Cash,25623.90768
2020-09-30,NUTRAVALOR,ANTARCHILE,-1,Efectivo y equivalentes al efectivo,Cash,36658.60026000001
2020-12-31,NUTRAVALOR,ANTARCHILE,-1,Efectivo y equivalentes al efectivo,Cash,32308.077
2021-03-31,NUTRAVALOR,ANTARCHILE,-1,Efectivo y equivalentes al efectivo,Cash,45077.47692
2021-06-30,NUTRAVALOR,ANTARCHILE,-1,Efectivo y equivalentes al efectivo,Cash,30895.73032
2021-12-31,NUTRAVALOR,ANTARCHILE,-1,Efectivo y equivalentes al efectivo,Cash,30758.644
2022-03-31,NUTRAVALOR,ANTARCHILE,-1,Efectivo y equivalentes al efectivo,Cash,22354.55684
2022-06-30,NUTRAVALOR,ANTARCHILE,-1,Efectivo y equivalentes al efectivo,Cash,25446.370199999998
2022-09-30,NUTRAVALOR,ANTARCHILE,-1,Efectivo y equivalentes al efectivo,Cash,129765.678
2022-12-31,NUTRAVALOR,ANTARCHILE,-1,Efectivo y equivalentes al efectivo,Cash,117353.19785
2023-03-31,NUTRAVALOR,ANTARCHILE,-1,Efectivo y equivalentes al efectivo,Cash,104423.87872000001
2023-06-30,NUTRAVALOR,ANTARCHILE,-1,Efectivo y equivalentes al efectivo,Cash,89834.34023999999
2023-09-30,NUTRAVALOR,ANTARCHILE,-1,Efectivo y equivalentes al efectivo,Cash,100719.99828
2023-12-31,NUTRAVALOR,ANTARCHILE,-1,Efectivo y equivalentes al efectivo,Cash,80799.33519
2024-03-31,NUTRAVALOR,ANTARCHILE,-1,Efectivo y equivalentes al efectivo,Cash,89136.2493
2024-06-30,NUTRAVALOR,ANTARCHILE,-1,Efectivo y equivalentes al efectivo,Cash,73415.89094
2024-09-30,NUTRAVALOR,ANTARCHILE,-1,Efectivo y equivalentes al efectivo,Cash,53688.06375
2024-12-31,NUTRAVALOR,ANTARCHILE,-1,Efectivo y equivalentes al efectivo,Cash,59915.11892
2025-03-31,NUTRAVALOR,ANTARCHILE,-1,Efectivo y equivalentes al efectivo,Cash,66372.6994
2025-06-30,NUTRAVALOR,ANTARCHILE,-1,Efectivo y equivalentes al efectivo,Cash,58755.1146
2021-09-30,NUTRAVALOR,ANTARCHILE,-1,Otros activos financieros corrientes,Cash,31.618
2017-03-31,NUTRAVALOR,ANTARCHILE,-1,Otros activos financieros corrientes,Cash,12988.136
2017-06-30,NUTRAVALOR,ANTARCHILE,-1,Otros activos financieros corrientes,Cash,6583.02246
2017-09-30,NUTRAVALOR,ANTARCHILE,-1,Otros activos financieros corrientes,Cash,53724.02915
2017-12-31,NUTRAVALOR,ANTARCHILE,-1,Otros activos financieros corrientes,Cash,25.83924
2018-03-31,NUTRAVALOR,ANTARCHILE,-1,Otros activos financieros corrientes,Cash,0.0
2018-06-30,NUTRAVALOR,ANTARCHILE,-1,Otros activos financieros corrientes,Cash,0.0
2018-09-30,NUTRAVALOR,ANTARCHILE,-1,Otros activos financieros corrientes,Cash,0.0
2018-12-31,NUTRAVALOR,ANTARCHILE,-1,Otros activos financieros corrientes,Cash,3532.7138200000004
2019-03-31,NUTRAVALOR,ANTARCHILE,-1,Otros activos financieros corrientes,Cash,3418.39071
2019-06-30,NUTRAVALOR,ANTARCHILE,-1,Otros activos financieros corrientes,Cash,0.0
2019-09-30,NUTRAVALOR,ANTARCHILE,-1,Otros activos financieros corrientes,Cash,0.0
2019-12-31,NUTRAVALOR,ANTARCHILE,-1,Otros activos financieros corrientes,Cash,31163.09162
2020-03-31,NUTRAVALOR,ANTARCHILE,-1,Otros activos financieros corrientes,Cash,31677.855299999996
2020-06-30,NUTRAVALOR,ANTARCHILE,-1,Otros activos financieros corrientes,Cash,30142.460280000003
2020-09-30,NUTRAVALOR,ANTARCHILE,-1,Otros activos financieros corrientes,Cash,33517.62242
2020-12-31,NUTRAVALOR,ANTARCHILE,-1,Otros activos financieros corrientes,Cash,31618.885440000002
2021-03-31,NUTRAVALOR,ANTARCHILE,-1,Otros activos financieros corrientes,Cash,27388.967210000003
2021-06-30,NUTRAVALOR,ANTARCHILE,-1,Otros activos financieros corrientes,Cash,25895.82632
2021-12-31,NUTRAVALOR,ANTARCHILE,-1,Otros activos financieros corrientes,Cash,40453.1945
2022-03-31,NUTRAVALOR,ANTARCHILE,-1,Otros activos financieros corrientes,Cash,35374.9704
2022-06-30,NUTRAVALOR,ANTARCHILE,-1,Otros activos financieros corrientes,Cash,24839.19
2022-09-30,NUTRAVALOR,ANTARCHILE,-1,Otros activos financieros corrientes,Cash,35098.644
2022-12-31,NUTRAVALOR,ANTARCHILE,-1,Otros activos financieros corrientes,Cash,30272.80171
2023-03-31,NUTRAVALOR,ANTARCHILE,-1,Otros activos financieros corrientes,Cash,26910.286760000003
2023-06-30,NUTRAVALOR,ANTARCHILE,-1,Otros activos financieros corrientes,Cash,33222.12252
2023-09-30,NUTRAVALOR,ANTARCHILE,-1,Otros activos financieros corrientes,Cash,36396.0234
2023-12-31,NUTRAVALOR,ANTARCHILE,-1,Otros activos financieros corrientes,Cash,26422.7033
2024-03-31,NUTRAVALOR,ANTARCHILE,-1,Otros activos financieros corrientes,Cash,31562.88702
2024-06-30,NUTRAVALOR,ANTARCHILE,-1,Otros activos financieros corrientes,Cash,22261.47616
2024-09-30,NUTRAVALOR,ANTARCHILE,-1,Otros activos financieros corrientes,Cash,10743.34875
2024-12-31,NUTRAVALOR,ANTARCHILE,-1,Otros activos financieros corrientes,Cash,43784.23984
2025-03-31,NUTRAVALOR,ANTARCHILE,-1,Otros activos financieros corrientes,Cash,38514.7849
2025-06-30,NUTRAVALOR,ANTARCHILE,-1,Otros activos financieros corrientes,Cash,15357.364880000001
2021-09-30,NUTRAVALOR,ANTARCHILE,-1,Otros pasivos financieros corrientes,Debt,227.012
2017-03-31,NUTRAVALOR,ANTARCHILE,-1,Otros pasivos financieros corrientes,Debt,209998.27932
2017-06-30,NUTRAVALOR,ANTARCHILE,-1,Otros pasivos financieros corrientes,Debt,210577.13352
2017-09-30,NUTRAVALOR,ANTARCHILE,-1,Otros pasivos financieros corrientes,Debt,173379.22825
2017-12-31,NUTRAVALOR,ANTARCHILE,-1,Otros pasivos financieros corrientes,Debt,125266.17464
2018-03-31,NUTRAVALOR,ANTARCHILE,-1,Otros pasivos financieros corrientes,Debt,131915.81174
2018-06-30,NUTRAVALOR,ANTARCHILE,-1,Otros pasivos financieros corrientes,Debt,145000.8428
2018-09-30,NUTRAVALOR,ANTARCHILE,-1,Otros pasivos financieros corrientes,Debt,138082.1715
2018-12-31,NUTRAVALOR,ANTARCHILE,-1,Otros pasivos financieros corrientes,Debt,151372.40434
2019-03-31,NUTRAVALOR,ANTARCHILE,-1,Otros pasivos financieros corrientes,Debt,164159.03616
2019-06-30,NUTRAVALOR,ANTARCHILE,-1,Otros pasivos financieros corrientes,Debt,204542.6796
2019-09-30,NUTRAVALOR,ANTARCHILE,-1,Otros pasivos financieros corrientes,Debt,237734.21936
2019-12-31,NUTRAVALOR,ANTARCHILE,-1,Otros pasivos financieros corrientes,Debt,259803.87496000002
2020-03-31,NUTRAVALOR,ANTARCHILE,-1,Otros pasivos financieros corrientes,Debt,290554.2549
2020-06-30,NUTRAVALOR,ANTARCHILE,-1,Otros pasivos financieros corrientes,Debt,289691.06052
2020-09-30,NUTRAVALOR,ANTARCHILE,-1,Otros pasivos financieros corrientes,Debt,263154.95160000003
2020-12-31,NUTRAVALOR,ANTARCHILE,-1,Otros pasivos financieros corrientes,Debt,229569.77976
2021-03-31,NUTRAVALOR,ANTARCHILE,-1,Otros pasivos financieros corrientes,Debt,243327.00804
2021-06-30,NUTRAVALOR,ANTARCHILE,-1,Otros pasivos financieros corrientes,Debt,169320.2784
2021-12-31,NUTRAVALOR,ANTARCHILE,-1,Otros pasivos financieros corrientes,Debt,209180.2055
2022-03-31,NUTRAVALOR,ANTARCHILE,-1,Otros pasivos financieros corrientes,Debt,216155.71031999998
2022-06-30,NUTRAVALOR,ANTARCHILE,-1,Otros pasivos financieros corrientes,Debt,272586.19103000005
2022-09-30,NUTRAVALOR,ANTARCHILE,-1,Otros pasivos financieros corrientes,Debt,262437.084
2022-12-31,NUTRAVALOR,ANTARCHILE,-1,Otros pasivos financieros corrientes,Debt,195622.75697999998
2023-03-31,NUTRAVALOR,ANTARCHILE,-1,Otros pasivos financieros corrientes,Debt,195502.72420000003
2023-06-30,NUTRAVALOR,ANTARCHILE,-1,Otros pasivos financieros corrientes,Debt,207203.01252
2023-09-30,NUTRAVALOR,ANTARCHILE,-1,Otros pasivos financieros corrientes,Debt,214210.11744
2023-12-31,NUTRAVALOR,ANTARCHILE,-1,Otros pasivos financieros corrientes,Debt,195247.58939
2024-03-31,NUTRAVALOR,ANTARCHILE,-1,Otros pasivos financieros corrientes,Debt,233306.40858000002
2024-06-30,NUTRAVALOR,ANTARCHILE,-1,Otros pasivos financieros corrientes,Debt,227716.03287999998
2024-09-30,NUTRAVALOR,ANTARCHILE,-1,Otros pasivos financieros corrientes,Debt,211703.2125
2024-12-31,NUTRAVALOR,ANTARCHILE,-1,Otros pasivos financieros corrientes,Debt,239218.98228
2025-03-31,NUTRAVALOR,ANTARCHILE,-1,Otros pasivos financieros corrientes,Debt,232145.5031
2025-06-30,NUTRAVALOR,ANTARCHILE,-1,Otros pasivos financieros corrientes,Debt,239167.65808000002
2021-09-30,NUTRAVALOR,ANTARCHILE,-1,Otros pasivos financieros no corrientes,Debt,113.5
2017-03-31,NUTRAVALOR,ANTARCHILE,-1,Otros pasivos financieros no corrientes,Debt,113014.01236
2017-06-30,NUTRAVALOR,ANTARCHILE,-1,Otros pasivos financieros no corrientes,Debt,47253.7125
2017-09-30,NUTRAVALOR,ANTARCHILE,-1,Otros pasivos financieros no corrientes,Debt,57505.007600000004
2017-12-31,NUTRAVALOR,ANTARCHILE,-1,Otros pasivos financieros no corrientes,Debt,36297.98
2018-03-31,NUTRAVALOR,ANTARCHILE,-1,Otros pasivos financieros no corrientes,Debt,27841.96
2018-06-30,NUTRAVALOR,ANTARCHILE,-1,Otros pasivos financieros no corrientes,Debt,27359.688750000005
2018-09-30,NUTRAVALOR,ANTARCHILE,-1,Otros pasivos financieros no corrientes,Debt,27958.959
2018-12-31,NUTRAVALOR,ANTARCHILE,-1,Otros pasivos financieros no corrientes,Debt,25145.019360000002
2019-03-31,NUTRAVALOR,ANTARCHILE,-1,Otros pasivos financieros no corrientes,Debt,24617.31696
2019-06-30,NUTRAVALOR,ANTARCHILE,-1,Otros pasivos financieros no corrientes,Debt,22873.20984
2019-09-30,NUTRAVALOR,ANTARCHILE,-1,Otros pasivos financieros no corrientes,Debt,10626.85792
2019-12-31,NUTRAVALOR,ANTARCHILE,-1,Otros pasivos financieros no corrientes,Debt,7758.9404
2020-03-31,NUTRAVALOR,ANTARCHILE,-1,Otros pasivos financieros no corrientes,Debt,22548.817199999998
2020-06-30,NUTRAVALOR,ANTARCHILE,-1,Otros pasivos financieros no corrientes,Debt,13878.12
2020-09-30,NUTRAVALOR,ANTARCHILE,-1,Otros pasivos financieros no corrientes,Debt,28240.56
2020-12-31,NUTRAVALOR,ANTARCHILE,-1,Otros pasivos financieros no corrientes,Debt,25604.64
2021-03-31,NUTRAVALOR,ANTARCHILE,-1,Otros pasivos financieros no corrientes,Debt,26355.96
2021-06-30,NUTRAVALOR,ANTARCHILE,-1,Otros pasivos financieros no corrientes,Debt,83454.28
2021-12-31,NUTRAVALOR,ANTARCHILE,-1,Otros pasivos financieros no corrientes,Debt,96503.375
2022-03-31,NUTRAVALOR,ANTARCHILE,-1,Otros pasivos financieros no corrientes,Debt,75960.94
2022-06-30,NUTRAVALOR,ANTARCHILE,-1,Otros pasivos financieros no corrientes,Debt,88777.105
2022-09-30,NUTRAVALOR,ANTARCHILE,-1,Otros pasivos financieros no corrientes,Debt,93219.0
2022-12-31,NUTRAVALOR,ANTARCHILE,-1,Otros pasivos financieros no corrientes,Debt,66612.025
2023-03-31,NUTRAVALOR,ANTARCHILE,-1,Otros pasivos financieros no corrientes,Debt,61172.30000000001
2023-06-30,NUTRAVALOR,ANTARCHILE,-1,Otros pasivos financieros no corrientes,Debt,28093.8
2023-09-30,NUTRAVALOR,ANTARCHILE,-1,Otros pasivos financieros no corrientes,Debt,31739.4
2023-12-31,NUTRAVALOR,ANTARCHILE,-1,Otros pasivos financieros no corrientes,Debt,30960.65
2024-03-31,NUTRAVALOR,ANTARCHILE,-1,Otros pasivos financieros no corrientes,Debt,34383.3
2024-06-30,NUTRAVALOR,ANTARCHILE,-1,Otros pasivos financieros no corrientes,Debt,16642.85
2024-09-30,NUTRAVALOR,ANTARCHILE,-1,Otros pasivos financieros no corrientes,Debt,15684.375
2024-12-31,NUTRAVALOR,ANTARCHILE,-1,Otros pasivos financieros no corrientes,Debt,17362.1
2025-03-31,NUTRAVALOR,ANTARCHILE,-1,Otros pasivos financieros no corrientes,Debt,16556.75
2025-06-30,NUTRAVALOR,ANTARCHILE,-1,Otros pasivos financieros no corrientes,Debt,0.0
2017-03-31,ALMENDRAL,ALMENDRAL,1,Efectivo y equivalentes al efectivo,Cash,101575.334
2017-06-30,ALMENDRAL,ALMENDRAL,1,Efectivo y equivalentes al efectivo,Cash,129783.835
2017-09-30,ALMENDRAL,ALMENDRAL,1,Efectivo y equivalentes al efectivo,Cash,159116.009
2017-12-31,ALMENDRAL,ALMENDRAL,1,Efectivo y equivalentes al efectivo,Cash,165227.965
2018-03-31,ALMENDRAL,ALMENDRAL,1,Efectivo y equivalentes al efectivo,Cash,69019.52
2018-06-30,ALMENDRAL,ALMENDRAL,1,Efectivo y equivalentes al efectivo,Cash,50811.598
2018-09-30,ALMENDRAL,ALMENDRAL,1,Efectivo y equivalentes al efectivo,Cash,27444.524
2018-12-31,ALMENDRAL,ALMENDRAL,1,Efectivo y equivalentes al efectivo,Cash,89681.76
2019-03-31,ALMENDRAL,ALMENDRAL,1,Efectivo y equivalentes al efectivo,Cash,52287.861
2019-06-30,ALMENDRAL,ALMENDRAL,1,Efectivo y equivalentes al efectivo,Cash,42827.358
2019-09-30,ALMENDRAL,ALMENDRAL,1,Efectivo y equivalentes al efectivo,Cash,51151.456
2019-12-31,ALMENDRAL,ALMENDRAL,1,Efectivo y equivalentes al efectivo,Cash,462122.656
2020-03-31,ALMENDRAL,ALMENDRAL,1,Efectivo y equivalentes al efectivo,Cash,314382.604
2020-06-30,ALMENDRAL,ALMENDRAL,1,Efectivo y equivalentes al efectivo,Cash,354529.805
2020-09-30,ALMENDRAL,ALMENDRAL,1,Efectivo y equivalentes al efectivo,Cash,316641.362
2020-12-31,ALMENDRAL,ALMENDRAL,1,Efectivo y equivalentes al efectivo,Cash,220737.623
2021-03-31,ALMENDRAL,ALMENDRAL,1,Efectivo y equivalentes al efectivo,Cash,62047.789
2021-06-30,ALMENDRAL,ALMENDRAL,1,Efectivo y equivalentes al efectivo,Cash,118920.941
2021-09-30,ALMENDRAL,ALMENDRAL,1,Efectivo y equivalentes al efectivo,Cash,127736.258
2021-12-31,ALMENDRAL,ALMENDRAL,1,Efectivo y equivalentes al efectivo,Cash,112882.66
2022-03-31,ALMENDRAL,ALMENDRAL,1,Efectivo y equivalentes al efectivo,Cash,115474.033
2022-06-30,ALMENDRAL,ALMENDRAL,1,Efectivo y equivalentes al efectivo,Cash,376331.552
2022-09-30,ALMENDRAL,ALMENDRAL,1,Efectivo y equivalentes al efectivo,Cash,288835.076
2022-12-31,ALMENDRAL,ALMENDRAL,1,Efectivo y equivalentes al efectivo,Cash,199735.925
2023-03-31,ALMENDRAL,ALMENDRAL,1,Efectivo y equivalentes al efectivo,Cash,114202.451
2023-06-30,ALMENDRAL,ALMENDRAL,1,Efectivo y equivalentes al efectivo,Cash,89173.246
2023-09-30,ALMENDRAL,ALMENDRAL,1,Efectivo y equivalentes al efectivo,Cash,209811.976
2023-12-31,ALMENDRAL,ALMENDRAL,1,Efectivo y equivalentes al efectivo,Cash,533330.369
2024-03-31,ALMENDRAL,ALMENDRAL,1,Efectivo y equivalentes al efectivo,Cash,286777.782
2024-06-30,ALMENDRAL,ALMENDRAL,1,Efectivo y equivalentes al efectivo,Cash,89716.272
2024-09-30,ALMENDRAL,ALMENDRAL,1,Efectivo y equivalentes al efectivo,Cash,221176.721
2024-12-31,ALMENDRAL,ALMENDRAL,1,Efectivo y equivalentes al efectivo,Cash,89747.31
2025-03-31,ALMENDRAL,ALMENDRAL,1,Efectivo y equivalentes al efectivo,Cash,189833.66
2025-06-30,ALMENDRAL,ALMENDRAL,1,Efectivo y equivalentes al efectivo,Cash,276332.624
2017-03-31,ALMENDRAL,ALMENDRAL,1,Otros activos financieros corrientes,Cash,4994.86
2017-06-30,ALMENDRAL,ALMENDRAL,1,Otros activos financieros corrientes,Cash,4396.278
2017-09-30,ALMENDRAL,ALMENDRAL,1,Otros activos financieros corrientes,Cash,3417.881
2017-12-31,ALMENDRAL,ALMENDRAL,1,Otros activos financieros corrientes,Cash,2118.672
2018-03-31,ALMENDRAL,ALMENDRAL,1,Otros activos financieros corrientes,Cash,1520.074
2018-06-30,ALMENDRAL,ALMENDRAL,1,Otros activos financieros corrientes,Cash,9093.351
2018-09-30,ALMENDRAL,ALMENDRAL,1,Otros activos financieros corrientes,Cash,9713.472
2018-12-31,ALMENDRAL,ALMENDRAL,1,Otros activos financieros corrientes,Cash,17161.83
2019-03-31,ALMENDRAL,ALMENDRAL,1,Otros activos financieros corrientes,Cash,11686.201
2019-06-30,ALMENDRAL,ALMENDRAL,1,Otros activos financieros corrientes,Cash,9321.125
2019-09-30,ALMENDRAL,ALMENDRAL,1,Otros activos financieros corrientes,Cash,15412.001
2019-12-31,ALMENDRAL,ALMENDRAL,1,Otros activos financieros corrientes,Cash,162711.744
2020-03-31,ALMENDRAL,ALMENDRAL,1,Otros activos financieros corrientes,Cash,191399.022
2020-06-30,ALMENDRAL,ALMENDRAL,1,Otros activos financieros corrientes,Cash,77859.319
2020-09-30,ALMENDRAL,ALMENDRAL,1,Otros activos financieros corrientes,Cash,249802.41
2020-12-31,ALMENDRAL,ALMENDRAL,1,Otros activos financieros corrientes,Cash,389290.088
2021-03-31,ALMENDRAL,ALMENDRAL,1,Otros activos financieros corrientes,Cash,422777.407
2021-06-30,ALMENDRAL,ALMENDRAL,1,Otros activos financieros corrientes,Cash,426775.643
2021-09-30,ALMENDRAL,ALMENDRAL,1,Otros activos financieros corrientes,Cash,425585.95
2021-12-31,ALMENDRAL,ALMENDRAL,1,Otros activos financieros corrientes,Cash,326830.155
2022-03-31,ALMENDRAL,ALMENDRAL,1,Otros activos financieros corrientes,Cash,264268.312
2022-06-30,ALMENDRAL,ALMENDRAL,1,Otros activos financieros corrientes,Cash,321727.176
2022-09-30,ALMENDRAL,ALMENDRAL,1,Otros activos financieros corrientes,Cash,254340.253
2022-12-31,ALMENDRAL,ALMENDRAL,1,Otros activos financieros corrientes,Cash,185557.202
2023-03-31,ALMENDRAL,ALMENDRAL,1,Otros activos financieros corrientes,Cash,168610.106
2023-06-30,ALMENDRAL,ALMENDRAL,1,Otros activos financieros corrientes,Cash,130023.052
2023-09-30,ALMENDRAL,ALMENDRAL,1,Otros activos financieros corrientes,Cash,178950.703
2023-12-31,ALMENDRAL,ALMENDRAL,1,Otros activos financieros corrientes,Cash,170911.805
2024-03-31,ALMENDRAL,ALMENDRAL,1,Otros activos financieros corrientes,Cash,372531.107
2024-06-30,ALMENDRAL,ALMENDRAL,1,Otros activos financieros corrientes,Cash,393138.748
2024-09-30,ALMENDRAL,ALMENDRAL,1,Otros activos financieros corrientes,Cash,283400.543
2024-12-31,ALMENDRAL,ALMENDRAL,1,Otros activos financieros corrientes,Cash,302676.836
2025-03-31,ALMENDRAL,ALMENDRAL,1,Otros activos financieros corrientes,Cash,166199.387
2025-06-30,ALMENDRAL,ALMENDRAL,1,Otros activos financieros corrientes,Cash,71989.856
2017-03-31,ALMENDRAL,ALMENDRAL,1,Otros pasivos financieros corrientes,Debt,30202.034
2017-06-30,ALMENDRAL,ALMENDRAL,1,Otros pasivos financieros corrientes,Debt,26413.925
2017-09-30,ALMENDRAL,ALMENDRAL,1,Otros pasivos financieros corrientes,Debt,33127.088
2017-12-31,ALMENDRAL,ALMENDRAL,1,Otros pasivos financieros corrientes,Debt,36661.367
2018-03-31,ALMENDRAL,ALMENDRAL,1,Otros pasivos financieros corrientes,Debt,39156.836
2018-06-30,ALMENDRAL,ALMENDRAL,1,Otros pasivos financieros corrientes,Debt,22031.646
2018-09-30,ALMENDRAL,ALMENDRAL,1,Otros pasivos financieros corrientes,Debt,25753.079
2018-12-31,ALMENDRAL,ALMENDRAL,1,Otros pasivos financieros corrientes,Debt,20739.206
2019-03-31,ALMENDRAL,ALMENDRAL,1,Otros pasivos financieros corrientes,Debt,25250.195
2019-06-30,ALMENDRAL,ALMENDRAL,1,Otros pasivos financieros corrientes,Debt,58831.884
2019-09-30,ALMENDRAL,ALMENDRAL,1,Otros pasivos financieros corrientes,Debt,55513.094
2019-12-31,ALMENDRAL,ALMENDRAL,1,Otros pasivos financieros corrientes,Debt,28936.558
2020-03-31,ALMENDRAL,ALMENDRAL,1,Otros pasivos financieros corrientes,Debt,33304.77
2020-06-30,ALMENDRAL,ALMENDRAL,1,Otros pasivos financieros corrientes,Debt,42743.067
2020-09-30,ALMENDRAL,ALMENDRAL,1,Otros pasivos financieros corrientes,Debt,45276.633
2020-12-31,ALMENDRAL,ALMENDRAL,1,Otros pasivos financieros corrientes,Debt,46799.456
2021-03-31,ALMENDRAL,ALMENDRAL,1,Otros pasivos financieros corrientes,Debt,44787.511
2021-06-30,ALMENDRAL,ALMENDRAL,1,Otros pasivos financieros corrientes,Debt,62591.809
2021-09-30,ALMENDRAL,ALMENDRAL,1,Otros pasivos financieros corrientes,Debt,76295.812
2021-12-31,ALMENDRAL,ALMENDRAL,1,Otros pasivos financieros corrientes,Debt,196915.375
2022-03-31,ALMENDRAL,ALMENDRAL,1,Otros pasivos financieros corrientes,Debt,240284.842
2022-06-30,ALMENDRAL,ALMENDRAL,1,Otros pasivos financieros corrientes,Debt,326181.719
2022-09-30,ALMENDRAL,ALMENDRAL,1,Otros pasivos financieros corrientes,Debt,350444.21
2022-12-31,ALMENDRAL,ALMENDRAL,1,Otros pasivos financieros corrientes,Debt,292687.995
2023-03-31,ALMENDRAL,ALMENDRAL,1,Otros pasivos financieros corrientes,Debt,268924.866
2023-06-30,ALMENDRAL,ALMENDRAL,1,Otros pasivos financieros corrientes,Debt,310984.145
2023-09-30,ALMENDRAL,ALMENDRAL,1,Otros pasivos financieros corrientes,Debt,330566.875
2023-12-31,ALMENDRAL,ALMENDRAL,1,Otros pasivos financieros corrientes,Debt,352851.934
2024-03-31,ALMENDRAL,ALMENDRAL,1,Otros pasivos financieros corrientes,Debt,348929.2
2024-06-30,ALMENDRAL,ALMENDRAL,1,Otros pasivos financieros corrientes,Debt,331957.085
2024-09-30,ALMENDRAL,ALMENDRAL,1,Otros pasivos financieros corrientes,Debt,569947.633
2024-12-31,ALMENDRAL,ALMENDRAL,1,Otros pasivos financieros corrientes,Debt,393574.931
2025-03-31,ALMENDRAL,ALMENDRAL,1,Otros pasivos financieros corrientes,Debt,403874.612
2025-06-30,ALMENDRAL,ALMENDRAL,1,Otros pasivos financieros corrientes,Debt,371912.288
2017-03-31,ALMENDRAL,ALMENDRAL,1,Otros pasivos financieros no corrientes,Debt,1637613.488
2017-06-30,ALMENDRAL,ALMENDRAL,1,Otros pasivos financieros no corrientes,Debt,1735965.7
2017-09-30,ALMENDRAL,ALMENDRAL,1,Otros pasivos financieros no corrientes,Debt,1690317.225
2017-12-31,ALMENDRAL,ALMENDRAL,1,Otros pasivos financieros no corrientes,Debt,1660324.141
2018-03-31,ALMENDRAL,ALMENDRAL,1,Otros pasivos financieros no corrientes,Debt,1680588.278
2018-06-30,ALMENDRAL,ALMENDRAL,1,Otros pasivos financieros no corrientes,Debt,1742515.297
2018-09-30,ALMENDRAL,ALMENDRAL,1,Otros pasivos financieros no corrientes,Debt,1767275.252
2018-12-31,ALMENDRAL,ALMENDRAL,1,Otros pasivos financieros no corrientes,Debt,1864445.261
2019-03-31,ALMENDRAL,ALMENDRAL,1,Otros pasivos financieros no corrientes,Debt,1834784.542
2019-06-30,ALMENDRAL,ALMENDRAL,1,Otros pasivos financieros no corrientes,Debt,1844307.315
2019-09-30,ALMENDRAL,ALMENDRAL,1,Otros pasivos financieros no corrientes,Debt,1921783.549
2019-12-31,ALMENDRAL,ALMENDRAL,1,Otros pasivos financieros no corrientes,Debt,2038693.333
2020-03-31,ALMENDRAL,ALMENDRAL,1,Otros pasivos financieros no corrientes,Debt,2175070.728
2020-06-30,ALMENDRAL,ALMENDRAL,1,Otros pasivos financieros no corrientes,Debt,2103854.907
2020-09-30,ALMENDRAL,ALMENDRAL,1,Otros pasivos financieros no corrientes,Debt,2041708.467
2020-12-31,ALMENDRAL,ALMENDRAL,1,Otros pasivos financieros no corrientes,Debt,1908808.5
2021-03-31,ALMENDRAL,ALMENDRAL,1,Otros pasivos financieros no corrientes,Debt,1933292.622
2021-06-30,ALMENDRAL,ALMENDRAL,1,Otros pasivos financieros no corrientes,Debt,1912950.715
2021-09-30,ALMENDRAL,ALMENDRAL,1,Otros pasivos financieros no corrientes,Debt,2026716.107
2021-12-31,ALMENDRAL,ALMENDRAL,1,Otros pasivos financieros no corrientes,Debt,1978931.835
2022-03-31,ALMENDRAL,ALMENDRAL,1,Otros pasivos financieros no corrientes,Debt,1939354.811
2022-06-30,ALMENDRAL,ALMENDRAL,1,Otros pasivos financieros no corrientes,Debt,2226321.394
2022-09-30,ALMENDRAL,ALMENDRAL,1,Otros pasivos financieros no corrientes,Debt,2297036.53
2022-12-31,ALMENDRAL,ALMENDRAL,1,Otros pasivos financieros no corrientes,Debt,1971778.497
2023-03-31,ALMENDRAL,ALMENDRAL,1,Otros pasivos financieros no corrientes,Debt,1893085.961
2023-06-30,ALMENDRAL,ALMENDRAL,1,Otros pasivos financieros no corrientes,Debt,1875353.755
2023-09-30,ALMENDRAL,ALMENDRAL,1,Otros pasivos financieros no corrientes,Debt,1992197.465
2023-12-31,ALMENDRAL,ALMENDRAL,1,Otros pasivos financieros no corrientes,Debt,1786727.295
2024-03-31,ALMENDRAL,ALMENDRAL,1,Otros pasivos financieros no corrientes,Debt,1921818.165
2024-06-30,ALMENDRAL,ALMENDRAL,1,Otros pasivos financieros no corrientes,Debt,1833542.685
2024-09-30,ALMENDRAL,ALMENDRAL,1,Otros pasivos financieros no corrientes,Debt,1531205.487
2024-12-31,ALMENDRAL,ALMENDRAL,1,Otros pasivos financieros no corrientes,Debt,1635384.445
2025-03-31,ALMENDRAL,ALMENDRAL,1,Otros pasivos financieros no corrientes,Debt,1599333.182
2025-06-30,ALMENDRAL,ALMENDRAL,1,Otros pasivos financieros no corrientes,Debt,1662431.01
2017-03-31,IAM,IAM,1,Efectivo y equivalentes al efectivo,Cash,52963.712
2017-06-30,IAM,IAM,1,Efectivo y equivalentes al efectivo,Cash,6501.671
2017-09-30,IAM,IAM,1,Efectivo y equivalentes al efectivo,Cash,6606.987
2017-12-31,IAM,IAM,1,Efectivo y equivalentes al efectivo,Cash,19803.208
2018-03-31,IAM,IAM,1,Efectivo y equivalentes al efectivo,Cash,24696.798
2018-06-30,IAM,IAM,1,Efectivo y equivalentes al efectivo,Cash,40213.748
2018-09-30,IAM,IAM,1,Efectivo y equivalentes al efectivo,Cash,35114.361
2018-12-31,IAM,IAM,1,Efectivo y equivalentes al efectivo,Cash,41087.276
2019-03-31,IAM,IAM,1,Efectivo y equivalentes al efectivo,Cash,29626.626
2019-06-30,IAM,IAM,1,Efectivo y equivalentes al efectivo,Cash,19944.937
2019-09-30,IAM,IAM,1,Efectivo y equivalentes al efectivo,Cash,29637.075
2019-12-31,IAM,IAM,1,Efectivo y equivalentes al efectivo,Cash,73057.118
2020-03-31,IAM,IAM,1,Efectivo y equivalentes al efectivo,Cash,130712.814
2020-06-30,IAM,IAM,1,Efectivo y equivalentes al efectivo,Cash,169173.637
2020-09-30,IAM,IAM,1,Efectivo y equivalentes al efectivo,Cash,183027.691
2020-12-31,IAM,IAM,1,Efectivo y equivalentes al efectivo,Cash,177964.853
2021-03-31,IAM,IAM,1,Efectivo y equivalentes al efectivo,Cash,182695.251
2021-06-30,IAM,IAM,1,Efectivo y equivalentes al efectivo,Cash,137909.371
2021-09-30,IAM,IAM,1,Efectivo y equivalentes al efectivo,Cash,185602.329
2021-12-31,IAM,IAM,1,Efectivo y equivalentes al efectivo,Cash,164558.88
2022-03-31,IAM,IAM,1,Efectivo y equivalentes al efectivo,Cash,142502.316
2022-06-30,IAM,IAM,1,Efectivo y equivalentes al efectivo,Cash,148442.598
2022-09-30,IAM,IAM,1,Efectivo y equivalentes al efectivo,Cash,164493.58
2022-12-31,IAM,IAM,1,Efectivo y equivalentes al efectivo,Cash,180545.868
2023-03-31,IAM,IAM,1,Efectivo y equivalentes al efectivo,Cash,193650.232
2023-06-30,IAM,IAM,1,Efectivo y equivalentes al efectivo,Cash,167186.1
2023-09-30,IAM,IAM,1,Efectivo y equivalentes al efectivo,Cash,147766.964
2023-12-31,IAM,IAM,1,Efectivo y equivalentes al efectivo,Cash,110795.41
2024-03-31,IAM,IAM,1,Efectivo y equivalentes al efectivo,Cash,94387.431
2024-06-30,IAM,IAM,1,Efectivo y equivalentes al efectivo,Cash,109769.506
2024-09-30,IAM,IAM,1,Efectivo y equivalentes al efectivo,Cash,76497.474
2024-12-31,IAM,IAM,1,Efectivo y equivalentes al efectivo,Cash,109990.875
2025-03-31,IAM,IAM,1,Efectivo y equivalentes al efectivo,Cash,182771.53
2025-06-30,IAM,IAM,1,Efectivo y equivalentes al efectivo,Cash,187884.085
2017-03-31,IAM,IAM,1,Otros activos financieros corrientes,Cash,8189.29
2017-06-30,IAM,IAM,1,Otros activos financieros corrientes,Cash,0.0
2017-09-30,IAM,IAM,1,Otros activos financieros corrientes,Cash,8003.338
2017-12-31,IAM,IAM,1,Otros activos financieros corrientes,Cash,0.0
2018-03-31,IAM,IAM,1,Otros activos financieros corrientes,Cash,8047.633
2018-06-30,IAM,IAM,1,Otros activos financieros corrientes,Cash,34.709
2018-09-30,IAM,IAM,1,Otros activos financieros corrientes,Cash,8157.761
2018-12-31,IAM,IAM,1,Otros activos financieros corrientes,Cash,0.0
2019-03-31,IAM,IAM,1,Otros activos financieros corrientes,Cash,8155.274
2019-06-30,IAM,IAM,1,Otros activos financieros corrientes,Cash,198.047
2019-09-30,IAM,IAM,1,Otros activos financieros corrientes,Cash,5851.96
2019-12-31,IAM,IAM,1,Otros activos financieros corrientes,Cash,0.0
2020-03-31,IAM,IAM,1,Otros activos financieros corrientes,Cash,5216.887
2020-06-30,IAM,IAM,1,Otros activos financieros corrientes,Cash,91.942
2020-09-30,IAM,IAM,1,Otros activos financieros corrientes,Cash,5219.587
2020-12-31,IAM,IAM,1,Otros activos financieros corrientes,Cash,0.0
2021-03-31,IAM,IAM,1,Otros activos financieros corrientes,Cash,5344.65
2021-06-30,IAM,IAM,1,Otros activos financieros corrientes,Cash,18.587
2021-09-30,IAM,IAM,1,Otros activos financieros corrientes,Cash,5804.888
2021-12-31,IAM,IAM,1,Otros activos financieros corrientes,Cash,0.0
2022-03-31,IAM,IAM,1,Otros activos financieros corrientes,Cash,5769.021
2022-06-30,IAM,IAM,1,Otros activos financieros corrientes,Cash,0.0
2022-09-30,IAM,IAM,1,Otros activos financieros corrientes,Cash,6235.969
2022-12-31,IAM,IAM,1,Otros activos financieros corrientes,Cash,0.0
2023-03-31,IAM,IAM,1,Otros activos financieros corrientes,Cash,6467.402
2023-06-30,IAM,IAM,1,Otros activos financieros corrientes,Cash,0.0
2023-09-30,IAM,IAM,1,Otros activos financieros corrientes,Cash,6581.562
2023-12-31,IAM,IAM,1,Otros activos financieros corrientes,Cash,0.0
2024-03-31,IAM,IAM,1,Otros activos financieros corrientes,Cash,6745.327
2024-06-30,IAM,IAM,1,Otros activos financieros corrientes,Cash,0.0
2024-09-30,IAM,IAM,1,Otros activos financieros corrientes,Cash,6893.234
2024-12-31,IAM,IAM,1,Otros activos financieros corrientes,Cash,0.0
2025-03-31,IAM,IAM,1,Otros activos financieros corrientes,Cash,7072.303
2025-06-30,IAM,IAM,1,Otros activos financieros corrientes,Cash,0.0
2017-03-31,IAM,IAM,1,Otros pasivos financieros corrientes,Debt,44846.393
2017-06-30,IAM,IAM,1,Otros pasivos financieros corrientes,Debt,46552.731
2017-09-30,IAM,IAM,1,Otros pasivos financieros corrientes,Debt,56329.055
2017-12-31,IAM,IAM,1,Otros pasivos financieros corrientes,Debt,63045.352
2018-03-31,IAM,IAM,1,Otros pasivos financieros corrientes,Debt,109953.766
2018-06-30,IAM,IAM,1,Otros pasivos financieros corrientes,Debt,76993.427
2018-09-30,IAM,IAM,1,Otros pasivos financieros corrientes,Debt,64302.142
2018-12-31,IAM,IAM,1,Otros pasivos financieros corrientes,Debt,33963.316
2019-03-31,IAM,IAM,1,Otros pasivos financieros corrientes,Debt,67106.617
2019-06-30,IAM,IAM,1,Otros pasivos financieros corrientes,Debt,50327.717
2019-09-30,IAM,IAM,1,Otros pasivos financieros corrientes,Debt,41612.236
2019-12-31,IAM,IAM,1,Otros pasivos financieros corrientes,Debt,37889.164
2020-03-31,IAM,IAM,1,Otros pasivos financieros corrientes,Debt,103477.305
2020-06-30,IAM,IAM,1,Otros pasivos financieros corrientes,Debt,106642.741
2020-09-30,IAM,IAM,1,Otros pasivos financieros corrientes,Debt,69176.36
2020-12-31,IAM,IAM,1,Otros pasivos financieros corrientes,Debt,71064.294
2021-03-31,IAM,IAM,1,Otros pasivos financieros corrientes,Debt,82356.36
2021-06-30,IAM,IAM,1,Otros pasivos financieros corrientes,Debt,86362.167
2021-09-30,IAM,IAM,1,Otros pasivos financieros corrientes,Debt,84829.34
2021-12-31,IAM,IAM,1,Otros pasivos financieros corrientes,Debt,69023.789
2022-03-31,IAM,IAM,1,Otros pasivos financieros corrientes,Debt,72684.423
2022-06-30,IAM,IAM,1,Otros pasivos financieros corrientes,Debt,67316.176
2022-09-30,IAM,IAM,1,Otros pasivos financieros corrientes,Debt,80711.737
2022-12-31,IAM,IAM,1,Otros pasivos financieros corrientes,Debt,74347.139
2023-03-31,IAM,IAM,1,Otros pasivos financieros corrientes,Debt,74090.885
2023-06-30,IAM,IAM,1,Otros pasivos financieros corrientes,Debt,120516.426
2023-09-30,IAM,IAM,1,Otros pasivos financieros corrientes,Debt,160304.321
2023-12-31,IAM,IAM,1,Otros pasivos financieros corrientes,Debt,155416.801
2024-03-31,IAM,IAM,1,Otros pasivos financieros corrientes,Debt,156721.04
2024-06-30,IAM,IAM,1,Otros pasivos financieros corrientes,Debt,89471.87
2024-09-30,IAM,IAM,1,Otros pasivos financieros corrientes,Debt,89431.188
2024-12-31,IAM,IAM,1,Otros pasivos financieros corrientes,Debt,116332.739
2025-03-31,IAM,IAM,1,Otros pasivos financieros corrientes,Debt,73843.803
2025-06-30,IAM,IAM,1,Otros pasivos financieros corrientes,Debt,63019.644
2017-03-31,IAM,IAM,1,Otros pasivos financieros no corrientes,Debt,814819.113
2017-06-30,IAM,IAM,1,Otros pasivos financieros no corrientes,Debt,825118.598
2017-09-30,IAM,IAM,1,Otros pasivos financieros no corrientes,Debt,813401.324
2017-12-31,IAM,IAM,1,Otros pasivos financieros no corrientes,Debt,802978.167
2018-03-31,IAM,IAM,1,Otros pasivos financieros no corrientes,Debt,787600.316
2018-06-30,IAM,IAM,1,Otros pasivos financieros no corrientes,Debt,886872.928
2018-09-30,IAM,IAM,1,Otros pasivos financieros no corrientes,Debt,908316.622
2018-12-31,IAM,IAM,1,Otros pasivos financieros no corrientes,Debt,912513.179
2019-03-31,IAM,IAM,1,Otros pasivos financieros no corrientes,Debt,909589.357
2019-06-30,IAM,IAM,1,Otros pasivos financieros no corrientes,Debt,983467.689
2019-09-30,IAM,IAM,1,Otros pasivos financieros no corrientes,Debt,987347.431
2019-12-31,IAM,IAM,1,Otros pasivos financieros no corrientes,Debt,1004909.555
2020-03-31,IAM,IAM,1,Otros pasivos financieros no corrientes,Debt,1037081.254
2020-06-30,IAM,IAM,1,Otros pasivos financieros no corrientes,Debt,1046937.07
2020-09-30,IAM,IAM,1,Otros pasivos financieros no corrientes,Debt,996936.46
2020-12-31,IAM,IAM,1,Otros pasivos financieros no corrientes,Debt,998729.962
2021-03-31,IAM,IAM,1,Otros pasivos financieros no corrientes,Debt,997392.675
2021-06-30,IAM,IAM,1,Otros pasivos financieros no corrientes,Debt,995703.695
2021-09-30,IAM,IAM,1,Otros pasivos financieros no corrientes,Debt,1024525.488
2021-12-31,IAM,IAM,1,Otros pasivos financieros no corrientes,Debt,1084075.622
2022-03-31,IAM,IAM,1,Otros pasivos financieros no corrientes,Debt,1090683.383
2022-06-30,IAM,IAM,1,Otros pasivos financieros no corrientes,Debt,1119961.249
2022-09-30,IAM,IAM,1,Otros pasivos financieros no corrientes,Debt,1156847.481
2022-12-31,IAM,IAM,1,Otros pasivos financieros no corrientes,Debt,1222905.987
2023-03-31,IAM,IAM,1,Otros pasivos financieros no corrientes,Debt,1219520.564
2023-06-30,IAM,IAM,1,Otros pasivos financieros no corrientes,Debt,1173262.137
2023-09-30,IAM,IAM,1,Otros pasivos financieros no corrientes,Debt,1113280.882
2023-12-31,IAM,IAM,1,Otros pasivos financieros no corrientes,Debt,1125060.897
2024-03-31,IAM,IAM,1,Otros pasivos financieros no corrientes,Debt,1121628.277
2024-06-30,IAM,IAM,1,Otros pasivos financieros no corrientes,Debt,1254574.719
2024-09-30,IAM,IAM,1,Otros pasivos financieros no corrientes,Debt,1230124.282
2024-12-31,IAM,IAM,1,Otros pasivos financieros no corrientes,Debt,1205884.299
2025-03-31,IAM,IAM,1,Otros pasivos financieros no corrientes,Debt,1358226.848
2025-06-30,IAM,IAM,1,Otros pasivos financieros no corrientes,Debt,1366818.363
2024-09-30,INVERCAP,INVERCAP,1,Efectivo y equivalentes al efectivo,Cash,465.256
2025-06-30,INVERCAP,INVERCAP,1,Efectivo y equivalentes al efectivo,Cash,372.046
2017-03-31,INVERCAP,INVERCAP,1,Efectivo y equivalentes al efectivo,Cash,4336.44704
2017-06-30,INVERCAP,INVERCAP,1,Efectivo y equivalentes al efectivo,Cash,2282.7688200000002
2017-09-30,INVERCAP,INVERCAP,1,Efectivo y equivalentes al efectivo,Cash,1569.83525
2017-12-31,INVERCAP,INVERCAP,1,Efectivo y equivalentes al efectivo,Cash,3014.578
2018-03-31,INVERCAP,INVERCAP,1,Efectivo y equivalentes al efectivo,Cash,2351.4351
2018-06-30,INVERCAP,INVERCAP,1,Efectivo y equivalentes al efectivo,Cash,2310.5897
2018-09-30,INVERCAP,INVERCAP,1,Efectivo y equivalentes al efectivo,Cash,1881.306
2018-12-31,INVERCAP,INVERCAP,1,Efectivo y equivalentes al efectivo,Cash,3269.7430000000004
2019-03-31,INVERCAP,INVERCAP,1,Efectivo y equivalentes al efectivo,Cash,1546.75539
2019-06-30,INVERCAP,INVERCAP,1,Efectivo y equivalentes al efectivo,Cash,4673.357639999999
2019-09-30,INVERCAP,INVERCAP,1,Efectivo y equivalentes al efectivo,Cash,3525.35344
2019-12-31,INVERCAP,INVERCAP,1,Efectivo y equivalentes al efectivo,Cash,2274.8141
2020-03-31,INVERCAP,INVERCAP,1,Efectivo y equivalentes al efectivo,Cash,16361.517899999999
2020-06-30,INVERCAP,INVERCAP,1,Efectivo y equivalentes al efectivo,Cash,2634.39372
2020-09-30,INVERCAP,INVERCAP,1,Efectivo y equivalentes al efectivo,Cash,1388.4941999999999
2020-12-31,INVERCAP,INVERCAP,1,Efectivo y equivalentes al efectivo,Cash,5525.623560000001
2021-03-31,INVERCAP,INVERCAP,1,Efectivo y equivalentes al efectivo,Cash,3140.01979
2021-06-30,INVERCAP,INVERCAP,1,Efectivo y equivalentes al efectivo,Cash,13118.86576
2021-09-30,INVERCAP,INVERCAP,1,Efectivo y equivalentes al efectivo,Cash,21165.75701
2021-12-31,INVERCAP,INVERCAP,1,Efectivo y equivalentes al efectivo,Cash,743003.71625
2022-03-31,INVERCAP,INVERCAP,1,Efectivo y equivalentes al efectivo,Cash,571448.24792
2022-06-30,INVERCAP,INVERCAP,1,Efectivo y equivalentes al efectivo,Cash,278273.44557
2022-09-30,INVERCAP,INVERCAP,1,Efectivo y equivalentes al efectivo,Cash,248915.982
2022-12-31,INVERCAP,INVERCAP,1,Efectivo y equivalentes al efectivo,Cash,234036.83741
2023-03-31,INVERCAP,INVERCAP,1,Efectivo y equivalentes al efectivo,Cash,216972.2282
2023-06-30,INVERCAP,INVERCAP,1,Efectivo y equivalentes al efectivo,Cash,234153.79619999998
2023-09-30,INVERCAP,INVERCAP,1,Efectivo y equivalentes al efectivo,Cash,221128.3998
2023-12-31,INVERCAP,INVERCAP,1,Efectivo y equivalentes al efectivo,Cash,445518.44596000004
2024-03-31,INVERCAP,INVERCAP,1,Efectivo y equivalentes al efectivo,Cash,490399.1841
2024-06-30,INVERCAP,INVERCAP,1,Efectivo y equivalentes al efectivo,Cash,497824.73328
2024-12-31,INVERCAP,INVERCAP,1,Efectivo y equivalentes al efectivo,Cash,392201.90204
2025-03-31,INVERCAP,INVERCAP,1,Efectivo y equivalentes al efectivo,Cash,414509.11640000006
2024-09-30,INVERCAP,INVERCAP,1,Otros activos financieros corrientes,Cash,37.486
2025-06-30,INVERCAP,INVERCAP,1,Otros activos financieros corrientes,Cash,45.152
2017-03-31,INVERCAP,INVERCAP,1,Otros activos financieros corrientes,Cash,520.8507599999999
2017-06-30,INVERCAP,INVERCAP,1,Otros activos financieros corrientes,Cash,580.30875
2017-09-30,INVERCAP,INVERCAP,1,Otros activos financieros corrientes,Cash,697.35075
2017-12-31,INVERCAP,INVERCAP,1,Otros activos financieros corrientes,Cash,1048.9501
2018-03-31,INVERCAP,INVERCAP,1,Otros activos financieros corrientes,Cash,1177.2306999999998
2018-06-30,INVERCAP,INVERCAP,1,Otros activos financieros corrientes,Cash,1091.1478
2018-09-30,INVERCAP,INVERCAP,1,Otros activos financieros corrientes,Cash,1139.103
2018-12-31,INVERCAP,INVERCAP,1,Otros activos financieros corrientes,Cash,699.86414
2019-03-31,INVERCAP,INVERCAP,1,Otros activos financieros corrientes,Cash,871.11411
2019-06-30,INVERCAP,INVERCAP,1,Otros activos financieros corrientes,Cash,1037.46636
2019-09-30,INVERCAP,INVERCAP,1,Otros activos financieros corrientes,Cash,587.07512
2019-12-31,INVERCAP,INVERCAP,1,Otros activos financieros corrientes,Cash,717.8136800000001
2020-03-31,INVERCAP,INVERCAP,1,Otros activos financieros corrientes,Cash,815.8331999999999
2020-06-30,INVERCAP,INVERCAP,1,Otros activos financieros corrientes,Cash,228.5808
2020-09-30,INVERCAP,INVERCAP,1,Otros activos financieros corrientes,Cash,491.85642
2020-12-31,INVERCAP,INVERCAP,1,Otros activos financieros corrientes,Cash,286.62972
2021-03-31,INVERCAP,INVERCAP,1,Otros activos financieros corrientes,Cash,359.46601
2021-06-30,INVERCAP,INVERCAP,1,Otros activos financieros corrientes,Cash,361.02248
2021-09-30,INVERCAP,INVERCAP,1,Otros activos financieros corrientes,Cash,379.29448
2021-12-31,INVERCAP,INVERCAP,1,Otros activos financieros corrientes,Cash,64232.13625
2022-03-31,INVERCAP,INVERCAP,1,Otros activos financieros corrientes,Cash,74741.62916
2022-06-30,INVERCAP,INVERCAP,1,Otros activos financieros corrientes,Cash,54341.70793
2022-09-30,INVERCAP,INVERCAP,1,Otros activos financieros corrientes,Cash,67667.334
2022-12-31,INVERCAP,INVERCAP,1,Otros activos financieros corrientes,Cash,68204.69703
2023-03-31,INVERCAP,INVERCAP,1,Otros activos financieros corrientes,Cash,49615.865880000005
2023-06-30,INVERCAP,INVERCAP,1,Otros activos financieros corrientes,Cash,47096.44632
2023-09-30,INVERCAP,INVERCAP,1,Otros activos financieros corrientes,Cash,53563.41144
2023-12-31,INVERCAP,INVERCAP,1,Otros activos financieros corrientes,Cash,72727.45144
2024-03-31,INVERCAP,INVERCAP,1,Otros activos financieros corrientes,Cash,36650.63304
2024-06-30,INVERCAP,INVERCAP,1,Otros activos financieros corrientes,Cash,53298.01386
2024-12-31,INVERCAP,INVERCAP,1,Otros activos financieros corrientes,Cash,62690.07856
2025-03-31,INVERCAP,INVERCAP,1,Otros activos financieros corrientes,Cash,22007.2321
2024-09-30,INVERCAP,INVERCAP,1,Otros pasivos financieros corrientes,Debt,555.401
2025-06-30,INVERCAP,INVERCAP,1,Otros pasivos financieros corrientes,Debt,594.789
2017-03-31,INVERCAP,INVERCAP,1,Otros pasivos financieros corrientes,Debt,8857.113559999998
2017-06-30,INVERCAP,INVERCAP,1,Otros pasivos financieros corrientes,Debt,7486.31448
2017-09-30,INVERCAP,INVERCAP,1,Otros pasivos financieros corrientes,Debt,7685.5058
2017-12-31,INVERCAP,INVERCAP,1,Otros pasivos financieros corrientes,Debt,7643.493280000001
2018-03-31,INVERCAP,INVERCAP,1,Otros pasivos financieros corrientes,Debt,7450.750599999999
2018-06-30,INVERCAP,INVERCAP,1,Otros pasivos financieros corrientes,Debt,1472.79035
2018-09-30,INVERCAP,INVERCAP,1,Otros pasivos financieros corrientes,Debt,1352.7675
2018-12-31,INVERCAP,INVERCAP,1,Otros pasivos financieros corrientes,Debt,1549.9973200000002
2019-03-31,INVERCAP,INVERCAP,1,Otros pasivos financieros corrientes,Debt,1369.67199
2019-06-30,INVERCAP,INVERCAP,1,Otros pasivos financieros corrientes,Debt,1701.68958
2019-09-30,INVERCAP,INVERCAP,1,Otros pasivos financieros corrientes,Debt,2608.09392
2019-12-31,INVERCAP,INVERCAP,1,Otros pasivos financieros corrientes,Debt,3702.99526
2020-03-31,INVERCAP,INVERCAP,1,Otros pasivos financieros corrientes,Debt,1916.0231999999999
2020-06-30,INVERCAP,INVERCAP,1,Otros pasivos financieros corrientes,Debt,3692.3962800000004
2020-09-30,INVERCAP,INVERCAP,1,Otros pasivos financieros corrientes,Debt,22538.32026
2020-12-31,INVERCAP,INVERCAP,1,Otros pasivos financieros corrientes,Debt,20552.70228
2021-03-31,INVERCAP,INVERCAP,1,Otros pasivos financieros corrientes,Debt,69588.51972
2021-06-30,INVERCAP,INVERCAP,1,Otros pasivos financieros corrientes,Debt,37544.132079999996
2021-09-30,INVERCAP,INVERCAP,1,Otros pasivos financieros corrientes,Debt,36761.831730000005
2021-12-31,INVERCAP,INVERCAP,1,Otros pasivos financieros corrientes,Debt,169465.87825
2022-03-31,INVERCAP,INVERCAP,1,Otros pasivos financieros corrientes,Debt,167081.79444
2022-06-30,INVERCAP,INVERCAP,1,Otros pasivos financieros corrientes,Debt,183606.69263
2022-09-30,INVERCAP,INVERCAP,1,Otros pasivos financieros corrientes,Debt,320738.082
2022-12-31,INVERCAP,INVERCAP,1,Otros pasivos financieros corrientes,Debt,388893.8946
2023-03-31,INVERCAP,INVERCAP,1,Otros pasivos financieros corrientes,Debt,429884.19432000007
2023-06-30,INVERCAP,INVERCAP,1,Otros pasivos financieros corrientes,Debt,482545.53023999993
2023-09-30,INVERCAP,INVERCAP,1,Otros pasivos financieros corrientes,Debt,541858.6641599999
2023-12-31,INVERCAP,INVERCAP,1,Otros pasivos financieros corrientes,Debt,501183.92548000003
2024-03-31,INVERCAP,INVERCAP,1,Otros pasivos financieros corrientes,Debt,581360.6954399999
2024-06-30,INVERCAP,INVERCAP,1,Otros pasivos financieros corrientes,Debt,611390.7865800001
2024-12-31,INVERCAP,INVERCAP,1,Otros pasivos financieros corrientes,Debt,568163.31312
2025-03-31,INVERCAP,INVERCAP,1,Otros pasivos financieros corrientes,Debt,543015.0411
2024-09-30,INVERCAP,INVERCAP,1,Otros pasivos financieros no corrientes,Debt,1194.547
2025-06-30,INVERCAP,INVERCAP,1,Otros pasivos financieros no corrientes,Debt,1308.393
2017-03-31,INVERCAP,INVERCAP,1,Otros pasivos financieros no corrientes,Debt,31942.199979999998
2017-06-30,INVERCAP,INVERCAP,1,Otros pasivos financieros no corrientes,Debt,27125.289
2017-09-30,INVERCAP,INVERCAP,1,Otros pasivos financieros no corrientes,Debt,26253.5044
2017-12-31,INVERCAP,INVERCAP,1,Otros pasivos financieros no corrientes,Debt,25530.39956
2018-03-31,INVERCAP,INVERCAP,1,Otros pasivos financieros no corrientes,Debt,25283.525980000002
2018-06-30,INVERCAP,INVERCAP,1,Otros pasivos financieros no corrientes,Debt,28148.2439
2018-09-30,INVERCAP,INVERCAP,1,Otros pasivos financieros no corrientes,Debt,28459.053
2018-12-31,INVERCAP,INVERCAP,1,Otros pasivos financieros no corrientes,Debt,26528.05108
2019-03-31,INVERCAP,INVERCAP,1,Otros pasivos financieros no corrientes,Debt,26225.370450000002
2019-06-30,INVERCAP,INVERCAP,1,Otros pasivos financieros no corrientes,Debt,29993.38362
2019-09-30,INVERCAP,INVERCAP,1,Otros pasivos financieros no corrientes,Debt,30608.45672
2019-12-31,INVERCAP,INVERCAP,1,Otros pasivos financieros no corrientes,Debt,30032.01384
2020-03-31,INVERCAP,INVERCAP,1,Otros pasivos financieros no corrientes,Debt,61548.0138
2020-06-30,INVERCAP,INVERCAP,1,Otros pasivos financieros no corrientes,Debt,58704.4476
2020-09-30,INVERCAP,INVERCAP,1,Otros pasivos financieros no corrientes,Debt,37109.66476000001
2020-12-31,INVERCAP,INVERCAP,1,Otros pasivos financieros no corrientes,Debt,34039.9464
2021-03-31,INVERCAP,INVERCAP,1,Otros pasivos financieros no corrientes,Debt,66519.5146
2021-06-30,INVERCAP,INVERCAP,1,Otros pasivos financieros no corrientes,Debt,48496.12768
2021-09-30,INVERCAP,INVERCAP,1,Otros pasivos financieros no corrientes,Debt,58445.1007
2021-12-31,INVERCAP,INVERCAP,1,Otros pasivos financieros no corrientes,Debt,530521.13975
2022-03-31,INVERCAP,INVERCAP,1,Otros pasivos financieros no corrientes,Debt,471113.68568
2022-06-30,INVERCAP,INVERCAP,1,Otros pasivos financieros no corrientes,Debt,557786.09073
2022-09-30,INVERCAP,INVERCAP,1,Otros pasivos financieros no corrientes,Debt,605215.422
2022-12-31,INVERCAP,INVERCAP,1,Otros pasivos financieros no corrientes,Debt,512119.26477
2023-03-31,INVERCAP,INVERCAP,1,Otros pasivos financieros no corrientes,Debt,468409.32488000003
2023-06-30,INVERCAP,INVERCAP,1,Otros pasivos financieros no corrientes,Debt,528945.25032
2023-09-30,INVERCAP,INVERCAP,1,Otros pasivos financieros no corrientes,Debt,725320.55772
2023-12-31,INVERCAP,INVERCAP,1,Otros pasivos financieros no corrientes,Debt,979681.6558200001
2024-03-31,INVERCAP,INVERCAP,1,Otros pasivos financieros no corrientes,Debt,1045361.3641799999
2024-06-30,INVERCAP,INVERCAP,1,Otros pasivos financieros no corrientes,Debt,1007124.47388
2024-12-31,INVERCAP,INVERCAP,1,Otros pasivos financieros no corrientes,Debt,1163768.6654400001
2025-03-31,INVERCAP,INVERCAP,1,Otros pasivos financieros no corrientes,Debt,1238180.9381000001
2017-03-31,CAP,INVERCAP,-1,Efectivo y equivalentes al efectivo,Cash,243297.60697999998
2017-06-30,CAP,INVERCAP,-1,Efectivo y equivalentes al efectivo,Cash,158491.93617000003
2017-09-30,CAP,INVERCAP,-1,Efectivo y equivalentes al efectivo,Cash,132676.2342
2017-12-31,CAP,INVERCAP,-1,Efectivo y equivalentes al efectivo,Cash,181697.84436000002
2018-03-31,CAP,INVERCAP,-1,Efectivo y equivalentes al efectivo,Cash,216798.68466
2018-06-30,CAP,INVERCAP,-1,Efectivo y equivalentes al efectivo,Cash,225903.87980000002
2018-09-30,CAP,INVERCAP,-1,Efectivo y equivalentes al efectivo,Cash,231070.5495
2018-12-31,CAP,INVERCAP,-1,Efectivo y equivalentes al efectivo,Cash,135512.75941
2019-03-31,CAP,INVERCAP,-1,Efectivo y equivalentes al efectivo,Cash,144937.99527
2019-06-30,CAP,INVERCAP,-1,Efectivo y equivalentes al efectivo,Cash,159508.07334
2019-09-30,CAP,INVERCAP,-1,Efectivo y equivalentes al efectivo,Cash,155827.44344
2019-12-31,CAP,INVERCAP,-1,Efectivo y equivalentes al efectivo,Cash,194508.14716
2020-03-31,CAP,INVERCAP,-1,Efectivo y equivalentes al efectivo,Cash,282134.4162
2020-06-30,CAP,INVERCAP,-1,Efectivo y equivalentes al efectivo,Cash,332758.94868000003
2020-09-30,CAP,INVERCAP,-1,Efectivo y equivalentes al efectivo,Cash,415558.27148
2020-12-31,CAP,INVERCAP,-1,Efectivo y equivalentes al efectivo,Cash,300098.47187999997
2021-03-31,CAP,INVERCAP,-1,Efectivo y equivalentes al efectivo,Cash,392066.86830000003
2021-06-30,CAP,INVERCAP,-1,Efectivo y equivalentes al efectivo,Cash,470002.0052
2021-09-30,CAP,INVERCAP,-1,Efectivo y equivalentes al efectivo,Cash,711403.76238
2021-12-31,CAP,INVERCAP,-1,Efectivo y equivalentes al efectivo,Cash,737636.088
2022-03-31,CAP,INVERCAP,-1,Efectivo y equivalentes al efectivo,Cash,566611.93688
2022-06-30,CAP,INVERCAP,-1,Efectivo y equivalentes al efectivo,Cash,273804.23131
2022-09-30,CAP,INVERCAP,-1,Efectivo y equivalentes al efectivo,Cash,244136.214
2022-12-31,CAP,INVERCAP,-1,Efectivo y equivalentes al efectivo,Cash,233298.51832
2023-03-31,CAP,INVERCAP,-1,Efectivo y equivalentes al efectivo,Cash,216336.03628
2023-06-30,CAP,INVERCAP,-1,Efectivo y equivalentes al efectivo,Cash,227332.62155999997
2023-09-30,CAP,INVERCAP,-1,Efectivo y equivalentes al efectivo,Cash,213953.48172
2023-12-31,CAP,INVERCAP,-1,Efectivo y equivalentes al efectivo,Cash,439712.88179
2024-03-31,CAP,INVERCAP,-1,Efectivo y equivalentes al efectivo,Cash,484318.2519
2024-06-30,CAP,INVERCAP,-1,Efectivo y equivalentes al efectivo,Cash,492663.54774
2024-09-30,CAP,INVERCAP,-1,Efectivo y equivalentes al efectivo,Cash,412158.4875
2024-12-31,CAP,INVERCAP,-1,Efectivo y equivalentes al efectivo,Cash,389171.96756
2025-03-31,CAP,INVERCAP,-1,Efectivo y equivalentes al efectivo,Cash,411929.1017
2025-06-30,CAP,INVERCAP,-1,Efectivo y equivalentes al efectivo,Cash,347047.2512
2017-03-31,CAP,INVERCAP,-1,Otros activos financieros corrientes,Cash,312801.36374
2017-06-30,CAP,INVERCAP,-1,Otros activos financieros corrientes,Cash,317189.46744
2017-09-30,CAP,INVERCAP,-1,Otros activos financieros corrientes,Cash,316783.83755
2017-12-31,CAP,INVERCAP,-1,Otros activos financieros corrientes,Cash,249068.12568
2018-03-31,CAP,INVERCAP,-1,Otros activos financieros corrientes,Cash,204530.66972
2018-06-30,CAP,INVERCAP,-1,Otros activos financieros corrientes,Cash,90595.07310000001
2018-09-30,CAP,INVERCAP,-1,Otros activos financieros corrientes,Cash,66977.5365
2018-12-31,CAP,INVERCAP,-1,Otros activos financieros corrientes,Cash,194856.50779000003
2019-03-31,CAP,INVERCAP,-1,Otros activos financieros corrientes,Cash,128200.88961
2019-06-30,CAP,INVERCAP,-1,Otros activos financieros corrientes,Cash,96182.51364
2019-09-30,CAP,INVERCAP,-1,Otros activos financieros corrientes,Cash,82614.31391999999
2019-12-31,CAP,INVERCAP,-1,Otros activos financieros corrientes,Cash,58218.114700000006
2020-03-31,CAP,INVERCAP,-1,Otros activos financieros corrientes,Cash,126470.22569999998
2020-06-30,CAP,INVERCAP,-1,Otros activos financieros corrientes,Cash,167955.45732
2020-09-30,CAP,INVERCAP,-1,Otros activos financieros corrientes,Cash,105382.00302
2020-12-31,CAP,INVERCAP,-1,Otros activos financieros corrientes,Cash,95726.50284
2021-03-31,CAP,INVERCAP,-1,Otros activos financieros corrientes,Cash,56414.20027
2021-06-30,CAP,INVERCAP,-1,Otros activos financieros corrientes,Cash,29484.728
2021-09-30,CAP,INVERCAP,-1,Otros activos financieros corrientes,Cash,17319.77527
2021-12-31,CAP,INVERCAP,-1,Otros activos financieros corrientes,Cash,63811.2625
2022-03-31,CAP,INVERCAP,-1,Otros activos financieros corrientes,Cash,74351.98495999999
2022-06-30,CAP,INVERCAP,-1,Otros activos financieros corrientes,Cash,53801.68554
2022-09-30,CAP,INVERCAP,-1,Otros activos financieros corrientes,Cash,67024.944
2022-12-31,CAP,INVERCAP,-1,Otros activos financieros corrientes,Cash,68113.58897
2023-03-31,CAP,INVERCAP,-1,Otros activos financieros corrientes,Cash,49534.56592
2023-06-30,CAP,INVERCAP,-1,Otros activos financieros corrientes,Cash,47008.15152
2023-09-30,CAP,INVERCAP,-1,Otros activos financieros corrientes,Cash,53556.15672
2023-12-31,CAP,INVERCAP,-1,Otros activos financieros corrientes,Cash,72722.14390000001
2024-03-31,CAP,INVERCAP,-1,Otros activos financieros corrientes,Cash,36629.02068
2024-06-30,CAP,INVERCAP,-1,Otros activos financieros corrientes,Cash,53283.74856
2024-09-30,CAP,INVERCAP,-1,Otros activos financieros corrientes,Cash,33579.79875
2024-12-31,CAP,INVERCAP,-1,Otros activos financieros corrientes,Cash,62681.14948
2025-03-31,CAP,INVERCAP,-1,Otros activos financieros corrientes,Cash,22004.3938
2025-06-30,CAP,INVERCAP,-1,Otros activos financieros corrientes,Cash,42237.43212
2017-03-31,CAP,INVERCAP,-1,Otros pasivos financieros corrientes,Debt,211164.56092
2017-06-30,CAP,INVERCAP,-1,Otros pasivos financieros corrientes,Debt,208791.7722
2017-09-30,CAP,INVERCAP,-1,Otros pasivos financieros corrientes,Debt,318815.38905
2017-12-31,CAP,INVERCAP,-1,Otros pasivos financieros corrientes,Debt,301059.13744
2018-03-31,CAP,INVERCAP,-1,Otros pasivos financieros corrientes,Debt,289706.48848
2018-06-30,CAP,INVERCAP,-1,Otros pasivos financieros corrientes,Debt,193398.8201
2018-09-30,CAP,INVERCAP,-1,Otros pasivos financieros corrientes,Debt,198207.891
2018-12-31,CAP,INVERCAP,-1,Otros pasivos financieros corrientes,Debt,222587.40688000002
2019-03-31,CAP,INVERCAP,-1,Otros pasivos financieros corrientes,Debt,253325.97678
2019-06-30,CAP,INVERCAP,-1,Otros pasivos financieros corrientes,Debt,261319.82778
2019-09-30,CAP,INVERCAP,-1,Otros pasivos financieros corrientes,Debt,299238.50208
2019-12-31,CAP,INVERCAP,-1,Otros pasivos financieros corrientes,Debt,353685.56456
2020-03-31,CAP,INVERCAP,-1,Otros pasivos financieros corrientes,Debt,486581.0313
2020-06-30,CAP,INVERCAP,-1,Otros pasivos financieros corrientes,Debt,665420.75052
2020-09-30,CAP,INVERCAP,-1,Otros pasivos financieros corrientes,Debt,602366.43804
2020-12-31,CAP,INVERCAP,-1,Otros pasivos financieros corrientes,Debt,352110.74184000003
2021-03-31,CAP,INVERCAP,-1,Otros pasivos financieros corrientes,Debt,309710.35018
2021-06-30,CAP,INVERCAP,-1,Otros pasivos financieros corrientes,Debt,163473.33184
2021-09-30,CAP,INVERCAP,-1,Otros pasivos financieros corrientes,Debt,85210.27283
2021-12-31,CAP,INVERCAP,-1,Otros pasivos financieros corrientes,Debt,129970.9155
2022-03-31,CAP,INVERCAP,-1,Otros pasivos financieros corrientes,Debt,129790.08944
2022-06-30,CAP,INVERCAP,-1,Otros pasivos financieros corrientes,Debt,181336.20667
2022-09-30,CAP,INVERCAP,-1,Otros pasivos financieros corrientes,Debt,317765.7
2022-12-31,CAP,INVERCAP,-1,Otros pasivos financieros corrientes,Debt,388881.86146
2023-03-31,CAP,INVERCAP,-1,Otros pasivos financieros corrientes,Debt,428813.8764
2023-06-30,CAP,INVERCAP,-1,Otros pasivos financieros corrientes,Debt,481422.58092
2023-09-30,CAP,INVERCAP,-1,Otros pasivos financieros corrientes,Debt,540071.28252
2023-12-31,CAP,INVERCAP,-1,Otros pasivos financieros corrientes,Debt,499997.69029
2024-03-31,CAP,INVERCAP,-1,Otros pasivos financieros corrientes,Debt,545039.1597000001
2024-06-30,CAP,INVERCAP,-1,Otros pasivos financieros corrientes,Debt,577737.0418400001
2024-09-30,CAP,INVERCAP,-1,Otros pasivos financieros corrientes,Debt,464962.84875
2024-12-31,CAP,INVERCAP,-1,Otros pasivos financieros corrientes,Debt,533062.10752
2025-03-31,CAP,INVERCAP,-1,Otros pasivos financieros corrientes,Debt,508972.4709
2025-06-30,CAP,INVERCAP,-1,Otros pasivos financieros corrientes,Debt,523510.97187999997
2017-03-31,CAP,INVERCAP,-1,Otros pasivos financieros no corrientes,Debt,647908.52574
2017-06-30,CAP,INVERCAP,-1,Otros pasivos financieros no corrientes,Debt,558720.6012900001
2017-09-30,CAP,INVERCAP,-1,Otros pasivos financieros no corrientes,Debt,404937.2514
2017-12-31,CAP,INVERCAP,-1,Otros pasivos financieros no corrientes,Debt,362103.72672000004
2018-03-31,CAP,INVERCAP,-1,Otros pasivos financieros no corrientes,Debt,348712.07536
2018-06-30,CAP,INVERCAP,-1,Otros pasivos financieros no corrientes,Debt,352929.29370000004
2018-09-30,CAP,INVERCAP,-1,Otros pasivos financieros no corrientes,Debt,351847.2195
2018-12-31,CAP,INVERCAP,-1,Otros pasivos financieros no corrientes,Debt,353105.80778000003
2019-03-31,CAP,INVERCAP,-1,Otros pasivos financieros no corrientes,Debt,337350.00681
2019-06-30,CAP,INVERCAP,-1,Otros pasivos financieros no corrientes,Debt,394400.3832
2019-09-30,CAP,INVERCAP,-1,Otros pasivos financieros no corrientes,Debt,399003.53711999994
2019-12-31,CAP,INVERCAP,-1,Otros pasivos financieros no corrientes,Debt,395910.73089999997
2020-03-31,CAP,INVERCAP,-1,Otros pasivos financieros no corrientes,Debt,501916.83359999995
2020-06-30,CAP,INVERCAP,-1,Otros pasivos financieros no corrientes,Debt,401902.1916
2020-09-30,CAP,INVERCAP,-1,Otros pasivos financieros no corrientes,Debt,280192.63834
2020-12-31,CAP,INVERCAP,-1,Otros pasivos financieros no corrientes,Debt,164165.57184
2021-03-31,CAP,INVERCAP,-1,Otros pasivos financieros no corrientes,Debt,157830.47013
2021-06-30,CAP,INVERCAP,-1,Otros pasivos financieros no corrientes,Debt,402623.15183999995
2021-09-30,CAP,INVERCAP,-1,Otros pasivos financieros no corrientes,Debt,432519.46006
2021-12-31,CAP,INVERCAP,-1,Otros pasivos financieros no corrientes,Debt,468178.259
2022-03-31,CAP,INVERCAP,-1,Otros pasivos financieros no corrientes,Debt,413395.96583999996
2022-06-30,CAP,INVERCAP,-1,Otros pasivos financieros no corrientes,Debt,491021.10792000004
2022-09-30,CAP,INVERCAP,-1,Otros pasivos financieros no corrientes,Debt,535109.904
2022-12-31,CAP,INVERCAP,-1,Otros pasivos financieros no corrientes,Debt,482036.41477
2023-03-31,CAP,INVERCAP,-1,Otros pasivos financieros no corrientes,Debt,440783.1248800001
2023-06-30,CAP,INVERCAP,-1,Otros pasivos financieros no corrientes,Debt,500851.45032
2023-09-30,CAP,INVERCAP,-1,Otros pasivos financieros no corrientes,Debt,693581.15772
2023-12-31,CAP,INVERCAP,-1,Otros pasivos financieros no corrientes,Debt,948721.0058200001
2024-03-31,CAP,INVERCAP,-1,Otros pasivos financieros no corrientes,Debt,1045361.3641799999
2024-06-30,CAP,INVERCAP,-1,Otros pasivos financieros no corrientes,Debt,1007124.47388
2024-09-30,CAP,INVERCAP,-1,Otros pasivos financieros no corrientes,Debt,1070612.74875
2024-12-31,CAP,INVERCAP,-1,Otros pasivos financieros no corrientes,Debt,1163768.6654400001
2025-03-31,CAP,INVERCAP,-1,Otros pasivos financieros no corrientes,Debt,1238180.9381000001
2025-06-30,CAP,INVERCAP,-1,Otros pasivos financieros no corrientes,Debt,1224315.66582
2017-03-31,COLBUN,ANTARCHILE,-1,Efectivo y equivalentes al efectivo,Cash,371151.22738
2017-06-30,COLBUN,ANTARCHILE,-1,Efectivo y equivalentes al efectivo,Cash,161509.54167
2017-09-30,COLBUN,ANTARCHILE,-1,Efectivo y equivalentes al efectivo,Cash,209293.74715
2017-12-31,COLBUN,ANTARCHILE,-1,Efectivo y equivalentes al efectivo,Cash,165614.76312000002
2018-03-31,COLBUN,ANTARCHILE,-1,Efectivo y equivalentes al efectivo,Cash,274880.64478
2018-06-30,COLBUN,ANTARCHILE,-1,Efectivo y equivalentes al efectivo,Cash,371228.04965000006
2018-09-30,COLBUN,ANTARCHILE,-1,Efectivo y equivalentes al efectivo,Cash,321201.2475
2018-12-31,COLBUN,ANTARCHILE,-1,Efectivo y equivalentes al efectivo,Cash,152488.98679000002
2019-03-31,COLBUN,ANTARCHILE,-1,Efectivo y equivalentes al efectivo,Cash,318404.12628
2019-06-30,COLBUN,ANTARCHILE,-1,Efectivo y equivalentes al efectivo,Cash,393105.92975999997
2019-09-30,COLBUN,ANTARCHILE,-1,Efectivo y equivalentes al efectivo,Cash,199064.9092
2019-12-31,COLBUN,ANTARCHILE,-1,Efectivo y equivalentes al efectivo,Cash,243405.85332
2020-03-31,COLBUN,ANTARCHILE,-1,Efectivo y equivalentes al efectivo,Cash,500575.4481
2020-06-30,COLBUN,ANTARCHILE,-1,Efectivo y equivalentes al efectivo,Cash,697188.58356
2020-09-30,COLBUN,ANTARCHILE,-1,Efectivo y equivalentes al efectivo,Cash,590710.1468999999
2020-12-31,COLBUN,ANTARCHILE,-1,Efectivo y equivalentes al efectivo,Cash,180731.06268
2021-03-31,COLBUN,ANTARCHILE,-1,Efectivo y equivalentes al efectivo,Cash,363628.78745999996
2021-06-30,COLBUN,ANTARCHILE,-1,Efectivo y equivalentes al efectivo,Cash,390216.03712
2021-09-30,COLBUN,ANTARCHILE,-1,Efectivo y equivalentes al efectivo,Cash,1176424.41999
2021-12-31,COLBUN,ANTARCHILE,-1,Efectivo y equivalentes al efectivo,Cash,333653.4045
2022-03-31,COLBUN,ANTARCHILE,-1,Efectivo y equivalentes al efectivo,Cash,175367.4406
2022-06-30,COLBUN,ANTARCHILE,-1,Efectivo y equivalentes al efectivo,Cash,163208.19782
2022-09-30,COLBUN,ANTARCHILE,-1,Efectivo y equivalentes al efectivo,Cash,111758.472
2022-12-31,COLBUN,ANTARCHILE,-1,Efectivo y equivalentes al efectivo,Cash,170237.12913
2023-03-31,COLBUN,ANTARCHILE,-1,Efectivo y equivalentes al efectivo,Cash,159778.89032000003
2023-06-30,COLBUN,ANTARCHILE,-1,Efectivo y equivalentes al efectivo,Cash,226916.83332
2023-09-30,COLBUN,ANTARCHILE,-1,Efectivo y equivalentes al efectivo,Cash,207644.59584
2023-12-31,COLBUN,ANTARCHILE,-1,Efectivo y equivalentes al efectivo,Cash,219332.32132000002
2024-03-31,COLBUN,ANTARCHILE,-1,Efectivo y equivalentes al efectivo,Cash,611109.1266000001
2024-06-30,COLBUN,ANTARCHILE,-1,Efectivo y equivalentes al efectivo,Cash,789593.8651999999
2024-09-30,COLBUN,ANTARCHILE,-1,Efectivo y equivalentes al efectivo,Cash,848813.28
2024-12-31,COLBUN,ANTARCHILE,-1,Efectivo y equivalentes al efectivo,Cash,568967.9224400001
2025-03-31,COLBUN,ANTARCHILE,-1,Efectivo y equivalentes al efectivo,Cash,496578.56090000004
2025-06-30,COLBUN,ANTARCHILE,-1,Efectivo y equivalentes al efectivo,Cash,205446.3957
2025-09-30,COLBUN,ANTARCHILE,-1,Efectivo y equivalentes al efectivo,Cash,243331.17732
2017-03-31,COLBUN,ANTARCHILE,-1,Otros activos financieros corrientes,Cash,68982.24334
2017-06-30,COLBUN,ANTARCHILE,-1,Otros activos financieros corrientes,Cash,290117.23524
2017-09-30,COLBUN,ANTARCHILE,-1,Otros activos financieros corrientes,Cash,285094.18155000004
2017-12-31,COLBUN,ANTARCHILE,-1,Otros activos financieros corrientes,Cash,333430.16818
2018-03-31,COLBUN,ANTARCHILE,-1,Otros activos financieros corrientes,Cash,259502.19869999998
2018-06-30,COLBUN,ANTARCHILE,-1,Otros activos financieros corrientes,Cash,81764.8105
2018-09-30,COLBUN,ANTARCHILE,-1,Otros activos financieros corrientes,Cash,198201.276
2018-12-31,COLBUN,ANTARCHILE,-1,Otros activos financieros corrientes,Cash,396022.22819000005
2019-03-31,COLBUN,ANTARCHILE,-1,Otros activos financieros corrientes,Cash,238779.93765
2019-06-30,COLBUN,ANTARCHILE,-1,Otros activos financieros corrientes,Cash,62586.55188
2019-09-30,COLBUN,ANTARCHILE,-1,Otros activos financieros corrientes,Cash,369354.42935999995
2019-12-31,COLBUN,ANTARCHILE,-1,Otros activos financieros corrientes,Cash,352044.42208
2020-03-31,COLBUN,ANTARCHILE,-1,Otros activos financieros corrientes,Cash,329297.8689
2020-06-30,COLBUN,ANTARCHILE,-1,Otros activos financieros corrientes,Cash,936.3649200000001
2020-09-30,COLBUN,ANTARCHILE,-1,Otros activos financieros corrientes,Cash,167865.81094
2020-12-31,COLBUN,ANTARCHILE,-1,Otros activos financieros corrientes,Cash,508291.22219999996
2021-03-31,COLBUN,ANTARCHILE,-1,Otros activos financieros corrientes,Cash,376470.72897000005
2021-06-30,COLBUN,ANTARCHILE,-1,Otros activos financieros corrientes,Cash,167062.23351999998
2021-09-30,COLBUN,ANTARCHILE,-1,Otros activos financieros corrientes,Cash,262785.18026
2021-12-31,COLBUN,ANTARCHILE,-1,Otros activos financieros corrientes,Cash,792146.46575
2022-03-31,COLBUN,ANTARCHILE,-1,Otros activos financieros corrientes,Cash,708903.70144
2022-06-30,COLBUN,ANTARCHILE,-1,Otros activos financieros corrientes,Cash,666618.54173
2022-09-30,COLBUN,ANTARCHILE,-1,Otros activos financieros corrientes,Cash,933374.316
2022-12-31,COLBUN,ANTARCHILE,-1,Otros activos financieros corrientes,Cash,806028.70927
2023-03-31,COLBUN,ANTARCHILE,-1,Otros activos financieros corrientes,Cash,665594.8793200001
2023-06-30,COLBUN,ANTARCHILE,-1,Otros activos financieros corrientes,Cash,535415.6538
2023-09-30,COLBUN,ANTARCHILE,-1,Otros activos financieros corrientes,Cash,856173.94236
2023-12-31,COLBUN,ANTARCHILE,-1,Otros activos financieros corrientes,Cash,694021.89171
2024-03-31,COLBUN,ANTARCHILE,-1,Otros activos financieros corrientes,Cash,361954.96386
2024-06-30,COLBUN,ANTARCHILE,-1,Otros activos financieros corrientes,Cash,72298.44244
2024-09-30,COLBUN,ANTARCHILE,-1,Otros activos financieros corrientes,Cash,1598.91
2024-12-31,COLBUN,ANTARCHILE,-1,Otros activos financieros corrientes,Cash,200123.50156
2025-03-31,COLBUN,ANTARCHILE,-1,Otros activos financieros corrientes,Cash,233324.34370000003
2025-06-30,COLBUN,ANTARCHILE,-1,Otros activos financieros corrientes,Cash,535934.79186
2025-09-30,COLBUN,ANTARCHILE,-1,Otros activos financieros corrientes,Cash,669197.9856799999
2017-03-31,COLBUN,ANTARCHILE,-1,Otros pasivos financieros corrientes,Debt,29344.57278
2017-06-30,COLBUN,ANTARCHILE,-1,Otros pasivos financieros corrientes,Debt,34377.49035
2017-09-30,COLBUN,ANTARCHILE,-1,Otros pasivos financieros corrientes,Debt,29576.5877
2017-12-31,COLBUN,ANTARCHILE,-1,Otros pasivos financieros corrientes,Debt,35323.47152000001
2018-03-31,COLBUN,ANTARCHILE,-1,Otros pasivos financieros corrientes,Debt,38208.24802
2018-06-30,COLBUN,ANTARCHILE,-1,Otros pasivos financieros corrientes,Debt,43578.525200000004
2018-09-30,COLBUN,ANTARCHILE,-1,Otros pasivos financieros corrientes,Debt,46959.885
2018-12-31,COLBUN,ANTARCHILE,-1,Otros pasivos financieros corrientes,Debt,47656.85207
2019-03-31,COLBUN,ANTARCHILE,-1,Otros pasivos financieros corrientes,Debt,49206.02814
2019-06-30,COLBUN,ANTARCHILE,-1,Otros pasivos financieros corrientes,Debt,54605.67534
2019-09-30,COLBUN,ANTARCHILE,-1,Otros pasivos financieros corrientes,Debt,58708.96336
2019-12-31,COLBUN,ANTARCHILE,-1,Otros pasivos financieros corrientes,Debt,60890.55588
2020-03-31,COLBUN,ANTARCHILE,-1,Otros pasivos financieros corrientes,Debt,77907.8391
2020-06-30,COLBUN,ANTARCHILE,-1,Otros pasivos financieros corrientes,Debt,79311.00672
2020-09-30,COLBUN,ANTARCHILE,-1,Otros pasivos financieros corrientes,Debt,79637.59474000002
2020-12-31,COLBUN,ANTARCHILE,-1,Otros pasivos financieros corrientes,Debt,73334.53392
2021-03-31,COLBUN,ANTARCHILE,-1,Otros pasivos financieros corrientes,Debt,77651.24715000001
2021-06-30,COLBUN,ANTARCHILE,-1,Otros pasivos financieros corrientes,Debt,72853.01296
2021-09-30,COLBUN,ANTARCHILE,-1,Otros pasivos financieros corrientes,Debt,85988.14795
2021-12-31,COLBUN,ANTARCHILE,-1,Otros pasivos financieros corrientes,Debt,237320.0795
2022-03-31,COLBUN,ANTARCHILE,-1,Otros pasivos financieros corrientes,Debt,62999.56344
2022-06-30,COLBUN,ANTARCHILE,-1,Otros pasivos financieros corrientes,Debt,109308.99546
2022-09-30,COLBUN,ANTARCHILE,-1,Otros pasivos financieros corrientes,Debt,117233.76
2022-12-31,COLBUN,ANTARCHILE,-1,Otros pasivos financieros corrientes,Debt,82132.19707
2023-03-31,COLBUN,ANTARCHILE,-1,Otros pasivos financieros corrientes,Debt,59019.03504000001
2023-06-30,COLBUN,ANTARCHILE,-1,Otros pasivos financieros corrientes,Debt,64248.112559999994
2023-09-30,COLBUN,ANTARCHILE,-1,Otros pasivos financieros corrientes,Debt,67560.48684
2023-12-31,COLBUN,ANTARCHILE,-1,Otros pasivos financieros corrientes,Debt,64562.68574
2024-03-31,COLBUN,ANTARCHILE,-1,Otros pasivos financieros corrientes,Debt,64773.2253
2024-06-30,COLBUN,ANTARCHILE,-1,Otros pasivos financieros corrientes,Debt,67240.91808
2024-09-30,COLBUN,ANTARCHILE,-1,Otros pasivos financieros corrientes,Debt,52721.01
2024-12-31,COLBUN,ANTARCHILE,-1,Otros pasivos financieros corrientes,Debt,61094.7496
2025-03-31,COLBUN,ANTARCHILE,-1,Otros pasivos financieros corrientes,Debt,51851.0105
2025-06-30,COLBUN,ANTARCHILE,-1,Otros pasivos financieros corrientes,Debt,57307.52482
2025-09-30,COLBUN,ANTARCHILE,-1,Otros pasivos financieros corrientes,Debt,50872.665759999996
2017-03-31,COLBUN,ANTARCHILE,-1,Otros pasivos financieros no corrientes,Debt,1099459.62826
2017-06-30,COLBUN,ANTARCHILE,-1,Otros pasivos financieros no corrientes,Debt,1094797.22355
2017-09-30,COLBUN,ANTARCHILE,-1,Otros pasivos financieros no corrientes,Debt,1050223.60335
2017-12-31,COLBUN,ANTARCHILE,-1,Otros pasivos financieros no corrientes,Debt,985604.5879200001
2018-03-31,COLBUN,ANTARCHILE,-1,Otros pasivos financieros no corrientes,Debt,971635.9831999999
2018-06-30,COLBUN,ANTARCHILE,-1,Otros pasivos financieros no corrientes,Debt,1015733.5474500001
2018-09-30,COLBUN,ANTARCHILE,-1,Otros pasivos financieros no corrientes,Debt,1033363.548
2018-12-31,COLBUN,ANTARCHILE,-1,Otros pasivos financieros no corrientes,Debt,1067717.1844000001
2019-03-31,COLBUN,ANTARCHILE,-1,Otros pasivos financieros no corrientes,Debt,1048715.1384
2019-06-30,COLBUN,ANTARCHILE,-1,Otros pasivos financieros no corrientes,Debt,1118055.60468
2019-09-30,COLBUN,ANTARCHILE,-1,Otros pasivos financieros no corrientes,Debt,1175703.9208799999
2019-12-31,COLBUN,ANTARCHILE,-1,Otros pasivos financieros no corrientes,Debt,1190443.35412
2020-03-31,COLBUN,ANTARCHILE,-1,Otros pasivos financieros no corrientes,Debt,1342161.5570999999
2020-06-30,COLBUN,ANTARCHILE,-1,Otros pasivos financieros no corrientes,Debt,1284433.88412
2020-09-30,COLBUN,ANTARCHILE,-1,Otros pasivos financieros no corrientes,Debt,1226511.0546000001
2020-12-31,COLBUN,ANTARCHILE,-1,Otros pasivos financieros no corrientes,Debt,1109012.3498399998
2021-03-31,COLBUN,ANTARCHILE,-1,Otros pasivos financieros no corrientes,Debt,1132607.11495
2021-06-30,COLBUN,ANTARCHILE,-1,Otros pasivos financieros no corrientes,Debt,1129196.7013599998
2021-09-30,COLBUN,ANTARCHILE,-1,Otros pasivos financieros no corrientes,Debt,1227167.9141300002
2021-12-31,COLBUN,ANTARCHILE,-1,Otros pasivos financieros no corrientes,Debt,1653106.21475
2022-03-31,COLBUN,ANTARCHILE,-1,Otros pasivos financieros no corrientes,Debt,1521077.28476
2022-06-30,COLBUN,ANTARCHILE,-1,Otros pasivos financieros no corrientes,Debt,1779720.60374
2022-09-30,COLBUN,ANTARCHILE,-1,Otros pasivos financieros no corrientes,Debt,1857358.146
2022-12-31,COLBUN,ANTARCHILE,-1,Otros pasivos financieros no corrientes,Debt,1655083.6296299999
2023-03-31,COLBUN,ANTARCHILE,-1,Otros pasivos financieros no corrientes,Debt,1512244.7695600002
2023-06-30,COLBUN,ANTARCHILE,-1,Otros pasivos financieros no corrientes,Debt,1539687.93312
2023-09-30,COLBUN,ANTARCHILE,-1,Otros pasivos financieros no corrientes,Debt,1730653.35696
2023-12-31,COLBUN,ANTARCHILE,-1,Otros pasivos financieros no corrientes,Debt,1690248.0343
2024-03-31,COLBUN,ANTARCHILE,-1,Otros pasivos financieros no corrientes,Debt,1871536.06752
2024-06-30,COLBUN,ANTARCHILE,-1,Otros pasivos financieros no corrientes,Debt,1814049.72756
2024-09-30,COLBUN,ANTARCHILE,-1,Otros pasivos financieros no corrientes,Debt,1704532.16625
2024-12-31,COLBUN,ANTARCHILE,-1,Otros pasivos financieros no corrientes,Debt,2084413.3642799999
2025-03-31,COLBUN,ANTARCHILE,-1,Otros pasivos financieros no corrientes,Debt,1981767.287
2025-06-30,COLBUN,ANTARCHILE,-1,Otros pasivos financieros no corrientes,Debt,1962401.1771
2025-09-30,COLBUN,ANTARCHILE,-1,Otros pasivos financieros no corrientes,Debt,2279350.9236399997
2017-03-31,COPEC,ANTARCHILE,-1,Efectivo y equivalentes al efectivo,Cash,799025.4881
2017-06-30,COPEC,ANTARCHILE,-1,Efectivo y equivalentes al efectivo,Cash,756997.84215
2017-09-30,COPEC,ANTARCHILE,-1,Efectivo y equivalentes al efectivo,Cash,749796.6212
2017-12-31,COPEC,ANTARCHILE,-1,Efectivo y equivalentes al efectivo,Cash,825443.13488
2018-03-31,COPEC,ANTARCHILE,-1,Efectivo y equivalentes al efectivo,Cash,912335.02944
2018-06-30,COPEC,ANTARCHILE,-1,Efectivo y equivalentes al efectivo,Cash,789385.8219000001
2018-09-30,COPEC,ANTARCHILE,-1,Efectivo y equivalentes al efectivo,Cash,955190.124
2018-12-31,COPEC,ANTARCHILE,-1,Efectivo y equivalentes al efectivo,Cash,1192275.6090700002
2019-03-31,COPEC,ANTARCHILE,-1,Efectivo y equivalentes al efectivo,Cash,968091.79074
2019-06-30,COPEC,ANTARCHILE,-1,Efectivo y equivalentes al efectivo,Cash,1347188.82048
2019-09-30,COPEC,ANTARCHILE,-1,Efectivo y equivalentes al efectivo,Cash,1239382.3408799998
2019-12-31,COPEC,ANTARCHILE,-1,Efectivo y equivalentes al efectivo,Cash,1649249.15794
2020-03-31,COPEC,ANTARCHILE,-1,Efectivo y equivalentes al efectivo,Cash,1472935.2183
2020-06-30,COPEC,ANTARCHILE,-1,Efectivo y equivalentes al efectivo,Cash,1685023.36884
2020-09-30,COPEC,ANTARCHILE,-1,Efectivo y equivalentes al efectivo,Cash,1697872.67264
2020-12-31,COPEC,ANTARCHILE,-1,Efectivo y equivalentes al efectivo,Cash,1526734.27044
2021-03-31,COPEC,ANTARCHILE,-1,Efectivo y equivalentes al efectivo,Cash,1388059.3288099999
2021-06-30,COPEC,ANTARCHILE,-1,Efectivo y equivalentes al efectivo,Cash,1499528.56144
2021-09-30,COPEC,ANTARCHILE,-1,Efectivo y equivalentes al efectivo,Cash,1931368.29575
2021-12-31,COPEC,ANTARCHILE,-1,Efectivo y equivalentes al efectivo,Cash,1417879.45075
2022-03-31,COPEC,ANTARCHILE,-1,Efectivo y equivalentes al efectivo,Cash,1411501.46412
2022-06-30,COPEC,ANTARCHILE,-1,Efectivo y equivalentes al efectivo,Cash,1453650.1168199999
2022-09-30,COPEC,ANTARCHILE,-1,Efectivo y equivalentes al efectivo,Cash,1413732.306
2022-12-31,COPEC,ANTARCHILE,-1,Efectivo y equivalentes al efectivo,Cash,1127359.9608099998
2023-03-31,COPEC,ANTARCHILE,-1,Efectivo y equivalentes al efectivo,Cash,1208679.4014400002
2023-06-30,COPEC,ANTARCHILE,-1,Efectivo y equivalentes al efectivo,Cash,1105872.303
2023-09-30,COPEC,ANTARCHILE,-1,Efectivo y equivalentes al efectivo,Cash,1084713.0386400002
2023-12-31,COPEC,ANTARCHILE,-1,Efectivo y equivalentes al efectivo,Cash,1397817.6183300002
2024-03-31,COPEC,ANTARCHILE,-1,Efectivo y equivalentes al efectivo,Cash,1642780.0431
2024-06-30,COPEC,ANTARCHILE,-1,Efectivo y equivalentes al efectivo,Cash,1498421.40588
2024-09-30,COPEC,ANTARCHILE,-1,Efectivo y equivalentes al efectivo,Cash,1685041.4175
2024-12-31,COPEC,ANTARCHILE,-1,Efectivo y equivalentes al efectivo,Cash,2054611.0716
2025-03-31,COPEC,ANTARCHILE,-1,Efectivo y equivalentes al efectivo,Cash,1934767.8773
2025-06-30,COPEC,ANTARCHILE,-1,Efectivo y equivalentes al efectivo,Cash,2236913.60646
2025-09-30,COPEC,ANTARCHILE,-1,Efectivo y equivalentes al efectivo,Cash,1972105.93748
2017-03-31,COPEC,ANTARCHILE,-1,Otros activos financieros corrientes,Cash,124222.24359999999
2017-06-30,COPEC,ANTARCHILE,-1,Otros activos financieros corrientes,Cash,130221.94671
2017-09-30,COPEC,ANTARCHILE,-1,Otros activos financieros corrientes,Cash,124332.86235000001
2017-12-31,COPEC,ANTARCHILE,-1,Otros activos financieros corrientes,Cash,115141.49910000002
2018-03-31,COPEC,ANTARCHILE,-1,Otros activos financieros corrientes,Cash,81099.99792000001
2018-06-30,COPEC,ANTARCHILE,-1,Otros activos financieros corrientes,Cash,309130.4655
2018-09-30,COPEC,ANTARCHILE,-1,Otros activos financieros corrientes,Cash,317178.666
2018-12-31,COPEC,ANTARCHILE,-1,Otros activos financieros corrientes,Cash,152942.57667
2019-03-31,COPEC,ANTARCHILE,-1,Otros activos financieros corrientes,Cash,133802.17377000002
2019-06-30,COPEC,ANTARCHILE,-1,Otros activos financieros corrientes,Cash,112745.94282000001
2019-09-30,COPEC,ANTARCHILE,-1,Otros activos financieros corrientes,Cash,110818.5928
2019-12-31,COPEC,ANTARCHILE,-1,Otros activos financieros corrientes,Cash,93016.44116
2020-03-31,COPEC,ANTARCHILE,-1,Otros activos financieros corrientes,Cash,151894.77029999997
2020-06-30,COPEC,ANTARCHILE,-1,Otros activos financieros corrientes,Cash,112878.0972
2020-09-30,COPEC,ANTARCHILE,-1,Otros activos financieros corrientes,Cash,107216.85496000001
2020-12-31,COPEC,ANTARCHILE,-1,Otros activos financieros corrientes,Cash,137745.85080000001
2021-03-31,COPEC,ANTARCHILE,-1,Otros activos financieros corrientes,Cash,102302.85507
2021-06-30,COPEC,ANTARCHILE,-1,Otros activos financieros corrientes,Cash,94248.19039999999
2021-09-30,COPEC,ANTARCHILE,-1,Otros activos financieros corrientes,Cash,147059.38077000002
2021-12-31,COPEC,ANTARCHILE,-1,Otros activos financieros corrientes,Cash,157843.811
2022-03-31,COPEC,ANTARCHILE,-1,Otros activos financieros corrientes,Cash,142094.97456
2022-06-30,COPEC,ANTARCHILE,-1,Otros activos financieros corrientes,Cash,295091.41714
2022-09-30,COPEC,ANTARCHILE,-1,Otros activos financieros corrientes,Cash,297990.714
2022-12-31,COPEC,ANTARCHILE,-1,Otros activos financieros corrientes,Cash,362167.43114999996
2023-03-31,COPEC,ANTARCHILE,-1,Otros activos financieros corrientes,Cash,220771.22536
2023-06-30,COPEC,ANTARCHILE,-1,Otros activos financieros corrientes,Cash,196710.37956
2023-09-30,COPEC,ANTARCHILE,-1,Otros activos financieros corrientes,Cash,418467.66588
2023-12-31,COPEC,ANTARCHILE,-1,Otros activos financieros corrientes,Cash,320865.56152000005
2024-03-31,COPEC,ANTARCHILE,-1,Otros activos financieros corrientes,Cash,409789.99319999997
2024-06-30,COPEC,ANTARCHILE,-1,Otros activos financieros corrientes,Cash,345068.0968
2024-09-30,COPEC,ANTARCHILE,-1,Otros activos financieros corrientes,Cash,275906.9775
2024-12-31,COPEC,ANTARCHILE,-1,Otros activos financieros corrientes,Cash,273537.4052
2025-03-31,COPEC,ANTARCHILE,-1,Otros activos financieros corrientes,Cash,262626.00680000003
2025-06-30,COPEC,ANTARCHILE,-1,Otros activos financieros corrientes,Cash,362253.96194
2025-09-30,COPEC,ANTARCHILE,-1,Otros activos financieros corrientes,Cash,613281.69364
2017-03-31,COPEC,ANTARCHILE,-1,Otros pasivos financieros corrientes,Debt,593139.0140799999
2017-06-30,COPEC,ANTARCHILE,-1,Otros pasivos financieros corrientes,Debt,528756.11028
2017-09-30,COPEC,ANTARCHILE,-1,Otros pasivos financieros corrientes,Debt,622213.9133
2017-12-31,COPEC,ANTARCHILE,-1,Otros pasivos financieros corrientes,Debt,595956.23136
2018-03-31,COPEC,ANTARCHILE,-1,Otros pasivos financieros corrientes,Debt,585103.63148
2018-06-30,COPEC,ANTARCHILE,-1,Otros pasivos financieros corrientes,Debt,656150.4552000001
2018-09-30,COPEC,ANTARCHILE,-1,Otros pasivos financieros corrientes,Debt,838300.428
2018-12-31,COPEC,ANTARCHILE,-1,Otros pasivos financieros corrientes,Debt,795885.36087
2019-03-31,COPEC,ANTARCHILE,-1,Otros pasivos financieros corrientes,Debt,858012.66276
2019-06-30,COPEC,ANTARCHILE,-1,Otros pasivos financieros corrientes,Debt,856975.76748
2019-09-30,COPEC,ANTARCHILE,-1,Otros pasivos financieros corrientes,Debt,914521.5293599999
2019-12-31,COPEC,ANTARCHILE,-1,Otros pasivos financieros corrientes,Debt,688737.01362
2020-03-31,COPEC,ANTARCHILE,-1,Otros pasivos financieros corrientes,Debt,786656.1612
2020-06-30,COPEC,ANTARCHILE,-1,Otros pasivos financieros corrientes,Debt,838728.264
2020-09-30,COPEC,ANTARCHILE,-1,Otros pasivos financieros corrientes,Debt,505696.64778000006
2020-12-31,COPEC,ANTARCHILE,-1,Otros pasivos financieros corrientes,Debt,453240.53495999996
2021-03-31,COPEC,ANTARCHILE,-1,Otros pasivos financieros corrientes,Debt,489999.02667
2021-06-30,COPEC,ANTARCHILE,-1,Otros pasivos financieros corrientes,Debt,500622.00552
2021-09-30,COPEC,ANTARCHILE,-1,Otros pasivos financieros corrientes,Debt,593013.2584500001
2021-12-31,COPEC,ANTARCHILE,-1,Otros pasivos financieros corrientes,Debt,492459.6985
2022-03-31,COPEC,ANTARCHILE,-1,Otros pasivos financieros corrientes,Debt,655583.8445199999
2022-06-30,COPEC,ANTARCHILE,-1,Otros pasivos financieros corrientes,Debt,1001835.3703899999
2022-09-30,COPEC,ANTARCHILE,-1,Otros pasivos financieros corrientes,Debt,1286036.766
2022-12-31,COPEC,ANTARCHILE,-1,Otros pasivos financieros corrientes,Debt,1723067.4325899999
2023-03-31,COPEC,ANTARCHILE,-1,Otros pasivos financieros corrientes,Debt,1723663.34224
2023-06-30,COPEC,ANTARCHILE,-1,Otros pasivos financieros corrientes,Debt,1653393.17388
2023-09-30,COPEC,ANTARCHILE,-1,Otros pasivos financieros corrientes,Debt,2316430.28232
2023-12-31,COPEC,ANTARCHILE,-1,Otros pasivos financieros corrientes,Debt,1743589.69589
2024-03-31,COPEC,ANTARCHILE,-1,Otros pasivos financieros corrientes,Debt,1845240.70206
2024-06-30,COPEC,ANTARCHILE,-1,Otros pasivos financieros corrientes,Debt,2073084.7510799998
2024-09-30,COPEC,ANTARCHILE,-1,Otros pasivos financieros corrientes,Debt,935071.965
2024-12-31,COPEC,ANTARCHILE,-1,Otros pasivos financieros corrientes,Debt,1193405.27408
2025-03-31,COPEC,ANTARCHILE,-1,Otros pasivos financieros corrientes,Debt,1271238.6182000001
2025-06-30,COPEC,ANTARCHILE,-1,Otros pasivos financieros corrientes,Debt,1254812.36816
2025-09-30,COPEC,ANTARCHILE,-1,Otros pasivos financieros corrientes,Debt,1151937.51988
2017-03-31,COPEC,ANTARCHILE,-1,Otros pasivos financieros no corrientes,Debt,3807075.13506
2017-06-30,COPEC,ANTARCHILE,-1,Otros pasivos financieros no corrientes,Debt,3771915.35202
2017-09-30,COPEC,ANTARCHILE,-1,Otros pasivos financieros no corrientes,Debt,3459023.3904500003
2017-12-31,COPEC,ANTARCHILE,-1,Otros pasivos financieros no corrientes,Debt,3461646.68482
2018-03-31,COPEC,ANTARCHILE,-1,Otros pasivos financieros no corrientes,Debt,3929593.65556
2018-06-30,COPEC,ANTARCHILE,-1,Otros pasivos financieros no corrientes,Debt,4081532.9466000004
2018-09-30,COPEC,ANTARCHILE,-1,Otros pasivos financieros no corrientes,Debt,4003515.0855
2018-12-31,COPEC,ANTARCHILE,-1,Otros pasivos financieros no corrientes,Debt,4397487.1003600005
2019-03-31,COPEC,ANTARCHILE,-1,Otros pasivos financieros no corrientes,Debt,4624078.70397
2019-06-30,COPEC,ANTARCHILE,-1,Otros pasivos financieros no corrientes,Debt,5350260.249
2019-09-30,COPEC,ANTARCHILE,-1,Otros pasivos financieros no corrientes,Debt,5454916.966639999
2019-12-31,COPEC,ANTARCHILE,-1,Otros pasivos financieros no corrientes,Debt,6215902.3496199995
2020-03-31,COPEC,ANTARCHILE,-1,Otros pasivos financieros no corrientes,Debt,6588974.4375
2020-06-30,COPEC,ANTARCHILE,-1,Otros pasivos financieros no corrientes,Debt,6552652.3212
2020-09-30,COPEC,ANTARCHILE,-1,Otros pasivos financieros no corrientes,Debt,6567772.89654
2020-12-31,COPEC,ANTARCHILE,-1,Otros pasivos financieros no corrientes,Debt,5997520.631399999
2021-03-31,COPEC,ANTARCHILE,-1,Otros pasivos financieros no corrientes,Debt,5876774.35714
2021-06-30,COPEC,ANTARCHILE,-1,Otros pasivos financieros no corrientes,Debt,5914970.25392
2021-09-30,COPEC,ANTARCHILE,-1,Otros pasivos financieros no corrientes,Debt,6373785.7840100005
2021-12-31,COPEC,ANTARCHILE,-1,Otros pasivos financieros no corrientes,Debt,6653366.94725
2022-03-31,COPEC,ANTARCHILE,-1,Otros pasivos financieros no corrientes,Debt,5948246.17156
2022-06-30,COPEC,ANTARCHILE,-1,Otros pasivos financieros no corrientes,Debt,6834073.50251
2022-09-30,COPEC,ANTARCHILE,-1,Otros pasivos financieros no corrientes,Debt,6958851.48
2022-12-31,COPEC,ANTARCHILE,-1,Otros pasivos financieros no corrientes,Debt,6223266.68382
2023-03-31,COPEC,ANTARCHILE,-1,Otros pasivos financieros no corrientes,Debt,6086724.360640001
2023-06-30,COPEC,ANTARCHILE,-1,Otros pasivos financieros no corrientes,Debt,6436724.63256
2023-09-30,COPEC,ANTARCHILE,-1,Otros pasivos financieros no corrientes,Debt,6640101.935280001
2023-12-31,COPEC,ANTARCHILE,-1,Otros pasivos financieros no corrientes,Debt,6802695.24816
2024-03-31,COPEC,ANTARCHILE,-1,Otros pasivos financieros no corrientes,Debt,7360004.71332
2024-06-30,COPEC,ANTARCHILE,-1,Otros pasivos financieros no corrientes,Debt,6973269.50922
2024-09-30,COPEC,ANTARCHILE,-1,Otros pasivos financieros no corrientes,Debt,6691963.5525
2024-12-31,COPEC,ANTARCHILE,-1,Otros pasivos financieros no corrientes,Debt,7698653.76812
2025-03-31,COPEC,ANTARCHILE,-1,Otros pasivos financieros no corrientes,Debt,7429959.825
2025-06-30,COPEC,ANTARCHILE,-1,Otros pasivos financieros no corrientes,Debt,7932423.31284
2025-09-30,COPEC,ANTARCHILE,-1,Otros pasivos financieros no corrientes,Debt,8665415.1892
2017-03-31,PAMPA_CALICHERA,PAMPA_CALICHERA,-1,Efectivo y equivalentes al efectivo,Cash,13869.4738
2017-06-30,PAMPA_CALICHERA,PAMPA_CALICHERA,-1,Efectivo y equivalentes al efectivo,Cash,32375.92257
2017-09-30,PAMPA_CALICHERA,PAMPA_CALICHERA,-1,Efectivo y equivalentes al efectivo,Cash,27003.07685
2017-12-31,PAMPA_CALICHERA,PAMPA_CALICHERA,-1,Efectivo y equivalentes al efectivo,Cash,35847.023740000004
2018-03-31,PAMPA_CALICHERA,PAMPA_CALICHERA,-1,Efectivo y equivalentes al efectivo,Cash,4549.1341600000005
2018-06-30,PAMPA_CALICHERA,PAMPA_CALICHERA,-1,Efectivo y equivalentes al efectivo,Cash,36648.052
2018-09-30,PAMPA_CALICHERA,PAMPA_CALICHERA,-1,Efectivo y equivalentes al efectivo,Cash,50244.2325
2018-12-31,PAMPA_CALICHERA,PAMPA_CALICHERA,-1,Efectivo y equivalentes al efectivo,Cash,45752.74854000001
2019-03-31,PAMPA_CALICHERA,PAMPA_CALICHERA,-1,Efectivo y equivalentes al efectivo,Cash,15947.041260000002
2019-06-30,PAMPA_CALICHERA,PAMPA_CALICHERA,-1,Efectivo y equivalentes al efectivo,Cash,35447.22054
2019-09-30,PAMPA_CALICHERA,PAMPA_CALICHERA,-1,Efectivo y equivalentes al efectivo,Cash,31776.075839999998
2019-12-31,PAMPA_CALICHERA,PAMPA_CALICHERA,-1,Efectivo y equivalentes al efectivo,Cash,15871.5753
2020-03-31,PAMPA_CALICHERA,PAMPA_CALICHERA,-1,Efectivo y equivalentes al efectivo,Cash,12230.7276
2020-06-30,PAMPA_CALICHERA,PAMPA_CALICHERA,-1,Efectivo y equivalentes al efectivo,Cash,28167.68544
2020-09-30,PAMPA_CALICHERA,PAMPA_CALICHERA,-1,Efectivo y equivalentes al efectivo,Cash,128706.35220000001
2020-12-31,PAMPA_CALICHERA,PAMPA_CALICHERA,-1,Efectivo y equivalentes al efectivo,Cash,95356.65804000001
2021-03-31,PAMPA_CALICHERA,PAMPA_CALICHERA,-1,Efectivo y equivalentes al efectivo,Cash,276801.27357
2021-06-30,PAMPA_CALICHERA,PAMPA_CALICHERA,-1,Efectivo y equivalentes al efectivo,Cash,241511.53936
2021-09-30,PAMPA_CALICHERA,PAMPA_CALICHERA,-1,Efectivo y equivalentes al efectivo,Cash,177851.34239
2021-12-31,PAMPA_CALICHERA,PAMPA_CALICHERA,-1,Efectivo y equivalentes al efectivo,Cash,266200.52125
2022-03-31,PAMPA_CALICHERA,PAMPA_CALICHERA,-1,Efectivo y equivalentes al efectivo,Cash,262505.26544
2022-06-30,PAMPA_CALICHERA,PAMPA_CALICHERA,-1,Efectivo y equivalentes al efectivo,Cash,187581.883
2022-09-30,PAMPA_CALICHERA,PAMPA_CALICHERA,-1,Efectivo y equivalentes al efectivo,Cash,130922.946
2022-12-31,PAMPA_CALICHERA,PAMPA_CALICHERA,-1,Efectivo y equivalentes al efectivo,Cash,152721.17484
2023-03-31,PAMPA_CALICHERA,PAMPA_CALICHERA,-1,Efectivo y equivalentes al efectivo,Cash,140625.25120000003
2023-06-30,PAMPA_CALICHERA,PAMPA_CALICHERA,-1,Efectivo y equivalentes al efectivo,Cash,58366.8762
2023-09-30,PAMPA_CALICHERA,PAMPA_CALICHERA,-1,Efectivo y equivalentes al efectivo,Cash,107451.4716
2023-12-31,PAMPA_CALICHERA,PAMPA_CALICHERA,-1,Efectivo y equivalentes al efectivo,Cash,74765.5468
2024-03-31,PAMPA_CALICHERA,PAMPA_CALICHERA,-1,Efectivo y equivalentes al efectivo,Cash,84439.49051999999
2024-06-30,PAMPA_CALICHERA,PAMPA_CALICHERA,-1,Efectivo y equivalentes al efectivo,Cash,29032.738559999998
2024-09-30,PAMPA_CALICHERA,PAMPA_CALICHERA,-1,Efectivo y equivalentes al efectivo,Cash,25788.6975
2024-12-31,PAMPA_CALICHERA,PAMPA_CALICHERA,-1,Efectivo y equivalentes al efectivo,Cash,19856.289679999998
2025-03-31,PAMPA_CALICHERA,PAMPA_CALICHERA,-1,Efectivo y equivalentes al efectivo,Cash,17069.5362
2025-06-30,PAMPA_CALICHERA,PAMPA_CALICHERA,-1,Efectivo y equivalentes al efectivo,Cash,7439.133
2017-03-31,PAMPA_CALICHERA,PAMPA_CALICHERA,-1,Otros activos financieros corrientes,Cash,25770.184739999997
2017-06-30,PAMPA_CALICHERA,PAMPA_CALICHERA,-1,Otros activos financieros corrientes,Cash,17325.03483
2017-09-30,PAMPA_CALICHERA,PAMPA_CALICHERA,-1,Otros activos financieros corrientes,Cash,23149.4975
2017-12-31,PAMPA_CALICHERA,PAMPA_CALICHERA,-1,Otros activos financieros corrientes,Cash,20495.439080000004
2018-03-31,PAMPA_CALICHERA,PAMPA_CALICHERA,-1,Otros activos financieros corrientes,Cash,33280.82636
2018-06-30,PAMPA_CALICHERA,PAMPA_CALICHERA,-1,Otros activos financieros corrientes,Cash,23590.5636
2018-09-30,PAMPA_CALICHERA,PAMPA_CALICHERA,-1,Otros activos financieros corrientes,Cash,15727.1625
2018-12-31,PAMPA_CALICHERA,PAMPA_CALICHERA,-1,Otros activos financieros corrientes,Cash,20931.22503
2019-03-31,PAMPA_CALICHERA,PAMPA_CALICHERA,-1,Otros activos financieros corrientes,Cash,34257.46482
2019-06-30,PAMPA_CALICHERA,PAMPA_CALICHERA,-1,Otros activos financieros corrientes,Cash,13908.57588
2019-09-30,PAMPA_CALICHERA,PAMPA_CALICHERA,-1,Otros activos financieros corrientes,Cash,85715.14455999999
2019-12-31,PAMPA_CALICHERA,PAMPA_CALICHERA,-1,Otros activos financieros corrientes,Cash,14631.783
2020-03-31,PAMPA_CALICHERA,PAMPA_CALICHERA,-1,Otros activos financieros corrientes,Cash,40343.121
2020-06-30,PAMPA_CALICHERA,PAMPA_CALICHERA,-1,Otros activos financieros corrientes,Cash,14650.396560000001
2020-09-30,PAMPA_CALICHERA,PAMPA_CALICHERA,-1,Otros activos financieros corrientes,Cash,19582.47498
2020-12-31,PAMPA_CALICHERA,PAMPA_CALICHERA,-1,Otros activos financieros corrientes,Cash,14672.169960000001
2021-03-31,PAMPA_CALICHERA,PAMPA_CALICHERA,-1,Otros activos financieros corrientes,Cash,24380.727219999997
2021-06-30,PAMPA_CALICHERA,PAMPA_CALICHERA,-1,Otros activos financieros corrientes,Cash,14447.51672
2021-09-30,PAMPA_CALICHERA,PAMPA_CALICHERA,-1,Otros activos financieros corrientes,Cash,203187.7315
2021-12-31,PAMPA_CALICHERA,PAMPA_CALICHERA,-1,Otros activos financieros corrientes,Cash,232057.032
2022-03-31,PAMPA_CALICHERA,PAMPA_CALICHERA,-1,Otros activos financieros corrientes,Cash,291199.60892
2022-06-30,PAMPA_CALICHERA,PAMPA_CALICHERA,-1,Otros activos financieros corrientes,Cash,213313.4439
2022-09-30,PAMPA_CALICHERA,PAMPA_CALICHERA,-1,Otros activos financieros corrientes,Cash,141436.89
2022-12-31,PAMPA_CALICHERA,PAMPA_CALICHERA,-1,Otros activos financieros corrientes,Cash,29986.58488
2023-03-31,PAMPA_CALICHERA,PAMPA_CALICHERA,-1,Otros activos financieros corrientes,Cash,62416.26832
2023-06-30,PAMPA_CALICHERA,PAMPA_CALICHERA,-1,Otros activos financieros corrientes,Cash,63881.2878
2023-09-30,PAMPA_CALICHERA,PAMPA_CALICHERA,-1,Otros activos financieros corrientes,Cash,55908.49968
2023-12-31,PAMPA_CALICHERA,PAMPA_CALICHERA,-1,Otros activos financieros corrientes,Cash,10457.62298
2024-03-31,PAMPA_CALICHERA,PAMPA_CALICHERA,-1,Otros activos financieros corrientes,Cash,11613.69636
2024-06-30,PAMPA_CALICHERA,PAMPA_CALICHERA,-1,Otros activos financieros corrientes,Cash,0.95102
2024-09-30,PAMPA_CALICHERA,PAMPA_CALICHERA,-1,Otros activos financieros corrientes,Cash,0.0
2024-12-31,PAMPA_CALICHERA,PAMPA_CALICHERA,-1,Otros activos financieros corrientes,Cash,0.0
2025-03-31,PAMPA_CALICHERA,PAMPA_CALICHERA,-1,Otros activos financieros corrientes,Cash,7570.6922
2025-06-30,PAMPA_CALICHERA,PAMPA_CALICHERA,-1,Otros activos financieros corrientes,Cash,12302.17378
2017-03-31,PAMPA_CALICHERA,PAMPA_CALICHERA,-1,Otros pasivos financieros corrientes,Debt,36112.982019999996
2017-06-30,PAMPA_CALICHERA,PAMPA_CALICHERA,-1,Otros pasivos financieros corrientes,Debt,40037.32449
2017-09-30,PAMPA_CALICHERA,PAMPA_CALICHERA,-1,Otros pasivos financieros corrientes,Debt,33014.304
2017-12-31,PAMPA_CALICHERA,PAMPA_CALICHERA,-1,Otros pasivos financieros corrientes,Debt,37989.21978
2018-03-31,PAMPA_CALICHERA,PAMPA_CALICHERA,-1,Otros pasivos financieros corrientes,Debt,63422.1691
2018-06-30,PAMPA_CALICHERA,PAMPA_CALICHERA,-1,Otros pasivos financieros corrientes,Debt,225049.23375000004
2018-09-30,PAMPA_CALICHERA,PAMPA_CALICHERA,-1,Otros pasivos financieros corrientes,Debt,39348.666
2018-12-31,PAMPA_CALICHERA,PAMPA_CALICHERA,-1,Otros pasivos financieros corrientes,Debt,33721.48568
2019-03-31,PAMPA_CALICHERA,PAMPA_CALICHERA,-1,Otros pasivos financieros corrientes,Debt,115674.96342
2019-06-30,PAMPA_CALICHERA,PAMPA_CALICHERA,-1,Otros pasivos financieros corrientes,Debt,113667.15312
2019-09-30,PAMPA_CALICHERA,PAMPA_CALICHERA,-1,Otros pasivos financieros corrientes,Debt,141067.83792
2019-12-31,PAMPA_CALICHERA,PAMPA_CALICHERA,-1,Otros pasivos financieros corrientes,Debt,132324.18634000001
2020-03-31,PAMPA_CALICHERA,PAMPA_CALICHERA,-1,Otros pasivos financieros corrientes,Debt,165143.59679999997
2020-06-30,PAMPA_CALICHERA,PAMPA_CALICHERA,-1,Otros pasivos financieros corrientes,Debt,156083.13384
2020-09-30,PAMPA_CALICHERA,PAMPA_CALICHERA,-1,Otros pasivos financieros corrientes,Debt,30113.06602
2020-12-31,PAMPA_CALICHERA,PAMPA_CALICHERA,-1,Otros pasivos financieros corrientes,Debt,24537.78
2021-03-31,PAMPA_CALICHERA,PAMPA_CALICHERA,-1,Otros pasivos financieros corrientes,Debt,30383.29711
2021-06-30,PAMPA_CALICHERA,PAMPA_CALICHERA,-1,Otros pasivos financieros corrientes,Debt,21237.092239999998
2021-09-30,PAMPA_CALICHERA,PAMPA_CALICHERA,-1,Otros pasivos financieros corrientes,Debt,159169.48207
2021-12-31,PAMPA_CALICHERA,PAMPA_CALICHERA,-1,Otros pasivos financieros corrientes,Debt,164939.9975
2022-03-31,PAMPA_CALICHERA,PAMPA_CALICHERA,-1,Otros pasivos financieros corrientes,Debt,154871.36852
2022-06-30,PAMPA_CALICHERA,PAMPA_CALICHERA,-1,Otros pasivos financieros corrientes,Debt,177673.8061
2022-09-30,PAMPA_CALICHERA,PAMPA_CALICHERA,-1,Otros pasivos financieros corrientes,Debt,30685.956
2022-12-31,PAMPA_CALICHERA,PAMPA_CALICHERA,-1,Otros pasivos financieros corrientes,Debt,19963.83877
2023-03-31,PAMPA_CALICHERA,PAMPA_CALICHERA,-1,Otros pasivos financieros corrientes,Debt,22007.82024
2023-06-30,PAMPA_CALICHERA,PAMPA_CALICHERA,-1,Otros pasivos financieros corrientes,Debt,18810.8058
2023-09-30,PAMPA_CALICHERA,PAMPA_CALICHERA,-1,Otros pasivos financieros corrientes,Debt,25279.97868
2023-12-31,PAMPA_CALICHERA,PAMPA_CALICHERA,-1,Otros pasivos financieros corrientes,Debt,1830.21671
2024-03-31,PAMPA_CALICHERA,PAMPA_CALICHERA,-1,Otros pasivos financieros corrientes,Debt,6142.822139999999
2024-06-30,PAMPA_CALICHERA,PAMPA_CALICHERA,-1,Otros pasivos financieros corrientes,Debt,1917.25632
2024-09-30,PAMPA_CALICHERA,PAMPA_CALICHERA,-1,Otros pasivos financieros corrientes,Debt,61298.1225
2024-12-31,PAMPA_CALICHERA,PAMPA_CALICHERA,-1,Otros pasivos financieros corrientes,Debt,64057.21992
2025-03-31,PAMPA_CALICHERA,PAMPA_CALICHERA,-1,Otros pasivos financieros corrientes,Debt,65559.9995
2025-06-30,PAMPA_CALICHERA,PAMPA_CALICHERA,-1,Otros pasivos financieros corrientes,Debt,118368.30278
2017-03-31,PAMPA_CALICHERA,PAMPA_CALICHERA,-1,Otros pasivos financieros no corrientes,Debt,250290.65795999998
2017-06-30,PAMPA_CALICHERA,PAMPA_CALICHERA,-1,Otros pasivos financieros no corrientes,Debt,250633.69110000003
2017-09-30,PAMPA_CALICHERA,PAMPA_CALICHERA,-1,Otros pasivos financieros no corrientes,Debt,282937.1706
2017-12-31,PAMPA_CALICHERA,PAMPA_CALICHERA,-1,Otros pasivos financieros no corrientes,Debt,267236.1875
2018-03-31,PAMPA_CALICHERA,PAMPA_CALICHERA,-1,Otros pasivos financieros no corrientes,Debt,250235.66809999998
2018-06-30,PAMPA_CALICHERA,PAMPA_CALICHERA,-1,Otros pasivos financieros no corrientes,Debt,249011.07270000002
2018-09-30,PAMPA_CALICHERA,PAMPA_CALICHERA,-1,Otros pasivos financieros no corrientes,Debt,445200.084
2018-12-31,PAMPA_CALICHERA,PAMPA_CALICHERA,-1,Otros pasivos financieros no corrientes,Debt,469728.49662000005
2019-03-31,PAMPA_CALICHERA,PAMPA_CALICHERA,-1,Otros pasivos financieros no corrientes,Debt,357387.67461
2019-06-30,PAMPA_CALICHERA,PAMPA_CALICHERA,-1,Otros pasivos financieros no corrientes,Debt,352406.79072000005
2019-09-30,PAMPA_CALICHERA,PAMPA_CALICHERA,-1,Otros pasivos financieros no corrientes,Debt,419800.80023999995
2019-12-31,PAMPA_CALICHERA,PAMPA_CALICHERA,-1,Otros pasivos financieros no corrientes,Debt,372791.02452
2020-03-31,PAMPA_CALICHERA,PAMPA_CALICHERA,-1,Otros pasivos financieros no corrientes,Debt,458895.17309999996
2020-06-30,PAMPA_CALICHERA,PAMPA_CALICHERA,-1,Otros pasivos financieros no corrientes,Debt,427304.04936
2020-09-30,PAMPA_CALICHERA,PAMPA_CALICHERA,-1,Otros pasivos financieros no corrientes,Debt,497771.24840000004
2020-12-31,PAMPA_CALICHERA,PAMPA_CALICHERA,-1,Otros pasivos financieros no corrientes,Debt,428575.443
2021-03-31,PAMPA_CALICHERA,PAMPA_CALICHERA,-1,Otros pasivos financieros no corrientes,Debt,431907.56239
2021-06-30,PAMPA_CALICHERA,PAMPA_CALICHERA,-1,Otros pasivos financieros no corrientes,Debt,451375.89224
2021-09-30,PAMPA_CALICHERA,PAMPA_CALICHERA,-1,Otros pasivos financieros no corrientes,Debt,382097.40192000003
2021-12-31,PAMPA_CALICHERA,PAMPA_CALICHERA,-1,Otros pasivos financieros no corrientes,Debt,390118.507
2022-03-31,PAMPA_CALICHERA,PAMPA_CALICHERA,-1,Otros pasivos financieros no corrientes,Debt,335109.7552
2022-06-30,PAMPA_CALICHERA,PAMPA_CALICHERA,-1,Otros pasivos financieros no corrientes,Debt,383879.56178000005
2022-09-30,PAMPA_CALICHERA,PAMPA_CALICHERA,-1,Otros pasivos financieros no corrientes,Debt,388806.306
2022-12-31,PAMPA_CALICHERA,PAMPA_CALICHERA,-1,Otros pasivos financieros no corrientes,Debt,315169.42435000004
2023-03-31,PAMPA_CALICHERA,PAMPA_CALICHERA,-1,Otros pasivos financieros no corrientes,Debt,295083.33540000004
2023-06-30,PAMPA_CALICHERA,PAMPA_CALICHERA,-1,Otros pasivos financieros no corrientes,Debt,293803.35503999994
2023-09-30,PAMPA_CALICHERA,PAMPA_CALICHERA,-1,Otros pasivos financieros no corrientes,Debt,344856.74256
2023-12-31,PAMPA_CALICHERA,PAMPA_CALICHERA,-1,Otros pasivos financieros no corrientes,Debt,328864.90888999996
2024-03-31,PAMPA_CALICHERA,PAMPA_CALICHERA,-1,Otros pasivos financieros no corrientes,Debt,362404.89389999997
2024-06-30,PAMPA_CALICHERA,PAMPA_CALICHERA,-1,Otros pasivos financieros no corrientes,Debt,351160.33092000004
2024-09-30,PAMPA_CALICHERA,PAMPA_CALICHERA,-1,Otros pasivos financieros no corrientes,Debt,275220.45
2024-12-31,PAMPA_CALICHERA,PAMPA_CALICHERA,-1,Otros pasivos financieros no corrientes,Debt,303257.35192000004
2025-03-31,PAMPA_CALICHERA,PAMPA_CALICHERA,-1,Otros pasivos financieros no corrientes,Debt,289178.3033
2025-06-30,PAMPA_CALICHERA,PAMPA_CALICHERA,-1,Otros pasivos financieros no corrientes,Debt,228393.54772
2017-03-31,ANTARCHILE,ANTARCHILE,1,Efectivo y equivalentes al efectivo,Cash,863467.84778
2017-06-30,ANTARCHILE,ANTARCHILE,1,Efectivo y equivalentes al efectivo,Cash,793184.56938
2017-09-30,ANTARCHILE,ANTARCHILE,1,Efectivo y equivalentes al efectivo,Cash,758922.6817000001
2017-12-31,ANTARCHILE,ANTARCHILE,1,Efectivo y equivalentes al efectivo,Cash,896011.94498
2018-03-31,ANTARCHILE,ANTARCHILE,1,Efectivo y equivalentes al efectivo,Cash,981497.48438
2018-06-30,ANTARCHILE,ANTARCHILE,1,Efectivo y equivalentes al efectivo,Cash,821961.5081500001
2018-09-30,ANTARCHILE,ANTARCHILE,1,Efectivo y equivalentes al efectivo,Cash,972201.258
2018-12-31,ANTARCHILE,ANTARCHILE,1,Efectivo y equivalentes al efectivo,Cash,1213869.1309800001
2019-03-31,ANTARCHILE,ANTARCHILE,1,Efectivo y equivalentes al efectivo,Cash,1068847.47771
2019-06-30,ANTARCHILE,ANTARCHILE,1,Efectivo y equivalentes al efectivo,Cash,1371695.05404
2019-09-30,ANTARCHILE,ANTARCHILE,1,Efectivo y equivalentes al efectivo,Cash,1254217.4171199999
2019-12-31,ANTARCHILE,ANTARCHILE,1,Efectivo y equivalentes al efectivo,Cash,1677530.5701600001
2020-03-31,ANTARCHILE,ANTARCHILE,1,Efectivo y equivalentes al efectivo,Cash,1502660.6595
2020-06-30,ANTARCHILE,ANTARCHILE,1,Efectivo y equivalentes al efectivo,Cash,1722323.6736
2020-09-30,ANTARCHILE,ANTARCHILE,1,Efectivo y equivalentes al efectivo,Cash,1723352.7179
2020-12-31,ANTARCHILE,ANTARCHILE,1,Efectivo y equivalentes al efectivo,Cash,1554873.7698
2021-03-31,ANTARCHILE,ANTARCHILE,1,Efectivo y equivalentes al efectivo,Cash,1414263.74204
2021-06-30,ANTARCHILE,ANTARCHILE,1,Efectivo y equivalentes al efectivo,Cash,1538602.8112
2021-09-30,ANTARCHILE,ANTARCHILE,1,Efectivo y equivalentes al efectivo,Cash,1970225.08661
2021-12-31,ANTARCHILE,ANTARCHILE,1,Efectivo y equivalentes al efectivo,Cash,1473289.393
2022-03-31,ANTARCHILE,ANTARCHILE,1,Efectivo y equivalentes al efectivo,Cash,1459248.22824
2022-06-30,ANTARCHILE,ANTARCHILE,1,Efectivo y equivalentes al efectivo,Cash,1492588.76704
2022-09-30,ANTARCHILE,ANTARCHILE,1,Efectivo y equivalentes al efectivo,Cash,1449015.456
2022-12-31,ANTARCHILE,ANTARCHILE,1,Efectivo y equivalentes al efectivo,Cash,1204576.6201900002
2023-03-31,ANTARCHILE,ANTARCHILE,1,Efectivo y equivalentes al efectivo,Cash,1386061.7064
2023-06-30,ANTARCHILE,ANTARCHILE,1,Efectivo y equivalentes al efectivo,Cash,1108906.4333999997
2023-09-30,ANTARCHILE,ANTARCHILE,1,Efectivo y equivalentes al efectivo,Cash,1089654.4098
2023-12-31,ANTARCHILE,ANTARCHILE,1,Efectivo y equivalentes al efectivo,Cash,1410262.9150399999
2024-03-31,ANTARCHILE,ANTARCHILE,1,Efectivo y equivalentes al efectivo,Cash,1688640.48864
2024-06-30,ANTARCHILE,ANTARCHILE,1,Efectivo y equivalentes al efectivo,Cash,1502807.51012
2024-09-30,ANTARCHILE,ANTARCHILE,1,Efectivo y equivalentes al efectivo,Cash,1686489.7575
2024-12-31,ANTARCHILE,ANTARCHILE,1,Efectivo y equivalentes al efectivo,Cash,2073498.06004
2025-03-31,ANTARCHILE,ANTARCHILE,1,Efectivo y equivalentes al efectivo,Cash,1950087.1285
2025-06-30,ANTARCHILE,ANTARCHILE,1,Efectivo y equivalentes al efectivo,Cash,2253177.7034
2017-03-31,ANTARCHILE,ANTARCHILE,1,Otros activos financieros corrientes,Cash,124222.24359999999
2017-06-30,ANTARCHILE,ANTARCHILE,1,Otros activos financieros corrientes,Cash,130221.94671
2017-09-30,ANTARCHILE,ANTARCHILE,1,Otros activos financieros corrientes,Cash,124332.86235000001
2017-12-31,ANTARCHILE,ANTARCHILE,1,Otros activos financieros corrientes,Cash,116200.90794000002
2018-03-31,ANTARCHILE,ANTARCHILE,1,Otros activos financieros corrientes,Cash,81099.99792000001
2018-06-30,ANTARCHILE,ANTARCHILE,1,Otros activos financieros corrientes,Cash,309130.4655
2018-09-30,ANTARCHILE,ANTARCHILE,1,Otros activos financieros corrientes,Cash,317178.666
2018-12-31,ANTARCHILE,ANTARCHILE,1,Otros activos financieros corrientes,Cash,235780.47204000002
2019-03-31,ANTARCHILE,ANTARCHILE,1,Otros activos financieros corrientes,Cash,133802.17377000002
2019-06-30,ANTARCHILE,ANTARCHILE,1,Otros activos financieros corrientes,Cash,112745.94282000001
2019-09-30,ANTARCHILE,ANTARCHILE,1,Otros activos financieros corrientes,Cash,118664.64495999999
2019-12-31,ANTARCHILE,ANTARCHILE,1,Otros activos financieros corrientes,Cash,93016.44116
2020-03-31,ANTARCHILE,ANTARCHILE,1,Otros activos financieros corrientes,Cash,151894.77029999997
2020-06-30,ANTARCHILE,ANTARCHILE,1,Otros activos financieros corrientes,Cash,112878.0972
2020-09-30,ANTARCHILE,ANTARCHILE,1,Otros activos financieros corrientes,Cash,107216.85496000001
2020-12-31,ANTARCHILE,ANTARCHILE,1,Otros activos financieros corrientes,Cash,137745.85080000001
2021-03-31,ANTARCHILE,ANTARCHILE,1,Otros activos financieros corrientes,Cash,102302.85507
2021-06-30,ANTARCHILE,ANTARCHILE,1,Otros activos financieros corrientes,Cash,94248.19039999999
2021-09-30,ANTARCHILE,ANTARCHILE,1,Otros activos financieros corrientes,Cash,147059.38077000002
2021-12-31,ANTARCHILE,ANTARCHILE,1,Otros activos financieros corrientes,Cash,157843.811
2022-03-31,ANTARCHILE,ANTARCHILE,1,Otros activos financieros corrientes,Cash,142094.97456
2022-06-30,ANTARCHILE,ANTARCHILE,1,Otros activos financieros corrientes,Cash,295091.41714
2022-09-30,ANTARCHILE,ANTARCHILE,1,Otros activos financieros corrientes,Cash,297990.714
2022-12-31,ANTARCHILE,ANTARCHILE,1,Otros activos financieros corrientes,Cash,480173.8566
2023-03-31,ANTARCHILE,ANTARCHILE,1,Otros activos financieros corrientes,Cash,220771.22536
2023-06-30,ANTARCHILE,ANTARCHILE,1,Otros activos financieros corrientes,Cash,196710.37956
2023-09-30,ANTARCHILE,ANTARCHILE,1,Otros activos financieros corrientes,Cash,418467.66588
2023-12-31,ANTARCHILE,ANTARCHILE,1,Otros activos financieros corrientes,Cash,352884.18116000004
2024-03-31,ANTARCHILE,ANTARCHILE,1,Otros activos financieros corrientes,Cash,411041.54532
2024-06-30,ANTARCHILE,ANTARCHILE,1,Otros activos financieros corrientes,Cash,345068.0968
2024-09-30,ANTARCHILE,ANTARCHILE,1,Otros activos financieros corrientes,Cash,275906.9775
2024-12-31,ANTARCHILE,ANTARCHILE,1,Otros activos financieros corrientes,Cash,273537.4052
2025-03-31,ANTARCHILE,ANTARCHILE,1,Otros activos financieros corrientes,Cash,262626.00680000003
2025-06-30,ANTARCHILE,ANTARCHILE,1,Otros activos financieros corrientes,Cash,362253.96194
2017-03-31,ANTARCHILE,ANTARCHILE,1,Otros pasivos financieros corrientes,Debt,636898.4298399999
2017-06-30,ANTARCHILE,ANTARCHILE,1,Otros pasivos financieros corrientes,Debt,572944.4661600001
2017-09-30,ANTARCHILE,ANTARCHILE,1,Otros pasivos financieros corrientes,Debt,692946.93225
2017-12-31,ANTARCHILE,ANTARCHILE,1,Otros pasivos financieros corrientes,Debt,664673.84448
2018-03-31,ANTARCHILE,ANTARCHILE,1,Otros pasivos financieros corrientes,Debt,652314.12292
2018-06-30,ANTARCHILE,ANTARCHILE,1,Otros pasivos financieros corrientes,Debt,755718.98785
2018-09-30,ANTARCHILE,ANTARCHILE,1,Otros pasivos financieros corrientes,Debt,867045.9105
2018-12-31,ANTARCHILE,ANTARCHILE,1,Otros pasivos financieros corrientes,Debt,826757.9960000002
2019-03-31,ANTARCHILE,ANTARCHILE,1,Otros pasivos financieros corrientes,Debt,887565.15786
2019-06-30,ANTARCHILE,ANTARCHILE,1,Otros pasivos financieros corrientes,Debt,858655.7015399999
2019-09-30,ANTARCHILE,ANTARCHILE,1,Otros pasivos financieros corrientes,Debt,947962.3151199999
2019-12-31,ANTARCHILE,ANTARCHILE,1,Otros pasivos financieros corrientes,Debt,723942.64722
2020-03-31,ANTARCHILE,ANTARCHILE,1,Otros pasivos financieros corrientes,Debt,825575.8055999998
2020-06-30,ANTARCHILE,ANTARCHILE,1,Otros pasivos financieros corrientes,Debt,877020.4461599999
2020-09-30,ANTARCHILE,ANTARCHILE,1,Otros pasivos financieros corrientes,Debt,577095.8436
2020-12-31,ANTARCHILE,ANTARCHILE,1,Otros pasivos financieros corrientes,Debt,518880.16332
2021-03-31,ANTARCHILE,ANTARCHILE,1,Otros pasivos financieros corrientes,Debt,556432.8844
2021-06-30,ANTARCHILE,ANTARCHILE,1,Otros pasivos financieros corrientes,Debt,568969.95792
2021-09-30,ANTARCHILE,ANTARCHILE,1,Otros pasivos financieros corrientes,Debt,619445.74432
2021-12-31,ANTARCHILE,ANTARCHILE,1,Otros pasivos financieros corrientes,Debt,520237.366
2022-03-31,ANTARCHILE,ANTARCHILE,1,Otros pasivos financieros corrientes,Debt,681377.5033999999
2022-06-30,ANTARCHILE,ANTARCHILE,1,Otros pasivos financieros corrientes,Debt,1002175.7592900001
2022-09-30,ANTARCHILE,ANTARCHILE,1,Otros pasivos financieros corrientes,Debt,1321914.972
2022-12-31,ANTARCHILE,ANTARCHILE,1,Otros pasivos financieros corrientes,Debt,1831683.71129
2023-03-31,ANTARCHILE,ANTARCHILE,1,Otros pasivos financieros corrientes,Debt,1824159.56464
2023-06-30,ANTARCHILE,ANTARCHILE,1,Otros pasivos financieros corrientes,Debt,1754379.1473599998
2023-09-30,ANTARCHILE,ANTARCHILE,1,Otros pasivos financieros corrientes,Debt,2398050.41652
2023-12-31,ANTARCHILE,ANTARCHILE,1,Otros pasivos financieros corrientes,Debt,1825543.42103
2024-03-31,ANTARCHILE,ANTARCHILE,1,Otros pasivos financieros corrientes,Debt,1937465.55408
2024-06-30,ANTARCHILE,ANTARCHILE,1,Otros pasivos financieros corrientes,Debt,2161162.51736
2024-09-30,ANTARCHILE,ANTARCHILE,1,Otros pasivos financieros corrientes,Debt,1019219.085
2024-12-31,ANTARCHILE,ANTARCHILE,1,Otros pasivos financieros corrientes,Debt,1195787.3542
2025-03-31,ANTARCHILE,ANTARCHILE,1,Otros pasivos financieros corrientes,Debt,1274378.7241000002
2025-06-30,ANTARCHILE,ANTARCHILE,1,Otros pasivos financieros corrientes,Debt,1275195.59258
2017-03-31,ANTARCHILE,ANTARCHILE,1,Otros pasivos financieros no corrientes,Debt,3907799.45506
2017-06-30,ANTARCHILE,ANTARCHILE,1,Otros pasivos financieros no corrientes,Debt,3872723.27202
2017-09-30,ANTARCHILE,ANTARCHILE,1,Otros pasivos financieros no corrientes,Debt,3514429.3404500005
2017-12-31,ANTARCHILE,ANTARCHILE,1,Otros pasivos financieros no corrientes,Debt,3515170.82482
2018-03-31,ANTARCHILE,ANTARCHILE,1,Otros pasivos financieros no corrientes,Debt,3982251.27556
2018-06-30,ANTARCHILE,ANTARCHILE,1,Otros pasivos financieros no corrientes,Debt,4110690.6966000004
2018-09-30,ANTARCHILE,ANTARCHILE,1,Otros pasivos financieros no corrientes,Debt,4092817.5855
2018-12-31,ANTARCHILE,ANTARCHILE,1,Otros pasivos financieros no corrientes,Debt,4490777.737980001
2019-03-31,ANTARCHILE,ANTARCHILE,1,Otros pasivos financieros no corrientes,Debt,4716025.8539700005
2019-06-30,ANTARCHILE,ANTARCHILE,1,Otros pasivos financieros no corrientes,Debt,5463228.50604
2019-09-30,ANTARCHILE,ANTARCHILE,1,Otros pasivos financieros no corrientes,Debt,5542880.267839999
2019-12-31,ANTARCHILE,ANTARCHILE,1,Otros pasivos financieros no corrientes,Debt,6307087.02558
2020-03-31,ANTARCHILE,ANTARCHILE,1,Otros pasivos financieros no corrientes,Debt,6693769.2276
2020-06-30,ANTARCHILE,ANTARCHILE,1,Otros pasivos financieros no corrientes,Debt,6653887.49208
2020-09-30,ANTARCHILE,ANTARCHILE,1,Otros pasivos financieros no corrientes,Debt,6621488.79504
2020-12-31,ANTARCHILE,ANTARCHILE,1,Otros pasivos financieros no corrientes,Debt,6046245.5500799995
2021-03-31,ANTARCHILE,ANTARCHILE,1,Otros pasivos financieros no corrientes,Debt,5926905.58939
2021-06-30,ANTARCHILE,ANTARCHILE,1,Otros pasivos financieros no corrientes,Debt,5965961.92192
2021-09-30,ANTARCHILE,ANTARCHILE,1,Otros pasivos financieros no corrientes,Debt,6479303.57973
2021-12-31,ANTARCHILE,ANTARCHILE,1,Otros pasivos financieros no corrientes,Debt,6766377.926
2022-03-31,ANTARCHILE,ANTARCHILE,1,Otros pasivos financieros no corrientes,Debt,6050580.1202
2022-06-30,ANTARCHILE,ANTARCHILE,1,Otros pasivos financieros no corrientes,Debt,6970493.093900001
2022-09-30,ANTARCHILE,ANTARCHILE,1,Otros pasivos financieros no corrientes,Debt,7067986.296
2022-12-31,ANTARCHILE,ANTARCHILE,1,Otros pasivos financieros no corrientes,Debt,6239323.19013
2023-03-31,ANTARCHILE,ANTARCHILE,1,Otros pasivos financieros no corrientes,Debt,6101724.59792
2023-06-30,ANTARCHILE,ANTARCHILE,1,Otros pasivos financieros no corrientes,Debt,6451639.22964
2023-09-30,ANTARCHILE,ANTARCHILE,1,Otros pasivos financieros no corrientes,Debt,6693074.08704
2023-12-31,ANTARCHILE,ANTARCHILE,1,Otros pasivos financieros no corrientes,Debt,6854221.731070001
2024-03-31,ANTARCHILE,ANTARCHILE,1,Otros pasivos financieros no corrientes,Debt,7417301.044439999
2024-06-30,ANTARCHILE,ANTARCHILE,1,Otros pasivos financieros no corrientes,Debt,7028766.28132
2024-09-30,ANTARCHILE,ANTARCHILE,1,Otros pasivos financieros no corrientes,Debt,6744399.555
2024-12-31,ANTARCHILE,ANTARCHILE,1,Otros pasivos financieros no corrientes,Debt,7862205.74224
2025-03-31,ANTARCHILE,ANTARCHILE,1,Otros pasivos financieros no corrientes,Debt,7586278.2514
2025-06-30,ANTARCHILE,ANTARCHILE,1,Otros pasivos financieros no corrientes,Debt,8069007.6662
2017-03-31,ORO_BLANCO,ORO_BLANCO,1,Efectivo y equivalentes al efectivo,Cash,15074.85234
2017-06-30,ORO_BLANCO,ORO_BLANCO,1,Efectivo y equivalentes al efectivo,Cash,33557.099579999995
2017-09-30,ORO_BLANCO,ORO_BLANCO,1,Efectivo y equivalentes al efectivo,Cash,27697.24335
2017-12-31,ORO_BLANCO,ORO_BLANCO,1,Efectivo y equivalentes al efectivo,Cash,36225.38404
2018-03-31,ORO_BLANCO,ORO_BLANCO,1,Efectivo y equivalentes al efectivo,Cash,4817.8696
2018-06-30,ORO_BLANCO,ORO_BLANCO,1,Efectivo y equivalentes al efectivo,Cash,37312.20075
2018-09-30,ORO_BLANCO,ORO_BLANCO,1,Efectivo y equivalentes al efectivo,Cash,51223.914
2018-12-31,ORO_BLANCO,ORO_BLANCO,1,Efectivo y equivalentes al efectivo,Cash,45993.45728
2019-03-31,ORO_BLANCO,ORO_BLANCO,1,Efectivo y equivalentes al efectivo,Cash,16108.45959
2019-06-30,ORO_BLANCO,ORO_BLANCO,1,Efectivo y equivalentes al efectivo,Cash,35625.34386
2019-09-30,ORO_BLANCO,ORO_BLANCO,1,Efectivo y equivalentes al efectivo,Cash,32125.8536
2019-12-31,ORO_BLANCO,ORO_BLANCO,1,Efectivo y equivalentes al efectivo,Cash,15958.69584
2020-03-31,ORO_BLANCO,ORO_BLANCO,1,Efectivo y equivalentes al efectivo,Cash,12322.128
2020-06-30,ORO_BLANCO,ORO_BLANCO,1,Efectivo y equivalentes al efectivo,Cash,28603.62168
2020-09-30,ORO_BLANCO,ORO_BLANCO,1,Efectivo y equivalentes al efectivo,Cash,146672.05512
2020-12-31,ORO_BLANCO,ORO_BLANCO,1,Efectivo y equivalentes al efectivo,Cash,101414.28912
2021-03-31,ORO_BLANCO,ORO_BLANCO,1,Efectivo y equivalentes al efectivo,Cash,276946.23135
2021-06-30,ORO_BLANCO,ORO_BLANCO,1,Efectivo y equivalentes al efectivo,Cash,241755.65232
2021-09-30,ORO_BLANCO,ORO_BLANCO,1,Efectivo y equivalentes al efectivo,Cash,180021.83898000003
2021-12-31,ORO_BLANCO,ORO_BLANCO,1,Efectivo y equivalentes al efectivo,Cash,267503.9545
2022-03-31,ORO_BLANCO,ORO_BLANCO,1,Efectivo y equivalentes al efectivo,Cash,263040.53424
2022-06-30,ORO_BLANCO,ORO_BLANCO,1,Efectivo y equivalentes al efectivo,Cash,203779.79478999999
2022-09-30,ORO_BLANCO,ORO_BLANCO,1,Efectivo y equivalentes al efectivo,Cash,135761.64
2022-12-31,ORO_BLANCO,ORO_BLANCO,1,Efectivo y equivalentes al efectivo,Cash,154797.751
2023-03-31,ORO_BLANCO,ORO_BLANCO,1,Efectivo y equivalentes al efectivo,Cash,142485.67844
2023-06-30,ORO_BLANCO,ORO_BLANCO,1,Efectivo y equivalentes al efectivo,Cash,61236.4572
2023-09-30,ORO_BLANCO,ORO_BLANCO,1,Efectivo y equivalentes al efectivo,Cash,110711.5614
2023-12-31,ORO_BLANCO,ORO_BLANCO,1,Efectivo y equivalentes al efectivo,Cash,78085.41307000001
2024-03-31,ORO_BLANCO,ORO_BLANCO,1,Efectivo y equivalentes al efectivo,Cash,93467.56272
2024-06-30,ORO_BLANCO,ORO_BLANCO,1,Efectivo y equivalentes al efectivo,Cash,31028.929539999997
2024-09-30,ORO_BLANCO,ORO_BLANCO,1,Efectivo y equivalentes al efectivo,Cash,27496.95
2024-12-31,ORO_BLANCO,ORO_BLANCO,1,Efectivo y equivalentes al efectivo,Cash,21689.727440000002
2025-03-31,ORO_BLANCO,ORO_BLANCO,1,Efectivo y equivalentes al efectivo,Cash,18606.9487
2025-06-30,ORO_BLANCO,ORO_BLANCO,1,Efectivo y equivalentes al efectivo,Cash,8733.26142
2017-03-31,ORO_BLANCO,ORO_BLANCO,1,Otros activos financieros corrientes,Cash,25770.184739999997
2017-06-30,ORO_BLANCO,ORO_BLANCO,1,Otros activos financieros corrientes,Cash,17325.03483
2017-09-30,ORO_BLANCO,ORO_BLANCO,1,Otros activos financieros corrientes,Cash,23149.4975
2017-12-31,ORO_BLANCO,ORO_BLANCO,1,Otros activos financieros corrientes,Cash,20495.439080000004
2018-03-31,ORO_BLANCO,ORO_BLANCO,1,Otros activos financieros corrientes,Cash,33280.82636
2018-06-30,ORO_BLANCO,ORO_BLANCO,1,Otros activos financieros corrientes,Cash,23589.267700000004
2018-09-30,ORO_BLANCO,ORO_BLANCO,1,Otros activos financieros corrientes,Cash,15727.1625
2018-12-31,ORO_BLANCO,ORO_BLANCO,1,Otros activos financieros corrientes,Cash,20931.22503
2019-03-31,ORO_BLANCO,ORO_BLANCO,1,Otros activos financieros corrientes,Cash,34257.46482
2019-06-30,ORO_BLANCO,ORO_BLANCO,1,Otros activos financieros corrientes,Cash,13908.57588
2019-09-30,ORO_BLANCO,ORO_BLANCO,1,Otros activos financieros corrientes,Cash,85715.14455999999
2019-12-31,ORO_BLANCO,ORO_BLANCO,1,Otros activos financieros corrientes,Cash,14631.783
2020-03-31,ORO_BLANCO,ORO_BLANCO,1,Otros activos financieros corrientes,Cash,40343.121
2020-06-30,ORO_BLANCO,ORO_BLANCO,1,Otros activos financieros corrientes,Cash,14650.396560000001
2020-09-30,ORO_BLANCO,ORO_BLANCO,1,Otros activos financieros corrientes,Cash,19582.47498
2020-12-31,ORO_BLANCO,ORO_BLANCO,1,Otros activos financieros corrientes,Cash,18236.90484
2021-03-31,ORO_BLANCO,ORO_BLANCO,1,Otros activos financieros corrientes,Cash,24380.727219999997
2021-06-30,ORO_BLANCO,ORO_BLANCO,1,Otros activos financieros corrientes,Cash,14447.51672
2021-09-30,ORO_BLANCO,ORO_BLANCO,1,Otros activos financieros corrientes,Cash,203187.7315
2021-12-31,ORO_BLANCO,ORO_BLANCO,1,Otros activos financieros corrientes,Cash,232057.032
2022-03-31,ORO_BLANCO,ORO_BLANCO,1,Otros activos financieros corrientes,Cash,291199.60892
2022-06-30,ORO_BLANCO,ORO_BLANCO,1,Otros activos financieros corrientes,Cash,213313.4439
2022-09-30,ORO_BLANCO,ORO_BLANCO,1,Otros activos financieros corrientes,Cash,141436.89
2022-12-31,ORO_BLANCO,ORO_BLANCO,1,Otros activos financieros corrientes,Cash,29986.58488
2023-03-31,ORO_BLANCO,ORO_BLANCO,1,Otros activos financieros corrientes,Cash,62416.26832
2023-06-30,ORO_BLANCO,ORO_BLANCO,1,Otros activos financieros corrientes,Cash,63881.2878
2023-09-30,ORO_BLANCO,ORO_BLANCO,1,Otros activos financieros corrientes,Cash,55908.49968
2023-12-31,ORO_BLANCO,ORO_BLANCO,1,Otros activos financieros corrientes,Cash,10457.62298
2024-03-31,ORO_BLANCO,ORO_BLANCO,1,Otros activos financieros corrientes,Cash,11613.69636
2024-06-30,ORO_BLANCO,ORO_BLANCO,1,Otros activos financieros corrientes,Cash,0.95102
2024-09-30,ORO_BLANCO,ORO_BLANCO,1,Otros activos financieros corrientes,Cash,0.0
2024-12-31,ORO_BLANCO,ORO_BLANCO,1,Otros activos financieros corrientes,Cash,0.0
2025-03-31,ORO_BLANCO,ORO_BLANCO,1,Otros activos financieros corrientes,Cash,7570.6922
2025-06-30,ORO_BLANCO,ORO_BLANCO,1,Otros activos financieros corrientes,Cash,12302.17378
2017-03-31,ORO_BLANCO,ORO_BLANCO,1,Otros pasivos financieros corrientes,Debt,39962.373960000004
2017-06-30,ORO_BLANCO,ORO_BLANCO,1,Otros pasivos financieros corrientes,Debt,44102.138580000006
2017-09-30,ORO_BLANCO,ORO_BLANCO,1,Otros pasivos financieros corrientes,Debt,33898.88865
2017-12-31,ORO_BLANCO,ORO_BLANCO,1,Otros pasivos financieros corrientes,Debt,36130.02494
2018-03-31,ORO_BLANCO,ORO_BLANCO,1,Otros pasivos financieros corrientes,Debt,59544.268280000004
2018-06-30,ORO_BLANCO,ORO_BLANCO,1,Otros pasivos financieros corrientes,Debt,225272.12855000002
2018-09-30,ORO_BLANCO,ORO_BLANCO,1,Otros pasivos financieros corrientes,Debt,40219.2
2018-12-31,ORO_BLANCO,ORO_BLANCO,1,Otros pasivos financieros corrientes,Debt,33928.80130000001
2019-03-31,ORO_BLANCO,ORO_BLANCO,1,Otros pasivos financieros corrientes,Debt,116301.56622
2019-06-30,ORO_BLANCO,ORO_BLANCO,1,Otros pasivos financieros corrientes,Debt,113866.3521
2019-09-30,ORO_BLANCO,ORO_BLANCO,1,Otros pasivos financieros corrientes,Debt,141636.77104
2019-12-31,ORO_BLANCO,ORO_BLANCO,1,Otros pasivos financieros corrientes,Debt,143087.66844
2020-03-31,ORO_BLANCO,ORO_BLANCO,1,Otros pasivos financieros corrientes,Debt,190595.223
2020-06-30,ORO_BLANCO,ORO_BLANCO,1,Otros pasivos financieros corrientes,Debt,180123.30312
2020-09-30,ORO_BLANCO,ORO_BLANCO,1,Otros pasivos financieros corrientes,Debt,53758.259340000004
2020-12-31,ORO_BLANCO,ORO_BLANCO,1,Otros pasivos financieros corrientes,Debt,45727.04208
2021-03-31,ORO_BLANCO,ORO_BLANCO,1,Otros pasivos financieros corrientes,Debt,41257.32694
2021-06-30,ORO_BLANCO,ORO_BLANCO,1,Otros pasivos financieros corrientes,Debt,31906.00504
2021-09-30,ORO_BLANCO,ORO_BLANCO,1,Otros pasivos financieros corrientes,Debt,187181.82588
2021-12-31,ORO_BLANCO,ORO_BLANCO,1,Otros pasivos financieros corrientes,Debt,194272.77225
2022-03-31,ORO_BLANCO,ORO_BLANCO,1,Otros pasivos financieros corrientes,Debt,182129.145
2022-06-30,ORO_BLANCO,ORO_BLANCO,1,Otros pasivos financieros corrientes,Debt,209407.25128
2022-09-30,ORO_BLANCO,ORO_BLANCO,1,Otros pasivos financieros corrientes,Debt,44749.95
2022-12-31,ORO_BLANCO,ORO_BLANCO,1,Otros pasivos financieros corrientes,Debt,31753.73744
2023-03-31,ORO_BLANCO,ORO_BLANCO,1,Otros pasivos financieros corrientes,Debt,33130.917680000006
2023-06-30,ORO_BLANCO,ORO_BLANCO,1,Otros pasivos financieros corrientes,Debt,30017.021279999997
2023-09-30,ORO_BLANCO,ORO_BLANCO,1,Otros pasivos financieros corrientes,Debt,38122.646759999996
2023-12-31,ORO_BLANCO,ORO_BLANCO,1,Otros pasivos financieros corrientes,Debt,1830.21671
2024-03-31,ORO_BLANCO,ORO_BLANCO,1,Otros pasivos financieros corrientes,Debt,6142.822139999999
2024-06-30,ORO_BLANCO,ORO_BLANCO,1,Otros pasivos financieros corrientes,Debt,1917.25632
2024-09-30,ORO_BLANCO,ORO_BLANCO,1,Otros pasivos financieros corrientes,Debt,61298.1225
2024-12-31,ORO_BLANCO,ORO_BLANCO,1,Otros pasivos financieros corrientes,Debt,64057.21992
2025-03-31,ORO_BLANCO,ORO_BLANCO,1,Otros pasivos financieros corrientes,Debt,65559.9995
2025-06-30,ORO_BLANCO,ORO_BLANCO,1,Otros pasivos financieros corrientes,Debt,118368.30278
2017-03-31,ORO_BLANCO,ORO_BLANCO,1,Otros pasivos financieros no corrientes,Debt,316966.8445
2017-06-30,ORO_BLANCO,ORO_BLANCO,1,Otros pasivos financieros no corrientes,Debt,317332.7208
2017-09-30,ORO_BLANCO,ORO_BLANCO,1,Otros pasivos financieros no corrientes,Debt,335379.85755
2017-12-31,ORO_BLANCO,ORO_BLANCO,1,Otros pasivos financieros no corrientes,Debt,319807.35172000004
2018-03-31,ORO_BLANCO,ORO_BLANCO,1,Otros pasivos financieros no corrientes,Debt,298217.04933999997
2018-06-30,ORO_BLANCO,ORO_BLANCO,1,Otros pasivos financieros no corrientes,Debt,295576.6474
2018-09-30,ORO_BLANCO,ORO_BLANCO,1,Otros pasivos financieros no corrientes,Debt,491950.2735
2018-12-31,ORO_BLANCO,ORO_BLANCO,1,Otros pasivos financieros no corrientes,Debt,519755.56452
2019-03-31,ORO_BLANCO,ORO_BLANCO,1,Otros pasivos financieros no corrientes,Debt,406802.11629000003
2019-06-30,ORO_BLANCO,ORO_BLANCO,1,Otros pasivos financieros no corrientes,Debt,402027.05268
2019-09-30,ORO_BLANCO,ORO_BLANCO,1,Otros pasivos financieros no corrientes,Debt,470407.5464
2019-12-31,ORO_BLANCO,ORO_BLANCO,1,Otros pasivos financieros no corrientes,Debt,417072.08668
2020-03-31,ORO_BLANCO,ORO_BLANCO,1,Otros pasivos financieros no corrientes,Debt,497588.8554
2020-06-30,ORO_BLANCO,ORO_BLANCO,1,Otros pasivos financieros no corrientes,Debt,464744.76804
2020-09-30,ORO_BLANCO,ORO_BLANCO,1,Otros pasivos financieros no corrientes,Debt,548820.76736
2020-12-31,ORO_BLANCO,ORO_BLANCO,1,Otros pasivos financieros no corrientes,Debt,464581.968
2021-03-31,ORO_BLANCO,ORO_BLANCO,1,Otros pasivos financieros no corrientes,Debt,468442.77982999996
2021-06-30,ORO_BLANCO,ORO_BLANCO,1,Otros pasivos financieros no corrientes,Debt,488227.39056
2021-09-30,ORO_BLANCO,ORO_BLANCO,1,Otros pasivos financieros no corrientes,Debt,405987.32903
2021-12-31,ORO_BLANCO,ORO_BLANCO,1,Otros pasivos financieros no corrientes,Debt,403143.48675
2022-03-31,ORO_BLANCO,ORO_BLANCO,1,Otros pasivos financieros no corrientes,Debt,346378.73776
2022-06-30,ORO_BLANCO,ORO_BLANCO,1,Otros pasivos financieros no corrientes,Debt,396796.86055
2022-09-30,ORO_BLANCO,ORO_BLANCO,1,Otros pasivos financieros no corrientes,Debt,402359.286
2022-12-31,ORO_BLANCO,ORO_BLANCO,1,Otros pasivos financieros no corrientes,Debt,315169.42435000004
2023-03-31,ORO_BLANCO,ORO_BLANCO,1,Otros pasivos financieros no corrientes,Debt,295083.33540000004
2023-06-30,ORO_BLANCO,ORO_BLANCO,1,Otros pasivos financieros no corrientes,Debt,293803.35503999994
2023-09-30,ORO_BLANCO,ORO_BLANCO,1,Otros pasivos financieros no corrientes,Debt,344856.74256
2023-12-31,ORO_BLANCO,ORO_BLANCO,1,Otros pasivos financieros no corrientes,Debt,328864.90888999996
2024-03-31,ORO_BLANCO,ORO_BLANCO,1,Otros pasivos financieros no corrientes,Debt,362404.89389999997
2024-06-30,ORO_BLANCO,ORO_BLANCO,1,Otros pasivos financieros no corrientes,Debt,351160.33092000004
2024-09-30,ORO_BLANCO,ORO_BLANCO,1,Otros pasivos financieros no corrientes,Debt,275220.45
2024-12-31,ORO_BLANCO,ORO_BLANCO,1,Otros pasivos financieros no corrientes,Debt,303257.35192000004
2025-03-31,ORO_BLANCO,ORO_BLANCO,1,Otros pasivos financieros no corrientes,Debt,289178.3033
2025-06-30,ORO_BLANCO,ORO_BLANCO,1,Otros pasivos financieros no corrientes,Debt,228393.54772
